fixture_id,date,timestamp,league_id,league_name,season,round,home_team_id,home_team_name,away_team_id,away_team_name,venue_name,venue_city,referee,status,status_long,home_goals,away_goals,home_score_halftime,away_score_halftime,home_score_fulltime,away_score_fulltime
1208021,2024-08-16T19:00:00+00:00,1723834800,39,Premier League,2024,Regular Season - 1,33,Manchester United,36,Fulham,Old Trafford,Manchester,R. Jones,FT,Match Finished,1,0,0.0,0.0,1,0
1208022,2024-08-17T11:30:00+00:00,1723894200,39,Premier League,2024,Regular Season - 1,57,Ipswich,40,Liverpool,Portman Road,"Ipswich, Suffolk",T. Robinson,FT,Match Finished,0,2,0.0,0.0,0,2
1208025,2024-08-17T14:00:00+00:00,1723903200,39,Premier League,2024,Regular Season - 1,34,Newcastle,41,Southampton,St. James' Park,Newcastle upon Tyne,C. Pawson,FT,Match Finished,1,0,1.0,0.0,1,0
1208023,2024-08-17T14:00:00+00:00,1723903200,39,Premier League,2024,Regular Season - 1,42,Arsenal,39,Wolves,Emirates Stadium,London,J. Gillett,FT,Match Finished,2,0,1.0,0.0,2,0
1208024,2024-08-17T14:00:00+00:00,1723903200,39,Premier League,2024,Regular Season - 1,45,Everton,51,Brighton,Goodison Park,Liverpool,S. Hooper,FT,Match Finished,0,3,0.0,1.0,0,3
1208026,2024-08-17T14:00:00+00:00,1723903200,39,Premier League,2024,Regular Season - 1,65,Nottingham Forest,35,Bournemouth,The City Ground,"Nottingham, Nottinghamshire",M. Oliver,FT,Match Finished,1,1,1.0,0.0,1,1
1208027,2024-08-17T16:30:00+00:00,1723912200,39,Premier League,2024,Regular Season - 1,48,West Ham,66,Aston Villa,London Stadium,London,T. Harrington,FT,Match Finished,1,2,1.0,1.0,1,2
1208028,2024-08-18T13:00:00+00:00,1723986000,39,Premier League,2024,Regular Season - 1,55,Brentford,52,Crystal Palace,Gtech Community Stadium,"Brentford, Middlesex",S. Barrott,FT,Match Finished,2,1,1.0,0.0,2,1
1208029,2024-08-18T15:30:00+00:00,1723995000,39,Premier League,2024,Regular Season - 1,49,Chelsea,50,Manchester City,Stamford Bridge,London,A. Taylor,FT,Match Finished,0,2,0.0,1.0,0,2
1208030,2024-08-19T19:00:00+00:00,1724094000,39,Premier League,2024,Regular Season - 1,46,Leicester,47,Tottenham,King Power Stadium,"Leicester, Leicestershire",C. Kavanagh,FT,Match Finished,1,1,0.0,1.0,1,1
1208033,2024-08-24T11:30:00+00:00,1724499000,39,Premier League,2024,Regular Season - 2,51,Brighton,33,Manchester United,American Express Stadium,"Falmer, East Sussex",C. Pawson,FT,Match Finished,2,1,1.0,0.0,2,1
1208035,2024-08-24T14:00:00+00:00,1724508000,39,Premier League,2024,Regular Season - 2,36,Fulham,46,Leicester,Craven Cottage,London,D. Bond,FT,Match Finished,2,1,1.0,1.0,2,1
1208038,2024-08-24T14:00:00+00:00,1724508000,39,Premier League,2024,Regular Season - 2,41,Southampton,65,Nottingham Forest,St. Mary's Stadium,"Southampton, Hampshire",S. Barrott,FT,Match Finished,0,1,0.0,0.0,0,1
1208039,2024-08-24T14:00:00+00:00,1724508000,39,Premier League,2024,Regular Season - 2,47,Tottenham,45,Everton,Tottenham Hotspur Stadium,London,A. Taylor,FT,Match Finished,4,0,2.0,0.0,4,0
1208037,2024-08-24T14:00:00+00:00,1724508000,39,Premier League,2024,Regular Season - 2,50,Manchester City,57,Ipswich,Etihad Stadium,Manchester,S. Allison,FT,Match Finished,4,1,3.0,1.0,4,1
1208034,2024-08-24T14:00:00+00:00,1724508000,39,Premier League,2024,Regular Season - 2,52,Crystal Palace,48,West Ham,Selhurst Park,London,R. Jones,FT,Match Finished,0,2,0.0,0.0,0,2
1208032,2024-08-24T16:30:00+00:00,1724517000,39,Premier League,2024,Regular Season - 2,66,Aston Villa,42,Arsenal,Villa Park,Birmingham,M. Oliver,FT,Match Finished,0,2,0.0,0.0,0,2
1208031,2024-08-25T13:00:00+00:00,1724590800,39,Premier League,2024,Regular Season - 2,35,Bournemouth,34,Newcastle,Vitality Stadium,"Bournemouth, Dorset",D. Coote,FT,Match Finished,1,1,1.0,0.0,1,1
1208040,2024-08-25T13:00:00+00:00,1724590800,39,Premier League,2024,Regular Season - 2,39,Wolves,49,Chelsea,Molineux Stadium,"Wolverhampton, West Midlands",D. England,FT,Match Finished,2,6,2.0,2.0,2,6
1208036,2024-08-25T15:30:00+00:00,1724599800,39,Premier League,2024,Regular Season - 2,40,Liverpool,55,Brentford,Anfield,Liverpool,S. Attwell,FT,Match Finished,2,0,1.0,0.0,2,0
1208041,2024-08-31T11:30:00+00:00,1725103800,39,Premier League,2024,Regular Season - 3,42,Arsenal,51,Brighton,Emirates Stadium,London,C. Kavanagh,FT,Match Finished,1,1,1.0,0.0,1,1
1208044,2024-08-31T14:00:00+00:00,1725112800,39,Premier League,2024,Regular Season - 3,45,Everton,35,Bournemouth,Goodison Park,Liverpool,S. Attwell,FT,Match Finished,2,3,0.0,0.0,2,3
1208046,2024-08-31T14:00:00+00:00,1725112800,39,Premier League,2024,Regular Season - 3,46,Leicester,66,Aston Villa,King Power Stadium,"Leicester, Leicestershire",D. Coote,FT,Match Finished,1,2,0.0,1.0,1,2
1208042,2024-08-31T14:00:00+00:00,1725112800,39,Premier League,2024,Regular Season - 3,55,Brentford,41,Southampton,Gtech Community Stadium,"Brentford, Middlesex",J. Smith,FT,Match Finished,3,1,1.0,0.0,3,1
1208045,2024-08-31T14:00:00+00:00,1725112800,39,Premier League,2024,Regular Season - 3,57,Ipswich,36,Fulham,Portman Road,"Ipswich, Suffolk",L. Smith,FT,Match Finished,1,1,1.0,1.0,1,1
1208049,2024-08-31T14:00:00+00:00,1725112800,39,Premier League,2024,Regular Season - 3,65,Nottingham Forest,39,Wolves,The City Ground,"Nottingham, Nottinghamshire",S. Hooper,FT,Match Finished,1,1,1.0,1.0,1,1
1208050,2024-08-31T16:30:00+00:00,1725121800,39,Premier League,2024,Regular Season - 3,48,West Ham,50,Manchester City,London Stadium,London,M. Oliver,FT,Match Finished,1,3,1.0,2.0,1,3
1208048,2024-09-01T12:30:00+00:00,1725193800,39,Premier League,2024,Regular Season - 3,34,Newcastle,47,Tottenham,St. James' Park,Newcastle upon Tyne,R. Jones,FT,Match Finished,2,1,1.0,0.0,2,1
1208043,2024-09-01T12:30:00+00:00,1725193800,39,Premier League,2024,Regular Season - 3,49,Chelsea,52,Crystal Palace,Stamford Bridge,London,J. Gillett,FT,Match Finished,1,1,1.0,0.0,1,1
1208047,2024-09-01T15:00:00+00:00,1725202800,39,Premier League,2024,Regular Season - 3,33,Manchester United,40,Liverpool,Old Trafford,Manchester,A. Taylor,FT,Match Finished,0,3,0.0,2.0,0,3
1208058,2024-09-14T11:30:00+00:00,1726313400,39,Premier League,2024,Regular Season - 4,41,Southampton,33,Manchester United,St. Mary's Stadium,"Southampton, Hampshire",S. Attwell,FT,Match Finished,0,3,0.0,2.0,0,3
1208055,2024-09-14T14:00:00+00:00,1726322400,39,Premier League,2024,Regular Season - 4,36,Fulham,48,West Ham,Craven Cottage,London,T. Robinson,FT,Match Finished,1,1,1.0,0.0,1,1
1208056,2024-09-14T14:00:00+00:00,1726322400,39,Premier League,2024,Regular Season - 4,40,Liverpool,65,Nottingham Forest,Anfield,Liverpool,M. Oliver,FT,Match Finished,0,1,0.0,0.0,0,1
1208057,2024-09-14T14:00:00+00:00,1726322400,39,Premier League,2024,Regular Season - 4,50,Manchester City,55,Brentford,Etihad Stadium,Manchester,D. Bond,FT,Match Finished,2,1,2.0,1.0,2,1
1208053,2024-09-14T14:00:00+00:00,1726322400,39,Premier League,2024,Regular Season - 4,51,Brighton,57,Ipswich,American Express Stadium,"Falmer, East Sussex",S. Barrott,FT,Match Finished,0,0,0.0,0.0,0,0
1208054,2024-09-14T14:00:00+00:00,1726322400,39,Premier League,2024,Regular Season - 4,52,Crystal Palace,46,Leicester,Selhurst Park,London,T. Harrington,FT,Match Finished,2,2,0.0,1.0,2,2
1208052,2024-09-14T16:30:00+00:00,1726331400,39,Premier League,2024,Regular Season - 4,66,Aston Villa,45,Everton,Villa Park,Birmingham,C. Pawson,FT,Match Finished,3,2,1.0,2.0,3,2
1208051,2024-09-14T19:00:00+00:00,1726340400,39,Premier League,2024,Regular Season - 4,35,Bournemouth,49,Chelsea,Vitality Stadium,"Bournemouth, Dorset",A. Taylor,FT,Match Finished,0,1,0.0,0.0,0,1
1208059,2024-09-15T13:00:00+00:00,1726405200,39,Premier League,2024,Regular Season - 4,47,Tottenham,42,Arsenal,Tottenham Hotspur Stadium,London,J. Gillett,FT,Match Finished,0,1,0.0,0.0,0,1
1208060,2024-09-15T15:30:00+00:00,1726414200,39,Premier League,2024,Regular Season - 4,39,Wolves,34,Newcastle,Molineux Stadium,"Wolverhampton, West Midlands",C. Kavanagh,FT,Match Finished,1,2,1.0,0.0,1,2
1208070,2024-09-21T11:30:00+00:00,1726918200,39,Premier League,2024,Regular Season - 5,48,West Ham,49,Chelsea,London Stadium,London,S. Barrott,FT,Match Finished,0,3,0.0,2.0,0,3
1208064,2024-09-21T14:00:00+00:00,1726927200,39,Premier League,2024,Regular Season - 5,36,Fulham,34,Newcastle,Craven Cottage,London,P. Bankes,FT,Match Finished,3,1,2.0,0.0,3,1
1208066,2024-09-21T14:00:00+00:00,1726927200,39,Premier League,2024,Regular Season - 5,40,Liverpool,35,Bournemouth,Anfield,Liverpool,T. Harrington,FT,Match Finished,3,0,3.0,0.0,3,0
1208068,2024-09-21T14:00:00+00:00,1726927200,39,Premier League,2024,Regular Season - 5,41,Southampton,57,Ipswich,St. Mary's Stadium,"Southampton, Hampshire",S. Allison,FT,Match Finished,1,1,1.0,0.0,1,1
1208065,2024-09-21T14:00:00+00:00,1726927200,39,Premier League,2024,Regular Season - 5,46,Leicester,45,Everton,King Power Stadium,"Leicester, Leicestershire",D. England,FT,Match Finished,1,1,0.0,1.0,1,1
1208069,2024-09-21T14:00:00+00:00,1726927200,39,Premier League,2024,Regular Season - 5,47,Tottenham,55,Brentford,Tottenham Hotspur Stadium,London,J. Brooks,FT,Match Finished,3,1,2.0,1.0,3,1
1208061,2024-09-21T14:00:00+00:00,1726927200,39,Premier League,2024,Regular Season - 5,66,Aston Villa,39,Wolves,Villa Park,Birmingham,T. Robinson,FT,Match Finished,3,1,0.0,1.0,3,1
1208063,2024-09-21T16:30:00+00:00,1726936200,39,Premier League,2024,Regular Season - 5,52,Crystal Palace,33,Manchester United,Selhurst Park,London,D. Coote,FT,Match Finished,0,0,0.0,0.0,0,0
1208062,2024-09-22T13:00:00+00:00,1727010000,39,Premier League,2024,Regular Season - 5,51,Brighton,65,Nottingham Forest,American Express Stadium,"Falmer, East Sussex",R. Jones,FT,Match Finished,2,2,2.0,1.0,2,2
1208067,2024-09-22T15:30:00+00:00,1727019000,39,Premier League,2024,Regular Season - 5,50,Manchester City,42,Arsenal,Etihad Stadium,Manchester,M. Oliver,FT,Match Finished,2,2,1.0,2.0,2,2
1208078,2024-09-28T11:30:00+00:00,1727523000,39,Premier League,2024,Regular Season - 6,34,Newcastle,50,Manchester City,St. James' Park,Newcastle upon Tyne,J. Gillett,FT,Match Finished,1,1,0.0,1.0,1,1
1208072,2024-09-28T14:00:00+00:00,1727532000,39,Premier League,2024,Regular Season - 6,42,Arsenal,46,Leicester,Emirates Stadium,London,S. Barrott,FT,Match Finished,4,2,2.0,0.0,4,2
1208075,2024-09-28T14:00:00+00:00,1727532000,39,Premier League,2024,Regular Season - 6,45,Everton,52,Crystal Palace,Goodison Park,Liverpool,A. Madley,FT,Match Finished,2,1,0.0,1.0,2,1
1208074,2024-09-28T14:00:00+00:00,1727532000,39,Premier League,2024,Regular Season - 6,49,Chelsea,51,Brighton,Stamford Bridge,London,P. Bankes,FT,Match Finished,4,2,4.0,2.0,4,2
1208073,2024-09-28T14:00:00+00:00,1727532000,39,Premier League,2024,Regular Season - 6,55,Brentford,48,West Ham,Gtech Community Stadium,"Brentford, Middlesex",S. Hooper,FT,Match Finished,1,1,1.0,0.0,1,1
1208079,2024-09-28T14:00:00+00:00,1727532000,39,Premier League,2024,Regular Season - 6,65,Nottingham Forest,36,Fulham,The City Ground,"Nottingham, Nottinghamshire",J. Smith,FT,Match Finished,0,1,0.0,0.0,0,1
1208080,2024-09-28T16:30:00+00:00,1727541000,39,Premier League,2024,Regular Season - 6,39,Wolves,40,Liverpool,Molineux Stadium,"Wolverhampton, West Midlands",A. Taylor,FT,Match Finished,1,2,0.0,1.0,1,2
1208076,2024-09-29T13:00:00+00:00,1727614800,39,Premier League,2024,Regular Season - 6,57,Ipswich,66,Aston Villa,Portman Road,"Ipswich, Suffolk",S. Attwell,FT,Match Finished,2,2,1.0,2.0,2,2
1208077,2024-09-29T15:30:00+00:00,1727623800,39,Premier League,2024,Regular Season - 6,33,Manchester United,47,Tottenham,Old Trafford,Manchester,C. Kavanagh,FT,Match Finished,0,3,0.0,1.0,0,3
1208071,2024-09-30T19:00:00+00:00,1727722800,39,Premier League,2024,Regular Season - 6,35,Bournemouth,41,Southampton,Vitality Stadium,"Bournemouth, Dorset",M. Oliver,FT,Match Finished,3,1,3.0,0.0,3,1
1208086,2024-10-05T11:30:00+00:00,1728127800,39,Premier League,2024,Regular Season - 7,52,Crystal Palace,40,Liverpool,Selhurst Park,London,S. Hooper,FT,Match Finished,0,1,0.0,1.0,0,1
1208081,2024-10-05T14:00:00+00:00,1728136800,39,Premier League,2024,Regular Season - 7,42,Arsenal,41,Southampton,Emirates Stadium,London,T. Harrington,FT,Match Finished,3,1,0.0,0.0,3,1
1208088,2024-10-05T14:00:00+00:00,1728136800,39,Premier League,2024,Regular Season - 7,46,Leicester,35,Bournemouth,King Power Stadium,"Leicester, Leicestershire",D. Bond,FT,Match Finished,1,0,1.0,0.0,1,0
1208090,2024-10-05T14:00:00+00:00,1728136800,39,Premier League,2024,Regular Season - 7,48,West Ham,57,Ipswich,London Stadium,London,A. Taylor,FT,Match Finished,4,1,2.0,1.0,4,1
1208089,2024-10-05T14:00:00+00:00,1728136800,39,Premier League,2024,Regular Season - 7,50,Manchester City,36,Fulham,Etihad Stadium,Manchester,P. Bankes,FT,Match Finished,3,2,1.0,1.0,3,2
1208083,2024-10-05T14:00:00+00:00,1728136800,39,Premier League,2024,Regular Season - 7,55,Brentford,39,Wolves,Gtech Community Stadium,"Brentford, Middlesex",A. Madley,FT,Match Finished,5,3,4.0,2.0,5,3
1208087,2024-10-05T16:30:00+00:00,1728145800,39,Premier League,2024,Regular Season - 7,45,Everton,34,Newcastle,Goodison Park,Liverpool,C. Pawson,FT,Match Finished,0,0,0.0,0.0,0,0
1208085,2024-10-06T13:00:00+00:00,1728219600,39,Premier League,2024,Regular Season - 7,49,Chelsea,65,Nottingham Forest,Stamford Bridge,London,C. Kavanagh,FT,Match Finished,1,1,0.0,0.0,1,1
1208082,2024-10-06T13:00:00+00:00,1728219600,39,Premier League,2024,Regular Season - 7,66,Aston Villa,33,Manchester United,Villa Park,Birmingham,R. Jones,FT,Match Finished,0,0,0.0,0.0,0,0
1208084,2024-10-06T15:30:00+00:00,1728228600,39,Premier League,2024,Regular Season - 7,51,Brighton,47,Tottenham,American Express Stadium,"Falmer, East Sussex",D. Coote,FT,Match Finished,3,2,0.0,2.0,3,2
1208099,2024-10-19T11:30:00+00:00,1729337400,39,Premier League,2024,Regular Season - 8,47,Tottenham,48,West Ham,Tottenham Hotspur Stadium,London,A. Madley,FT,Match Finished,4,1,1.0,1.0,4,1
1208095,2024-10-19T14:00:00+00:00,1729346400,39,Premier League,2024,Regular Season - 8,33,Manchester United,55,Brentford,Old Trafford,Manchester,S. Barrott,FT,Match Finished,2,1,0.0,1.0,2,1
1208096,2024-10-19T14:00:00+00:00,1729346400,39,Premier League,2024,Regular Season - 8,34,Newcastle,51,Brighton,St. James' Park,Newcastle upon Tyne,P. Bankes,FT,Match Finished,0,1,0.0,1.0,0,1
1208092,2024-10-19T14:00:00+00:00,1729346400,39,Premier League,2024,Regular Season - 8,36,Fulham,66,Aston Villa,Craven Cottage,London,D. England,FT,Match Finished,1,3,1.0,1.0,1,3
1208098,2024-10-19T14:00:00+00:00,1729346400,39,Premier League,2024,Regular Season - 8,41,Southampton,46,Leicester,St. Mary's Stadium,"Southampton, Hampshire",A. Taylor,FT,Match Finished,2,3,2.0,0.0,2,3
1208093,2024-10-19T14:00:00+00:00,1729346400,39,Premier League,2024,Regular Season - 8,57,Ipswich,45,Everton,Portman Road,"Ipswich, Suffolk",M. Oliver,FT,Match Finished,0,2,0.0,2.0,0,2
1208091,2024-10-19T16:30:00+00:00,1729355400,39,Premier League,2024,Regular Season - 8,35,Bournemouth,42,Arsenal,Vitality Stadium,"Bournemouth, Dorset",R. Jones,FT,Match Finished,2,0,0.0,0.0,2,0
1208100,2024-10-20T13:00:00+00:00,1729429200,39,Premier League,2024,Regular Season - 8,39,Wolves,50,Manchester City,Molineux Stadium,"Wolverhampton, West Midlands",C. Kavanagh,FT,Match Finished,1,2,1.0,1.0,1,2
1208094,2024-10-20T15:30:00+00:00,1729438200,39,Premier League,2024,Regular Season - 8,40,Liverpool,49,Chelsea,Anfield,Liverpool,J. Brooks,FT,Match Finished,2,1,1.0,0.0,2,1
1208097,2024-10-21T19:00:00+00:00,1729537200,39,Premier League,2024,Regular Season - 8,65,Nottingham Forest,52,Crystal Palace,The City Ground,"Nottingham, Nottinghamshire",T. Robinson,FT,Match Finished,1,0,0.0,0.0,1,0
1208110,2024-10-25T19:00:00+00:00,1729882800,39,Premier League,2024,Regular Season - 9,46,Leicester,65,Nottingham Forest,King Power Stadium,"Leicester, Leicestershire",C. Pawson,FT,Match Finished,1,3,1.0,1.0,1,3
1208111,2024-10-26T14:00:00+00:00,1729951200,39,Premier League,2024,Regular Season - 9,50,Manchester City,41,Southampton,Etihad Stadium,Manchester,T. Harrington,FT,Match Finished,1,0,1.0,0.0,1,0
1208106,2024-10-26T14:00:00+00:00,1729951200,39,Premier League,2024,Regular Season - 9,51,Brighton,39,Wolves,American Express Stadium,"Falmer, East Sussex",M. Oliver,FT,Match Finished,2,2,1.0,0.0,2,2
1208105,2024-10-26T14:00:00+00:00,1729951200,39,Premier League,2024,Regular Season - 9,55,Brentford,57,Ipswich,Gtech Community Stadium,"Brentford, Middlesex",L. Smith,FT,Match Finished,4,3,2.0,2.0,4,3
1208104,2024-10-26T14:00:00+00:00,1729951200,39,Premier League,2024,Regular Season - 9,66,Aston Villa,35,Bournemouth,Villa Park,Birmingham,C. Kavanagh,FT,Match Finished,1,1,0.0,0.0,1,1
1208109,2024-10-26T16:30:00+00:00,1729960200,39,Premier League,2024,Regular Season - 9,45,Everton,36,Fulham,Goodison Park,Liverpool,J. Brooks,FT,Match Finished,1,1,0.0,0.0,1,1
1208112,2024-10-27T13:00:00+00:00,1730034000,39,Premier League,2024,Regular Season - 9,48,West Ham,33,Manchester United,London Stadium,London,D. Coote,FT,Match Finished,2,1,0.0,0.0,2,1
1208107,2024-10-27T13:00:00+00:00,1730034000,39,Premier League,2024,Regular Season - 9,49,Chelsea,34,Newcastle,Stamford Bridge,London,S. Hooper,FT,Match Finished,2,1,1.0,1.0,2,1
1208108,2024-10-27T13:00:00+00:00,1730034000,39,Premier League,2024,Regular Season - 9,52,Crystal Palace,47,Tottenham,Selhurst Park,London,D. Bond,FT,Match Finished,1,0,1.0,0.0,1,0
1208103,2024-10-27T15:30:00+00:00,1730043000,39,Premier League,2024,Regular Season - 9,42,Arsenal,40,Liverpool,Emirates Stadium,London,A. Taylor,FT,Match Finished,2,2,2.0,1.0,2,2
1208118,2024-11-02T12:30:00+00:00,1730550600,39,Premier League,2024,Regular Season - 10,34,Newcastle,42,Arsenal,St. James' Park,Newcastle upon Tyne,J. Brooks,FT,Match Finished,1,0,1.0,0.0,1,0
1208113,2024-11-02T15:00:00+00:00,1730559600,39,Premier League,2024,Regular Season - 10,35,Bournemouth,50,Manchester City,Vitality Stadium,"Bournemouth, Dorset",M. Oliver,FT,Match Finished,2,1,1.0,0.0,2,1
1208116,2024-11-02T15:00:00+00:00,1730559600,39,Premier League,2024,Regular Season - 10,40,Liverpool,51,Brighton,Anfield,Liverpool,T. Harrington,FT,Match Finished,2,1,0.0,1.0,2,1
1208120,2024-11-02T15:00:00+00:00,1730559600,39,Premier League,2024,Regular Season - 10,41,Southampton,45,Everton,St. Mary's Stadium,"Southampton, Hampshire",A. Madley,FT,Match Finished,1,0,0.0,0.0,1,0
1208115,2024-11-02T15:00:00+00:00,1730559600,39,Premier League,2024,Regular Season - 10,57,Ipswich,46,Leicester,Portman Road,"Ipswich, Suffolk",T. Robinson,FT,Match Finished,1,1,0.0,0.0,1,1
1208119,2024-11-02T15:00:00+00:00,1730559600,39,Premier League,2024,Regular Season - 10,65,Nottingham Forest,48,West Ham,The City Ground,"Nottingham, Nottinghamshire",P. Bankes,FT,Match Finished,3,0,1.0,0.0,3,0
1208122,2024-11-02T17:30:00+00:00,1730568600,39,Premier League,2024,Regular Season - 10,39,Wolves,52,Crystal Palace,Molineux Stadium,"Wolverhampton, West Midlands",A. Taylor,FT,Match Finished,2,2,0.0,0.0,2,2
1208121,2024-11-03T14:00:00+00:00,1730642400,39,Premier League,2024,Regular Season - 10,47,Tottenham,66,Aston Villa,Tottenham Hotspur Stadium,London,C. Pawson,FT,Match Finished,4,1,0.0,1.0,4,1
1208117,2024-11-03T16:30:00+00:00,1730651400,39,Premier League,2024,Regular Season - 10,33,Manchester United,49,Chelsea,Old Trafford,Manchester,R. Jones,FT,Match Finished,1,1,0.0,0.0,1,1
1208114,2024-11-04T20:00:00+00:00,1730750400,39,Premier League,2024,Regular Season - 10,36,Fulham,55,Brentford,Craven Cottage,London,S. Attwell,FT,Match Finished,2,1,0.0,1.0,2,1
1208132,2024-11-09T15:00:00+00:00,1731164400,39,Premier League,2024,Regular Season - 11,39,Wolves,41,Southampton,Molineux Stadium,"Wolverhampton, West Midlands",T. Bramall,FT,Match Finished,2,0,1.0,0.0,2,0
1208131,2024-11-09T15:00:00+00:00,1731164400,39,Premier League,2024,Regular Season - 11,48,West Ham,45,Everton,London Stadium,London,S. Attwell,FT,Match Finished,0,0,0.0,0.0,0,0
1208126,2024-11-09T15:00:00+00:00,1731164400,39,Premier League,2024,Regular Season - 11,52,Crystal Palace,36,Fulham,Selhurst Park,London,M. Salisbury,FT,Match Finished,0,2,0.0,1.0,0,2
1208123,2024-11-09T15:00:00+00:00,1731164400,39,Premier League,2024,Regular Season - 11,55,Brentford,35,Bournemouth,Gtech Community Stadium,"Brentford, Middlesex",D. Bond,FT,Match Finished,3,2,1.0,1.0,3,2
1208124,2024-11-09T17:30:00+00:00,1731173400,39,Premier League,2024,Regular Season - 11,51,Brighton,50,Manchester City,American Express Stadium,"Falmer, East Sussex",S. Barrott,FT,Match Finished,2,1,0.0,1.0,2,1
1208127,2024-11-09T20:00:00+00:00,1731182400,39,Premier League,2024,Regular Season - 11,40,Liverpool,66,Aston Villa,Anfield,Liverpool,D. Coote,FT,Match Finished,2,0,1.0,0.0,2,0
1208128,2024-11-10T14:00:00+00:00,1731247200,39,Premier League,2024,Regular Season - 11,33,Manchester United,46,Leicester,Old Trafford,Manchester,P. Bankes,FT,Match Finished,3,0,2.0,0.0,3,0
1208130,2024-11-10T14:00:00+00:00,1731247200,39,Premier League,2024,Regular Season - 11,47,Tottenham,57,Ipswich,Tottenham Hotspur Stadium,London,D. England,FT,Match Finished,1,2,0.0,2.0,1,2
1208129,2024-11-10T14:00:00+00:00,1731247200,39,Premier League,2024,Regular Season - 11,65,Nottingham Forest,34,Newcastle,The City Ground,"Nottingham, Nottinghamshire",A. Taylor,FT,Match Finished,1,3,1.0,0.0,1,3
1208125,2024-11-10T16:30:00+00:00,1731256200,39,Premier League,2024,Regular Season - 11,49,Chelsea,42,Arsenal,Stamford Bridge,London,M. Oliver,FT,Match Finished,1,1,0.0,0.0,1,1
1208139,2024-11-23T12:30:00+00:00,1732365000,39,Premier League,2024,Regular Season - 12,46,Leicester,49,Chelsea,King Power Stadium,"Leicester, Leicestershire",A. Madley,FT,Match Finished,1,2,0.0,1.0,1,2
1208133,2024-11-23T15:00:00+00:00,1732374000,39,Premier League,2024,Regular Season - 12,35,Bournemouth,51,Brighton,Vitality Stadium,"Bournemouth, Dorset",S. Attwell,FT,Match Finished,1,2,0.0,1.0,1,2
1208137,2024-11-23T15:00:00+00:00,1732374000,39,Premier League,2024,Regular Season - 12,36,Fulham,39,Wolves,Craven Cottage,London,R. Jones,FT,Match Finished,1,4,1.0,1.0,1,4
1208134,2024-11-23T15:00:00+00:00,1732374000,39,Premier League,2024,Regular Season - 12,42,Arsenal,65,Nottingham Forest,Emirates Stadium,London,S. Hooper,FT,Match Finished,3,0,1.0,0.0,3,0
1208136,2024-11-23T15:00:00+00:00,1732374000,39,Premier League,2024,Regular Season - 12,45,Everton,55,Brentford,Goodison Park,Liverpool,C. Kavanagh,FT,Match Finished,0,0,0.0,0.0,0,0
1208135,2024-11-23T15:00:00+00:00,1732374000,39,Premier League,2024,Regular Season - 12,66,Aston Villa,52,Crystal Palace,Villa Park,Birmingham,T. Robinson,FT,Match Finished,2,2,1.0,2.0,2,2
1208140,2024-11-23T17:30:00+00:00,1732383000,39,Premier League,2024,Regular Season - 12,50,Manchester City,47,Tottenham,Etihad Stadium,Manchester,J. Brooks,FT,Match Finished,0,4,0.0,2.0,0,4
1208142,2024-11-24T14:00:00+00:00,1732456800,39,Premier League,2024,Regular Season - 12,41,Southampton,40,Liverpool,St. Mary's Stadium,"Southampton, Hampshire",S. Barrott,FT,Match Finished,2,3,1.0,1.0,2,3
1208138,2024-11-24T16:30:00+00:00,1732465800,39,Premier League,2024,Regular Season - 12,57,Ipswich,33,Manchester United,Portman Road,"Ipswich, Suffolk",A. Taylor,FT,Match Finished,1,1,1.0,1.0,1,1
1208141,2024-11-25T20:00:00+00:00,1732564800,39,Premier League,2024,Regular Season - 12,34,Newcastle,48,West Ham,St. James' Park,Newcastle upon Tyne,C. Pawson,FT,Match Finished,0,2,0.0,1.0,0,2
1208144,2024-11-29T20:00:00+00:00,1732910400,39,Premier League,2024,Regular Season - 13,51,Brighton,41,Southampton,American Express Stadium,"Falmer, East Sussex",R. Jones,FT,Match Finished,1,1,1.0,0.0,1,1
1208152,2024-11-30T15:00:00+00:00,1732978800,39,Premier League,2024,Regular Season - 13,39,Wolves,35,Bournemouth,Molineux Stadium,"Wolverhampton, West Midlands",P. Bankes,FT,Match Finished,2,4,1.0,3.0,2,4
1208146,2024-11-30T15:00:00+00:00,1732978800,39,Premier League,2024,Regular Season - 13,52,Crystal Palace,34,Newcastle,Selhurst Park,London,D. England,FT,Match Finished,1,1,0.0,0.0,1,1
1208143,2024-11-30T15:00:00+00:00,1732978800,39,Premier League,2024,Regular Season - 13,55,Brentford,46,Leicester,Gtech Community Stadium,"Brentford, Middlesex",M. Oliver,FT,Match Finished,4,1,3.0,1.0,4,1
1208149,2024-11-30T15:00:00+00:00,1732978800,39,Premier League,2024,Regular Season - 13,65,Nottingham Forest,57,Ipswich,The City Ground,"Nottingham, Nottinghamshire",T. Harrington,FT,Match Finished,1,0,0.0,0.0,1,0
1208151,2024-11-30T17:30:00+00:00,1732987800,39,Premier League,2024,Regular Season - 13,48,West Ham,42,Arsenal,London Stadium,London,A. Taylor,FT,Match Finished,2,5,2.0,5.0,2,5
1208148,2024-12-01T13:30:00+00:00,1733059800,39,Premier League,2024,Regular Season - 13,33,Manchester United,45,Everton,Old Trafford,Manchester,J. Brooks,FT,Match Finished,4,0,2.0,0.0,4,0
1208150,2024-12-01T13:30:00+00:00,1733059800,39,Premier League,2024,Regular Season - 13,47,Tottenham,36,Fulham,Tottenham Hotspur Stadium,London,D. Bond,FT,Match Finished,1,1,0.0,0.0,1,1
1208145,2024-12-01T13:30:00+00:00,1733059800,39,Premier League,2024,Regular Season - 13,49,Chelsea,66,Aston Villa,Stamford Bridge,London,S. Attwell,FT,Match Finished,3,0,2.0,0.0,3,0
1208147,2024-12-01T16:00:00+00:00,1733068800,39,Premier League,2024,Regular Season - 13,40,Liverpool,50,Manchester City,Anfield,Liverpool,C. Kavanagh,FT,Match Finished,2,0,1.0,0.0,2,0
1208158,2024-12-03T19:30:00+00:00,1733254200,39,Premier League,2024,Regular Season - 14,57,Ipswich,52,Crystal Palace,Portman Road,"Ipswich, Suffolk",C. Pawson,FT,Match Finished,0,1,0.0,0.0,0,1
1208159,2024-12-03T20:15:00+00:00,1733256900,39,Premier League,2024,Regular Season - 14,46,Leicester,48,West Ham,King Power Stadium,"Leicester, Leicestershire",J. Smith,FT,Match Finished,3,1,1.0,0.0,3,1
1208161,2024-12-04T19:30:00+00:00,1733340600,39,Premier League,2024,Regular Season - 14,34,Newcastle,40,Liverpool,St. James' Park,Newcastle upon Tyne,A. Madley,FT,Match Finished,3,3,1.0,0.0,3,3
1208162,2024-12-04T19:30:00+00:00,1733340600,39,Premier League,2024,Regular Season - 14,41,Southampton,49,Chelsea,St. Mary's Stadium,"Southampton, Hampshire",T. Harrington,FT,Match Finished,1,5,1.0,3.0,1,5
1208156,2024-12-04T19:30:00+00:00,1733340600,39,Premier League,2024,Regular Season - 14,45,Everton,39,Wolves,Goodison Park,Liverpool,M. Salisbury,FT,Match Finished,4,0,2.0,0.0,4,0
1208160,2024-12-04T19:30:00+00:00,1733340600,39,Premier League,2024,Regular Season - 14,50,Manchester City,65,Nottingham Forest,Etihad Stadium,Manchester,M. Oliver,FT,Match Finished,3,0,2.0,0.0,3,0
1208154,2024-12-04T20:15:00+00:00,1733343300,39,Premier League,2024,Regular Season - 14,42,Arsenal,33,Manchester United,Emirates Stadium,London,S. Barrott,FT,Match Finished,2,0,0.0,0.0,2,0
1208155,2024-12-04T20:15:00+00:00,1733343300,39,Premier League,2024,Regular Season - 14,66,Aston Villa,55,Brentford,Villa Park,Birmingham,L. Smith,FT,Match Finished,3,1,3.0,0.0,3,1
1208157,2024-12-05T19:30:00+00:00,1733427000,39,Premier League,2024,Regular Season - 14,36,Fulham,51,Brighton,Craven Cottage,London,P. Bankes,FT,Match Finished,3,1,1.0,0.0,3,1
1208153,2024-12-05T20:15:00+00:00,1733429700,39,Premier League,2024,Regular Season - 14,35,Bournemouth,47,Tottenham,Vitality Stadium,"Bournemouth, Dorset",S. Hooper,FT,Match Finished,1,0,1.0,0.0,1,0
1208165,2024-12-07T15:00:00+00:00,1733583600,39,Premier League,2024,Regular Season - 15,52,Crystal Palace,50,Manchester City,Selhurst Park,London,R. Jones,FT,Match Finished,2,2,1.0,1.0,2,2
1208164,2024-12-07T15:00:00+00:00,1733583600,39,Premier League,2024,Regular Season - 15,55,Brentford,34,Newcastle,Gtech Community Stadium,"Brentford, Middlesex",S. Hooper,FT,Match Finished,4,2,2.0,2.0,4,2
1208163,2024-12-07T15:00:00+00:00,1733583600,39,Premier League,2024,Regular Season - 15,66,Aston Villa,41,Southampton,Villa Park,Birmingham,D. Bond,FT,Match Finished,1,0,1.0,0.0,1,0
1208170,2024-12-07T17:30:00+00:00,1733592600,39,Premier League,2024,Regular Season - 15,33,Manchester United,65,Nottingham Forest,Old Trafford,Manchester,D. England,FT,Match Finished,2,3,1.0,1.0,2,3
1208167,2024-12-08T14:00:00+00:00,1733666400,39,Premier League,2024,Regular Season - 15,36,Fulham,42,Arsenal,Craven Cottage,London,C. Kavanagh,FT,Match Finished,1,1,1.0,0.0,1,1
1208169,2024-12-08T14:00:00+00:00,1733666400,39,Premier League,2024,Regular Season - 15,46,Leicester,51,Brighton,King Power Stadium,"Leicester, Leicestershire",S. Attwell,FT,Match Finished,2,2,0.0,1.0,2,2
1208168,2024-12-08T14:00:00+00:00,1733666400,39,Premier League,2024,Regular Season - 15,57,Ipswich,35,Bournemouth,Portman Road,"Ipswich, Suffolk",M. Salisbury,FT,Match Finished,1,2,1.0,0.0,1,2
1208171,2024-12-08T16:30:00+00:00,1733675400,39,Premier League,2024,Regular Season - 15,47,Tottenham,49,Chelsea,Tottenham Hotspur Stadium,London,A. Taylor,FT,Match Finished,3,4,2.0,1.0,3,4
1208172,2024-12-09T20:00:00+00:00,1733774400,39,Premier League,2024,Regular Season - 15,48,West Ham,39,Wolves,London Stadium,London,J. Brooks,FT,Match Finished,2,1,0.0,0.0,2,1
1208179,2024-12-14T15:00:00+00:00,1734188400,39,Premier League,2024,Regular Season - 16,34,Newcastle,46,Leicester,St. James' Park,Newcastle upon Tyne,T. Bramall,FT,Match Finished,4,0,1.0,0.0,4,0
1208182,2024-12-14T15:00:00+00:00,1734188400,39,Premier League,2024,Regular Season - 16,39,Wolves,57,Ipswich,Molineux Stadium,"Wolverhampton, West Midlands",S. Hooper,FT,Match Finished,1,2,0.0,1.0,1,2
1208177,2024-12-14T15:00:00+00:00,1734188400,39,Premier League,2024,Regular Season - 16,40,Liverpool,36,Fulham,Anfield,Liverpool,T. Harrington,FT,Match Finished,2,2,0.0,1.0,2,2
1208174,2024-12-14T15:00:00+00:00,1734188400,39,Premier League,2024,Regular Season - 16,42,Arsenal,45,Everton,Emirates Stadium,London,C. Pawson,FT,Match Finished,0,0,0.0,0.0,0,0
1208180,2024-12-14T17:30:00+00:00,1734197400,39,Premier League,2024,Regular Season - 16,65,Nottingham Forest,66,Aston Villa,The City Ground,"Nottingham, Nottinghamshire",S. Barrott,FT,Match Finished,2,1,0.0,0.0,2,1
1208175,2024-12-15T14:00:00+00:00,1734271200,39,Premier League,2024,Regular Season - 16,51,Brighton,52,Crystal Palace,American Express Stadium,"Falmer, East Sussex",M. Oliver,FT,Match Finished,1,3,0.0,2.0,1,3
1208178,2024-12-15T16:30:00+00:00,1734280200,39,Premier League,2024,Regular Season - 16,50,Manchester City,33,Manchester United,Etihad Stadium,Manchester,A. Taylor,FT,Match Finished,1,2,1.0,0.0,1,2
1208181,2024-12-15T19:00:00+00:00,1734289200,39,Premier League,2024,Regular Season - 16,41,Southampton,47,Tottenham,St. Mary's Stadium,"Southampton, Hampshire",D. England,FT,Match Finished,0,5,0.0,5.0,0,5
1208176,2024-12-15T19:00:00+00:00,1734289200,39,Premier League,2024,Regular Season - 16,49,Chelsea,55,Brentford,Stamford Bridge,London,P. Bankes,FT,Match Finished,2,1,1.0,0.0,2,1
1208173,2024-12-16T20:00:00+00:00,1734379200,39,Premier League,2024,Regular Season - 16,35,Bournemouth,48,West Ham,Vitality Stadium,"Bournemouth, Dorset",C. Kavanagh,FT,Match Finished,1,1,0.0,0.0,1,1
1208183,2024-12-21T12:30:00+00:00,1734784200,39,Premier League,2024,Regular Season - 17,66,Aston Villa,50,Manchester City,Villa Park,Birmingham,P. Bankes,FT,Match Finished,2,1,1.0,0.0,2,1
1208192,2024-12-21T15:00:00+00:00,1734793200,39,Premier League,2024,Regular Season - 17,48,West Ham,51,Brighton,London Stadium,London,R. Jones,FT,Match Finished,1,1,0.0,0.0,1,1
1208184,2024-12-21T15:00:00+00:00,1734793200,39,Premier League,2024,Regular Season - 17,55,Brentford,65,Nottingham Forest,Gtech Community Stadium,"Brentford, Middlesex",M. Oliver,FT,Match Finished,0,2,0.0,1.0,0,2
1208188,2024-12-21T15:00:00+00:00,1734793200,39,Premier League,2024,Regular Season - 17,57,Ipswich,34,Newcastle,Portman Road,"Ipswich, Suffolk",S. Attwell,FT,Match Finished,0,4,0.0,3.0,0,4
1208185,2024-12-21T17:30:00+00:00,1734802200,39,Premier League,2024,Regular Season - 17,52,Crystal Palace,42,Arsenal,Selhurst Park,London,S. Hooper,FT,Match Finished,1,5,1.0,3.0,1,5
1208190,2024-12-22T14:00:00+00:00,1734876000,39,Premier League,2024,Regular Season - 17,33,Manchester United,35,Bournemouth,Old Trafford,Manchester,C. Pawson,FT,Match Finished,0,3,0.0,1.0,0,3
1208187,2024-12-22T14:00:00+00:00,1734876000,39,Premier League,2024,Regular Season - 17,36,Fulham,41,Southampton,Craven Cottage,London,T. Robinson,FT,Match Finished,0,0,0.0,0.0,0,0
1208186,2024-12-22T14:00:00+00:00,1734876000,39,Premier League,2024,Regular Season - 17,45,Everton,49,Chelsea,Goodison Park,Liverpool,C. Kavanagh,FT,Match Finished,0,0,0.0,0.0,0,0
1208189,2024-12-22T14:00:00+00:00,1734876000,39,Premier League,2024,Regular Season - 17,46,Leicester,39,Wolves,King Power Stadium,"Leicester, Leicestershire",A. Taylor,FT,Match Finished,0,3,0.0,3.0,0,3
1208191,2024-12-22T16:30:00+00:00,1734885000,39,Premier League,2024,Regular Season - 17,47,Tottenham,40,Liverpool,Tottenham Hotspur Stadium,London,S. Barrott,FT,Match Finished,3,6,1.0,3.0,3,6
1208198,2024-12-26T12:30:00+00:00,1735216200,39,Premier League,2024,Regular Season - 18,50,Manchester City,45,Everton,Etihad Stadium,Manchester,S. Hooper,FT,Match Finished,1,1,1.0,1.0,1,1
1208199,2024-12-26T15:00:00+00:00,1735225200,39,Premier League,2024,Regular Season - 18,34,Newcastle,66,Aston Villa,St. James' Park,Newcastle upon Tyne,A. Taylor,FT,Match Finished,3,0,1.0,0.0,3,0
1208193,2024-12-26T15:00:00+00:00,1735225200,39,Premier League,2024,Regular Season - 18,35,Bournemouth,52,Crystal Palace,Vitality Stadium,"Bournemouth, Dorset",T. Bramall,FT,Match Finished,0,0,0.0,0.0,0,0
1208201,2024-12-26T15:00:00+00:00,1735225200,39,Premier League,2024,Regular Season - 18,41,Southampton,48,West Ham,St. Mary's Stadium,"Southampton, Hampshire",L. Smith,FT,Match Finished,0,1,0.0,0.0,0,1
1208196,2024-12-26T15:00:00+00:00,1735225200,39,Premier League,2024,Regular Season - 18,49,Chelsea,36,Fulham,Stamford Bridge,London,S. Barrott,FT,Match Finished,1,2,1.0,0.0,1,2
1208200,2024-12-26T15:00:00+00:00,1735225200,39,Premier League,2024,Regular Season - 18,65,Nottingham Forest,47,Tottenham,The City Ground,"Nottingham, Nottinghamshire",C. Pawson,FT,Match Finished,1,0,1.0,0.0,1,0
1208202,2024-12-26T17:30:00+00:00,1735234200,39,Premier League,2024,Regular Season - 18,39,Wolves,33,Manchester United,Molineux Stadium,"Wolverhampton, West Midlands",T. Harrington,FT,Match Finished,2,0,0.0,0.0,2,0
1208197,2024-12-26T20:00:00+00:00,1735243200,39,Premier League,2024,Regular Season - 18,40,Liverpool,46,Leicester,Anfield,Liverpool,D. Bond,FT,Match Finished,3,1,1.0,1.0,3,1
1208195,2024-12-27T19:30:00+00:00,1735327800,39,Premier League,2024,Regular Season - 18,51,Brighton,55,Brentford,American Express Stadium,"Falmer, East Sussex",A. Madley,FT,Match Finished,0,0,0.0,0.0,0,0
1208194,2024-12-27T20:15:00+00:00,1735330500,39,Premier League,2024,Regular Season - 18,42,Arsenal,57,Ipswich,Emirates Stadium,London,D. England,FT,Match Finished,1,0,1.0,0.0,1,0
1208209,2024-12-29T14:30:00+00:00,1735482600,39,Premier League,2024,Regular Season - 19,46,Leicester,50,Manchester City,King Power Stadium,"Leicester, Leicestershire",M. Oliver,FT,Match Finished,0,2,0.0,1.0,0,2
1208207,2024-12-29T15:00:00+00:00,1735484400,39,Premier League,2024,Regular Season - 19,36,Fulham,35,Bournemouth,Craven Cottage,London,R. Jones,FT,Match Finished,2,2,1.0,0.0,2,2
1208206,2024-12-29T15:00:00+00:00,1735484400,39,Premier League,2024,Regular Season - 19,45,Everton,65,Nottingham Forest,Goodison Park,Liverpool,T. Harrington,FT,Match Finished,0,2,0.0,1.0,0,2
1208211,2024-12-29T15:00:00+00:00,1735484400,39,Premier League,2024,Regular Season - 19,47,Tottenham,39,Wolves,Tottenham Hotspur Stadium,London,C. Kavanagh,FT,Match Finished,2,2,2.0,1.0,2,2
1208205,2024-12-29T15:00:00+00:00,1735484400,39,Premier League,2024,Regular Season - 19,52,Crystal Palace,41,Southampton,Selhurst Park,London,M. Salisbury,FT,Match Finished,2,1,1.0,1.0,2,1
1208212,2024-12-29T17:15:00+00:00,1735492500,39,Premier League,2024,Regular Season - 19,48,West Ham,40,Liverpool,London Stadium,London,A. Taylor,FT,Match Finished,0,5,0.0,3.0,0,5
1208208,2024-12-30T19:45:00+00:00,1735587900,39,Premier League,2024,Regular Season - 19,57,Ipswich,49,Chelsea,Portman Road,"Ipswich, Suffolk",J. Brooks,FT,Match Finished,2,0,1.0,0.0,2,0
1208203,2024-12-30T19:45:00+00:00,1735587900,39,Premier League,2024,Regular Season - 19,66,Aston Villa,51,Brighton,Villa Park,Birmingham,C. Pawson,FT,Match Finished,2,2,1.0,1.0,2,2
1208210,2024-12-30T20:00:00+00:00,1735588800,39,Premier League,2024,Regular Season - 19,33,Manchester United,34,Newcastle,Old Trafford,Manchester,S. Hooper,FT,Match Finished,0,2,0.0,2.0,0,2
1208204,2025-01-01T17:30:00+00:00,1735752600,39,Premier League,2024,Regular Season - 19,55,Brentford,42,Arsenal,Gtech Community Stadium,"Brentford, Middlesex",P. Bankes,FT,Match Finished,1,3,1.0,1.0,1,3
1208221,2025-01-04T12:30:00+00:00,1735993800,39,Premier League,2024,Regular Season - 20,47,Tottenham,34,Newcastle,Tottenham Hotspur Stadium,London,A. Madley,FT,Match Finished,1,2,1.0,2.0,1,2
1208213,2025-01-04T15:00:00+00:00,1736002800,39,Premier League,2024,Regular Season - 20,35,Bournemouth,45,Everton,Vitality Stadium,"Bournemouth, Dorset",J. Brooks,FT,Match Finished,1,0,0.0,0.0,1,0
1208220,2025-01-04T15:00:00+00:00,1736002800,39,Premier League,2024,Regular Season - 20,41,Southampton,55,Brentford,St. Mary's Stadium,"Southampton, Hampshire",S. Attwell,FT,Match Finished,0,5,0.0,1.0,0,5
1208219,2025-01-04T15:00:00+00:00,1736002800,39,Premier League,2024,Regular Season - 20,50,Manchester City,48,West Ham,Etihad Stadium,Manchester,M. Salisbury,FT,Match Finished,4,1,2.0,0.0,4,1
1208216,2025-01-04T15:00:00+00:00,1736002800,39,Premier League,2024,Regular Season - 20,52,Crystal Palace,49,Chelsea,Selhurst Park,London,T. Robinson,FT,Match Finished,1,1,0.0,1.0,1,1
1208214,2025-01-04T15:00:00+00:00,1736002800,39,Premier League,2024,Regular Season - 20,66,Aston Villa,46,Leicester,Villa Park,Birmingham,J. Gillett,FT,Match Finished,2,1,0.0,0.0,2,1
1208215,2025-01-04T17:30:00+00:00,1736011800,39,Premier League,2024,Regular Season - 20,51,Brighton,42,Arsenal,American Express Stadium,"Falmer, East Sussex",A. Taylor,FT,Match Finished,1,1,0.0,1.0,1,1
1208217,2025-01-05T14:00:00+00:00,1736085600,39,Premier League,2024,Regular Season - 20,36,Fulham,57,Ipswich,Craven Cottage,London,D. Bond,FT,Match Finished,2,2,0.0,1.0,2,2
1208218,2025-01-05T16:30:00+00:00,1736094600,39,Premier League,2024,Regular Season - 20,40,Liverpool,33,Manchester United,Anfield,Liverpool,M. Oliver,FT,Match Finished,2,2,0.0,0.0,2,2
1208222,2025-01-06T20:00:00+00:00,1736193600,39,Premier League,2024,Regular Season - 20,39,Wolves,65,Nottingham Forest,Molineux Stadium,"Wolverhampton, West Midlands",P. Bankes,FT,Match Finished,0,3,0.0,2.0,0,3
1208229,2025-01-14T19:30:00+00:00,1736883000,39,Premier League,2024,Regular Season - 21,48,West Ham,36,Fulham,London Stadium,London,C. Pawson,FT,Match Finished,3,2,2.0,0.0,3,2
1208230,2025-01-14T19:30:00+00:00,1736883000,39,Premier League,2024,Regular Season - 21,49,Chelsea,35,Bournemouth,Stamford Bridge,London,R. Jones,FT,Match Finished,2,2,1.0,0.0,2,2
1208224,2025-01-14T19:30:00+00:00,1736883000,39,Premier League,2024,Regular Season - 21,55,Brentford,50,Manchester City,Gtech Community Stadium,"Brentford, Middlesex",A. Taylor,FT,Match Finished,2,2,0.0,0.0,2,2
1208228,2025-01-14T20:00:00+00:00,1736884800,39,Premier League,2024,Regular Season - 21,65,Nottingham Forest,40,Liverpool,The City Ground,"Nottingham, Nottinghamshire",C. Kavanagh,FT,Match Finished,1,1,1.0,0.0,1,1
1208231,2025-01-15T19:30:00+00:00,1736969400,39,Premier League,2024,Regular Season - 21,34,Newcastle,39,Wolves,St. James' Park,Newcastle upon Tyne,D. England,FT,Match Finished,3,0,1.0,0.0,3,0
1208225,2025-01-15T19:30:00+00:00,1736969400,39,Premier League,2024,Regular Season - 21,45,Everton,66,Aston Villa,Goodison Park,Liverpool,S. Barrott,FT,Match Finished,0,1,0.0,0.0,0,1
1208227,2025-01-15T19:30:00+00:00,1736969400,39,Premier League,2024,Regular Season - 21,46,Leicester,52,Crystal Palace,King Power Stadium,"Leicester, Leicestershire",A. Madley,FT,Match Finished,0,2,0.0,0.0,0,2
1208223,2025-01-15T20:00:00+00:00,1736971200,39,Premier League,2024,Regular Season - 21,42,Arsenal,47,Tottenham,Emirates Stadium,London,S. Hooper,FT,Match Finished,2,1,2.0,1.0,2,1
1208226,2025-01-16T19:30:00+00:00,1737055800,39,Premier League,2024,Regular Season - 21,57,Ipswich,51,Brighton,Portman Road,"Ipswich, Suffolk",T. Harrington,FT,Match Finished,0,2,0.0,0.0,0,2
1208232,2025-01-16T20:00:00+00:00,1737057600,39,Premier League,2024,Regular Season - 21,33,Manchester United,41,Southampton,Old Trafford,Manchester,J. Brooks,FT,Match Finished,3,1,0.0,1.0,3,1
1208240,2025-01-18T12:30:00+00:00,1737203400,39,Premier League,2024,Regular Season - 22,34,Newcastle,35,Bournemouth,St. James' Park,Newcastle upon Tyne,S. Attwell,FT,Match Finished,1,4,1.0,2.0,1,4
1208238,2025-01-18T15:00:00+00:00,1737212400,39,Premier League,2024,Regular Season - 22,46,Leicester,36,Fulham,King Power Stadium,"Leicester, Leicestershire",M. Salisbury,FT,Match Finished,0,2,0.0,0.0,0,2
1208242,2025-01-18T15:00:00+00:00,1737212400,39,Premier League,2024,Regular Season - 22,48,West Ham,52,Crystal Palace,London Stadium,London,T. Bramall,FT,Match Finished,0,2,0.0,0.0,0,2
1208234,2025-01-18T15:00:00+00:00,1737212400,39,Premier League,2024,Regular Season - 22,55,Brentford,40,Liverpool,Gtech Community Stadium,"Brentford, Middlesex",A. Madley,FT,Match Finished,0,2,0.0,0.0,0,2
1208233,2025-01-18T17:30:00+00:00,1737221400,39,Premier League,2024,Regular Season - 22,42,Arsenal,66,Aston Villa,Emirates Stadium,London,C. Kavanagh,FT,Match Finished,2,2,1.0,0.0,2,2
1208239,2025-01-19T14:00:00+00:00,1737295200,39,Premier League,2024,Regular Season - 22,33,Manchester United,51,Brighton,Old Trafford,Manchester,P. Bankes,FT,Match Finished,1,3,1.0,1.0,1,3
1208236,2025-01-19T14:00:00+00:00,1737295200,39,Premier League,2024,Regular Season - 22,45,Everton,47,Tottenham,Goodison Park,Liverpool,D. England,FT,Match Finished,3,2,3.0,0.0,3,2
1208241,2025-01-19T14:00:00+00:00,1737295200,39,Premier League,2024,Regular Season - 22,65,Nottingham Forest,41,Southampton,The City Ground,"Nottingham, Nottinghamshire",A. Taylor,FT,Match Finished,3,2,3.0,0.0,3,2
1208237,2025-01-19T16:30:00+00:00,1737304200,39,Premier League,2024,Regular Season - 22,57,Ipswich,50,Manchester City,Portman Road,"Ipswich, Suffolk",S. Barrott,FT,Match Finished,0,6,0.0,3.0,0,6
1208235,2025-01-20T20:00:00+00:00,1737403200,39,Premier League,2024,Regular Season - 22,49,Chelsea,39,Wolves,Stamford Bridge,London,S. Hooper,FT,Match Finished,3,1,1.0,1.0,3,1
1208243,2025-01-25T15:00:00+00:00,1737817200,39,Premier League,2024,Regular Season - 23,35,Bournemouth,65,Nottingham Forest,Vitality Stadium,"Bournemouth, Dorset",C. Pawson,FT,Match Finished,5,0,1.0,0.0,5,0
1208252,2025-01-25T15:00:00+00:00,1737817200,39,Premier League,2024,Regular Season - 23,39,Wolves,42,Arsenal,Molineux Stadium,"Wolverhampton, West Midlands",M. Oliver,FT,Match Finished,0,1,0.0,0.0,0,1
1208248,2025-01-25T15:00:00+00:00,1737817200,39,Premier League,2024,Regular Season - 23,40,Liverpool,57,Ipswich,Anfield,Liverpool,M. Salisbury,FT,Match Finished,4,1,3.0,0.0,4,1
1208250,2025-01-25T15:00:00+00:00,1737817200,39,Premier League,2024,Regular Season - 23,41,Southampton,34,Newcastle,St. Mary's Stadium,"Southampton, Hampshire",S. Barrott,FT,Match Finished,1,3,1.0,2.0,1,3
1208245,2025-01-25T15:00:00+00:00,1737817200,39,Premier League,2024,Regular Season - 23,51,Brighton,45,Everton,American Express Stadium,"Falmer, East Sussex",T. Robinson,FT,Match Finished,0,1,0.0,1.0,0,1
1208249,2025-01-25T17:30:00+00:00,1737826200,39,Premier League,2024,Regular Season - 23,50,Manchester City,49,Chelsea,Etihad Stadium,Manchester,J. Brooks,FT,Match Finished,3,1,1.0,1.0,3,1
1208251,2025-01-26T14:00:00+00:00,1737900000,39,Premier League,2024,Regular Season - 23,47,Tottenham,46,Leicester,Tottenham Hotspur Stadium,London,R. Jones,FT,Match Finished,1,2,1.0,0.0,1,2
1208246,2025-01-26T14:00:00+00:00,1737900000,39,Premier League,2024,Regular Season - 23,52,Crystal Palace,55,Brentford,Selhurst Park,London,T. Harrington,FT,Match Finished,1,2,0.0,0.0,1,2
1208244,2025-01-26T16:30:00+00:00,1737909000,39,Premier League,2024,Regular Season - 23,66,Aston Villa,48,West Ham,Villa Park,Birmingham,P. Bankes,FT,Match Finished,1,1,1.0,0.0,1,1
1208247,2025-01-26T19:00:00+00:00,1737918000,39,Premier League,2024,Regular Season - 23,36,Fulham,33,Manchester United,Craven Cottage,London,A. Taylor,FT,Match Finished,0,1,0.0,0.0,0,1
1208261,2025-02-01T12:30:00+00:00,1738413000,39,Premier League,2024,Regular Season - 24,65,Nottingham Forest,51,Brighton,The City Ground,"Nottingham, Nottinghamshire",S. Hooper,FT,Match Finished,7,0,3.0,0.0,7,0
1208260,2025-02-01T15:00:00+00:00,1738422000,39,Premier League,2024,Regular Season - 24,34,Newcastle,36,Fulham,St. James' Park,Newcastle upon Tyne,C. Kavanagh,FT,Match Finished,1,2,1.0,0.0,1,2
1208253,2025-02-01T15:00:00+00:00,1738422000,39,Premier League,2024,Regular Season - 24,35,Bournemouth,40,Liverpool,Vitality Stadium,"Bournemouth, Dorset",D. England,FT,Match Finished,0,2,0.0,1.0,0,2
1208257,2025-02-01T15:00:00+00:00,1738422000,39,Premier League,2024,Regular Season - 24,45,Everton,46,Leicester,Goodison Park,Liverpool,D. Bond,FT,Match Finished,4,0,3.0,0.0,4,0
1208258,2025-02-01T15:00:00+00:00,1738422000,39,Premier League,2024,Regular Season - 24,57,Ipswich,41,Southampton,Portman Road,"Ipswich, Suffolk",M. Oliver,FT,Match Finished,1,2,1.0,1.0,1,2
1208262,2025-02-01T17:30:00+00:00,1738431000,39,Premier League,2024,Regular Season - 24,39,Wolves,66,Aston Villa,Molineux Stadium,"Wolverhampton, West Midlands",A. Madley,FT,Match Finished,2,0,1.0,0.0,2,0
1208259,2025-02-02T14:00:00+00:00,1738504800,39,Premier League,2024,Regular Season - 24,33,Manchester United,52,Crystal Palace,Old Trafford,Manchester,J. Brooks,FT,Match Finished,0,2,0.0,0.0,0,2
1208255,2025-02-02T14:00:00+00:00,1738504800,39,Premier League,2024,Regular Season - 24,55,Brentford,47,Tottenham,Gtech Community Stadium,"Brentford, Middlesex",J. Gillett,FT,Match Finished,0,2,0.0,1.0,0,2
1208254,2025-02-02T16:30:00+00:00,1738513800,39,Premier League,2024,Regular Season - 24,42,Arsenal,50,Manchester City,Emirates Stadium,London,P. Bankes,FT,Match Finished,5,1,1.0,0.0,5,1
1208256,2025-02-03T20:00:00+00:00,1738612800,39,Premier League,2024,Regular Season - 24,49,Chelsea,48,West Ham,Stamford Bridge,London,S. Attwell,FT,Match Finished,2,1,0.0,1.0,2,1
1208166,2025-02-12T19:30:00+00:00,1739388600,39,Premier League,2024,Regular Season - 15,45,Everton,40,Liverpool,Goodison Park,Liverpool,M. Oliver,FT,Match Finished,2,2,1.0,1.0,2,2
1208264,2025-02-14T20:00:00+00:00,1739563200,39,Premier League,2024,Regular Season - 25,51,Brighton,49,Chelsea,American Express Stadium,"Falmer, East Sussex",C. Kavanagh,FT,Match Finished,3,0,2.0,0.0,3,0
1208267,2025-02-15T12:30:00+00:00,1739622600,39,Premier League,2024,Regular Season - 25,46,Leicester,42,Arsenal,King Power Stadium,"Leicester, Leicestershire",S. Barrott,FT,Match Finished,0,2,0.0,0.0,0,2
1208266,2025-02-15T15:00:00+00:00,1739631600,39,Premier League,2024,Regular Season - 25,36,Fulham,65,Nottingham Forest,Craven Cottage,London,T. Bramall,FT,Match Finished,2,1,1.0,1.0,2,1
1208270,2025-02-15T15:00:00+00:00,1739631600,39,Premier League,2024,Regular Season - 25,41,Southampton,35,Bournemouth,St. Mary's Stadium,"Southampton, Hampshire",J. Gillett,FT,Match Finished,1,3,0.0,2.0,1,3
1208272,2025-02-15T15:00:00+00:00,1739631600,39,Premier League,2024,Regular Season - 25,48,West Ham,55,Brentford,London Stadium,London,D. England,FT,Match Finished,0,1,0.0,1.0,0,1
1208269,2025-02-15T15:00:00+00:00,1739631600,39,Premier League,2024,Regular Season - 25,50,Manchester City,34,Newcastle,Etihad Stadium,Manchester,A. Madley,FT,Match Finished,4,0,3.0,0.0,4,0
1208263,2025-02-15T15:00:00+00:00,1739631600,39,Premier League,2024,Regular Season - 25,66,Aston Villa,57,Ipswich,Villa Park,Birmingham,R. Jones,FT,Match Finished,1,1,0.0,0.0,1,1
1208265,2025-02-15T17:30:00+00:00,1739640600,39,Premier League,2024,Regular Season - 25,52,Crystal Palace,45,Everton,Selhurst Park,London,A. Taylor,FT,Match Finished,1,2,0.0,1.0,1,2
1208268,2025-02-16T14:00:00+00:00,1739714400,39,Premier League,2024,Regular Season - 25,40,Liverpool,39,Wolves,Anfield,Liverpool,S. Hooper,FT,Match Finished,2,1,2.0,0.0,2,1
1208271,2025-02-16T16:30:00+00:00,1739723400,39,Premier League,2024,Regular Season - 25,47,Tottenham,33,Manchester United,Tottenham Hotspur Stadium,London,P. Bankes,FT,Match Finished,1,0,1.0,0.0,1,0
1208305,2025-02-19T19:30:00+00:00,1739993400,39,Premier League,2024,Regular Season - 29,66,Aston Villa,40,Liverpool,Villa Park,Birmingham,C. Pawson,FT,Match Finished,2,2,2.0,1.0,2,2
1208279,2025-02-21T20:00:00+00:00,1740168000,39,Premier League,2024,Regular Season - 26,46,Leicester,55,Brentford,King Power Stadium,"Leicester, Leicestershire",T. Harrington,FT,Match Finished,0,4,0.0,3.0,0,4
1208276,2025-02-22T12:30:00+00:00,1740227400,39,Premier League,2024,Regular Season - 26,45,Everton,33,Manchester United,Goodison Park,Liverpool,A. Madley,FT,Match Finished,2,2,2.0,0.0,2,2
1208273,2025-02-22T15:00:00+00:00,1740236400,39,Premier League,2024,Regular Season - 26,35,Bournemouth,39,Wolves,Vitality Stadium,"Bournemouth, Dorset",M. Salisbury,FT,Match Finished,0,1,0.0,1.0,0,1
1208277,2025-02-22T15:00:00+00:00,1740236400,39,Premier League,2024,Regular Season - 26,36,Fulham,52,Crystal Palace,Craven Cottage,London,R. Jones,FT,Match Finished,0,2,0.0,1.0,0,2
1208282,2025-02-22T15:00:00+00:00,1740236400,39,Premier League,2024,Regular Season - 26,41,Southampton,51,Brighton,St. Mary's Stadium,"Southampton, Hampshire",D. Bond,FT,Match Finished,0,4,0.0,1.0,0,4
1208274,2025-02-22T15:00:00+00:00,1740236400,39,Premier League,2024,Regular Season - 26,42,Arsenal,48,West Ham,Emirates Stadium,London,C. Pawson,FT,Match Finished,0,1,0.0,1.0,0,1
1208278,2025-02-22T15:00:00+00:00,1740236400,39,Premier League,2024,Regular Season - 26,57,Ipswich,47,Tottenham,Portman Road,"Ipswich, Suffolk",T. Robinson,FT,Match Finished,1,4,1.0,2.0,1,4
1208275,2025-02-22T17:30:00+00:00,1740245400,39,Premier League,2024,Regular Season - 26,66,Aston Villa,49,Chelsea,Villa Park,Birmingham,M. Oliver,FT,Match Finished,2,1,0.0,1.0,2,1
1208281,2025-02-23T14:00:00+00:00,1740319200,39,Premier League,2024,Regular Season - 26,34,Newcastle,65,Nottingham Forest,St. James' Park,Newcastle upon Tyne,J. Gillett,FT,Match Finished,4,3,4.0,1.0,4,3
1208280,2025-02-23T16:30:00+00:00,1740328200,39,Premier League,2024,Regular Season - 26,50,Manchester City,40,Liverpool,Etihad Stadium,Manchester,A. Taylor,FT,Match Finished,0,2,0.0,2.0,0,2
1208288,2025-02-25T19:30:00+00:00,1740511800,39,Premier League,2024,Regular Season - 27,39,Wolves,36,Fulham,Molineux Stadium,"Wolverhampton, West Midlands",P. Bankes,FT,Match Finished,1,2,1.0,1.0,1,2
1208284,2025-02-25T19:30:00+00:00,1740511800,39,Premier League,2024,Regular Season - 27,51,Brighton,35,Bournemouth,American Express Stadium,"Falmer, East Sussex",M. Oliver,FT,Match Finished,2,1,1.0,0.0,2,1
1208289,2025-02-25T19:30:00+00:00,1740511800,39,Premier League,2024,Regular Season - 27,52,Crystal Palace,66,Aston Villa,Selhurst Park,London,S. Barrott,FT,Match Finished,4,1,1.0,0.0,4,1
1208290,2025-02-25T20:15:00+00:00,1740514500,39,Premier League,2024,Regular Season - 27,49,Chelsea,41,Southampton,Stamford Bridge,London,T. Bramall,FT,Match Finished,4,0,3.0,0.0,4,0
1208292,2025-02-26T19:30:00+00:00,1740598200,39,Premier League,2024,Regular Season - 27,33,Manchester United,57,Ipswich,Old Trafford,Manchester,D. England,FT,Match Finished,3,2,2.0,2.0,3,2
1208286,2025-02-26T19:30:00+00:00,1740598200,39,Premier League,2024,Regular Season - 27,47,Tottenham,50,Manchester City,Tottenham Hotspur Stadium,London,J. Gillett,FT,Match Finished,0,1,0.0,1.0,0,1
1208283,2025-02-26T19:30:00+00:00,1740598200,39,Premier League,2024,Regular Season - 27,55,Brentford,45,Everton,Gtech Community Stadium,"Brentford, Middlesex",S. Hooper,FT,Match Finished,1,1,1.0,0.0,1,1
1208285,2025-02-26T19:30:00+00:00,1740598200,39,Premier League,2024,Regular Season - 27,65,Nottingham Forest,42,Arsenal,The City Ground,"Nottingham, Nottinghamshire",A. Madley,FT,Match Finished,0,0,0.0,0.0,0,0
1208291,2025-02-26T20:15:00+00:00,1740600900,39,Premier League,2024,Regular Season - 27,40,Liverpool,34,Newcastle,Anfield,Liverpool,S. Attwell,FT,Match Finished,2,0,1.0,0.0,2,0
1208287,2025-02-27T20:00:00+00:00,1740686400,39,Premier League,2024,Regular Season - 27,48,West Ham,46,Leicester,London Stadium,London,A. Taylor,FT,Match Finished,2,0,2.0,0.0,2,0
1208299,2025-03-08T12:30:00+00:00,1741437000,39,Premier League,2024,Regular Season - 28,65,Nottingham Forest,50,Manchester City,The City Ground,"Nottingham, Nottinghamshire",C. Kavanagh,FT,Match Finished,1,0,0.0,0.0,1,0
1208297,2025-03-08T15:00:00+00:00,1741446000,39,Premier League,2024,Regular Season - 28,40,Liverpool,41,Southampton,Anfield,Liverpool,L. Smith,FT,Match Finished,3,1,0.0,1.0,3,1
1208294,2025-03-08T15:00:00+00:00,1741446000,39,Premier League,2024,Regular Season - 28,51,Brighton,36,Fulham,American Express Stadium,"Falmer, East Sussex",S. Barrott,FT,Match Finished,2,1,1.0,1.0,2,1
1208296,2025-03-08T15:00:00+00:00,1741446000,39,Premier League,2024,Regular Season - 28,52,Crystal Palace,57,Ipswich,Selhurst Park,London,S. Hooper,FT,Match Finished,1,0,0.0,0.0,1,0
1208293,2025-03-08T17:30:00+00:00,1741455000,39,Premier League,2024,Regular Season - 28,55,Brentford,66,Aston Villa,Gtech Community Stadium,"Brentford, Middlesex",J. Gillett,FT,Match Finished,0,1,0.0,0.0,0,1
1208302,2025-03-08T20:00:00+00:00,1741464000,39,Premier League,2024,Regular Season - 28,39,Wolves,45,Everton,Molineux Stadium,"Wolverhampton, West Midlands",S. Attwell,FT,Match Finished,1,1,1.0,1.0,1,1
1208300,2025-03-09T14:00:00+00:00,1741528800,39,Premier League,2024,Regular Season - 28,47,Tottenham,35,Bournemouth,Tottenham Hotspur Stadium,London,J. Brooks,FT,Match Finished,2,2,0.0,1.0,2,2
1208295,2025-03-09T14:00:00+00:00,1741528800,39,Premier League,2024,Regular Season - 28,49,Chelsea,46,Leicester,Stamford Bridge,London,T. Robinson,FT,Match Finished,1,0,0.0,0.0,1,0
1208298,2025-03-09T16:30:00+00:00,1741537800,39,Premier League,2024,Regular Season - 28,33,Manchester United,42,Arsenal,Old Trafford,Manchester,A. Taylor,FT,Match Finished,1,1,1.0,0.0,1,1
1208301,2025-03-10T20:00:00+00:00,1741636800,39,Premier League,2024,Regular Season - 28,48,West Ham,34,Newcastle,London Stadium,London,M. Salisbury,FT,Match Finished,0,1,0.0,0.0,0,1
1208312,2025-03-15T15:00:00+00:00,1742050800,39,Premier League,2024,Regular Season - 29,41,Southampton,39,Wolves,St. Mary's Stadium,"Southampton, Hampshire",R. Jones,FT,Match Finished,1,2,0.0,1.0,1,2
1208306,2025-03-15T15:00:00+00:00,1742050800,39,Premier League,2024,Regular Season - 29,45,Everton,48,West Ham,Goodison Park,Liverpool,D. Bond,FT,Match Finished,1,1,0.0,0.0,1,1
1208310,2025-03-15T15:00:00+00:00,1742050800,39,Premier League,2024,Regular Season - 29,50,Manchester City,51,Brighton,Etihad Stadium,Manchester,S. Hooper,FT,Match Finished,2,2,2.0,1.0,2,2
1208308,2025-03-15T15:00:00+00:00,1742050800,39,Premier League,2024,Regular Season - 29,57,Ipswich,65,Nottingham Forest,Portman Road,"Ipswich, Suffolk",M. Salisbury,FT,Match Finished,2,4,0.0,3.0,2,4
1208303,2025-03-15T17:30:00+00:00,1742059800,39,Premier League,2024,Regular Season - 29,35,Bournemouth,55,Brentford,Vitality Stadium,"Bournemouth, Dorset",C. Pawson,FT,Match Finished,1,2,1.0,1.0,1,2
1208307,2025-03-16T13:30:00+00:00,1742131800,39,Premier League,2024,Regular Season - 29,36,Fulham,47,Tottenham,Craven Cottage,London,A. Madley,FT,Match Finished,2,0,0.0,0.0,2,0
1208304,2025-03-16T13:30:00+00:00,1742131800,39,Premier League,2024,Regular Season - 29,42,Arsenal,49,Chelsea,Emirates Stadium,London,C. Kavanagh,FT,Match Finished,1,0,1.0,0.0,1,0
1208309,2025-03-16T19:00:00+00:00,1742151600,39,Premier League,2024,Regular Season - 29,46,Leicester,33,Manchester United,King Power Stadium,"Leicester, Leicestershire",T. Bramall,FT,Match Finished,0,3,0.0,1.0,0,3
1208317,2025-04-01T18:45:00+00:00,1743533100,39,Premier League,2024,Regular Season - 30,39,Wolves,48,West Ham,Molineux Stadium,"Wolverhampton, West Midlands",T. Harrington,FT,Match Finished,1,0,1.0,0.0,1,0
1208314,2025-04-01T18:45:00+00:00,1743533100,39,Premier League,2024,Regular Season - 30,42,Arsenal,36,Fulham,Emirates Stadium,London,J. Brooks,FT,Match Finished,2,1,1.0,0.0,2,1
1208316,2025-04-01T19:00:00+00:00,1743534000,39,Premier League,2024,Regular Season - 30,65,Nottingham Forest,33,Manchester United,The City Ground,"Nottingham, Nottinghamshire",J. Gillett,FT,Match Finished,1,0,1.0,0.0,1,0
1208320,2025-04-02T18:45:00+00:00,1743619500,39,Premier League,2024,Regular Season - 30,34,Newcastle,55,Brentford,St. James' Park,Newcastle upon Tyne,P. Bankes,FT,Match Finished,2,1,1.0,0.0,2,1
1208313,2025-04-02T18:45:00+00:00,1743619500,39,Premier League,2024,Regular Season - 30,35,Bournemouth,57,Ipswich,Vitality Stadium,"Bournemouth, Dorset",R. Jones,FT,Match Finished,1,2,0.0,1.0,1,2
1208321,2025-04-02T18:45:00+00:00,1743619500,39,Premier League,2024,Regular Season - 30,41,Southampton,52,Crystal Palace,St. Mary's Stadium,"Southampton, Hampshire",A. Madley,FT,Match Finished,1,1,1.0,0.0,1,1
1208319,2025-04-02T18:45:00+00:00,1743619500,39,Premier League,2024,Regular Season - 30,50,Manchester City,46,Leicester,Etihad Stadium,Manchester,D. England,FT,Match Finished,2,0,2.0,0.0,2,0
1208315,2025-04-02T18:45:00+00:00,1743619500,39,Premier League,2024,Regular Season - 30,51,Brighton,66,Aston Villa,American Express Stadium,"Falmer, East Sussex",S. Attwell,FT,Match Finished,0,3,0.0,0.0,0,3
1208322,2025-04-02T19:00:00+00:00,1743620400,39,Premier League,2024,Regular Season - 30,40,Liverpool,45,Everton,Anfield,Liverpool,S. Barrott,FT,Match Finished,1,0,0.0,0.0,1,0
1208318,2025-04-03T19:00:00+00:00,1743706800,39,Premier League,2024,Regular Season - 30,49,Chelsea,47,Tottenham,Stamford Bridge,London,C. Pawson,FT,Match Finished,1,0,0.0,0.0,1,0
1208326,2025-04-05T11:30:00+00:00,1743852600,39,Premier League,2024,Regular Season - 31,45,Everton,42,Arsenal,Goodison Park,Liverpool,D. England,FT,Match Finished,1,1,0.0,1.0,1,1
1208332,2025-04-05T14:00:00+00:00,1743861600,39,Premier League,2024,Regular Season - 31,48,West Ham,35,Bournemouth,London Stadium,London,T. Robinson,FT,Match Finished,2,2,0.0,1.0,2,2
1208325,2025-04-05T14:00:00+00:00,1743861600,39,Premier League,2024,Regular Season - 31,52,Crystal Palace,51,Brighton,Selhurst Park,London,A. Taylor,FT,Match Finished,2,1,1.0,1.0,2,1
1208328,2025-04-05T14:00:00+00:00,1743861600,39,Premier League,2024,Regular Season - 31,57,Ipswich,39,Wolves,Portman Road,"Ipswich, Suffolk",P. Bankes,FT,Match Finished,1,2,1.0,0.0,1,2
1208323,2025-04-05T16:30:00+00:00,1743870600,39,Premier League,2024,Regular Season - 31,66,Aston Villa,65,Nottingham Forest,Villa Park,Birmingham,S. Hooper,FT,Match Finished,2,1,2.0,0.0,2,1
1208327,2025-04-06T13:00:00+00:00,1743944400,39,Premier League,2024,Regular Season - 31,36,Fulham,40,Liverpool,Craven Cottage,London,C. Kavanagh,FT,Match Finished,3,2,3.0,1.0,3,2
1208331,2025-04-06T13:00:00+00:00,1743944400,39,Premier League,2024,Regular Season - 31,47,Tottenham,41,Southampton,Tottenham Hotspur Stadium,London,M. Salisbury,FT,Match Finished,3,1,2.0,0.0,3,1
1208324,2025-04-06T13:00:00+00:00,1743944400,39,Premier League,2024,Regular Season - 31,55,Brentford,49,Chelsea,Gtech Community Stadium,"Brentford, Middlesex",M. Oliver,FT,Match Finished,0,0,0.0,0.0,0,0
1208330,2025-04-06T15:30:00+00:00,1743953400,39,Premier League,2024,Regular Season - 31,33,Manchester United,50,Manchester City,Old Trafford,Manchester,J. Brooks,FT,Match Finished,0,0,0.0,0.0,0,0
1208329,2025-04-07T19:00:00+00:00,1744052400,39,Premier League,2024,Regular Season - 31,46,Leicester,34,Newcastle,King Power Stadium,"Leicester, Leicestershire",R. Jones,FT,Match Finished,0,3,0.0,3.0,0,3
1208338,2025-04-12T11:30:00+00:00,1744457400,39,Premier League,2024,Regular Season - 32,50,Manchester City,52,Crystal Palace,Etihad Stadium,Manchester,J. Gillett,FT,Match Finished,5,2,2.0,2.0,5,2
1208341,2025-04-12T14:00:00+00:00,1744466400,39,Premier League,2024,Regular Season - 32,41,Southampton,66,Aston Villa,St. Mary's Stadium,"Southampton, Hampshire",T. Bramall,FT,Match Finished,0,3,0.0,0.0,0,3
1208335,2025-04-12T14:00:00+00:00,1744466400,39,Premier League,2024,Regular Season - 32,51,Brighton,46,Leicester,American Express Stadium,"Falmer, East Sussex",D. Bond,FT,Match Finished,2,2,1.0,1.0,2,2
1208340,2025-04-12T14:00:00+00:00,1744466400,39,Premier League,2024,Regular Season - 32,65,Nottingham Forest,45,Everton,The City Ground,"Nottingham, Nottinghamshire",C. Pawson,FT,Match Finished,0,1,0.0,0.0,0,1
1208334,2025-04-12T16:30:00+00:00,1744475400,39,Premier League,2024,Regular Season - 32,42,Arsenal,55,Brentford,Emirates Stadium,London,S. Hooper,FT,Match Finished,1,1,0.0,0.0,1,1
1208342,2025-04-13T13:00:00+00:00,1744549200,39,Premier League,2024,Regular Season - 32,39,Wolves,47,Tottenham,Molineux Stadium,"Wolverhampton, West Midlands",A. Taylor,FT,Match Finished,4,2,2.0,0.0,4,2
1208337,2025-04-13T13:00:00+00:00,1744549200,39,Premier League,2024,Regular Season - 32,40,Liverpool,48,West Ham,Anfield,Liverpool,A. Madley,FT,Match Finished,2,1,1.0,0.0,2,1
1208336,2025-04-13T13:00:00+00:00,1744549200,39,Premier League,2024,Regular Season - 32,49,Chelsea,57,Ipswich,Stamford Bridge,London,S. Attwell,FT,Match Finished,2,2,0.0,2.0,2,2
1208339,2025-04-13T15:30:00+00:00,1744558200,39,Premier League,2024,Regular Season - 32,34,Newcastle,33,Manchester United,St. James' Park,Newcastle upon Tyne,C. Kavanagh,FT,Match Finished,4,1,1.0,1.0,4,1
1208333,2025-04-14T19:00:00+00:00,1744657200,39,Premier League,2024,Regular Season - 32,35,Bournemouth,36,Fulham,Vitality Stadium,"Bournemouth, Dorset",M. Oliver,FT,Match Finished,1,0,1.0,0.0,1,0
1208311,2025-04-16T18:30:00+00:00,1744828200,39,Premier League,2024,Regular Season - 29,34,Newcastle,52,Crystal Palace,St. James' Park,Newcastle upon Tyne,D. England,FT,Match Finished,5,0,4.0,0.0,5,0
1208346,2025-04-19T14:00:00+00:00,1745071200,39,Premier League,2024,Regular Season - 33,45,Everton,50,Manchester City,Goodison Park,Liverpool,S. Hooper,FT,Match Finished,0,2,0.0,0.0,0,2
1208352,2025-04-19T14:00:00+00:00,1745071200,39,Premier League,2024,Regular Season - 33,48,West Ham,41,Southampton,London Stadium,London,A. Kitchen,FT,Match Finished,1,1,0.0,0.0,1,1
1208345,2025-04-19T14:00:00+00:00,1745071200,39,Premier League,2024,Regular Season - 33,52,Crystal Palace,35,Bournemouth,Selhurst Park,London,S. Barrott,FT,Match Finished,0,0,0.0,0.0,0,0
1208344,2025-04-19T14:00:00+00:00,1745071200,39,Premier League,2024,Regular Season - 33,55,Brentford,51,Brighton,Gtech Community Stadium,"Brentford, Middlesex",T. Robinson,FT,Match Finished,4,2,1.0,1.0,4,2
1208343,2025-04-19T16:30:00+00:00,1745080200,39,Premier League,2024,Regular Season - 33,66,Aston Villa,34,Newcastle,Villa Park,Birmingham,J. Gillett,FT,Match Finished,4,1,1.0,1.0,4,1
1208350,2025-04-20T13:00:00+00:00,1745154000,39,Premier League,2024,Regular Season - 33,33,Manchester United,39,Wolves,Old Trafford,Manchester,R. Jones,FT,Match Finished,0,1,0.0,0.0,0,1
1208347,2025-04-20T13:00:00+00:00,1745154000,39,Premier League,2024,Regular Season - 33,36,Fulham,49,Chelsea,Craven Cottage,London,A. Taylor,FT,Match Finished,1,2,1.0,0.0,1,2
1208348,2025-04-20T13:00:00+00:00,1745154000,39,Premier League,2024,Regular Season - 33,57,Ipswich,42,Arsenal,Portman Road,"Ipswich, Suffolk",C. Kavanagh,FT,Match Finished,0,4,0.0,2.0,0,4
1208349,2025-04-20T15:30:00+00:00,1745163000,39,Premier League,2024,Regular Season - 33,46,Leicester,40,Liverpool,King Power Stadium,"Leicester, Leicestershire",S. Attwell,FT,Match Finished,0,1,0.0,0.0,0,1
1208351,2025-04-21T19:00:00+00:00,1745262000,39,Premier League,2024,Regular Season - 33,47,Tottenham,65,Nottingham Forest,Tottenham Hotspur Stadium,London,P. Bankes,FT,Match Finished,1,2,0.0,2.0,1,2
1208358,2025-04-22T19:00:00+00:00,1745348400,39,Premier League,2024,Regular Season - 34,50,Manchester City,66,Aston Villa,Etihad Stadium,Manchester,C. Pawson,FT,Match Finished,2,1,1.0,1.0,2,1
1208354,2025-04-23T19:00:00+00:00,1745434800,39,Premier League,2024,Regular Season - 34,42,Arsenal,52,Crystal Palace,Emirates Stadium,London,M. Salisbury,FT,Match Finished,2,2,2.0,1.0,2,2
1208356,2025-04-26T11:30:00+00:00,1745667000,39,Premier League,2024,Regular Season - 34,49,Chelsea,45,Everton,Stamford Bridge,London,C. Kavanagh,FT,Match Finished,1,0,1.0,0.0,1,0
1208359,2025-04-26T14:00:00+00:00,1745676000,39,Premier League,2024,Regular Season - 34,34,Newcastle,57,Ipswich,St. James' Park,Newcastle upon Tyne,M. Salisbury,FT,Match Finished,3,0,1.0,0.0,3,0
1208362,2025-04-26T14:00:00+00:00,1745676000,39,Premier League,2024,Regular Season - 34,39,Wolves,46,Leicester,Molineux Stadium,"Wolverhampton, West Midlands",S. Barrott,FT,Match Finished,3,0,1.0,0.0,3,0
1208361,2025-04-26T14:00:00+00:00,1745676000,39,Premier League,2024,Regular Season - 34,41,Southampton,36,Fulham,St. Mary's Stadium,"Southampton, Hampshire",T. Harrington,FT,Match Finished,1,2,1.0,0.0,1,2
1208355,2025-04-26T14:00:00+00:00,1745676000,39,Premier League,2024,Regular Season - 34,51,Brighton,48,West Ham,American Express Stadium,"Falmer, East Sussex",D. England,FT,Match Finished,3,2,1.0,0.0,3,2
1208353,2025-04-27T13:00:00+00:00,1745758800,39,Premier League,2024,Regular Season - 34,35,Bournemouth,33,Manchester United,Vitality Stadium,"Bournemouth, Dorset",P. Bankes,FT,Match Finished,1,1,1.0,0.0,1,1
1208357,2025-04-27T15:30:00+00:00,1745767800,39,Premier League,2024,Regular Season - 34,40,Liverpool,47,Tottenham,Anfield,Liverpool,T. Bramall,FT,Match Finished,5,1,3.0,1.0,5,1
1208360,2025-05-01T18:30:00+00:00,1746124200,39,Premier League,2024,Regular Season - 34,65,Nottingham Forest,55,Brentford,The City Ground,"Nottingham, Nottinghamshire",D. England,FT,Match Finished,0,2,0.0,1.0,0,2
1208371,2025-05-02T19:00:00+00:00,1746212400,39,Premier League,2024,Regular Season - 35,50,Manchester City,39,Wolves,Etihad Stadium,Manchester,P. Bankes,FT,Match Finished,1,0,1.0,0.0,1,0
1208364,2025-05-03T11:30:00+00:00,1746271800,39,Premier League,2024,Regular Season - 35,66,Aston Villa,36,Fulham,Villa Park,Birmingham,R. Jones,FT,Match Finished,1,0,1.0,0.0,1,0
1208369,2025-05-03T14:00:00+00:00,1746280800,39,Premier League,2024,Regular Season - 35,45,Everton,57,Ipswich,Goodison Park,Liverpool,L. Smith,FT,Match Finished,2,2,2.0,1.0,2,2
1208370,2025-05-03T14:00:00+00:00,1746280800,39,Premier League,2024,Regular Season - 35,46,Leicester,41,Southampton,King Power Stadium,"Leicester, Leicestershire",D. Webb,FT,Match Finished,2,0,2.0,0.0,2,0
1208363,2025-05-03T16:30:00+00:00,1746289800,39,Premier League,2024,Regular Season - 35,42,Arsenal,35,Bournemouth,Emirates Stadium,London,J. Gillett,FT,Match Finished,1,2,1.0,0.0,1,2
1208372,2025-05-04T13:00:00+00:00,1746363600,39,Premier League,2024,Regular Season - 35,48,West Ham,47,Tottenham,London Stadium,London,M. Oliver,FT,Match Finished,1,1,1.0,1.0,1,1
1208366,2025-05-04T13:00:00+00:00,1746363600,39,Premier League,2024,Regular Season - 35,51,Brighton,34,Newcastle,American Express Stadium,"Falmer, East Sussex",C. Pawson,FT,Match Finished,1,1,1.0,0.0,1,1
1208365,2025-05-04T13:00:00+00:00,1746363600,39,Premier League,2024,Regular Season - 35,55,Brentford,33,Manchester United,Gtech Community Stadium,"Brentford, Middlesex",A. Taylor,FT,Match Finished,4,3,2.0,1.0,4,3
1208367,2025-05-04T15:30:00+00:00,1746372600,39,Premier League,2024,Regular Season - 35,49,Chelsea,40,Liverpool,Stamford Bridge,London,S. Hooper,FT,Match Finished,3,1,1.0,0.0,3,1
1208368,2025-05-05T19:00:00+00:00,1746471600,39,Premier League,2024,Regular Season - 35,52,Crystal Palace,65,Nottingham Forest,Selhurst Park,London,A. Madley,FT,Match Finished,1,1,0.0,0.0,1,1
1208374,2025-05-10T14:00:00+00:00,1746885600,39,Premier League,2024,Regular Season - 36,36,Fulham,45,Everton,Craven Cottage,London,D. England,FT,Match Finished,1,3,1.0,1.0,1,3
1208382,2025-05-10T14:00:00+00:00,1746885600,39,Premier League,2024,Regular Season - 36,39,Wolves,51,Brighton,Molineux Stadium,"Wolverhampton, West Midlands",M. Oliver,FT,Match Finished,0,2,0.0,1.0,0,2
1208380,2025-05-10T14:00:00+00:00,1746885600,39,Premier League,2024,Regular Season - 36,41,Southampton,50,Manchester City,St. Mary's Stadium,"Southampton, Hampshire",T. Robinson,FT,Match Finished,0,0,0.0,0.0,0,0
1208375,2025-05-10T14:00:00+00:00,1746885600,39,Premier League,2024,Regular Season - 36,57,Ipswich,55,Brentford,Portman Road,"Ipswich, Suffolk",S. Barrott,FT,Match Finished,0,1,0.0,1.0,0,1
1208373,2025-05-10T16:30:00+00:00,1746894600,39,Premier League,2024,Regular Season - 36,35,Bournemouth,66,Aston Villa,Vitality Stadium,"Bournemouth, Dorset",S. Attwell,FT,Match Finished,0,1,0.0,1.0,0,1
1208378,2025-05-11T11:00:00+00:00,1746961200,39,Premier League,2024,Regular Season - 36,34,Newcastle,49,Chelsea,St. James' Park,Newcastle upon Tyne,J. Brooks,FT,Match Finished,2,0,1.0,0.0,2,0
1208377,2025-05-11T13:15:00+00:00,1746969300,39,Premier League,2024,Regular Season - 36,33,Manchester United,48,West Ham,Old Trafford,Manchester,J. Gillett,FT,Match Finished,0,2,0.0,1.0,0,2
1208381,2025-05-11T13:15:00+00:00,1746969300,39,Premier League,2024,Regular Season - 36,47,Tottenham,52,Crystal Palace,Tottenham Hotspur Stadium,London,C. Kavanagh,FT,Match Finished,0,2,0.0,1.0,0,2
1208379,2025-05-11T13:15:00+00:00,1746969300,39,Premier League,2024,Regular Season - 36,65,Nottingham Forest,46,Leicester,The City Ground,"Nottingham, Nottinghamshire",T. Harrington,FT,Match Finished,2,2,1.0,1.0,2,2
1208376,2025-05-11T15:30:00+00:00,1746977400,39,Premier League,2024,Regular Season - 36,40,Liverpool,42,Arsenal,Anfield,Liverpool,A. Taylor,FT,Match Finished,2,2,2.0,0.0,2,2
1208384,2025-05-16T18:30:00+00:00,1747420200,39,Premier League,2024,Regular Season - 37,66,Aston Villa,47,Tottenham,Villa Park,Birmingham,P. Bankes,FT,Match Finished,2,0,0.0,0.0,2,0
1208387,2025-05-16T19:15:00+00:00,1747422900,39,Premier League,2024,Regular Season - 37,49,Chelsea,33,Manchester United,Stamford Bridge,London,C. Kavanagh,FT,Match Finished,1,0,0.0,0.0,1,0
1208389,2025-05-18T11:00:00+00:00,1747566000,39,Premier League,2024,Regular Season - 37,45,Everton,41,Southampton,Goodison Park,Liverpool,M. Oliver,FT,Match Finished,2,0,2.0,0.0,2,0
1208392,2025-05-18T13:15:00+00:00,1747574100,39,Premier League,2024,Regular Season - 37,48,West Ham,65,Nottingham Forest,London Stadium,London,S. Barrott,FT,Match Finished,1,2,0.0,1.0,1,2
1208390,2025-05-18T14:00:00+00:00,1747576800,39,Premier League,2024,Regular Season - 37,46,Leicester,57,Ipswich,King Power Stadium,"Leicester, Leicestershire",A. Kitchen,FT,Match Finished,2,0,1.0,0.0,2,0
1208385,2025-05-18T14:00:00+00:00,1747576800,39,Premier League,2024,Regular Season - 37,55,Brentford,36,Fulham,Gtech Community Stadium,"Brentford, Middlesex",J. Gillett,FT,Match Finished,2,3,2.0,1.0,2,3
1208383,2025-05-18T15:30:00+00:00,1747582200,39,Premier League,2024,Regular Season - 37,42,Arsenal,34,Newcastle,Emirates Stadium,London,S. Hooper,FT,Match Finished,1,0,0.0,0.0,1,0
1208386,2025-05-19T19:00:00+00:00,1747681200,39,Premier League,2024,Regular Season - 37,51,Brighton,40,Liverpool,American Express Stadium,"Falmer, East Sussex",A. Madley,FT,Match Finished,3,2,1.0,2.0,3,2
1208391,2025-05-20T19:00:00+00:00,1747767600,39,Premier League,2024,Regular Season - 37,50,Manchester City,35,Bournemouth,Etihad Stadium,Manchester,T. Bramall,FT,Match Finished,3,1,2.0,0.0,3,1
1208388,2025-05-20T19:00:00+00:00,1747767600,39,Premier League,2024,Regular Season - 37,52,Crystal Palace,39,Wolves,Selhurst Park,London,D. Webb,FT,Match Finished,4,2,2.0,1.0,4,2
1208397,2025-05-25T15:00:00+00:00,1748185200,39,Premier League,2024,Regular Season - 38,33,Manchester United,66,Aston Villa,Old Trafford,Manchester,T. Bramall,FT,Match Finished,2,0,0.0,0.0,2,0
1208398,2025-05-25T15:00:00+00:00,1748185200,39,Premier League,2024,Regular Season - 38,34,Newcastle,45,Everton,St. James' Park,Newcastle upon Tyne,T. Harrington,FT,Match Finished,0,1,0.0,0.0,0,1
1208393,2025-05-25T15:00:00+00:00,1748185200,39,Premier League,2024,Regular Season - 38,35,Bournemouth,46,Leicester,Vitality Stadium,"Bournemouth, Dorset",L. Smith,FT,Match Finished,2,0,0.0,0.0,2,0
1208394,2025-05-25T15:00:00+00:00,1748185200,39,Premier League,2024,Regular Season - 38,36,Fulham,50,Manchester City,Craven Cottage,London,A. Madley,FT,Match Finished,0,2,0.0,1.0,0,2
1208402,2025-05-25T15:00:00+00:00,1748185200,39,Premier League,2024,Regular Season - 38,39,Wolves,55,Brentford,Molineux Stadium,"Wolverhampton, West Midlands",C. Pawson,FT,Match Finished,1,1,0.0,1.0,1,1
1208396,2025-05-25T15:00:00+00:00,1748185200,39,Premier League,2024,Regular Season - 38,40,Liverpool,52,Crystal Palace,Anfield,Liverpool,D. England,FT,Match Finished,1,1,0.0,1.0,1,1
1208400,2025-05-25T15:00:00+00:00,1748185200,39,Premier League,2024,Regular Season - 38,41,Southampton,42,Arsenal,St. Mary's Stadium,"Southampton, Hampshire",D. Bond,FT,Match Finished,1,2,0.0,1.0,1,2
1208401,2025-05-25T15:00:00+00:00,1748185200,39,Premier League,2024,Regular Season - 38,47,Tottenham,51,Brighton,Tottenham Hotspur Stadium,London,R. Jones,FT,Match Finished,1,4,1.0,0.0,1,4
1208395,2025-05-25T15:00:00+00:00,1748185200,39,Premier League,2024,Regular Season - 38,57,Ipswich,48,West Ham,Portman Road,"Ipswich, Suffolk",T. Robinson,FT,Match Finished,1,3,0.0,1.0,1,3
1208399,2025-05-25T15:00:00+00:00,1748185200,39,Premier League,2024,Regular Season - 38,65,Nottingham Forest,49,Chelsea,The City Ground,"Nottingham, Nottinghamshire",A. Taylor,FT,Match Finished,0,1,0.0,0.0,0,1
1208494,2024-08-15T17:00:00+00:00,1723741200,140,La Liga,2024,Regular Season - 1,531,Athletic Club,546,Getafe,San Mamés Barria,Bilbao,Alejandro Muñiz,FT,Match Finished,1,1,1.0,0.0,1,1
1208495,2024-08-15T19:30:00+00:00,1723750200,140,La Liga,2024,Regular Season - 1,543,Real Betis,547,Girona,Estadio Benito Villamarín,Sevilla,Miguel Ortiz,FT,Match Finished,1,1,1.0,0.0,1,1
1208501,2024-08-16T17:00:00+00:00,1723827600,140,La Liga,2024,Regular Season - 1,538,Celta Vigo,542,Alaves,Estadio Abanca-Balaídos,Vigo,Alejandro Quintero,FT,Match Finished,2,1,0.0,1.0,2,1
1208497,2024-08-16T19:30:00+00:00,1723836600,140,La Liga,2024,Regular Season - 1,534,Las Palmas,536,Sevilla,Estadio de Gran Canaria,Las Palmas de Gran Canaria,Francisco Hernández,FT,Match Finished,2,2,1.0,1.0,2,2
1208502,2024-08-17T17:00:00+00:00,1723914000,140,La Liga,2024,Regular Season - 1,727,Osasuna,537,Leganes,Estadio El Sadar,Iruñea,Juan Pulido,FT,Match Finished,1,1,0.0,1.0,1,1
1208499,2024-08-17T19:30:00+00:00,1723923000,140,La Liga,2024,Regular Season - 1,532,Valencia,529,Barcelona,Estadio de Mestalla,Valencia,José Sánchez,FT,Match Finished,1,2,1.0,1.0,1,2
1208500,2024-08-18T17:00:00+00:00,1724000400,140,La Liga,2024,Regular Season - 1,548,Real Sociedad,728,Rayo Vallecano,Reale Arena,Donostia-San Sebastián,Alejandro Hernández,FT,Match Finished,1,2,0.0,0.0,1,2
1208496,2024-08-18T19:30:00+00:00,1724009400,140,La Liga,2024,Regular Season - 1,798,Mallorca,541,Real Madrid,Estadi Mallorca Son Moix,Palma de Mallorca,César Soto,FT,Match Finished,1,1,0.0,1.0,1,1
1212910,2024-08-19T17:00:00+00:00,1724086800,140,La Liga,2024,Regular Season - 1,720,Valladolid,540,Espanyol,Estadio Municipal José Zorrilla,Valladolid,Pablo González,FT,Match Finished,1,0,1.0,0.0,1,0
1208498,2024-08-19T19:30:00+00:00,1724095800,140,La Liga,2024,Regular Season - 1,533,Villarreal,530,Atletico Madrid,Estadio de la Cerámica,Villarreal,Guillermo Cuadra,FT,Match Finished,2,2,2.0,2.0,2,2
1208504,2024-08-23T17:00:00+00:00,1724432400,140,La Liga,2024,Regular Season - 2,538,Celta Vigo,532,Valencia,Estadio Abanca-Balaídos,Vigo,José Munuera,FT,Match Finished,3,1,2.0,1.0,3,1
1208507,2024-08-23T19:30:00+00:00,1724441400,140,La Liga,2024,Regular Season - 2,536,Sevilla,533,Villarreal,Estadio Ramón Sánchez Pizjuán,Sevilla,Isidro Díaz de Mera,FT,Match Finished,1,2,1.0,1.0,1,2
1208511,2024-08-24T15:00:00+00:00,1724511600,140,La Liga,2024,Regular Season - 2,727,Osasuna,798,Mallorca,Estadio El Sadar,Iruñea,Adrián Cordero,FT,Match Finished,1,0,0.0,0.0,1,0
1208510,2024-08-24T17:00:00+00:00,1724518800,140,La Liga,2024,Regular Season - 2,529,Barcelona,531,Athletic Club,Estadi Olímpic Lluís Companys,Barcelona,Gil Manzano,FT,Match Finished,2,1,1.0,1.0,2,1
1212911,2024-08-24T19:30:00+00:00,1724527800,140,La Liga,2024,Regular Season - 2,540,Espanyol,548,Real Sociedad,RCDE Stadium,Cornella de Llobregat,Mario Melero,FT,Match Finished,0,1,0.0,0.0,0,1
1208505,2024-08-24T19:30:00+00:00,1724527800,140,La Liga,2024,Regular Season - 2,546,Getafe,728,Rayo Vallecano,Estadio Coliseum,Getafe,Javier Alberola,FT,Match Finished,0,0,0.0,0.0,0,0
1208506,2024-08-25T15:00:00+00:00,1724598000,140,La Liga,2024,Regular Season - 2,541,Real Madrid,720,Valladolid,Estadio Santiago Bernabéu,Madrid,Víctor García,FT,Match Finished,3,0,0.0,0.0,3,0
1208509,2024-08-25T17:00:00+00:00,1724605200,140,La Liga,2024,Regular Season - 2,537,Leganes,534,Las Palmas,Estadio Municipal de Butarque,Leganés,Ricardo De Burgos,FT,Match Finished,2,1,0.0,0.0,2,1
1208508,2024-08-25T17:15:00+00:00,1724606100,140,La Liga,2024,Regular Season - 2,542,Alaves,543,Real Betis,Estadio de Mendizorroza,Vitoria-Gasteiz,Mateo Busquets,FT,Match Finished,0,0,0.0,0.0,0,0
1208503,2024-08-25T19:30:00+00:00,1724614200,140,La Liga,2024,Regular Season - 2,530,Atletico Madrid,547,Girona,Riyadh Air Metropolitano,Madrid,Juan Martínez,FT,Match Finished,3,0,1.0,0.0,3,0
1208518,2024-08-26T19:30:00+00:00,1724700600,140,La Liga,2024,Regular Season - 3,533,Villarreal,538,Celta Vigo,Estadio de la Cerámica,Villarreal,Miguel Ortiz,FT,Match Finished,4,3,1.0,2.0,4,3
1208515,2024-08-27T17:00:00+00:00,1724778000,140,La Liga,2024,Regular Season - 3,798,Mallorca,536,Sevilla,Estadi Mallorca Son Moix,Palma de Mallorca,Alejandro Muñiz,FT,Match Finished,0,0,0.0,0.0,0,0
1208517,2024-08-27T19:30:00+00:00,1724787000,140,La Liga,2024,Regular Season - 3,728,Rayo Vallecano,529,Barcelona,Estadio de Vallecas,Madrid,César Soto,FT,Match Finished,1,2,1.0,0.0,1,2
1208512,2024-08-28T17:00:00+00:00,1724864400,140,La Liga,2024,Regular Season - 3,531,Athletic Club,532,Valencia,San Mamés Barria,Bilbao,Pablo González,FT,Match Finished,1,0,1.0,0.0,1,0
1208520,2024-08-28T17:00:00+00:00,1724864400,140,La Liga,2024,Regular Season - 3,720,Valladolid,537,Leganes,Estadio Municipal José Zorrilla,Valladolid,Alejandro Quintero,FT,Match Finished,0,0,0.0,0.0,0,0
1212912,2024-08-28T19:30:00+00:00,1724873400,140,La Liga,2024,Regular Season - 3,530,Atletico Madrid,540,Espanyol,Riyadh Air Metropolitano,Madrid,Ricardo De Burgos,FT,Match Finished,0,0,0.0,0.0,0,0
1208519,2024-08-28T19:30:00+00:00,1724873400,140,La Liga,2024,Regular Season - 3,548,Real Sociedad,542,Alaves,Reale Arena,Donostia-San Sebastián,José Sánchez,FT,Match Finished,1,2,1.0,1.0,1,2
1208514,2024-08-29T17:00:00+00:00,1724950800,140,La Liga,2024,Regular Season - 3,547,Girona,727,Osasuna,Estadi Municipal de Montilivi,Girona,Francisco Hernández,FT,Match Finished,4,0,1.0,0.0,4,0
1208516,2024-08-29T19:30:00+00:00,1724959800,140,La Liga,2024,Regular Season - 3,534,Las Palmas,541,Real Madrid,Estadio de Gran Canaria,Las Palmas de Gran Canaria,Mateo Busquets,FT,Match Finished,1,1,1.0,0.0,1,1
1208522,2024-08-31T15:00:00+00:00,1725116400,140,La Liga,2024,Regular Season - 4,529,Barcelona,720,Valladolid,Estadi Olímpic Lluís Companys,Barcelona,Isidro Díaz de Mera,FT,Match Finished,7,0,3.0,0.0,7,0
1208521,2024-08-31T17:00:00+00:00,1725123600,140,La Liga,2024,Regular Season - 4,531,Athletic Club,530,Atletico Madrid,San Mamés Barria,Bilbao,Alejandro Hernández,FT,Match Finished,0,1,0.0,0.0,0,1
1212913,2024-08-31T17:15:00+00:00,1725124500,140,La Liga,2024,Regular Season - 4,540,Espanyol,728,Rayo Vallecano,RCDE Stadium,Cornella de Llobregat,Adrián Cordero,FT,Match Finished,2,1,1.0,1.0,2,1
1208524,2024-08-31T19:30:00+00:00,1725132600,140,La Liga,2024,Regular Season - 4,532,Valencia,533,Villarreal,Estadio de Mestalla,Valencia,Gil Manzano,FT,Match Finished,1,1,1.0,1.0,1,1
1208526,2024-08-31T19:30:00+00:00,1725132600,140,La Liga,2024,Regular Season - 4,537,Leganes,798,Mallorca,Estadio Municipal de Butarque,Leganés,Mario Melero,FT,Match Finished,0,1,0.0,1.0,0,1
1208525,2024-09-01T15:00:00+00:00,1725202800,140,La Liga,2024,Regular Season - 4,542,Alaves,534,Las Palmas,Estadio de Mendizorroza,Vitoria-Gasteiz,Víctor García,FT,Match Finished,2,0,1.0,0.0,2,0
1208528,2024-09-01T15:00:00+00:00,1725202800,140,La Liga,2024,Regular Season - 4,727,Osasuna,538,Celta Vigo,Estadio El Sadar,Iruñea,Juan Martínez,FT,Match Finished,3,2,2.0,1.0,3,2
1208529,2024-09-01T17:00:00+00:00,1725210000,140,La Liga,2024,Regular Season - 4,536,Sevilla,547,Girona,Estadio Ramón Sánchez Pizjuán,Sevilla,José Sánchez,FT,Match Finished,0,2,0.0,1.0,0,2
1208523,2024-09-01T17:15:00+00:00,1725210900,140,La Liga,2024,Regular Season - 4,546,Getafe,548,Real Sociedad,Estadio Coliseum,Getafe,José Munuera,FT,Match Finished,0,0,0.0,0.0,0,0
1208527,2024-09-01T19:30:00+00:00,1725219000,140,La Liga,2024,Regular Season - 4,541,Real Madrid,543,Real Betis,Estadio Santiago Bernabéu,Madrid,Javier Alberola,FT,Match Finished,2,0,0.0,0.0,2,0
1208531,2024-09-13T19:00:00+00:00,1726254000,140,La Liga,2024,Regular Season - 5,543,Real Betis,537,Leganes,Estadio Benito Villamarín,Sevilla,Pablo González,FT,Match Finished,2,0,0.0,0.0,2,0
1208533,2024-09-14T12:00:00+00:00,1726315200,140,La Liga,2024,Regular Season - 5,798,Mallorca,533,Villarreal,Estadi Mallorca Son Moix,Palma de Mallorca,Ricardo De Burgos,FT,Match Finished,1,2,0.0,1.0,1,2
1212914,2024-09-14T14:15:00+00:00,1726323300,140,La Liga,2024,Regular Season - 5,540,Espanyol,542,Alaves,RCDE Stadium,Cornella de Llobregat,Juan Pulido,FT,Match Finished,3,2,1.0,1.0,3,2
1208536,2024-09-14T16:30:00+00:00,1726331400,140,La Liga,2024,Regular Season - 5,536,Sevilla,546,Getafe,Estadio Ramón Sánchez Pizjuán,Sevilla,Mateo Busquets,FT,Match Finished,1,0,1.0,0.0,1,0
1208538,2024-09-14T19:00:00+00:00,1726340400,140,La Liga,2024,Regular Season - 5,548,Real Sociedad,541,Real Madrid,Reale Arena,Donostia-San Sebastián,Juan Martínez,FT,Match Finished,0,2,0.0,0.0,0,2
1208532,2024-09-15T12:00:00+00:00,1726401600,140,La Liga,2024,Regular Season - 5,538,Celta Vigo,720,Valladolid,Estadio Abanca-Balaídos,Vigo,Francisco Hernández,FT,Match Finished,3,1,2.0,0.0,3,1
1208535,2024-09-15T14:15:00+00:00,1726409700,140,La Liga,2024,Regular Season - 5,547,Girona,529,Barcelona,Estadi Municipal de Montilivi,Girona,Alejandro Muñiz,FT,Match Finished,1,4,0.0,2.0,1,4
1208534,2024-09-15T16:30:00+00:00,1726417800,140,La Liga,2024,Regular Season - 5,534,Las Palmas,531,Athletic Club,Estadio de Gran Canaria,Las Palmas de Gran Canaria,Miguel Ortiz,FT,Match Finished,2,3,0.0,2.0,2,3
1208530,2024-09-15T19:00:00+00:00,1726426800,140,La Liga,2024,Regular Season - 5,530,Atletico Madrid,532,Valencia,Riyadh Air Metropolitano,Madrid,César Soto,FT,Match Finished,3,0,1.0,0.0,3,0
1208537,2024-09-16T19:00:00+00:00,1726513200,140,La Liga,2024,Regular Season - 5,728,Rayo Vallecano,727,Osasuna,Estadio de Vallecas,Madrid,Alejandro Quintero,FT,Match Finished,3,1,0.0,1.0,3,1
1208550,2024-09-17T17:00:00+00:00,1726592400,140,La Liga,2024,Regular Season - 7,798,Mallorca,548,Real Sociedad,Estadi Mallorca Son Moix,Palma de Mallorca,Adrián Cordero,FT,Match Finished,1,0,1.0,0.0,1,0
1208513,2024-09-18T17:00:00+00:00,1726678800,140,La Liga,2024,Regular Season - 3,543,Real Betis,546,Getafe,Estadio Benito Villamarín,Sevilla,Juan Pulido,FT,Match Finished,2,1,0.0,0.0,2,1
1208552,2024-09-19T17:00:00+00:00,1726765200,140,La Liga,2024,Regular Season - 7,537,Leganes,531,Athletic Club,Estadio Municipal de Butarque,Leganés,Francisco Hernández,FT,Match Finished,0,2,0.0,0.0,0,2
1208542,2024-09-20T19:00:00+00:00,1726858800,140,La Liga,2024,Regular Season - 6,542,Alaves,536,Sevilla,Estadio de Mendizorroza,Vitoria-Gasteiz,Javier Alberola,FT,Match Finished,2,1,1.0,0.0,2,1
1208546,2024-09-21T12:00:00+00:00,1726920000,140,La Liga,2024,Regular Season - 6,720,Valladolid,548,Real Sociedad,Estadio Municipal José Zorrilla,Valladolid,Guillermo Cuadra,FT,Match Finished,0,0,0.0,0.0,0,0
1208547,2024-09-21T14:15:00+00:00,1726928100,140,La Liga,2024,Regular Season - 6,727,Osasuna,534,Las Palmas,Estadio El Sadar,Iruñea,Isidro Díaz de Mera,FT,Match Finished,2,1,1.0,1.0,2,1
1208545,2024-09-21T16:30:00+00:00,1726936200,140,La Liga,2024,Regular Season - 6,532,Valencia,547,Girona,Estadio de Mestalla,Valencia,Alejandro Hernández,FT,Match Finished,2,0,0.0,0.0,2,0
1212915,2024-09-21T19:00:00+00:00,1726945200,140,La Liga,2024,Regular Season - 6,541,Real Madrid,540,Espanyol,Estadio Santiago Bernabéu,Madrid,José Munuera,FT,Match Finished,4,1,0.0,0.0,4,1
1208541,2024-09-22T12:00:00+00:00,1727006400,140,La Liga,2024,Regular Season - 6,546,Getafe,537,Leganes,Estadio Coliseum,Getafe,Adrián Cordero,FT,Match Finished,1,1,0.0,0.0,1,1
1208539,2024-09-22T14:15:00+00:00,1727014500,140,La Liga,2024,Regular Season - 6,531,Athletic Club,538,Celta Vigo,San Mamés Barria,Bilbao,José Sánchez,FT,Match Finished,3,1,2.0,1.0,3,1
1208544,2024-09-22T16:30:00+00:00,1727022600,140,La Liga,2024,Regular Season - 6,533,Villarreal,529,Barcelona,Estadio de la Cerámica,Villarreal,Mateo Busquets,FT,Match Finished,1,5,1.0,2.0,1,5
1208543,2024-09-22T19:00:00+00:00,1727031600,140,La Liga,2024,Regular Season - 6,728,Rayo Vallecano,530,Atletico Madrid,Estadio de Vallecas,Madrid,Mario Melero,FT,Match Finished,1,1,1.0,0.0,1,1
1208540,2024-09-23T19:00:00+00:00,1727118000,140,La Liga,2024,Regular Season - 6,543,Real Betis,798,Mallorca,Estadio Benito Villamarín,Sevilla,Víctor García,FT,Match Finished,1,2,1.0,1.0,1,2
1208555,2024-09-24T17:00:00+00:00,1727197200,140,La Liga,2024,Regular Season - 7,532,Valencia,727,Osasuna,Estadio de Mestalla,Valencia,Miguel Ortiz,FT,Match Finished,0,0,0.0,0.0,0,0
1208551,2024-09-24T17:00:00+00:00,1727197200,140,La Liga,2024,Regular Season - 7,536,Sevilla,720,Valladolid,Estadio Ramón Sánchez Pizjuán,Sevilla,Juan Pulido,FT,Match Finished,2,1,1.0,0.0,2,1
1208556,2024-09-24T19:00:00+00:00,1727204400,140,La Liga,2024,Regular Season - 7,541,Real Madrid,542,Alaves,Estadio Santiago Bernabéu,Madrid,Alejandro Muñiz,FT,Match Finished,3,2,2.0,0.0,3,2
1208549,2024-09-25T17:00:00+00:00,1727283600,140,La Liga,2024,Regular Season - 7,547,Girona,728,Rayo Vallecano,Estadi Municipal de Montilivi,Girona,Juan Martínez,FT,Match Finished,0,0,0.0,0.0,0,0
1208548,2024-09-25T19:00:00+00:00,1727290800,140,La Liga,2024,Regular Season - 7,529,Barcelona,546,Getafe,Estadi Olímpic Lluís Companys,Barcelona,Pablo González,FT,Match Finished,1,0,1.0,0.0,1,0
1208554,2024-09-26T17:00:00+00:00,1727370000,140,La Liga,2024,Regular Season - 7,534,Las Palmas,543,Real Betis,Estadio de Gran Canaria,Las Palmas de Gran Canaria,José Sánchez,FT,Match Finished,1,1,1.0,1.0,1,1
1212916,2024-09-26T17:00:00+00:00,1727370000,140,La Liga,2024,Regular Season - 7,540,Espanyol,533,Villarreal,RCDE Stadium,Cornella de Llobregat,Alejandro Quintero,FT,Match Finished,1,2,1.0,1.0,1,2
1208553,2024-09-26T19:00:00+00:00,1727377200,140,La Liga,2024,Regular Season - 7,538,Celta Vigo,530,Atletico Madrid,Estadio Abanca-Balaídos,Vigo,Víctor García,FT,Match Finished,0,1,0.0,0.0,0,1
1208562,2024-09-27T19:00:00+00:00,1727463600,140,La Liga,2024,Regular Season - 8,720,Valladolid,798,Mallorca,Estadio Municipal José Zorrilla,Valladolid,José Munuera,FT,Match Finished,1,2,0.0,0.0,1,2
1208564,2024-09-28T12:00:00+00:00,1727524800,140,La Liga,2024,Regular Season - 8,546,Getafe,542,Alaves,Estadio Coliseum,Getafe,Isidro Díaz de Mera,FT,Match Finished,2,0,1.0,0.0,2,0
1208565,2024-09-28T14:15:00+00:00,1727532900,140,La Liga,2024,Regular Season - 8,728,Rayo Vallecano,537,Leganes,Estadio de Vallecas,Madrid,Alejandro Muñiz,FT,Match Finished,1,1,1.0,0.0,1,1
1208560,2024-09-28T16:30:00+00:00,1727541000,140,La Liga,2024,Regular Season - 8,548,Real Sociedad,532,Valencia,Reale Arena,Donostia-San Sebastián,Javier Alberola,FT,Match Finished,3,0,1.0,0.0,3,0
1208561,2024-09-28T19:00:00+00:00,1727550000,140,La Liga,2024,Regular Season - 8,727,Osasuna,529,Barcelona,Estadio El Sadar,Iruñea,Guillermo Cuadra,FT,Match Finished,4,2,2.0,0.0,4,2
1208559,2024-09-29T12:00:00+00:00,1727611200,140,La Liga,2024,Regular Season - 8,538,Celta Vigo,547,Girona,Estadio Abanca-Balaídos,Vigo,Ricardo De Burgos,FT,Match Finished,1,1,0.0,1.0,1,1
1208557,2024-09-29T14:15:00+00:00,1727619300,140,La Liga,2024,Regular Season - 8,531,Athletic Club,536,Sevilla,San Mamés Barria,Bilbao,César Soto,FT,Match Finished,1,1,1.0,0.0,1,1
1212917,2024-09-29T16:30:00+00:00,1727627400,140,La Liga,2024,Regular Season - 8,543,Real Betis,540,Espanyol,Estadio Benito Villamarín,Sevilla,Alejandro Hernández,FT,Match Finished,1,0,0.0,0.0,1,0
1208558,2024-09-29T19:00:00+00:00,1727636400,140,La Liga,2024,Regular Season - 8,530,Atletico Madrid,541,Real Madrid,Riyadh Air Metropolitano,Madrid,Mateo Busquets,FT,Match Finished,1,1,0.0,0.0,1,1
1208563,2024-09-30T19:00:00+00:00,1727722800,140,La Liga,2024,Regular Season - 8,533,Villarreal,534,Las Palmas,Estadio de la Cerámica,Villarreal,Mario Melero,FT,Match Finished,3,1,1.0,0.0,3,1
1208569,2024-10-04T19:00:00+00:00,1728068400,140,La Liga,2024,Regular Season - 9,537,Leganes,532,Valencia,Estadio Municipal de Butarque,Leganés,Alejandro Quintero,FT,Match Finished,0,0,0.0,0.0,0,0
1212918,2024-10-05T12:00:00+00:00,1728129600,140,La Liga,2024,Regular Season - 9,540,Espanyol,798,Mallorca,RCDE Stadium,Cornella de Llobregat,Francisco Hernández,FT,Match Finished,2,1,1.0,0.0,2,1
1208566,2024-10-05T14:15:00+00:00,1728137700,140,La Liga,2024,Regular Season - 9,546,Getafe,727,Osasuna,Estadio Coliseum,Getafe,José Sánchez,FT,Match Finished,1,1,1.0,0.0,1,1
1208573,2024-10-05T16:30:00+00:00,1728145800,140,La Liga,2024,Regular Season - 9,534,Las Palmas,538,Celta Vigo,Estadio de Gran Canaria,Las Palmas de Gran Canaria,Adrián Cordero,FT,Match Finished,0,1,0.0,1.0,0,1
1208574,2024-10-05T16:30:00+00:00,1728145800,140,La Liga,2024,Regular Season - 9,720,Valladolid,728,Rayo Vallecano,Estadio Municipal José Zorrilla,Valladolid,Pablo González,FT,Match Finished,1,2,0.0,0.0,1,2
1208567,2024-10-05T19:00:00+00:00,1728154800,140,La Liga,2024,Regular Season - 9,541,Real Madrid,533,Villarreal,Estadio Santiago Bernabéu,Madrid,Guillermo Cuadra,FT,Match Finished,2,0,1.0,0.0,2,0
1208570,2024-10-06T12:00:00+00:00,1728216000,140,La Liga,2024,Regular Season - 9,547,Girona,531,Athletic Club,Estadi Municipal de Montilivi,Girona,Juan Pulido,FT,Match Finished,2,1,1.0,1.0,2,1
1208568,2024-10-06T14:15:00+00:00,1728224100,140,La Liga,2024,Regular Season - 9,542,Alaves,529,Barcelona,Estadio de Mendizorroza,Vitoria-Gasteiz,Miguel Ortiz,FT,Match Finished,0,3,0.0,3.0,0,3
1208572,2024-10-06T16:30:00+00:00,1728232200,140,La Liga,2024,Regular Season - 9,536,Sevilla,543,Real Betis,Estadio Ramón Sánchez Pizjuán,Sevilla,Juan Martínez,FT,Match Finished,1,0,0.0,0.0,1,0
1208571,2024-10-06T19:00:00+00:00,1728241200,140,La Liga,2024,Regular Season - 9,548,Real Sociedad,530,Atletico Madrid,Reale Arena,Donostia-San Sebastián,Isidro Díaz de Mera,FT,Match Finished,1,1,0.0,1.0,1,1
1208580,2024-10-18T19:00:00+00:00,1729278000,140,La Liga,2024,Regular Season - 10,542,Alaves,720,Valladolid,Estadio de Mendizorroza,Vitoria-Gasteiz,Mario Melero,FT,Match Finished,2,3,1.0,1.0,2,3
1212919,2024-10-19T12:00:00+00:00,1729339200,140,La Liga,2024,Regular Season - 10,531,Athletic Club,540,Espanyol,San Mamés Barria,Bilbao,Mateo Busquets,FT,Match Finished,4,1,3.0,0.0,4,1
1208581,2024-10-19T14:15:00+00:00,1729347300,140,La Liga,2024,Regular Season - 10,727,Osasuna,543,Real Betis,Estadio El Sadar,Iruñea,Alejandro Muñiz,FT,Match Finished,1,2,0.0,1.0,1,2
1208578,2024-10-19T16:30:00+00:00,1729355400,140,La Liga,2024,Regular Season - 10,547,Girona,548,Real Sociedad,Estadi Municipal de Montilivi,Girona,César Soto,FT,Match Finished,0,1,0.0,1.0,0,1
1208577,2024-10-19T19:00:00+00:00,1729364400,140,La Liga,2024,Regular Season - 10,538,Celta Vigo,541,Real Madrid,Estadio Abanca-Balaídos,Vigo,Alejandro Hernández,FT,Match Finished,1,2,0.0,1.0,1,2
1208579,2024-10-20T12:00:00+00:00,1729425600,140,La Liga,2024,Regular Season - 10,798,Mallorca,728,Rayo Vallecano,Estadi Mallorca Son Moix,Palma de Mallorca,Javier Alberola,FT,Match Finished,1,0,0.0,0.0,1,0
1208575,2024-10-20T14:15:00+00:00,1729433700,140,La Liga,2024,Regular Season - 10,530,Atletico Madrid,537,Leganes,Riyadh Air Metropolitano,Madrid,José Munuera,FT,Match Finished,3,1,0.0,1.0,3,1
1208582,2024-10-20T16:30:00+00:00,1729441800,140,La Liga,2024,Regular Season - 10,533,Villarreal,546,Getafe,Estadio de la Cerámica,Villarreal,Víctor García,FT,Match Finished,1,1,1.0,0.0,1,1
1208576,2024-10-20T19:00:00+00:00,1729450800,140,La Liga,2024,Regular Season - 10,529,Barcelona,536,Sevilla,Estadi Olímpic Lluís Companys,Barcelona,Ricardo De Burgos,FT,Match Finished,5,1,3.0,0.0,5,1
1208583,2024-10-21T19:00:00+00:00,1729537200,140,La Liga,2024,Regular Season - 10,532,Valencia,534,Las Palmas,Estadio de Mestalla,Valencia,Gil Manzano,FT,Match Finished,2,3,1.0,1.0,2,3
1212920,2024-10-25T19:00:00+00:00,1729882800,140,La Liga,2024,Regular Season - 11,540,Espanyol,536,Sevilla,RCDE Stadium,Cornella de Llobregat,Miguel Ortiz,FT,Match Finished,0,2,0.0,2.0,0,2
1208591,2024-10-26T12:00:00+00:00,1729944000,140,La Liga,2024,Regular Season - 11,720,Valladolid,533,Villarreal,Estadio Municipal José Zorrilla,Valladolid,Francisco Hernández,FT,Match Finished,1,2,0.0,1.0,1,2
1208592,2024-10-26T14:15:00+00:00,1729952100,140,La Liga,2024,Regular Season - 11,728,Rayo Vallecano,542,Alaves,Estadio de Vallecas,Madrid,Adrián Cordero,FT,Match Finished,1,0,0.0,0.0,1,0
1208589,2024-10-26T16:30:00+00:00,1729960200,140,La Liga,2024,Regular Season - 11,534,Las Palmas,547,Girona,Estadio de Gran Canaria,Las Palmas de Gran Canaria,Alejandro Quintero,FT,Match Finished,1,0,1.0,0.0,1,0
1208587,2024-10-26T19:00:00+00:00,1729969200,140,La Liga,2024,Regular Season - 11,541,Real Madrid,529,Barcelona,Estadio Santiago Bernabéu,Madrid,José Sánchez,FT,Match Finished,0,4,0.0,0.0,0,4
1208588,2024-10-27T12:00:00+00:00,1730030400,140,La Liga,2024,Regular Season - 11,537,Leganes,538,Celta Vigo,Estadio Municipal de Butarque,Leganés,Mario Melero,FT,Match Finished,3,0,0.0,0.0,3,0
1208584,2024-10-27T14:15:00+00:00,1730038500,140,La Liga,2024,Regular Season - 11,546,Getafe,532,Valencia,Estadio Coliseum,Getafe,Guillermo Cuadra,FT,Match Finished,1,1,0.0,1.0,1,1
1208586,2024-10-27T16:30:00+00:00,1730046600,140,La Liga,2024,Regular Season - 11,543,Real Betis,530,Atletico Madrid,Estadio Benito Villamarín,Sevilla,Gil Manzano,FT,Match Finished,1,0,1.0,0.0,1,0
1208590,2024-10-27T20:00:00+00:00,1730059200,140,La Liga,2024,Regular Season - 11,548,Real Sociedad,727,Osasuna,Reale Arena,Donostia-San Sebastián,Juan Pulido,FT,Match Finished,0,2,0.0,2.0,0,2
1208585,2024-10-28T20:00:00+00:00,1730145600,140,La Liga,2024,Regular Season - 11,798,Mallorca,531,Athletic Club,Estadi Mallorca Son Moix,Palma de Mallorca,Juan Martínez,FT,Match Finished,0,0,0.0,0.0,0,0
1208598,2024-11-01T20:00:00+00:00,1730491200,140,La Liga,2024,Regular Season - 12,542,Alaves,798,Mallorca,Estadio de Mendizorroza,Vitoria-Gasteiz,Pablo González,FT,Match Finished,1,0,0.0,0.0,1,0
1208597,2024-11-02T13:00:00+00:00,1730552400,140,La Liga,2024,Regular Season - 12,727,Osasuna,720,Valladolid,Estadio El Sadar,Iruñea,Víctor García,FT,Match Finished,1,0,1.0,0.0,1,0
1208596,2024-11-02T15:15:00+00:00,1730560500,140,La Liga,2024,Regular Season - 12,547,Girona,537,Leganes,Estadi Municipal de Montilivi,Girona,Mateo Busquets,FT,Match Finished,4,3,2.0,2.0,4,3
1208594,2024-11-03T13:00:00+00:00,1730638800,140,La Liga,2024,Regular Season - 12,530,Atletico Madrid,534,Las Palmas,Riyadh Air Metropolitano,Madrid,Ricardo De Burgos,FT,Match Finished,2,0,1.0,0.0,2,0
1212921,2024-11-03T15:15:00+00:00,1730646900,140,La Liga,2024,Regular Season - 12,529,Barcelona,540,Espanyol,Estadi Olímpic Lluís Companys,Barcelona,José Munuera,FT,Match Finished,3,1,3.0,0.0,3,1
1208601,2024-11-03T17:30:00+00:00,1730655000,140,La Liga,2024,Regular Season - 12,536,Sevilla,548,Real Sociedad,Estadio Ramón Sánchez Pizjuán,Sevilla,Alejandro Muñiz,FT,Match Finished,0,2,0.0,1.0,0,2
1208593,2024-11-03T20:00:00+00:00,1730664000,140,La Liga,2024,Regular Season - 12,531,Athletic Club,543,Real Betis,San Mamés Barria,Bilbao,Javier Alberola,FT,Match Finished,1,1,0.0,0.0,1,1
1208595,2024-11-04T20:00:00+00:00,1730750400,140,La Liga,2024,Regular Season - 12,538,Celta Vigo,546,Getafe,Estadio Abanca-Balaídos,Vigo,Gil Manzano,FT,Match Finished,1,0,1.0,0.0,1,0
1208609,2024-11-08T20:00:00+00:00,1731096000,140,La Liga,2024,Regular Season - 13,728,Rayo Vallecano,534,Las Palmas,Estadio de Vallecas,Madrid,Francisco Hernández,FT,Match Finished,1,3,0.0,1.0,1,3
1208608,2024-11-09T13:00:00+00:00,1731157200,140,La Liga,2024,Regular Season - 13,541,Real Madrid,727,Osasuna,Estadio Santiago Bernabéu,Madrid,Mario Melero,FT,Match Finished,4,0,2.0,0.0,4,0
1208610,2024-11-09T15:15:00+00:00,1731165300,140,La Liga,2024,Regular Season - 13,533,Villarreal,542,Alaves,Estadio de la Cerámica,Villarreal,Alejandro Quintero,FT,Match Finished,3,0,1.0,0.0,3,0
1208604,2024-11-09T20:00:00+00:00,1731182400,140,La Liga,2024,Regular Season - 13,537,Leganes,536,Sevilla,Estadio Municipal de Butarque,Leganés,Juan Pulido,FT,Match Finished,1,0,0.0,0.0,1,0
1208602,2024-11-10T13:00:00+00:00,1731243600,140,La Liga,2024,Regular Season - 13,543,Real Betis,538,Celta Vigo,Estadio Benito Villamarín,Sevilla,Miguel Ortiz,FT,Match Finished,2,2,1.0,1.0,2,2
1208606,2024-11-10T15:15:00+00:00,1731251700,140,La Liga,2024,Regular Season - 13,798,Mallorca,530,Atletico Madrid,Estadi Mallorca Son Moix,Palma de Mallorca,José Sánchez,FT,Match Finished,0,1,0.0,0.0,0,1
1208603,2024-11-10T17:30:00+00:00,1731259800,140,La Liga,2024,Regular Season - 13,546,Getafe,547,Girona,Estadio Coliseum,Getafe,Juan Martínez,FT,Match Finished,0,1,0.0,1.0,0,1
1208605,2024-11-10T17:30:00+00:00,1731259800,140,La Liga,2024,Regular Season - 13,720,Valladolid,531,Athletic Club,Estadio Municipal José Zorrilla,Valladolid,Adrián Cordero,FT,Match Finished,1,1,0.0,0.0,1,1
1208607,2024-11-10T20:00:00+00:00,1731268800,140,La Liga,2024,Regular Season - 13,548,Real Sociedad,529,Barcelona,Reale Arena,Donostia-San Sebastián,Guillermo Cuadra,FT,Match Finished,1,0,1.0,0.0,1,0
1208612,2024-11-22T20:00:00+00:00,1732305600,140,La Liga,2024,Regular Season - 14,546,Getafe,720,Valladolid,Estadio Coliseum,Getafe,Pablo González,FT,Match Finished,2,0,0.0,0.0,2,0
1208617,2024-11-23T13:00:00+00:00,1732366800,140,La Liga,2024,Regular Season - 14,532,Valencia,543,Real Betis,Estadio de Mestalla,Valencia,Ricardo De Burgos,FT,Match Finished,4,2,1.0,1.0,4,2
1208619,2024-11-23T15:15:00+00:00,1732374900,140,La Liga,2024,Regular Season - 14,530,Atletico Madrid,542,Alaves,Riyadh Air Metropolitano,Madrid,Víctor García,FT,Match Finished,2,1,0.0,1.0,2,1
1208614,2024-11-23T17:30:00+00:00,1732383000,140,La Liga,2024,Regular Season - 14,534,Las Palmas,798,Mallorca,Estadio de Gran Canaria,Las Palmas de Gran Canaria,Alejandro Muñiz,FT,Match Finished,2,3,0.0,0.0,2,3
1212923,2024-11-23T17:30:00+00:00,1732383000,140,La Liga,2024,Regular Season - 14,547,Girona,540,Espanyol,Estadi Municipal de Montilivi,Girona,Alejandro Hernández,FT,Match Finished,4,1,4.0,0.0,4,1
1208616,2024-11-23T20:00:00+00:00,1732392000,140,La Liga,2024,Regular Season - 14,538,Celta Vigo,529,Barcelona,Estadio Abanca-Balaídos,Vigo,César Soto,FT,Match Finished,2,2,0.0,1.0,2,2
1208613,2024-11-24T13:00:00+00:00,1732453200,140,La Liga,2024,Regular Season - 14,727,Osasuna,533,Villarreal,Estadio El Sadar,Iruñea,José Munuera,FT,Match Finished,2,2,2.0,0.0,2,2
1208618,2024-11-24T15:15:00+00:00,1732461300,140,La Liga,2024,Regular Season - 14,536,Sevilla,728,Rayo Vallecano,Estadio Ramón Sánchez Pizjuán,Sevilla,Mateo Busquets,FT,Match Finished,1,0,1.0,0.0,1,0
1208615,2024-11-24T17:30:00+00:00,1732469400,140,La Liga,2024,Regular Season - 14,537,Leganes,541,Real Madrid,Estadio Municipal de Butarque,Leganés,Javier Alberola,FT,Match Finished,0,3,0.0,1.0,0,3
1208611,2024-11-24T20:00:00+00:00,1732478400,140,La Liga,2024,Regular Season - 14,531,Athletic Club,548,Real Sociedad,San Mamés Barria,Bilbao,Gil Manzano,FT,Match Finished,1,0,1.0,0.0,1,0
1208621,2024-11-29T20:00:00+00:00,1732910400,140,La Liga,2024,Regular Season - 15,798,Mallorca,532,Valencia,Estadi Mallorca Son Moix,Palma de Mallorca,Alejandro Quintero,FT,Match Finished,2,1,1.0,1.0,2,1
1208620,2024-11-30T13:00:00+00:00,1732971600,140,La Liga,2024,Regular Season - 15,529,Barcelona,534,Las Palmas,Estadi Olímpic Lluís Companys,Barcelona,Adrián Cordero,FT,Match Finished,1,2,0.0,0.0,1,2
1208622,2024-11-30T15:15:00+00:00,1732979700,140,La Liga,2024,Regular Season - 15,542,Alaves,537,Leganes,Estadio de Mendizorroza,Vitoria-Gasteiz,Isidro Díaz de Mera,FT,Match Finished,1,1,0.0,0.0,1,1
1212924,2024-11-30T17:30:00+00:00,1732987800,140,La Liga,2024,Regular Season - 15,540,Espanyol,538,Celta Vigo,RCDE Stadium,Cornella de Llobregat,José Sánchez,FT,Match Finished,3,1,1.0,0.0,3,1
1208624,2024-11-30T20:00:00+00:00,1732996800,140,La Liga,2024,Regular Season - 15,720,Valladolid,530,Atletico Madrid,Estadio Municipal José Zorrilla,Valladolid,Guillermo Cuadra,FT,Match Finished,0,5,0.0,3.0,0,5
1208627,2024-12-01T13:00:00+00:00,1733058000,140,La Liga,2024,Regular Season - 15,533,Villarreal,547,Girona,Estadio de la Cerámica,Villarreal,Miguel Ortiz,FT,Match Finished,2,2,1.0,0.0,2,2
1208626,2024-12-01T15:15:00+00:00,1733066100,140,La Liga,2024,Regular Season - 15,541,Real Madrid,546,Getafe,Estadio Santiago Bernabéu,Madrid,Alejandro Hernández,FT,Match Finished,2,0,2.0,0.0,2,0
1208623,2024-12-01T17:30:00+00:00,1733074200,140,La Liga,2024,Regular Season - 15,728,Rayo Vallecano,531,Athletic Club,Estadio de Vallecas,Madrid,Mario Melero,FT,Match Finished,1,2,1.0,0.0,1,2
1208625,2024-12-01T20:00:00+00:00,1733083200,140,La Liga,2024,Regular Season - 15,548,Real Sociedad,543,Real Betis,Reale Arena,Donostia-San Sebastián,Francisco Hernández,FT,Match Finished,2,0,2.0,0.0,2,0
1208628,2024-12-02T20:00:00+00:00,1733169600,140,La Liga,2024,Regular Season - 15,536,Sevilla,727,Osasuna,Estadio Ramón Sánchez Pizjuán,Sevilla,Juan Martínez,FT,Match Finished,1,1,0.0,0.0,1,1
1208661,2024-12-03T18:00:00+00:00,1733248800,140,La Liga,2024,Regular Season - 19,798,Mallorca,529,Barcelona,Estadi Mallorca Son Moix,Palma de Mallorca,Gil Manzano,FT,Match Finished,1,5,1.0,1.0,1,5
1208656,2024-12-04T20:00:00+00:00,1733342400,140,La Liga,2024,Regular Season - 19,531,Athletic Club,541,Real Madrid,San Mamés Barria,Bilbao,José Sánchez,FT,Match Finished,2,1,0.0,0.0,2,1
1208631,2024-12-06T20:00:00+00:00,1733515200,140,La Liga,2024,Regular Season - 16,538,Celta Vigo,798,Mallorca,Estadio Abanca-Balaídos,Vigo,Ricardo De Burgos,FT,Match Finished,2,0,1.0,0.0,2,0
1208633,2024-12-07T13:00:00+00:00,1733576400,140,La Liga,2024,Regular Season - 16,534,Las Palmas,720,Valladolid,Estadio de Gran Canaria,Las Palmas de Gran Canaria,Isidro Díaz de Mera,FT,Match Finished,2,1,1.0,1.0,2,1
1208635,2024-12-07T15:15:00+00:00,1733584500,140,La Liga,2024,Regular Season - 16,543,Real Betis,529,Barcelona,Estadio Benito Villamarín,Sevilla,Alejandro Muñiz,FT,Match Finished,2,2,0.0,1.0,2,2
1208636,2024-12-07T17:30:00+00:00,1733592600,140,La Liga,2024,Regular Season - 16,532,Valencia,728,Rayo Vallecano,Estadio de Mestalla,Valencia,José Munuera,FT,Match Finished,0,1,0.0,1.0,0,1
1208632,2024-12-07T20:00:00+00:00,1733601600,140,La Liga,2024,Regular Season - 16,547,Girona,541,Real Madrid,Estadi Municipal de Montilivi,Girona,Gil Manzano,FT,Match Finished,0,3,0.0,1.0,0,3
1208634,2024-12-08T13:00:00+00:00,1733662800,140,La Liga,2024,Regular Season - 16,537,Leganes,548,Real Sociedad,Estadio Municipal de Butarque,Leganés,Pablo González,FT,Match Finished,0,3,0.0,1.0,0,3
1208629,2024-12-08T15:15:00+00:00,1733670900,140,La Liga,2024,Regular Season - 16,531,Athletic Club,533,Villarreal,San Mamés Barria,Bilbao,Víctor García,FT,Match Finished,2,0,1.0,0.0,2,0
1208637,2024-12-08T17:30:00+00:00,1733679000,140,La Liga,2024,Regular Season - 16,727,Osasuna,542,Alaves,Estadio El Sadar,Iruñea,César Soto,FT,Match Finished,2,2,0.0,1.0,2,2
1208630,2024-12-08T20:00:00+00:00,1733688000,140,La Liga,2024,Regular Season - 16,530,Atletico Madrid,536,Sevilla,Riyadh Air Metropolitano,Madrid,Javier Alberola,FT,Match Finished,4,3,1.0,2.0,4,3
1212925,2024-12-09T20:00:00+00:00,1733774400,140,La Liga,2024,Regular Season - 16,546,Getafe,540,Espanyol,Estadio Coliseum,Getafe,Mateo Busquets,FT,Match Finished,1,0,1.0,0.0,1,0
1208645,2024-12-13T20:00:00+00:00,1734120000,140,La Liga,2024,Regular Season - 17,720,Valladolid,532,Valencia,Estadio Municipal José Zorrilla,Valladolid,Miguel Ortiz,FT,Match Finished,1,0,1.0,0.0,1,0
1212926,2024-12-14T13:00:00+00:00,1734181200,140,La Liga,2024,Regular Season - 17,540,Espanyol,727,Osasuna,RCDE Stadium,Cornella de Llobregat,Adrián Cordero,FT,Match Finished,0,0,0.0,0.0,0,0
1208644,2024-12-14T15:15:00+00:00,1734189300,140,La Liga,2024,Regular Season - 17,798,Mallorca,547,Girona,Estadi Mallorca Son Moix,Palma de Mallorca,Francisco Hernández,FT,Match Finished,2,1,1.0,1.0,2,1
1208643,2024-12-14T17:30:00+00:00,1734197400,140,La Liga,2024,Regular Season - 17,536,Sevilla,538,Celta Vigo,Estadio Ramón Sánchez Pizjuán,Sevilla,Gil Manzano,FT,Match Finished,1,0,0.0,0.0,1,0
1208640,2024-12-14T20:00:00+00:00,1734206400,140,La Liga,2024,Regular Season - 17,728,Rayo Vallecano,541,Real Madrid,Estadio de Vallecas,Madrid,Juan Martínez,FT,Match Finished,3,3,2.0,2.0,3,3
1208638,2024-12-15T13:00:00+00:00,1734267600,140,La Liga,2024,Regular Season - 17,530,Atletico Madrid,546,Getafe,Riyadh Air Metropolitano,Madrid,César Soto,FT,Match Finished,1,0,0.0,0.0,1,0
1208641,2024-12-15T15:15:00+00:00,1734275700,140,La Liga,2024,Regular Season - 17,542,Alaves,531,Athletic Club,Estadio de Mendizorroza,Vitoria-Gasteiz,José Sánchez,FT,Match Finished,1,1,0.0,1.0,1,1
1208642,2024-12-15T17:30:00+00:00,1734283800,140,La Liga,2024,Regular Season - 17,533,Villarreal,543,Real Betis,Estadio de la Cerámica,Villarreal,Guillermo Cuadra,FT,Match Finished,1,2,0.0,1.0,1,2
1208646,2024-12-15T17:30:00+00:00,1734283800,140,La Liga,2024,Regular Season - 17,548,Real Sociedad,534,Las Palmas,Reale Arena,Donostia-San Sebastián,Mario Melero,FT,Match Finished,0,0,0.0,0.0,0,0
1208639,2024-12-15T20:00:00+00:00,1734292800,140,La Liga,2024,Regular Season - 17,529,Barcelona,537,Leganes,Estadi Olímpic Lluís Companys,Barcelona,Alejandro Quintero,FT,Match Finished,0,1,0.0,1.0,0,1
1208599,2024-12-18T20:30:00+00:00,1734553800,140,La Liga,2024,Regular Season - 12,533,Villarreal,728,Rayo Vallecano,Estadio de la Cerámica,Villarreal,Alejandro Hernández,FT,Match Finished,1,1,1.0,1.0,1,1
1212922,2024-12-18T20:30:00+00:00,1734553800,140,La Liga,2024,Regular Season - 13,540,Espanyol,532,Valencia,RCDE Stadium,Cornella de Llobregat,Pablo González,FT,Match Finished,1,1,1.0,0.0,1,1
1208650,2024-12-20T20:00:00+00:00,1734724800,140,La Liga,2024,Regular Season - 18,547,Girona,720,Valladolid,Estadi Municipal de Montilivi,Girona,Pablo González,FT,Match Finished,3,0,2.0,0.0,3,0
1208649,2024-12-21T13:00:00+00:00,1734786000,140,La Liga,2024,Regular Season - 18,546,Getafe,798,Mallorca,Estadio Coliseum,Getafe,José Munuera,FT,Match Finished,0,1,0.0,0.0,0,1
1208648,2024-12-21T15:15:00+00:00,1734794100,140,La Liga,2024,Regular Season - 18,538,Celta Vigo,548,Real Sociedad,Estadio Abanca-Balaídos,Vigo,Mateo Busquets,FT,Match Finished,2,0,2.0,0.0,2,0
1208653,2024-12-21T17:30:00+00:00,1734802200,140,La Liga,2024,Regular Season - 18,727,Osasuna,531,Athletic Club,Estadio El Sadar,Iruñea,Alejandro Quintero,FT,Match Finished,1,2,1.0,1.0,1,2
1208654,2024-12-21T20:00:00+00:00,1734811200,140,La Liga,2024,Regular Season - 18,529,Barcelona,530,Atletico Madrid,Estadi Olímpic Lluís Companys,Barcelona,Ricardo De Burgos,FT,Match Finished,1,2,1.0,0.0,1,2
1208655,2024-12-22T13:00:00+00:00,1734872400,140,La Liga,2024,Regular Season - 18,532,Valencia,542,Alaves,Estadio de Mestalla,Valencia,Javier Alberola,FT,Match Finished,2,2,0.0,1.0,2,2
1208651,2024-12-22T15:15:00+00:00,1734880500,140,La Liga,2024,Regular Season - 18,541,Real Madrid,536,Sevilla,Estadio Santiago Bernabéu,Madrid,Isidro Díaz de Mera,FT,Match Finished,4,2,3.0,1.0,4,2
1212927,2024-12-22T17:30:00+00:00,1734888600,140,La Liga,2024,Regular Season - 18,534,Las Palmas,540,Espanyol,Estadio de Gran Canaria,Las Palmas de Gran Canaria,César Soto,FT,Match Finished,1,0,0.0,0.0,1,0
1208652,2024-12-22T17:30:00+00:00,1734888600,140,La Liga,2024,Regular Season - 18,537,Leganes,533,Villarreal,Estadio Municipal de Butarque,Leganés,Alejandro Muñiz,FT,Match Finished,2,5,2.0,2.0,2,5
1208647,2024-12-22T20:00:00+00:00,1734897600,140,La Liga,2024,Regular Season - 18,543,Real Betis,728,Rayo Vallecano,Estadio Benito Villamarín,Sevilla,Víctor García,FT,Match Finished,1,1,1.0,0.0,1,1
1208600,2025-01-03T20:00:00+00:00,1735934400,140,La Liga,2024,Regular Season - 12,532,Valencia,541,Real Madrid,Estadio de Mestalla,Valencia,César Soto,FT,Match Finished,1,2,1.0,0.0,1,2
1208663,2025-01-10T20:00:00+00:00,1736539200,140,La Liga,2024,Regular Season - 19,728,Rayo Vallecano,538,Celta Vigo,Estadio de Vallecas,Madrid,Guillermo Cuadra,FT,Match Finished,2,1,1.0,1.0,2,1
1208660,2025-01-11T13:00:00+00:00,1736600400,140,La Liga,2024,Regular Season - 19,542,Alaves,547,Girona,Estadio de Mendizorroza,Vitoria-Gasteiz,Mateo Busquets,FT,Match Finished,0,1,0.0,0.0,0,1
1208662,2025-01-11T15:15:00+00:00,1736608500,140,La Liga,2024,Regular Season - 19,720,Valladolid,543,Real Betis,Estadio Municipal José Zorrilla,Valladolid,Adrián Cordero,FT,Match Finished,1,0,0.0,0.0,1,0
1212928,2025-01-11T17:30:00+00:00,1736616600,140,La Liga,2024,Regular Season - 19,540,Espanyol,537,Leganes,RCDE Stadium,Cornella de Llobregat,Juan Martínez,FT,Match Finished,1,1,1.0,1.0,1,1
1208659,2025-01-11T20:00:00+00:00,1736625600,140,La Liga,2024,Regular Season - 19,536,Sevilla,532,Valencia,Estadio Ramón Sánchez Pizjuán,Sevilla,Francisco Hernández,FT,Match Finished,1,1,0.0,0.0,1,1
1208664,2025-01-12T13:00:00+00:00,1736686800,140,La Liga,2024,Regular Season - 19,534,Las Palmas,546,Getafe,Estadio de Gran Canaria,Las Palmas de Gran Canaria,Javier Alberola,FT,Match Finished,1,2,0.0,0.0,1,2
1208657,2025-01-12T15:15:00+00:00,1736694900,140,La Liga,2024,Regular Season - 19,530,Atletico Madrid,727,Osasuna,Riyadh Air Metropolitano,Madrid,Isidro Díaz de Mera,FT,Match Finished,1,0,0.0,0.0,1,0
1208658,2025-01-13T20:00:00+00:00,1736798400,140,La Liga,2024,Regular Season - 19,548,Real Sociedad,533,Villarreal,Reale Arena,Donostia-San Sebastián,César Soto,FT,Match Finished,1,0,0.0,0.0,1,0
1212929,2025-01-17T20:00:00+00:00,1737144000,140,La Liga,2024,Regular Season - 20,540,Espanyol,720,Valladolid,RCDE Stadium,Cornella de Llobregat,Ricardo De Burgos,FT,Match Finished,2,1,1.0,0.0,2,1
1208665,2025-01-18T13:00:00+00:00,1737205200,140,La Liga,2024,Regular Season - 20,547,Girona,536,Sevilla,Estadi Municipal de Montilivi,Girona,Juan Martínez,FT,Match Finished,1,2,1.0,0.0,1,2
1208668,2025-01-18T15:15:00+00:00,1737213300,140,La Liga,2024,Regular Season - 20,537,Leganes,530,Atletico Madrid,Estadio Municipal de Butarque,Leganés,Mario Melero,FT,Match Finished,1,0,0.0,0.0,1,0
1208673,2025-01-18T17:30:00+00:00,1737221400,140,La Liga,2024,Regular Season - 20,543,Real Betis,542,Alaves,Estadio Benito Villamarín,Sevilla,Alejandro Hernández,FT,Match Finished,1,3,1.0,1.0,1,3
1208669,2025-01-18T20:00:00+00:00,1737230400,140,La Liga,2024,Regular Season - 20,546,Getafe,529,Barcelona,Estadio Coliseum,Getafe,Pablo González,FT,Match Finished,1,1,1.0,1.0,1,1
1208667,2025-01-19T13:00:00+00:00,1737291600,140,La Liga,2024,Regular Season - 20,538,Celta Vigo,531,Athletic Club,Estadio Abanca-Balaídos,Vigo,Miguel Ortiz,FT,Match Finished,1,2,0.0,0.0,1,2
1208672,2025-01-19T15:15:00+00:00,1737299700,140,La Liga,2024,Regular Season - 20,541,Real Madrid,534,Las Palmas,Estadio Santiago Bernabéu,Madrid,Alejandro Quintero,FT,Match Finished,4,1,3.0,1.0,4,1
1208666,2025-01-19T17:30:00+00:00,1737307800,140,La Liga,2024,Regular Season - 20,727,Osasuna,728,Rayo Vallecano,Estadio El Sadar,Iruñea,Alejandro Muñiz,FT,Match Finished,1,1,0.0,1.0,1,1
1208671,2025-01-19T20:00:00+00:00,1737316800,140,La Liga,2024,Regular Season - 20,532,Valencia,548,Real Sociedad,Estadio de Mestalla,Valencia,Víctor García,FT,Match Finished,1,0,1.0,0.0,1,0
1208670,2025-01-20T20:00:00+00:00,1737403200,140,La Liga,2024,Regular Season - 20,533,Villarreal,798,Mallorca,Estadio de la Cerámica,Villarreal,José Munuera,FT,Match Finished,4,0,4.0,0.0,4,0
1208677,2025-01-24T20:00:00+00:00,1737748800,140,La Liga,2024,Regular Season - 21,534,Las Palmas,727,Osasuna,Estadio de Gran Canaria,Las Palmas de Gran Canaria,Gil Manzano,FT,Match Finished,1,1,0.0,0.0,1,1
1208679,2025-01-25T13:00:00+00:00,1737810000,140,La Liga,2024,Regular Season - 21,798,Mallorca,543,Real Betis,Estadi Mallorca Son Moix,Palma de Mallorca,Javier Alberola,FT,Match Finished,0,1,0.0,0.0,0,1
1208675,2025-01-25T15:15:00+00:00,1737818100,140,La Liga,2024,Regular Season - 21,530,Atletico Madrid,533,Villarreal,Riyadh Air Metropolitano,Madrid,José Sánchez,FT,Match Finished,1,1,0.0,1.0,1,1
1212930,2025-01-25T17:30:00+00:00,1737826200,140,La Liga,2024,Regular Season - 21,536,Sevilla,540,Espanyol,Estadio Ramón Sánchez Pizjuán,Sevilla,Adrián Cordero,FT,Match Finished,1,1,0.0,1.0,1,1
1208682,2025-01-25T20:00:00+00:00,1737835200,140,La Liga,2024,Regular Season - 21,720,Valladolid,541,Real Madrid,Estadio Municipal José Zorrilla,Valladolid,Mateo Busquets,FT,Match Finished,0,3,0.0,1.0,0,3
1208681,2025-01-26T13:00:00+00:00,1737896400,140,La Liga,2024,Regular Season - 21,728,Rayo Vallecano,547,Girona,Estadio de Vallecas,Madrid,Isidro Díaz de Mera,FT,Match Finished,2,1,0.0,0.0,2,1
1208680,2025-01-26T15:15:00+00:00,1737904500,140,La Liga,2024,Regular Season - 21,548,Real Sociedad,546,Getafe,Reale Arena,Donostia-San Sebastián,Guillermo Cuadra,FT,Match Finished,0,3,0.0,0.0,0,3
1208674,2025-01-26T17:30:00+00:00,1737912600,140,La Liga,2024,Regular Season - 21,531,Athletic Club,537,Leganes,San Mamés Barria,Bilbao,Alejandro Hernández,FT,Match Finished,0,0,0.0,0.0,0,0
1208676,2025-01-26T20:00:00+00:00,1737921600,140,La Liga,2024,Regular Season - 21,529,Barcelona,532,Valencia,Estadi Olímpic Lluís Companys,Barcelona,César Soto,FT,Match Finished,7,1,5.0,0.0,7,1
1208678,2025-01-27T20:00:00+00:00,1738008000,140,La Liga,2024,Regular Season - 21,542,Alaves,538,Celta Vigo,Estadio de Mendizorroza,Vitoria-Gasteiz,Francisco Hernández,FT,Match Finished,1,1,1.0,0.0,1,1
1208688,2025-01-31T20:00:00+00:00,1738353600,140,La Liga,2024,Regular Season - 22,537,Leganes,728,Rayo Vallecano,Estadio Municipal de Butarque,Leganés,Alejandro Quintero,FT,Match Finished,0,1,0.0,0.0,0,1
1208684,2025-02-01T13:00:00+00:00,1738414800,140,La Liga,2024,Regular Season - 22,546,Getafe,536,Sevilla,Estadio Coliseum,Getafe,Ricardo De Burgos,FT,Match Finished,0,0,0.0,0.0,0,0
1208687,2025-02-01T15:15:00+00:00,1738422900,140,La Liga,2024,Regular Season - 22,533,Villarreal,720,Valladolid,Estadio de la Cerámica,Villarreal,Isidro Díaz de Mera,FT,Match Finished,5,1,1.0,0.0,5,1
1208683,2025-02-01T17:30:00+00:00,1738431000,140,La Liga,2024,Regular Season - 22,530,Atletico Madrid,798,Mallorca,Riyadh Air Metropolitano,Madrid,Víctor García,FT,Match Finished,2,0,1.0,0.0,2,0
1212931,2025-02-01T20:00:00+00:00,1738440000,140,La Liga,2024,Regular Season - 22,540,Espanyol,541,Real Madrid,RCDE Stadium,Cornella de Llobregat,Alejandro Muñiz,FT,Match Finished,1,0,0.0,0.0,1,0
1208691,2025-02-02T13:00:00+00:00,1738501200,140,La Liga,2024,Regular Season - 22,529,Barcelona,542,Alaves,Estadi Olímpic Lluís Companys,Barcelona,José Munuera,FT,Match Finished,1,0,0.0,0.0,1,0
1208690,2025-02-02T15:15:00+00:00,1738509300,140,La Liga,2024,Regular Season - 22,532,Valencia,538,Celta Vigo,Estadio de Mestalla,Valencia,Pablo González,FT,Match Finished,2,1,1.0,0.0,2,1
1208686,2025-02-02T17:30:00+00:00,1738517400,140,La Liga,2024,Regular Season - 22,727,Osasuna,548,Real Sociedad,Estadio El Sadar,Iruñea,Miguel Ortiz,FT,Match Finished,2,1,1.0,0.0,2,1
1208689,2025-02-02T20:00:00+00:00,1738526400,140,La Liga,2024,Regular Season - 22,543,Real Betis,531,Athletic Club,Estadio Benito Villamarín,Sevilla,Juan Martínez,FT,Match Finished,2,2,2.0,1.0,2,2
1208685,2025-02-03T20:00:00+00:00,1738612800,140,La Liga,2024,Regular Season - 22,547,Girona,534,Las Palmas,Estadi Municipal de Montilivi,Girona,Mario Melero,FT,Match Finished,2,1,1.0,0.0,2,1
1208694,2025-02-07T20:00:00+00:00,1738958400,140,La Liga,2024,Regular Season - 23,728,Rayo Vallecano,720,Valladolid,Estadio de Vallecas,Madrid,Gil Manzano,FT,Match Finished,1,0,0.0,0.0,1,0
1208699,2025-02-08T13:00:00+00:00,1739019600,140,La Liga,2024,Regular Season - 23,538,Celta Vigo,543,Real Betis,Estadio Abanca-Balaídos,Vigo,Mateo Busquets,FT,Match Finished,3,2,0.0,2.0,3,2
1208692,2025-02-08T15:15:00+00:00,1739027700,140,La Liga,2024,Regular Season - 23,531,Athletic Club,547,Girona,San Mamés Barria,Bilbao,José Sánchez,FT,Match Finished,3,0,2.0,0.0,3,0
1208695,2025-02-08T17:30:00+00:00,1739035800,140,La Liga,2024,Regular Season - 23,534,Las Palmas,533,Villarreal,Estadio de Gran Canaria,Las Palmas de Gran Canaria,Francisco Hernández,FT,Match Finished,1,2,0.0,0.0,1,2
1208697,2025-02-08T20:00:00+00:00,1739044800,140,La Liga,2024,Regular Season - 23,541,Real Madrid,530,Atletico Madrid,Estadio Santiago Bernabéu,Madrid,César Soto,FT,Match Finished,1,1,0.0,1.0,1,1
1208696,2025-02-09T13:00:00+00:00,1739106000,140,La Liga,2024,Regular Season - 23,542,Alaves,546,Getafe,Estadio de Mendizorroza,Vitoria-Gasteiz,Isidro Díaz de Mera,FT,Match Finished,0,1,0.0,1.0,0,1
1208700,2025-02-09T15:15:00+00:00,1739114100,140,La Liga,2024,Regular Season - 23,532,Valencia,537,Leganes,Estadio de Mestalla,Valencia,Guillermo Cuadra,FT,Match Finished,2,0,2.0,0.0,2,0
1212932,2025-02-09T17:30:00+00:00,1739122200,140,La Liga,2024,Regular Season - 23,548,Real Sociedad,540,Espanyol,Reale Arena,Donostia-San Sebastián,Javier Alberola,FT,Match Finished,2,1,1.0,0.0,2,1
1208698,2025-02-09T20:00:00+00:00,1739131200,140,La Liga,2024,Regular Season - 23,536,Sevilla,529,Barcelona,Estadio Ramón Sánchez Pizjuán,Sevilla,Alejandro Hernández,FT,Match Finished,1,4,1.0,1.0,1,4
1208693,2025-02-10T20:00:00+00:00,1739217600,140,La Liga,2024,Regular Season - 23,798,Mallorca,727,Osasuna,Estadi Mallorca Son Moix,Palma de Mallorca,Adrián Cordero,FT,Match Finished,1,1,0.0,0.0,1,1
1208705,2025-02-14T20:00:00+00:00,1739563200,140,La Liga,2024,Regular Season - 24,547,Girona,546,Getafe,Estadi Municipal de Montilivi,Girona,Alejandro Quintero,FT,Match Finished,1,2,0.0,1.0,1,2
1208709,2025-02-15T13:00:00+00:00,1739624400,140,La Liga,2024,Regular Season - 24,537,Leganes,542,Alaves,Estadio Municipal de Butarque,Leganés,Pablo González,FT,Match Finished,3,3,2.0,1.0,3,3
1208704,2025-02-15T15:15:00+00:00,1739632500,140,La Liga,2024,Regular Season - 24,727,Osasuna,541,Real Madrid,Estadio El Sadar,Iruñea,José Munuera,FT,Match Finished,1,1,0.0,1.0,1,1
1208701,2025-02-15T17:30:00+00:00,1739640600,140,La Liga,2024,Regular Season - 24,530,Atletico Madrid,538,Celta Vigo,Riyadh Air Metropolitano,Madrid,Juan Martínez,FT,Match Finished,1,1,0.0,0.0,1,1
1208707,2025-02-15T20:00:00+00:00,1739649600,140,La Liga,2024,Regular Season - 24,533,Villarreal,532,Valencia,Estadio de la Cerámica,Villarreal,Ricardo De Burgos,FT,Match Finished,1,1,1.0,0.0,1,1
1212933,2025-02-16T13:00:00+00:00,1739710800,140,La Liga,2024,Regular Season - 24,540,Espanyol,531,Athletic Club,RCDE Stadium,Cornella de Llobregat,Guillermo Cuadra,FT,Match Finished,1,1,0.0,0.0,1,1
1208706,2025-02-16T15:15:00+00:00,1739718900,140,La Liga,2024,Regular Season - 24,720,Valladolid,536,Sevilla,Estadio Municipal José Zorrilla,Valladolid,Javier Alberola,FT,Match Finished,0,4,0.0,2.0,0,4
1208708,2025-02-16T17:30:00+00:00,1739727000,140,La Liga,2024,Regular Season - 24,798,Mallorca,534,Las Palmas,Estadi Mallorca Son Moix,Palma de Mallorca,Miguel Ortiz,FT,Match Finished,3,1,3.0,0.0,3,1
1208703,2025-02-16T20:00:00+00:00,1739736000,140,La Liga,2024,Regular Season - 24,543,Real Betis,548,Real Sociedad,Estadio Benito Villamarín,Sevilla,Gil Manzano,FT,Match Finished,3,0,0.0,0.0,3,0
1208702,2025-02-17T20:00:00+00:00,1739822400,140,La Liga,2024,Regular Season - 24,529,Barcelona,728,Rayo Vallecano,Estadi Olímpic Lluís Companys,Barcelona,Mario Melero,FT,Match Finished,1,0,1.0,0.0,1,0
1208711,2025-02-21T20:00:00+00:00,1740168000,140,La Liga,2024,Regular Season - 25,538,Celta Vigo,727,Osasuna,Estadio Abanca-Balaídos,Vigo,José Sánchez,FT,Match Finished,1,0,0.0,0.0,1,0
1212934,2025-02-22T13:00:00+00:00,1740229200,140,La Liga,2024,Regular Season - 25,542,Alaves,540,Espanyol,Estadio de Mendizorroza,Vitoria-Gasteiz,Juan Pulido,FT,Match Finished,0,1,0.0,0.0,0,1
1208712,2025-02-22T15:15:00+00:00,1740237300,140,La Liga,2024,Regular Season - 25,728,Rayo Vallecano,533,Villarreal,Estadio de Vallecas,Madrid,Víctor García,FT,Match Finished,0,1,0.0,0.0,0,1
1208713,2025-02-22T17:30:00+00:00,1740245400,140,La Liga,2024,Regular Season - 25,532,Valencia,530,Atletico Madrid,Estadio de Mestalla,Valencia,Mateo Busquets,FT,Match Finished,0,3,0.0,2.0,0,3
1208714,2025-02-22T20:00:00+00:00,1740254400,140,La Liga,2024,Regular Season - 25,534,Las Palmas,529,Barcelona,Estadio de Gran Canaria,Las Palmas de Gran Canaria,Adrián Cordero,FT,Match Finished,0,2,0.0,0.0,0,2
1208710,2025-02-23T13:00:00+00:00,1740315600,140,La Liga,2024,Regular Season - 25,531,Athletic Club,720,Valladolid,San Mamés Barria,Bilbao,César Soto,FT,Match Finished,7,1,4.0,0.0,7,1
1208716,2025-02-23T15:15:00+00:00,1740323700,140,La Liga,2024,Regular Season - 25,541,Real Madrid,547,Girona,Estadio Santiago Bernabéu,Madrid,Guillermo Cuadra,FT,Match Finished,2,0,1.0,0.0,2,0
1208715,2025-02-23T17:30:00+00:00,1740331800,140,La Liga,2024,Regular Season - 25,546,Getafe,543,Real Betis,Estadio Coliseum,Getafe,Javier Alberola,FT,Match Finished,1,2,0.0,1.0,1,2
1208718,2025-02-23T20:00:00+00:00,1740340800,140,La Liga,2024,Regular Season - 25,548,Real Sociedad,537,Leganes,Reale Arena,Donostia-San Sebastián,Francisco Hernández,FT,Match Finished,3,0,1.0,0.0,3,0
1208717,2025-02-24T20:00:00+00:00,1740427200,140,La Liga,2024,Regular Season - 25,536,Sevilla,798,Mallorca,Estadio Ramón Sánchez Pizjuán,Sevilla,Alejandro Muñiz,FT,Match Finished,1,1,1.0,0.0,1,1
1208726,2025-02-28T20:00:00+00:00,1740772800,140,La Liga,2024,Regular Season - 26,720,Valladolid,534,Las Palmas,Estadio Municipal José Zorrilla,Valladolid,Ricardo De Burgos,FT,Match Finished,1,1,0.0,1.0,1,1
1208724,2025-03-01T13:00:00+00:00,1740834000,140,La Liga,2024,Regular Season - 26,547,Girona,538,Celta Vigo,Estadi Municipal de Montilivi,Girona,Miguel Ortiz,FT,Match Finished,2,2,1.0,1.0,2,2
1208722,2025-03-01T15:15:00+00:00,1740842100,140,La Liga,2024,Regular Season - 26,728,Rayo Vallecano,536,Sevilla,Estadio de Vallecas,Madrid,Pablo González,FT,Match Finished,1,1,0.0,0.0,1,1
1208720,2025-03-01T17:30:00+00:00,1740850200,140,La Liga,2024,Regular Season - 26,543,Real Betis,541,Real Madrid,Estadio Benito Villamarín,Sevilla,Alejandro Hernández,FT,Match Finished,2,1,1.0,1.0,2,1
1208723,2025-03-01T20:00:00+00:00,1740859200,140,La Liga,2024,Regular Season - 26,530,Atletico Madrid,531,Athletic Club,Riyadh Air Metropolitano,Madrid,Gil Manzano,FT,Match Finished,1,0,0.0,0.0,1,0
1208725,2025-03-02T13:00:00+00:00,1740920400,140,La Liga,2024,Regular Season - 26,537,Leganes,546,Getafe,Estadio Municipal de Butarque,Leganés,Alejandro Muñiz,FT,Match Finished,1,0,0.0,0.0,1,0
1208719,2025-03-02T15:15:00+00:00,1740928500,140,La Liga,2024,Regular Season - 26,529,Barcelona,548,Real Sociedad,Estadi Olímpic Lluís Companys,Barcelona,Alejandro Quintero,FT,Match Finished,4,0,2.0,0.0,4,0
1208727,2025-03-02T17:30:00+00:00,1740936600,140,La Liga,2024,Regular Season - 26,798,Mallorca,542,Alaves,Estadi Mallorca Son Moix,Palma de Mallorca,César Soto,FT,Match Finished,1,1,1.0,0.0,1,1
1208721,2025-03-02T20:00:00+00:00,1740945600,140,La Liga,2024,Regular Season - 26,727,Osasuna,532,Valencia,Estadio El Sadar,Iruñea,Mario Melero,FT,Match Finished,3,3,3.0,2.0,3,3
1208731,2025-03-08T13:00:00+00:00,1741438800,140,La Liga,2024,Regular Season - 27,538,Celta Vigo,537,Leganes,Estadio Abanca-Balaídos,Vigo,Isidro Díaz de Mera,FT,Match Finished,2,1,2.0,1.0,2,1
1208734,2025-03-08T15:15:00+00:00,1741446900,140,La Liga,2024,Regular Season - 27,542,Alaves,533,Villarreal,Estadio de Mendizorroza,Vitoria-Gasteiz,Miguel Ortiz,FT,Match Finished,1,0,1.0,0.0,1,0
1208733,2025-03-08T17:30:00+00:00,1741455000,140,La Liga,2024,Regular Season - 27,532,Valencia,720,Valladolid,Estadio de Mestalla,Valencia,Juan Pulido,FT,Match Finished,2,1,1.0,1.0,2,1
1208735,2025-03-09T13:00:00+00:00,1741525200,140,La Liga,2024,Regular Season - 27,546,Getafe,530,Atletico Madrid,Estadio Coliseum,Getafe,Guillermo Cuadra,FT,Match Finished,2,1,0.0,0.0,2,1
1208736,2025-03-09T15:15:00+00:00,1741533300,140,La Liga,2024,Regular Season - 27,541,Real Madrid,728,Rayo Vallecano,Estadio Santiago Bernabéu,Madrid,Francisco Hernández,FT,Match Finished,2,1,2.0,1.0,2,1
1208728,2025-03-09T17:30:00+00:00,1741541400,140,La Liga,2024,Regular Season - 27,531,Athletic Club,798,Mallorca,San Mamés Barria,Bilbao,Alejandro Hernández,FT,Match Finished,1,1,0.0,0.0,1,1
1208730,2025-03-09T17:30:00+00:00,1741541400,140,La Liga,2024,Regular Season - 27,543,Real Betis,534,Las Palmas,Estadio Benito Villamarín,Sevilla,José Sánchez,FT,Match Finished,1,0,0.0,0.0,1,0
1208732,2025-03-09T20:00:00+00:00,1741550400,140,La Liga,2024,Regular Season - 27,548,Real Sociedad,536,Sevilla,Reale Arena,Donostia-San Sebastián,Víctor García,FT,Match Finished,0,1,0.0,0.0,0,1
1212936,2025-03-10T20:00:00+00:00,1741636800,140,La Liga,2024,Regular Season - 27,540,Espanyol,547,Girona,RCDE Stadium,Cornella de Llobregat,Adrián Cordero,FT,Match Finished,1,1,0.0,0.0,1,1
1208745,2025-03-14T20:00:00+00:00,1741982400,140,La Liga,2024,Regular Season - 28,534,Las Palmas,542,Alaves,Estadio de Gran Canaria,Las Palmas de Gran Canaria,Mario Melero,FT,Match Finished,2,2,0.0,1.0,2,2
1208742,2025-03-15T13:00:00+00:00,1742043600,140,La Liga,2024,Regular Season - 28,720,Valladolid,538,Celta Vigo,Estadio Municipal José Zorrilla,Valladolid,Víctor García,FT,Match Finished,0,1,0.0,0.0,0,1
1212937,2025-03-15T15:15:00+00:00,1742051700,140,La Liga,2024,Regular Season - 28,798,Mallorca,540,Espanyol,Estadi Mallorca Son Moix,Palma de Mallorca,Alejandro Quintero,FT,Match Finished,2,1,0.0,0.0,2,1
1208744,2025-03-15T17:30:00+00:00,1742059800,140,La Liga,2024,Regular Season - 28,533,Villarreal,541,Real Madrid,Estadio de la Cerámica,Villarreal,Gil Manzano,FT,Match Finished,1,2,1.0,2.0,1,2
1208738,2025-03-15T20:00:00+00:00,1742068800,140,La Liga,2024,Regular Season - 28,547,Girona,532,Valencia,Estadi Municipal de Montilivi,Girona,José Munuera,FT,Match Finished,1,1,0.0,0.0,1,1
1208741,2025-03-16T13:00:00+00:00,1742130000,140,La Liga,2024,Regular Season - 28,537,Leganes,543,Real Betis,Estadio Municipal de Butarque,Leganés,César Soto,FT,Match Finished,2,3,2.0,0.0,2,3
1208740,2025-03-16T15:15:00+00:00,1742138100,140,La Liga,2024,Regular Season - 28,536,Sevilla,531,Athletic Club,Estadio Ramón Sánchez Pizjuán,Sevilla,Juan Pulido,FT,Match Finished,0,1,0.0,0.0,0,1
1208743,2025-03-16T17:30:00+00:00,1742146200,140,La Liga,2024,Regular Season - 28,727,Osasuna,546,Getafe,Estadio El Sadar,Iruñea,Alejandro Hernández,FT,Match Finished,1,2,1.0,0.0,1,2
1208739,2025-03-16T17:30:00+00:00,1742146200,140,La Liga,2024,Regular Season - 28,728,Rayo Vallecano,548,Real Sociedad,Estadio de Vallecas,Madrid,Alejandro Muñiz,FT,Match Finished,2,2,0.0,1.0,2,2
1208737,2025-03-16T20:00:00+00:00,1742155200,140,La Liga,2024,Regular Season - 28,530,Atletico Madrid,529,Barcelona,Riyadh Air Metropolitano,Madrid,Ricardo De Burgos,FT,Match Finished,2,4,1.0,0.0,2,4
1208729,2025-03-27T20:00:00+00:00,1743105600,140,La Liga,2024,Regular Season - 27,529,Barcelona,727,Osasuna,Estadi Olímpic Lluís Companys,Barcelona,Mateo Busquets,FT,Match Finished,3,0,2.0,0.0,3,0
1208751,2025-03-29T13:00:00+00:00,1743253200,140,La Liga,2024,Regular Season - 29,548,Real Sociedad,720,Valladolid,Reale Arena,Donostia-San Sebastián,Adrián Cordero,FT,Match Finished,2,1,1.0,0.0,2,1
1212938,2025-03-29T15:15:00+00:00,1743261300,140,La Liga,2024,Regular Season - 29,540,Espanyol,530,Atletico Madrid,RCDE Stadium,Cornella de Llobregat,Javier Alberola,FT,Match Finished,1,1,0.0,1.0,1,1
1208752,2025-03-29T17:30:00+00:00,1743269400,140,La Liga,2024,Regular Season - 29,542,Alaves,728,Rayo Vallecano,Estadio de Mendizorroza,Vitoria-Gasteiz,José Munuera,FT,Match Finished,0,2,0.0,1.0,0,2
1208754,2025-03-29T20:00:00+00:00,1743278400,140,La Liga,2024,Regular Season - 29,541,Real Madrid,537,Leganes,Estadio Santiago Bernabéu,Madrid,Pablo González,FT,Match Finished,3,2,1.0,2.0,3,2
1208750,2025-03-30T12:00:00+00:00,1743336000,140,La Liga,2024,Regular Season - 29,546,Getafe,533,Villarreal,Estadio Coliseum,Getafe,Isidro Díaz de Mera,FT,Match Finished,1,2,1.0,2.0,1,2
1208747,2025-03-30T14:15:00+00:00,1743344100,140,La Liga,2024,Regular Season - 29,529,Barcelona,547,Girona,Estadi Olímpic Lluís Companys,Barcelona,Juan Pulido,FT,Match Finished,4,1,1.0,0.0,4,1
1208746,2025-03-30T16:30:00+00:00,1743352200,140,La Liga,2024,Regular Season - 29,531,Athletic Club,727,Osasuna,San Mamés Barria,Bilbao,Guillermo Cuadra,FT,Match Finished,0,0,0.0,0.0,0,0
1208753,2025-03-30T16:30:00+00:00,1743352200,140,La Liga,2024,Regular Season - 29,532,Valencia,798,Mallorca,Estadio de Mestalla,Valencia,Francisco Hernández,FT,Match Finished,1,0,0.0,0.0,1,0
1208748,2025-03-30T19:00:00+00:00,1743361200,140,La Liga,2024,Regular Season - 29,543,Real Betis,536,Sevilla,Estadio Benito Villamarín,Sevilla,Mateo Busquets,FT,Match Finished,2,1,2.0,1.0,2,1
1208749,2025-03-31T19:00:00+00:00,1743447600,140,La Liga,2024,Regular Season - 29,538,Celta Vigo,534,Las Palmas,Estadio Abanca-Balaídos,Vigo,Juan Martínez,FT,Match Finished,1,1,1.0,0.0,1,1
1212939,2025-04-04T19:00:00+00:00,1743793200,140,La Liga,2024,Regular Season - 30,728,Rayo Vallecano,540,Espanyol,Estadio de Vallecas,Madrid,Alejandro Hernández,FT,Match Finished,0,4,0.0,2.0,0,4
1208763,2025-04-05T12:00:00+00:00,1743854400,140,La Liga,2024,Regular Season - 30,547,Girona,542,Alaves,Estadi Municipal de Montilivi,Girona,Alejandro Muñiz,FT,Match Finished,0,1,0.0,0.0,0,1
1208756,2025-04-05T14:15:00+00:00,1743862500,140,La Liga,2024,Regular Season - 30,541,Real Madrid,532,Valencia,Estadio Santiago Bernabéu,Madrid,Guillermo Cuadra,FT,Match Finished,1,2,0.0,1.0,1,2
1208761,2025-04-05T16:30:00+00:00,1743870600,140,La Liga,2024,Regular Season - 30,798,Mallorca,538,Celta Vigo,Estadi Mallorca Son Moix,Palma de Mallorca,Ricardo De Burgos,FT,Match Finished,1,2,1.0,0.0,1,2
1208755,2025-04-05T19:00:00+00:00,1743879600,140,La Liga,2024,Regular Season - 30,529,Barcelona,543,Real Betis,Estadi Olímpic Lluís Companys,Barcelona,Gil Manzano,FT,Match Finished,1,1,1.0,1.0,1,1
1208757,2025-04-06T12:00:00+00:00,1743940800,140,La Liga,2024,Regular Season - 30,534,Las Palmas,548,Real Sociedad,Estadio de Gran Canaria,Las Palmas de Gran Canaria,Miguel Ortiz,FT,Match Finished,1,3,0.0,1.0,1,3
1208760,2025-04-06T14:15:00+00:00,1743948900,140,La Liga,2024,Regular Season - 30,536,Sevilla,530,Atletico Madrid,Estadio Ramón Sánchez Pizjuán,Sevilla,César Soto,FT,Match Finished,1,2,1.0,1.0,1,2
1208762,2025-04-06T16:30:00+00:00,1743957000,140,La Liga,2024,Regular Season - 30,720,Valladolid,546,Getafe,Estadio Municipal José Zorrilla,Valladolid,Alejandro Quintero,FT,Match Finished,0,4,0.0,3.0,0,4
1208759,2025-04-06T19:00:00+00:00,1743966000,140,La Liga,2024,Regular Season - 30,533,Villarreal,531,Athletic Club,Estadio de la Cerámica,Villarreal,Mario Melero,FT,Match Finished,0,0,0.0,0.0,0,0
1208758,2025-04-07T19:00:00+00:00,1744052400,140,La Liga,2024,Regular Season - 30,537,Leganes,727,Osasuna,Estadio Municipal de Butarque,Leganés,Víctor García,FT,Match Finished,1,1,0.0,0.0,1,1
1208772,2025-04-11T19:00:00+00:00,1744398000,140,La Liga,2024,Regular Season - 31,532,Valencia,536,Sevilla,Estadio de Mestalla,Valencia,José Sánchez,FT,Match Finished,1,0,1.0,0.0,1,0
1208771,2025-04-12T12:00:00+00:00,1744459200,140,La Liga,2024,Regular Season - 31,548,Real Sociedad,798,Mallorca,Reale Arena,Donostia-San Sebastián,José Munuera,FT,Match Finished,0,2,0.0,1.0,0,2
1208767,2025-04-12T14:15:00+00:00,1744467300,140,La Liga,2024,Regular Season - 31,546,Getafe,534,Las Palmas,Estadio Coliseum,Getafe,Javier Alberola,FT,Match Finished,1,3,1.0,0.0,1,3
1212940,2025-04-12T16:30:00+00:00,1744475400,140,La Liga,2024,Regular Season - 31,538,Celta Vigo,540,Espanyol,Estadio Abanca-Balaídos,Vigo,Mateo Busquets,FT,Match Finished,0,2,0.0,1.0,0,2
1208769,2025-04-12T19:00:00+00:00,1744484400,140,La Liga,2024,Regular Season - 31,537,Leganes,529,Barcelona,Estadio Municipal de Butarque,Leganés,Francisco Hernández,FT,Match Finished,0,1,0.0,0.0,0,1
1208770,2025-04-13T12:00:00+00:00,1744545600,140,La Liga,2024,Regular Season - 31,727,Osasuna,547,Girona,Estadio El Sadar,Iruñea,Pablo González,FT,Match Finished,2,1,1.0,0.0,2,1
1208768,2025-04-13T14:15:00+00:00,1744553700,140,La Liga,2024,Regular Season - 31,542,Alaves,541,Real Madrid,Estadio de Mendizorroza,Vitoria-Gasteiz,César Soto,FT,Match Finished,0,1,0.0,1.0,0,1
1208766,2025-04-13T16:30:00+00:00,1744561800,140,La Liga,2024,Regular Season - 31,543,Real Betis,533,Villarreal,Estadio Benito Villamarín,Sevilla,Juan Pulido,FT,Match Finished,1,2,1.0,1.0,1,2
1208764,2025-04-13T19:00:00+00:00,1744570800,140,La Liga,2024,Regular Season - 31,531,Athletic Club,728,Rayo Vallecano,San Mamés Barria,Bilbao,Adrián Cordero,FT,Match Finished,3,1,0.0,1.0,3,1
1208765,2025-04-14T19:00:00+00:00,1744657200,140,La Liga,2024,Regular Season - 31,530,Atletico Madrid,720,Valladolid,Riyadh Air Metropolitano,Madrid,Isidro Díaz de Mera,FT,Match Finished,4,2,2.0,1.0,4,2
1212941,2025-04-18T19:00:00+00:00,1745002800,140,La Liga,2024,Regular Season - 32,540,Espanyol,546,Getafe,RCDE Stadium,Cornella de Llobregat,Ricardo De Burgos,FT,Match Finished,1,0,1.0,0.0,1,0
1208774,2025-04-19T12:00:00+00:00,1745064000,140,La Liga,2024,Regular Season - 32,728,Rayo Vallecano,532,Valencia,Estadio de Vallecas,Madrid,Alejandro Quintero,FT,Match Finished,1,1,1.0,0.0,1,1
1208773,2025-04-19T14:15:00+00:00,1745072100,140,La Liga,2024,Regular Season - 32,529,Barcelona,538,Celta Vigo,Estadi Olímpic Lluís Companys,Barcelona,Mario Melero,FT,Match Finished,4,3,1.0,1.0,4,3
1208781,2025-04-19T16:30:00+00:00,1745080200,140,La Liga,2024,Regular Season - 32,798,Mallorca,537,Leganes,Estadi Mallorca Son Moix,Palma de Mallorca,Alejandro Muñiz,FT,Match Finished,0,0,0.0,0.0,0,0
1208776,2025-04-19T19:00:00+00:00,1745089200,140,La Liga,2024,Regular Season - 32,534,Las Palmas,530,Atletico Madrid,Estadio de Gran Canaria,Las Palmas de Gran Canaria,Víctor García,FT,Match Finished,1,0,0.0,0.0,1,0
1208778,2025-04-20T12:00:00+00:00,1745150400,140,La Liga,2024,Regular Season - 32,720,Valladolid,727,Osasuna,Estadio Municipal José Zorrilla,Valladolid,Gil Manzano,FT,Match Finished,2,3,0.0,2.0,2,3
1208779,2025-04-20T14:15:00+00:00,1745158500,140,La Liga,2024,Regular Season - 32,533,Villarreal,548,Real Sociedad,Estadio de la Cerámica,Villarreal,Guillermo Cuadra,FT,Match Finished,2,2,1.0,1.0,2,2
1208780,2025-04-20T16:30:00+00:00,1745166600,140,La Liga,2024,Regular Season - 32,536,Sevilla,542,Alaves,Estadio Ramón Sánchez Pizjuán,Sevilla,Miguel Ortiz,FT,Match Finished,1,1,1.0,1.0,1,1
1208775,2025-04-20T19:00:00+00:00,1745175600,140,La Liga,2024,Regular Season - 32,541,Real Madrid,531,Athletic Club,Estadio Santiago Bernabéu,Madrid,Juan Martínez,FT,Match Finished,1,0,0.0,0.0,1,0
1208777,2025-04-21T19:00:00+00:00,1745262000,140,La Liga,2024,Regular Season - 32,547,Girona,543,Real Betis,Estadi Municipal de Montilivi,Girona,Alejandro Hernández,FT,Match Finished,1,3,0.0,3.0,1,3
1212942,2025-04-22T17:00:00+00:00,1745341200,140,La Liga,2024,Regular Season - 33,532,Valencia,540,Espanyol,Estadio de Mestalla,Valencia,Juan Pulido,FT,Match Finished,1,1,0.0,1.0,1,1
1208784,2025-04-22T19:30:00+00:00,1745350200,140,La Liga,2024,Regular Season - 33,529,Barcelona,798,Mallorca,Estadi Olímpic Lluís Companys,Barcelona,Miguel Ortiz,FT,Match Finished,1,0,0.0,0.0,1,0
1208782,2025-04-23T17:00:00+00:00,1745427600,140,La Liga,2024,Regular Season - 33,531,Athletic Club,534,Las Palmas,San Mamés Barria,Bilbao,Isidro Díaz de Mera,FT,Match Finished,1,0,1.0,0.0,1,0
1208786,2025-04-23T17:00:00+00:00,1745427600,140,La Liga,2024,Regular Season - 33,538,Celta Vigo,533,Villarreal,Estadio Abanca-Balaídos,Vigo,Javier Alberola,FT,Match Finished,3,0,1.0,0.0,3,0
1208789,2025-04-23T19:30:00+00:00,1745436600,140,La Liga,2024,Regular Season - 33,542,Alaves,548,Real Sociedad,Estadio de Mendizorroza,Vitoria-Gasteiz,Mateo Busquets,FT,Match Finished,1,0,0.0,0.0,1,0
1208787,2025-04-23T19:30:00+00:00,1745436600,140,La Liga,2024,Regular Season - 33,546,Getafe,541,Real Madrid,Estadio Coliseum,Getafe,José Sánchez,FT,Match Finished,0,1,0.0,1.0,0,1
1208790,2025-04-24T17:00:00+00:00,1745514000,140,La Liga,2024,Regular Season - 33,537,Leganes,547,Girona,Estadio Municipal de Butarque,Leganés,José Munuera,FT,Match Finished,1,1,0.0,0.0,1,1
1208788,2025-04-24T17:00:00+00:00,1745514000,140,La Liga,2024,Regular Season - 33,727,Osasuna,536,Sevilla,Estadio El Sadar,Iruñea,Adrián Cordero,FT,Match Finished,1,0,1.0,0.0,1,0
1208783,2025-04-24T19:30:00+00:00,1745523000,140,La Liga,2024,Regular Season - 33,530,Atletico Madrid,728,Rayo Vallecano,Riyadh Air Metropolitano,Madrid,Pablo González,FT,Match Finished,3,0,2.0,0.0,3,0
1208785,2025-04-24T19:30:00+00:00,1745523000,140,La Liga,2024,Regular Season - 33,543,Real Betis,720,Valladolid,Estadio Benito Villamarín,Sevilla,Francisco Hernández,FT,Match Finished,5,1,1.0,1.0,5,1
1212935,2025-04-27T14:15:00+00:00,1745763300,140,La Liga,2024,Regular Season - 26,533,Villarreal,540,Espanyol,Estadio de la Cerámica,Villarreal,José Munuera,FT,Match Finished,1,0,0.0,0.0,1,0
1208797,2025-05-02T19:00:00+00:00,1746212400,140,La Liga,2024,Regular Season - 34,728,Rayo Vallecano,546,Getafe,Estadio de Vallecas,Madrid,Víctor García,FT,Match Finished,1,0,1.0,0.0,1,0
1208793,2025-05-03T12:00:00+00:00,1746273600,140,La Liga,2024,Regular Season - 34,542,Alaves,530,Atletico Madrid,Estadio de Mendizorroza,Vitoria-Gasteiz,Juan Martínez,FT,Match Finished,0,0,0.0,0.0,0,0
1208798,2025-05-03T14:15:00+00:00,1746281700,140,La Liga,2024,Regular Season - 34,533,Villarreal,727,Osasuna,Estadio de la Cerámica,Villarreal,Alejandro Quintero,FT,Match Finished,4,2,3.0,0.0,4,2
1208792,2025-05-03T16:30:00+00:00,1746289800,140,La Liga,2024,Regular Season - 34,534,Las Palmas,532,Valencia,Estadio de Gran Canaria,Las Palmas de Gran Canaria,Ricardo De Burgos,FT,Match Finished,2,3,1.0,1.0,2,3
1208795,2025-05-03T19:00:00+00:00,1746298800,140,La Liga,2024,Regular Season - 34,720,Valladolid,529,Barcelona,Estadio Municipal José Zorrilla,Valladolid,Alejandro Muñiz,FT,Match Finished,1,2,1.0,0.0,1,2
1208796,2025-05-04T12:00:00+00:00,1746360000,140,La Liga,2024,Regular Season - 34,541,Real Madrid,538,Celta Vigo,Estadio Santiago Bernabéu,Madrid,Gil Manzano,FT,Match Finished,3,2,2.0,0.0,3,2
1208799,2025-05-04T14:15:00+00:00,1746368100,140,La Liga,2024,Regular Season - 34,536,Sevilla,537,Leganes,Estadio Ramón Sánchez Pizjuán,Sevilla,Alejandro Hernández,FT,Match Finished,2,2,1.0,1.0,2,2
1212943,2025-05-04T16:30:00+00:00,1746376200,140,La Liga,2024,Regular Season - 34,540,Espanyol,543,Real Betis,RCDE Stadium,Cornella de Llobregat,Guillermo Cuadra,FT,Match Finished,1,2,1.0,0.0,1,2
1208794,2025-05-04T19:00:00+00:00,1746385200,140,La Liga,2024,Regular Season - 34,548,Real Sociedad,531,Athletic Club,Reale Arena,Donostia-San Sebastián,César Soto,FT,Match Finished,0,0,0.0,0.0,0,0
1208791,2025-05-05T19:00:00+00:00,1746471600,140,La Liga,2024,Regular Season - 34,547,Girona,798,Mallorca,Estadi Municipal de Montilivi,Girona,Mario Melero,FT,Match Finished,1,0,1.0,0.0,1,0
1208806,2025-05-09T19:00:00+00:00,1746817200,140,La Liga,2024,Regular Season - 35,534,Las Palmas,728,Rayo Vallecano,Estadio de Gran Canaria,Las Palmas de Gran Canaria,Francisco Hernández,FT,Match Finished,0,1,0.0,0.0,0,1
1208807,2025-05-10T12:00:00+00:00,1746878400,140,La Liga,2024,Regular Season - 35,532,Valencia,546,Getafe,Estadio de Mestalla,Valencia,Adrián Cordero,FT,Match Finished,3,0,3.0,0.0,3,0
1208803,2025-05-10T14:15:00+00:00,1746886500,140,La Liga,2024,Regular Season - 35,538,Celta Vigo,536,Sevilla,Estadio Abanca-Balaídos,Vigo,Pablo González,FT,Match Finished,3,2,1.0,1.0,3,2
1208804,2025-05-10T16:30:00+00:00,1746894600,140,La Liga,2024,Regular Season - 35,547,Girona,533,Villarreal,Estadi Municipal de Montilivi,Girona,Isidro Díaz de Mera,FT,Match Finished,0,1,0.0,0.0,0,1
1208805,2025-05-10T16:30:00+00:00,1746894600,140,La Liga,2024,Regular Season - 35,798,Mallorca,720,Valladolid,Estadi Mallorca Son Moix,Palma de Mallorca,Juan Pulido,FT,Match Finished,2,1,1.0,1.0,2,1
1208800,2025-05-10T19:00:00+00:00,1746903600,140,La Liga,2024,Regular Season - 35,530,Atletico Madrid,548,Real Sociedad,Riyadh Air Metropolitano,Madrid,José Sánchez,FT,Match Finished,4,0,4.0,0.0,4,0
1212944,2025-05-11T12:00:00+00:00,1746964800,140,La Liga,2024,Regular Season - 35,537,Leganes,540,Espanyol,Estadio Municipal de Butarque,Leganés,Javier Alberola,FT,Match Finished,3,2,2.0,0.0,3,2
1208801,2025-05-11T14:15:00+00:00,1746972900,140,La Liga,2024,Regular Season - 35,529,Barcelona,541,Real Madrid,Estadi Olímpic Lluís Companys,Barcelona,Alejandro Hernández,FT,Match Finished,4,3,4.0,2.0,4,3
1208808,2025-05-11T16:30:00+00:00,1746981000,140,La Liga,2024,Regular Season - 35,531,Athletic Club,542,Alaves,San Mamés Barria,Bilbao,José Munuera,FT,Match Finished,1,0,0.0,0.0,1,0
1208802,2025-05-11T19:00:00+00:00,1746990000,140,La Liga,2024,Regular Season - 35,543,Real Betis,727,Osasuna,Estadio Benito Villamarín,Sevilla,Miguel Ortiz,FT,Match Finished,1,1,0.0,0.0,1,1
1208814,2025-05-13T17:00:00+00:00,1747155600,140,La Liga,2024,Regular Season - 36,720,Valladolid,547,Girona,Estadio Municipal José Zorrilla,Valladolid,Alejandro Quintero,FT,Match Finished,0,1,0.0,0.0,0,1
1208813,2025-05-13T18:00:00+00:00,1747159200,140,La Liga,2024,Regular Season - 36,548,Real Sociedad,538,Celta Vigo,Reale Arena,Donostia-San Sebastián,Víctor García,FT,Match Finished,0,1,0.0,1.0,0,1
1208816,2025-05-13T19:30:00+00:00,1747164600,140,La Liga,2024,Regular Season - 36,536,Sevilla,534,Las Palmas,Estadio Ramón Sánchez Pizjuán,Sevilla,Juan Martínez,FT,Match Finished,1,0,0.0,0.0,1,0
1208817,2025-05-14T17:00:00+00:00,1747242000,140,La Liga,2024,Regular Season - 36,533,Villarreal,537,Leganes,Estadio de la Cerámica,Villarreal,Ricardo De Burgos,FT,Match Finished,3,0,3.0,0.0,3,0
1208809,2025-05-14T17:00:00+00:00,1747242000,140,La Liga,2024,Regular Season - 36,542,Alaves,532,Valencia,Estadio de Mendizorroza,Vitoria-Gasteiz,Gil Manzano,FT,Match Finished,1,0,0.0,0.0,1,0
1208815,2025-05-14T19:30:00+00:00,1747251000,140,La Liga,2024,Regular Season - 36,541,Real Madrid,798,Mallorca,Estadio Santiago Bernabéu,Madrid,Javier Alberola,FT,Match Finished,2,1,0.0,1.0,2,1
1208811,2025-05-15T17:00:00+00:00,1747328400,140,La Liga,2024,Regular Season - 36,727,Osasuna,530,Atletico Madrid,Estadio El Sadar,Iruñea,Mario Melero,FT,Match Finished,2,0,1.0,0.0,2,0
1208812,2025-05-15T17:00:00+00:00,1747328400,140,La Liga,2024,Regular Season - 36,728,Rayo Vallecano,543,Real Betis,Estadio de Vallecas,Madrid,Pablo González,FT,Match Finished,2,2,2.0,0.0,2,2
1212945,2025-05-15T19:30:00+00:00,1747337400,140,La Liga,2024,Regular Season - 36,540,Espanyol,529,Barcelona,RCDE Stadium,Cornella de Llobregat,César Soto,FT,Match Finished,0,2,0.0,0.0,0,2
1208810,2025-05-15T19:30:00+00:00,1747337400,140,La Liga,2024,Regular Season - 36,546,Getafe,531,Athletic Club,Estadio Coliseum,Getafe,Guillermo Cuadra,FT,Match Finished,0,2,0.0,0.0,0,2
1208819,2025-05-18T17:00:00+00:00,1747587600,140,La Liga,2024,Regular Season - 37,529,Barcelona,533,Villarreal,Estadi Olímpic Lluís Companys,Barcelona,José Munuera,FT,Match Finished,2,3,2.0,1.0,2,3
1208818,2025-05-18T17:00:00+00:00,1747587600,140,La Liga,2024,Regular Season - 37,530,Atletico Madrid,543,Real Betis,Riyadh Air Metropolitano,Madrid,Adrián Cordero,FT,Match Finished,4,1,2.0,0.0,4,1
1208821,2025-05-18T17:00:00+00:00,1747587600,140,La Liga,2024,Regular Season - 37,532,Valencia,531,Athletic Club,Estadio de Mestalla,Valencia,Alejandro Muñiz,FT,Match Finished,0,1,0.0,0.0,0,1
1208826,2025-05-18T17:00:00+00:00,1747587600,140,La Liga,2024,Regular Season - 37,534,Las Palmas,537,Leganes,Estadio de Gran Canaria,Las Palmas de Gran Canaria,José Sánchez,FT,Match Finished,0,1,0.0,1.0,0,1
1208824,2025-05-18T17:00:00+00:00,1747587600,140,La Liga,2024,Regular Season - 37,536,Sevilla,541,Real Madrid,Estadio Ramón Sánchez Pizjuán,Sevilla,Mateo Busquets,FT,Match Finished,0,2,0.0,0.0,0,2
1208820,2025-05-18T17:00:00+00:00,1747587600,140,La Liga,2024,Regular Season - 37,538,Celta Vigo,728,Rayo Vallecano,Estadio Abanca-Balaídos,Vigo,Juan Pulido,FT,Match Finished,1,2,1.0,2.0,1,2
1208823,2025-05-18T17:00:00+00:00,1747587600,140,La Liga,2024,Regular Season - 37,548,Real Sociedad,547,Girona,Reale Arena,Donostia-San Sebastián,Miguel Ortiz,FT,Match Finished,3,2,2.0,1.0,3,2
1208825,2025-05-18T17:00:00+00:00,1747587600,140,La Liga,2024,Regular Season - 37,720,Valladolid,542,Alaves,Estadio Municipal José Zorrilla,Valladolid,Isidro Díaz de Mera,FT,Match Finished,0,1,0.0,1.0,0,1
1212946,2025-05-18T17:00:00+00:00,1747587600,140,La Liga,2024,Regular Season - 37,727,Osasuna,540,Espanyol,Estadio El Sadar,Iruñea,Francisco Hernández,FT,Match Finished,2,0,1.0,0.0,2,0
1208822,2025-05-18T17:00:00+00:00,1747587600,140,La Liga,2024,Regular Season - 37,798,Mallorca,546,Getafe,Estadi Mallorca Son Moix,Palma de Mallorca,Alejandro Hernández,FT,Match Finished,1,2,0.0,0.0,1,2
1208828,2025-05-23T19:00:00+00:00,1748026800,140,La Liga,2024,Regular Season - 38,543,Real Betis,532,Valencia,Estadio Benito Villamarín,Sevilla,Víctor García,FT,Match Finished,1,1,1.0,0.0,1,1
1208829,2025-05-24T14:15:00+00:00,1748096100,140,La Liga,2024,Regular Season - 38,541,Real Madrid,548,Real Sociedad,Estadio Santiago Bernabéu,Madrid,Mario Melero,FT,Match Finished,2,0,1.0,0.0,2,0
1208831,2025-05-24T16:30:00+00:00,1748104200,140,La Liga,2024,Regular Season - 38,537,Leganes,720,Valladolid,Estadio Municipal de Butarque,Leganés,César Soto,FT,Match Finished,3,0,3.0,0.0,3,0
1212947,2025-05-24T16:30:00+00:00,1748104200,140,La Liga,2024,Regular Season - 38,540,Espanyol,534,Las Palmas,RCDE Stadium,Cornella de Llobregat,Alejandro Muñiz,FT,Match Finished,2,0,0.0,0.0,2,0
1208830,2025-05-24T19:00:00+00:00,1748113200,140,La Liga,2024,Regular Season - 38,542,Alaves,727,Osasuna,Estadio de Mendizorroza,Vitoria-Gasteiz,Guillermo Cuadra,FT,Match Finished,1,1,0.0,0.0,1,1
1208833,2025-05-24T19:00:00+00:00,1748113200,140,La Liga,2024,Regular Season - 38,546,Getafe,538,Celta Vigo,Estadio Coliseum,Getafe,Juan Martínez,FT,Match Finished,1,2,1.0,1.0,1,2
1208834,2025-05-24T19:00:00+00:00,1748113200,140,La Liga,2024,Regular Season - 38,728,Rayo Vallecano,798,Mallorca,Estadio de Vallecas,Madrid,Ricardo De Burgos,FT,Match Finished,0,0,0.0,0.0,0,0
1208832,2025-05-25T12:00:00+00:00,1748174400,140,La Liga,2024,Regular Season - 38,547,Girona,530,Atletico Madrid,Estadi Municipal de Montilivi,Girona,Gil Manzano,FT,Match Finished,0,4,0.0,0.0,0,4
1208835,2025-05-25T14:15:00+00:00,1748182500,140,La Liga,2024,Regular Season - 38,533,Villarreal,536,Sevilla,Estadio de la Cerámica,Villarreal,Javier Alberola,FT,Match Finished,4,2,3.0,1.0,4,2
1208827,2025-05-25T19:00:00+00:00,1748199600,140,La Liga,2024,Regular Season - 38,531,Athletic Club,529,Barcelona,San Mamés Barria,Bilbao,Pablo González,FT,Match Finished,0,3,0.0,2.0,0,3
1223598,2024-08-17T16:30:00+00:00,1723912200,135,Serie A,2024,Regular Season - 1,495,Genoa,505,Inter,Stadio Comunale Luigi Ferraris,Genova,E. Feliciani,FT,Match Finished,2,2,1.0,1.0,2,2
1223604,2024-08-17T16:30:00+00:00,1723912200,135,Serie A,2024,Regular Season - 1,523,Parma,502,Fiorentina,Stadio Ennio Tardini,Parma,G. Ayroldi,FT,Match Finished,1,1,1.0,0.0,1,1
1223603,2024-08-17T18:45:00+00:00,1723920300,135,Serie A,2024,Regular Season - 1,489,AC Milan,503,Torino,Stadio Giuseppe Meazza,Milano,F. Maresca,FT,Match Finished,2,2,0.0,1.0,2,2
1223597,2024-08-17T18:45:00+00:00,1723920300,135,Serie A,2024,Regular Season - 1,511,Empoli,1579,Monza,Stadio Carlo Castellani – Computer Gross Arena,Empoli,M. Fabbri,FT,Match Finished,0,0,0.0,0.0,0,0
1223595,2024-08-18T16:30:00+00:00,1723998600,135,Serie A,2024,Regular Season - 1,500,Bologna,494,Udinese,Stadio Renato Dall'Ara,Bologna,M. Ferrieri Caputi,FT,Match Finished,1,1,0.0,0.0,1,1
1223599,2024-08-18T16:30:00+00:00,1723998600,135,Serie A,2024,Regular Season - 1,504,Verona,492,Napoli,Stadio Marcantonio Bentegodi,Verona,M. Marchetti,FT,Match Finished,3,0,0.0,0.0,3,0
1223601,2024-08-18T18:45:00+00:00,1724006700,135,Serie A,2024,Regular Season - 1,487,Lazio,517,Venezia,Stadio Olimpico,Roma,P. Tremolada,FT,Match Finished,3,1,2.0,1.0,3,1
1223596,2024-08-18T18:45:00+00:00,1724006700,135,Serie A,2024,Regular Season - 1,490,Cagliari,497,AS Roma,Unipol Domus,Cagliari,L. Marinelli,FT,Match Finished,0,0,0.0,0.0,0,0
1223602,2024-08-19T16:30:00+00:00,1724085000,135,Serie A,2024,Regular Season - 1,867,Lecce,499,Atalanta,Stadio Ettore Giardiniero - Via del Mare,Lecce,D. Massa,FT,Match Finished,0,4,0.0,2.0,0,4
1223600,2024-08-19T18:45:00+00:00,1724093100,135,Serie A,2024,Regular Season - 1,496,Juventus,895,Como,Allianz Stadium,Torino,M. Marcenaro,FT,Match Finished,3,0,2.0,0.0,3,0
1223614,2024-08-24T16:30:00+00:00,1724517000,135,Serie A,2024,Regular Season - 2,494,Udinese,487,Lazio,Bluenergy Stadium,Udine,D. Doveri,FT,Match Finished,2,1,1.0,0.0,2,1
1223611,2024-08-24T16:30:00+00:00,1724517000,135,Serie A,2024,Regular Season - 2,523,Parma,489,AC Milan,Stadio Ennio Tardini,Parma,J. Sacchi,FT,Match Finished,2,1,1.0,0.0,2,1
1223608,2024-08-24T18:45:00+00:00,1724525100,135,Serie A,2024,Regular Season - 2,505,Inter,867,Lecce,Stadio Giuseppe Meazza,Milano,D. Di Marco,FT,Match Finished,2,0,1.0,0.0,2,0
1223609,2024-08-24T18:45:00+00:00,1724525100,135,Serie A,2024,Regular Season - 2,1579,Monza,495,Genoa,U-Power Stadium,Monza,M. Mariani,FT,Match Finished,0,1,0.0,1.0,0,1
1223606,2024-08-25T16:30:00+00:00,1724603400,135,Serie A,2024,Regular Season - 2,502,Fiorentina,517,Venezia,Stadio Artemio Franchi,Firenze,S. Sozza,FT,Match Finished,0,0,0.0,0.0,0,0
1223613,2024-08-25T16:30:00+00:00,1724603400,135,Serie A,2024,Regular Season - 2,503,Torino,499,Atalanta,Stadio Olimpico Grande Torino,Torino,A. Rapuano,FT,Match Finished,2,1,1.0,1.0,2,1
1223610,2024-08-25T18:45:00+00:00,1724611500,135,Serie A,2024,Regular Season - 2,492,Napoli,500,Bologna,Stadio Diego Armando Maradona,Napoli,L. Pairetto,FT,Match Finished,3,0,1.0,0.0,3,0
1223612,2024-08-25T18:45:00+00:00,1724611500,135,Serie A,2024,Regular Season - 2,497,AS Roma,511,Empoli,Stadio Olimpico,Roma,L. Zufferli,FT,Match Finished,1,2,0.0,1.0,1,2
1223605,2024-08-26T16:30:00+00:00,1724689800,135,Serie A,2024,Regular Season - 2,490,Cagliari,895,Como,Unipol Domus,Cagliari,M. Di Bello,FT,Match Finished,1,1,1.0,0.0,1,1
1223607,2024-08-26T18:45:00+00:00,1724697900,135,Serie A,2024,Regular Season - 2,504,Verona,496,Juventus,Stadio Marcantonio Bentegodi,Verona,A. Giua,FT,Match Finished,0,3,0.0,2.0,0,3
1223624,2024-08-30T16:30:00+00:00,1725035400,135,Serie A,2024,Regular Season - 3,517,Venezia,503,Torino,Stadio Pier Luigi Penzo,Venezia,M. Marcenaro,FT,Match Finished,0,1,0.0,0.0,0,1
1223618,2024-08-30T18:45:00+00:00,1725043500,135,Serie A,2024,Regular Season - 3,505,Inter,499,Atalanta,Stadio Giuseppe Meazza,Milano,M. Marchetti,FT,Match Finished,4,0,2.0,0.0,4,0
1223615,2024-08-31T16:30:00+00:00,1725121800,135,Serie A,2024,Regular Season - 3,500,Bologna,511,Empoli,Stadio Renato Dall'Ara,Bologna,L. Marinelli,FT,Match Finished,1,1,1.0,1.0,1,1
1223621,2024-08-31T16:30:00+00:00,1725121800,135,Serie A,2024,Regular Season - 3,867,Lecce,490,Cagliari,Stadio Ettore Giardiniero - Via del Mare,Lecce,M. Fabbri,FT,Match Finished,1,0,1.0,0.0,1,0
1223620,2024-08-31T18:45:00+00:00,1725129900,135,Serie A,2024,Regular Season - 3,487,Lazio,489,AC Milan,Stadio Olimpico,Roma,D. Massa,FT,Match Finished,2,2,0.0,1.0,2,2
1223622,2024-08-31T18:45:00+00:00,1725129900,135,Serie A,2024,Regular Season - 3,492,Napoli,523,Parma,Stadio Diego Armando Maradona,Napoli,P. Tremolada,FT,Match Finished,2,1,0.0,1.0,2,1
1223617,2024-09-01T16:30:00+00:00,1725208200,135,Serie A,2024,Regular Season - 3,495,Genoa,504,Verona,Stadio Comunale Luigi Ferraris,Genova,G. Ayroldi,FT,Match Finished,0,2,0.0,0.0,0,2
1223616,2024-09-01T16:30:00+00:00,1725208200,135,Serie A,2024,Regular Season - 3,502,Fiorentina,1579,Monza,Stadio Artemio Franchi,Firenze,A. Colombo,FT,Match Finished,2,2,1.0,2.0,2,2
1223623,2024-09-01T18:45:00+00:00,1725216300,135,Serie A,2024,Regular Season - 3,494,Udinese,895,Como,Bluenergy Stadium,Udine,A. Prontera,FT,Match Finished,1,0,1.0,0.0,1,0
1223619,2024-09-01T18:45:00+00:00,1725216300,135,Serie A,2024,Regular Season - 3,496,Juventus,497,AS Roma,Allianz Stadium,Torino,M. Guida,FT,Match Finished,0,0,0.0,0.0,0,0
1223627,2024-09-14T13:00:00+00:00,1726318800,135,Serie A,2024,Regular Season - 4,895,Como,500,Bologna,Stadio Giuseppe Sinigaglia,Como,M. Piccinini,FT,Match Finished,2,2,1.0,0.0,2,2
1223628,2024-09-14T16:00:00+00:00,1726329600,135,Serie A,2024,Regular Season - 4,511,Empoli,496,Juventus,Stadio Carlo Castellani – Computer Gross Arena,Empoli,M. Di Bello,FT,Match Finished,0,0,0.0,0.0,0,0
1223631,2024-09-14T18:45:00+00:00,1726339500,135,Serie A,2024,Regular Season - 4,489,AC Milan,517,Venezia,Stadio Giuseppe Meazza,Milano,D. Di Marco,FT,Match Finished,4,0,4.0,0.0,4,0
1223629,2024-09-15T10:30:00+00:00,1726396200,135,Serie A,2024,Regular Season - 4,495,Genoa,497,AS Roma,Stadio Comunale Luigi Ferraris,Genova,A. Giua,FT,Match Finished,1,1,0.0,1.0,1,1
1223625,2024-09-15T13:00:00+00:00,1726405200,135,Serie A,2024,Regular Season - 4,499,Atalanta,502,Fiorentina,Gewiss Stadium,Bergamo,J. Sacchi,FT,Match Finished,3,2,3.0,2.0,3,2
1223634,2024-09-15T13:00:00+00:00,1726405200,135,Serie A,2024,Regular Season - 4,503,Torino,867,Lecce,Stadio Olimpico Grande Torino,Torino,A. Colombo,FT,Match Finished,0,0,0.0,0.0,0,0
1223626,2024-09-15T16:00:00+00:00,1726416000,135,Serie A,2024,Regular Season - 4,490,Cagliari,492,Napoli,Unipol Domus,Cagliari,F. La Penna,FT,Match Finished,0,4,0.0,1.0,0,4
1223632,2024-09-15T18:45:00+00:00,1726425900,135,Serie A,2024,Regular Season - 4,1579,Monza,505,Inter,U-Power Stadium,Monza,L. Pairetto,FT,Match Finished,1,1,0.0,0.0,1,1
1223633,2024-09-16T16:30:00+00:00,1726504200,135,Serie A,2024,Regular Season - 4,523,Parma,494,Udinese,Stadio Ennio Tardini,Parma,R. Abisso,FT,Match Finished,2,3,2.0,0.0,2,3
1223630,2024-09-16T18:45:00+00:00,1726512300,135,Serie A,2024,Regular Season - 4,487,Lazio,504,Verona,Stadio Olimpico,Roma,L. Zufferli,FT,Match Finished,2,1,2.0,1.0,2,1
1223636,2024-09-20T16:30:00+00:00,1726849800,135,Serie A,2024,Regular Season - 5,490,Cagliari,511,Empoli,Unipol Domus,Cagliari,S. Sozza,FT,Match Finished,0,2,0.0,1.0,0,2
1223638,2024-09-20T18:45:00+00:00,1726857900,135,Serie A,2024,Regular Season - 5,504,Verona,503,Torino,Stadio Marcantonio Bentegodi,Verona,L. Marinelli,FT,Match Finished,2,3,1.0,2.0,2,3
1223644,2024-09-21T13:00:00+00:00,1726923600,135,Serie A,2024,Regular Season - 5,517,Venezia,495,Genoa,Stadio Pier Luigi Penzo,Venezia,M. Marchetti,FT,Match Finished,2,0,0.0,0.0,2,0
1223640,2024-09-21T16:00:00+00:00,1726934400,135,Serie A,2024,Regular Season - 5,496,Juventus,492,Napoli,Allianz Stadium,Torino,D. Doveri,FT,Match Finished,0,0,0.0,0.0,0,0
1223641,2024-09-21T18:45:00+00:00,1726944300,135,Serie A,2024,Regular Season - 5,867,Lecce,523,Parma,Stadio Ettore Giardiniero - Via del Mare,Lecce,M. Guida,FT,Match Finished,2,2,1.0,0.0,2,2
1223637,2024-09-22T10:30:00+00:00,1727001000,135,Serie A,2024,Regular Season - 5,502,Fiorentina,487,Lazio,Stadio Artemio Franchi,Firenze,M. Marcenaro,FT,Match Finished,2,1,0.0,1.0,2,1
1223642,2024-09-22T13:00:00+00:00,1727010000,135,Serie A,2024,Regular Season - 5,1579,Monza,500,Bologna,U-Power Stadium,Monza,D. Massa,FT,Match Finished,1,2,1.0,1.0,1,2
1223643,2024-09-22T16:00:00+00:00,1727020800,135,Serie A,2024,Regular Season - 5,497,AS Roma,494,Udinese,Stadio Olimpico,Roma,E. Feliciani,FT,Match Finished,3,0,1.0,0.0,3,0
1223639,2024-09-22T18:45:00+00:00,1727030700,135,Serie A,2024,Regular Season - 5,505,Inter,489,AC Milan,Stadio Giuseppe Meazza,Milano,M. Mariani,FT,Match Finished,1,2,1.0,1.0,1,2
1223635,2024-09-24T18:45:00+00:00,1727203500,135,Serie A,2024,Regular Season - 5,499,Atalanta,895,Como,Gewiss Stadium,Bergamo,P. Tremolada,FT,Match Finished,2,3,1.0,0.0,2,3
1223649,2024-09-27T18:45:00+00:00,1727462700,135,Serie A,2024,Regular Season - 6,489,AC Milan,867,Lecce,Stadio Giuseppe Meazza,Milano,L. Zufferli,FT,Match Finished,3,0,3.0,0.0,3,0
1223654,2024-09-28T13:00:00+00:00,1727528400,135,Serie A,2024,Regular Season - 6,494,Udinese,505,Inter,Bluenergy Stadium,Udine,J. Sacchi,FT,Match Finished,2,3,1.0,2.0,2,3
1223648,2024-09-28T16:00:00+00:00,1727539200,135,Serie A,2024,Regular Season - 6,495,Genoa,496,Juventus,Stadio Comunale Luigi Ferraris,Genova,A. Colombo,FT,Match Finished,0,3,0.0,0.0,0,3
1223645,2024-09-28T18:45:00+00:00,1727549100,135,Serie A,2024,Regular Season - 6,500,Bologna,499,Atalanta,Stadio Renato Dall'Ara,Bologna,A. Rapuano,FT,Match Finished,1,1,0.0,0.0,1,1
1223653,2024-09-29T10:30:00+00:00,1727605800,135,Serie A,2024,Regular Season - 6,503,Torino,487,Lazio,Stadio Olimpico Grande Torino,Torino,S. Sozza,FT,Match Finished,2,3,0.0,1.0,2,3
1223652,2024-09-29T13:00:00+00:00,1727614800,135,Serie A,2024,Regular Season - 6,497,AS Roma,517,Venezia,Stadio Olimpico,Roma,R. Abisso,FT,Match Finished,2,1,0.0,1.0,2,1
1223646,2024-09-29T13:00:00+00:00,1727614800,135,Serie A,2024,Regular Season - 6,895,Como,504,Verona,Stadio Giuseppe Sinigaglia,Como,A. Giua,FT,Match Finished,3,2,1.0,0.0,3,2
1223647,2024-09-29T16:00:00+00:00,1727625600,135,Serie A,2024,Regular Season - 6,511,Empoli,502,Fiorentina,Stadio Carlo Castellani – Computer Gross Arena,Empoli,G. Aureliano,FT,Match Finished,0,0,0.0,0.0,0,0
1223650,2024-09-29T18:45:00+00:00,1727635500,135,Serie A,2024,Regular Season - 6,492,Napoli,1579,Monza,Stadio Diego Armando Maradona,Napoli,G. Manganiello,FT,Match Finished,2,0,2.0,0.0,2,0
1223651,2024-09-30T18:45:00+00:00,1727721900,135,Serie A,2024,Regular Season - 6,523,Parma,490,Cagliari,Stadio Ennio Tardini,Parma,F. Fourneau,FT,Match Finished,2,3,0.0,1.0,2,3
1223663,2024-10-04T16:30:00+00:00,1728059400,135,Serie A,2024,Regular Season - 7,492,Napoli,895,Como,Stadio Diego Armando Maradona,Napoli,E. Feliciani,FT,Match Finished,3,1,1.0,1.0,3,1
1223658,2024-10-04T18:45:00+00:00,1728067500,135,Serie A,2024,Regular Season - 7,504,Verona,517,Venezia,Stadio Marcantonio Bentegodi,Verona,M. Guida,FT,Match Finished,2,1,1.0,1.0,2,1
1223664,2024-10-05T13:00:00+00:00,1728133200,135,Serie A,2024,Regular Season - 7,494,Udinese,867,Lecce,Bluenergy Stadium,Udine,M. Mariani,FT,Match Finished,1,0,0.0,0.0,1,0
1223655,2024-10-05T16:00:00+00:00,1728144000,135,Serie A,2024,Regular Season - 7,499,Atalanta,495,Genoa,Gewiss Stadium,Bergamo,D. Chiffi,FT,Match Finished,5,1,1.0,0.0,5,1
1223659,2024-10-05T18:45:00+00:00,1728153900,135,Serie A,2024,Regular Season - 7,505,Inter,503,Torino,Stadio Giuseppe Meazza,Milano,M. Marcenaro,FT,Match Finished,3,2,2.0,1.0,3,2
1223660,2024-10-06T10:30:00+00:00,1728210600,135,Serie A,2024,Regular Season - 7,496,Juventus,490,Cagliari,Allianz Stadium,Torino,L. Marinelli,FT,Match Finished,1,1,1.0,0.0,1,1
1223661,2024-10-06T13:00:00+00:00,1728219600,135,Serie A,2024,Regular Season - 7,487,Lazio,511,Empoli,Stadio Olimpico,Roma,G. Ayroldi,FT,Match Finished,2,1,1.0,1.0,2,1
1223656,2024-10-06T13:00:00+00:00,1728219600,135,Serie A,2024,Regular Season - 7,500,Bologna,523,Parma,Stadio Renato Dall'Ara,Bologna,M. Di Bello,FT,Match Finished,0,0,0.0,0.0,0,0
1223662,2024-10-06T16:00:00+00:00,1728230400,135,Serie A,2024,Regular Season - 7,1579,Monza,497,AS Roma,U-Power Stadium,Monza,F. La Penna,FT,Match Finished,1,1,0.0,0.0,1,1
1223657,2024-10-06T18:45:00+00:00,1728240300,135,Serie A,2024,Regular Season - 7,502,Fiorentina,489,AC Milan,Stadio Artemio Franchi,Firenze,L. Pairetto,FT,Match Finished,2,1,1.0,0.0,2,1
1223668,2024-10-19T13:00:00+00:00,1729342800,135,Serie A,2024,Regular Season - 8,495,Genoa,500,Bologna,Stadio Comunale Luigi Ferraris,Genova,D. Doveri,FT,Match Finished,2,2,0.0,1.0,2,2
1223666,2024-10-19T13:00:00+00:00,1729342800,135,Serie A,2024,Regular Season - 8,895,Como,523,Parma,Stadio Giuseppe Sinigaglia,Como,M. Fabbri,FT,Match Finished,1,1,1.0,1.0,1,1
1223672,2024-10-19T16:00:00+00:00,1729353600,135,Serie A,2024,Regular Season - 8,489,AC Milan,494,Udinese,Stadio Giuseppe Meazza,Milano,D. Chiffi,FT,Match Finished,1,0,1.0,0.0,1,0
1223670,2024-10-19T18:45:00+00:00,1729363500,135,Serie A,2024,Regular Season - 8,496,Juventus,487,Lazio,Allianz Stadium,Torino,J. Sacchi,FT,Match Finished,1,0,0.0,0.0,1,0
1223667,2024-10-20T10:30:00+00:00,1729420200,135,Serie A,2024,Regular Season - 8,511,Empoli,492,Napoli,Stadio Carlo Castellani – Computer Gross Arena,Empoli,R. Abisso,FT,Match Finished,0,1,0.0,0.0,0,1
1223674,2024-10-20T13:00:00+00:00,1729429200,135,Serie A,2024,Regular Season - 8,517,Venezia,499,Atalanta,Stadio Pier Luigi Penzo,Venezia,L. Zufferli,FT,Match Finished,0,2,0.0,1.0,0,2
1223671,2024-10-20T13:00:00+00:00,1729429200,135,Serie A,2024,Regular Season - 8,867,Lecce,502,Fiorentina,Stadio Ettore Giardiniero - Via del Mare,Lecce,F. Fourneau,FT,Match Finished,0,6,0.0,3.0,0,6
1223665,2024-10-20T16:00:00+00:00,1729440000,135,Serie A,2024,Regular Season - 8,490,Cagliari,503,Torino,Unipol Domus,Cagliari,G. Aureliano,FT,Match Finished,3,2,1.0,1.0,3,2
1223673,2024-10-20T18:45:00+00:00,1729449900,135,Serie A,2024,Regular Season - 8,497,AS Roma,505,Inter,Stadio Olimpico,Roma,D. Massa,FT,Match Finished,0,1,0.0,0.0,0,1
1223669,2024-10-21T18:45:00+00:00,1729536300,135,Serie A,2024,Regular Season - 8,504,Verona,1579,Monza,Stadio Marcantonio Bentegodi,Verona,F. Dionisi,FT,Match Finished,0,3,0.0,1.0,0,3
1223684,2024-10-25T16:30:00+00:00,1729873800,135,Serie A,2024,Regular Season - 9,494,Udinese,490,Cagliari,Bluenergy Stadium,Udine,G. Manganiello,FT,Match Finished,2,0,1.0,0.0,2,0
1223683,2024-10-25T18:45:00+00:00,1729881900,135,Serie A,2024,Regular Season - 9,503,Torino,895,Como,Stadio Olimpico Grande Torino,Torino,G. Ayroldi,FT,Match Finished,1,0,0.0,0.0,1,0
1223681,2024-10-26T13:00:00+00:00,1729947600,135,Serie A,2024,Regular Season - 9,492,Napoli,867,Lecce,Stadio Diego Armando Maradona,Napoli,P. Tremolada,FT,Match Finished,1,0,0.0,0.0,1,0
1223675,2024-10-26T18:45:00+00:00,1729968300,135,Serie A,2024,Regular Season - 9,499,Atalanta,504,Verona,Gewiss Stadium,Bergamo,E. Feliciani,FT,Match Finished,6,1,5.0,1.0,6,1
1223682,2024-10-27T10:30:00+00:00,1730025000,135,Serie A,2024,Regular Season - 9,523,Parma,511,Empoli,Stadio Ennio Tardini,Parma,F. La Penna,FT,Match Finished,1,1,0.0,1.0,1,1
1223679,2024-10-27T13:00:00+00:00,1730034000,135,Serie A,2024,Regular Season - 9,487,Lazio,495,Genoa,Stadio Olimpico,Roma,M. Piccinini,FT,Match Finished,3,0,1.0,0.0,3,0
1223680,2024-10-27T13:00:00+00:00,1730034000,135,Serie A,2024,Regular Season - 9,1579,Monza,517,Venezia,U-Power Stadium,Monza,A. Rapuano,FT,Match Finished,2,2,2.0,2.0,2,2
1223678,2024-10-27T16:00:00+00:00,1730044800,135,Serie A,2024,Regular Season - 9,505,Inter,496,Juventus,Stadio Giuseppe Meazza,Milano,M. Guida,FT,Match Finished,4,4,3.0,2.0,4,4
1223677,2024-10-27T19:45:00+00:00,1730058300,135,Serie A,2024,Regular Season - 9,502,Fiorentina,497,AS Roma,Stadio Artemio Franchi,Firenze,S. Sozza,FT,Match Finished,5,1,3.0,1.0,5,1
1223686,2024-10-29T17:30:00+00:00,1730223000,135,Serie A,2024,Regular Season - 10,490,Cagliari,500,Bologna,Unipol Domus,Cagliari,F. Fourneau,FT,Match Finished,0,2,0.0,1.0,0,2
1223691,2024-10-29T17:30:00+00:00,1730223000,135,Serie A,2024,Regular Season - 10,867,Lecce,504,Verona,Stadio Ettore Giardiniero - Via del Mare,Lecce,M. Mariani,FT,Match Finished,1,0,0.0,0.0,1,0
1223692,2024-10-29T19:45:00+00:00,1730231100,135,Serie A,2024,Regular Season - 10,489,AC Milan,492,Napoli,Stadio Giuseppe Meazza,Milano,A. Colombo,FT,Match Finished,0,2,0.0,2.0,0,2
1223688,2024-10-30T17:30:00+00:00,1730309400,135,Serie A,2024,Regular Season - 10,511,Empoli,505,Inter,Stadio Carlo Castellani – Computer Gross Arena,Empoli,M. Marchetti,FT,Match Finished,0,3,0.0,0.0,0,3
1223694,2024-10-30T17:30:00+00:00,1730309400,135,Serie A,2024,Regular Season - 10,517,Venezia,494,Udinese,Stadio Pier Luigi Penzo,Venezia,D. Massa,FT,Match Finished,3,2,1.0,2.0,3,2
1223690,2024-10-30T19:45:00+00:00,1730317500,135,Serie A,2024,Regular Season - 10,496,Juventus,523,Parma,Allianz Stadium,Torino,L. Zufferli,FT,Match Finished,2,2,1.0,2.0,2,2
1223685,2024-10-30T19:45:00+00:00,1730317500,135,Serie A,2024,Regular Season - 10,499,Atalanta,1579,Monza,Gewiss Stadium,Bergamo,M. Piccinini,FT,Match Finished,2,0,0.0,0.0,2,0
1223689,2024-10-31T17:30:00+00:00,1730395800,135,Serie A,2024,Regular Season - 10,495,Genoa,502,Fiorentina,Stadio Comunale Luigi Ferraris,Genova,D. Chiffi,FT,Match Finished,0,1,0.0,0.0,0,1
1223693,2024-10-31T19:45:00+00:00,1730403900,135,Serie A,2024,Regular Season - 10,497,AS Roma,503,Torino,Stadio Olimpico,Roma,M. Fabbri,FT,Match Finished,1,0,1.0,0.0,1,0
1223687,2024-10-31T19:45:00+00:00,1730403900,135,Serie A,2024,Regular Season - 10,895,Como,487,Lazio,Stadio Giuseppe Sinigaglia,Como,L. Pairetto,FT,Match Finished,1,5,0.0,2.0,1,5
1223695,2024-11-02T14:00:00+00:00,1730556000,135,Serie A,2024,Regular Season - 11,500,Bologna,867,Lecce,Stadio Renato Dall'Ara,Bologna,G. Collu,FT,Match Finished,1,0,0.0,0.0,1,0
1223704,2024-11-02T17:00:00+00:00,1730566800,135,Serie A,2024,Regular Season - 11,494,Udinese,496,Juventus,Bluenergy Stadium,Udine,R. Abisso,FT,Match Finished,0,2,0.0,2.0,0,2
1223700,2024-11-02T19:45:00+00:00,1730576700,135,Serie A,2024,Regular Season - 11,1579,Monza,489,AC Milan,U-Power Stadium,Monza,E. Feliciani,FT,Match Finished,0,1,0.0,1.0,0,1
1223701,2024-11-03T11:30:00+00:00,1730633400,135,Serie A,2024,Regular Season - 11,492,Napoli,499,Atalanta,Stadio Diego Armando Maradona,Napoli,D. Doveri,FT,Match Finished,0,3,0.0,2.0,0,3
1223703,2024-11-03T14:00:00+00:00,1730642400,135,Serie A,2024,Regular Season - 11,503,Torino,502,Fiorentina,Stadio Olimpico Grande Torino,Torino,F. La Penna,FT,Match Finished,0,1,0.0,1.0,0,1
1223697,2024-11-03T17:00:00+00:00,1730653200,135,Serie A,2024,Regular Season - 11,504,Verona,497,AS Roma,Stadio Marcantonio Bentegodi,Verona,M. Marcenaro,FT,Match Finished,3,2,2.0,1.0,3,2
1223698,2024-11-03T19:45:00+00:00,1730663100,135,Serie A,2024,Regular Season - 11,505,Inter,517,Venezia,Stadio Giuseppe Meazza,Milano,M. Ferrieri Caputi,FT,Match Finished,1,0,0.0,0.0,1,0
1223696,2024-11-04T17:30:00+00:00,1730741400,135,Serie A,2024,Regular Season - 11,511,Empoli,895,Como,Stadio Carlo Castellani – Computer Gross Arena,Empoli,M. Di Bello,FT,Match Finished,1,0,0.0,0.0,1,0
1223702,2024-11-04T17:30:00+00:00,1730741400,135,Serie A,2024,Regular Season - 11,523,Parma,495,Genoa,Stadio Ennio Tardini,Parma,M. Guida,FT,Match Finished,0,1,0.0,0.0,0,1
1223699,2024-11-04T19:45:00+00:00,1730749500,135,Serie A,2024,Regular Season - 11,487,Lazio,490,Cagliari,Stadio Olimpico,Roma,G. Ayroldi,FT,Match Finished,2,1,1.0,1.0,2,1
1223708,2024-11-07T19:45:00+00:00,1731008700,135,Serie A,2024,Regular Season - 12,495,Genoa,895,Como,Stadio Comunale Luigi Ferraris,Genova,A. Rapuano,FT,Match Finished,1,1,0.0,1.0,1,1
1223711,2024-11-08T19:45:00+00:00,1731095100,135,Serie A,2024,Regular Season - 12,867,Lecce,511,Empoli,Stadio Ettore Giardiniero - Via del Mare,Lecce,J. Sacchi,FT,Match Finished,1,1,0.0,1.0,1,1
1223714,2024-11-09T14:00:00+00:00,1731160800,135,Serie A,2024,Regular Season - 12,517,Venezia,523,Parma,Stadio Pier Luigi Penzo,Venezia,D. Chiffi,FT,Match Finished,1,2,1.0,1.0,1,2
1223706,2024-11-09T17:00:00+00:00,1731171600,135,Serie A,2024,Regular Season - 12,490,Cagliari,489,AC Milan,Unipol Domus,Cagliari,M. Fabbri,FT,Match Finished,3,3,1.0,2.0,3,3
1223710,2024-11-09T19:45:00+00:00,1731181500,135,Serie A,2024,Regular Season - 12,496,Juventus,503,Torino,Allianz Stadium,Torino,S. Sozza,FT,Match Finished,2,0,1.0,0.0,2,0
1223705,2024-11-10T11:30:00+00:00,1731238200,135,Serie A,2024,Regular Season - 12,499,Atalanta,494,Udinese,Gewiss Stadium,Bergamo,M. Di Bello,FT,Match Finished,2,1,0.0,1.0,2,1
1223713,2024-11-10T14:00:00+00:00,1731247200,135,Serie A,2024,Regular Season - 12,497,AS Roma,500,Bologna,Stadio Olimpico,Roma,G. Manganiello,FT,Match Finished,2,3,0.0,1.0,2,3
1223707,2024-11-10T14:00:00+00:00,1731247200,135,Serie A,2024,Regular Season - 12,502,Fiorentina,504,Verona,Stadio Artemio Franchi,Firenze,L. Zufferli,FT,Match Finished,3,1,1.0,1.0,3,1
1223712,2024-11-10T17:00:00+00:00,1731258000,135,Serie A,2024,Regular Season - 12,1579,Monza,487,Lazio,U-Power Stadium,Monza,A. Colombo,FT,Match Finished,0,1,0.0,1.0,0,1
1223709,2024-11-10T19:45:00+00:00,1731267900,135,Serie A,2024,Regular Season - 12,505,Inter,492,Napoli,Stadio Giuseppe Meazza,Milano,M. Mariani,FT,Match Finished,1,1,1.0,1.0,1,1
1223718,2024-11-23T14:00:00+00:00,1732370400,135,Serie A,2024,Regular Season - 13,504,Verona,505,Inter,Stadio Marcantonio Bentegodi,Verona,A. Colombo,FT,Match Finished,0,5,0.0,5.0,0,5
1223720,2024-11-23T17:00:00+00:00,1732381200,135,Serie A,2024,Regular Season - 13,489,AC Milan,496,Juventus,Stadio Giuseppe Meazza,Milano,D. Chiffi,FT,Match Finished,0,0,0.0,0.0,0,0
1223722,2024-11-23T19:45:00+00:00,1732391100,135,Serie A,2024,Regular Season - 13,523,Parma,499,Atalanta,Stadio Ennio Tardini,Parma,G. Manganiello,FT,Match Finished,1,3,0.0,2.0,1,3
1223717,2024-11-24T11:30:00+00:00,1732447800,135,Serie A,2024,Regular Season - 13,495,Genoa,490,Cagliari,Stadio Comunale Luigi Ferraris,Genova,S. Sozza,FT,Match Finished,2,2,1.0,1.0,2,2
1223723,2024-11-24T14:00:00+00:00,1732456800,135,Serie A,2024,Regular Season - 13,503,Torino,1579,Monza,Stadio Olimpico Grande Torino,Torino,R. Abisso,FT,Match Finished,1,1,0.0,0.0,1,1
1223715,2024-11-24T14:00:00+00:00,1732456800,135,Serie A,2024,Regular Season - 13,895,Como,502,Fiorentina,Stadio Giuseppe Sinigaglia,Como,M. Marchetti,FT,Match Finished,0,2,0.0,1.0,0,2
1223721,2024-11-24T17:00:00+00:00,1732467600,135,Serie A,2024,Regular Season - 13,492,Napoli,497,AS Roma,Stadio Diego Armando Maradona,Napoli,D. Massa,FT,Match Finished,1,0,0.0,0.0,1,0
1223719,2024-11-24T19:45:00+00:00,1732477500,135,Serie A,2024,Regular Season - 13,487,Lazio,500,Bologna,Stadio Olimpico,Roma,A. Rapuano,FT,Match Finished,3,0,0.0,0.0,3,0
1223716,2024-11-25T17:30:00+00:00,1732555800,135,Serie A,2024,Regular Season - 13,511,Empoli,494,Udinese,Stadio Carlo Castellani – Computer Gross Arena,Empoli,L. Marinelli,FT,Match Finished,1,1,1.0,0.0,1,1
1223724,2024-11-25T19:45:00+00:00,1732563900,135,Serie A,2024,Regular Season - 13,517,Venezia,867,Lecce,Stadio Pier Luigi Penzo,Venezia,L. Pairetto,FT,Match Finished,0,1,0.0,0.0,0,1
1223726,2024-11-29T19:45:00+00:00,1732909500,135,Serie A,2024,Regular Season - 14,490,Cagliari,504,Verona,Unipol Domus,Cagliari,M. Mariani,FT,Match Finished,1,0,0.0,0.0,1,0
1223727,2024-11-30T14:00:00+00:00,1732975200,135,Serie A,2024,Regular Season - 14,895,Como,1579,Monza,Stadio Giuseppe Sinigaglia,Como,J. Sacchi,FT,Match Finished,1,1,1.0,0.0,1,1
1223730,2024-11-30T17:00:00+00:00,1732986000,135,Serie A,2024,Regular Season - 14,489,AC Milan,511,Empoli,Stadio Giuseppe Meazza,Milano,F. Dionisi,FT,Match Finished,3,0,2.0,0.0,3,0
1223725,2024-11-30T19:45:00+00:00,1732995900,135,Serie A,2024,Regular Season - 14,500,Bologna,517,Venezia,Stadio Renato Dall'Ara,Bologna,L. Massimi,FT,Match Finished,3,0,1.0,0.0,3,0
1223734,2024-12-01T11:30:00+00:00,1733052600,135,Serie A,2024,Regular Season - 14,494,Udinese,495,Genoa,Bluenergy Stadium,Udine,G. Aureliano,FT,Match Finished,0,2,0.0,1.0,0,2
1223733,2024-12-01T14:00:00+00:00,1733061600,135,Serie A,2024,Regular Season - 14,503,Torino,492,Napoli,Stadio Olimpico Grande Torino,Torino,M. Fabbri,FT,Match Finished,0,1,0.0,1.0,0,1
1223731,2024-12-01T14:00:00+00:00,1733061600,135,Serie A,2024,Regular Season - 14,523,Parma,487,Lazio,Stadio Ennio Tardini,Parma,L. Zufferli,FT,Match Finished,3,1,1.0,0.0,3,1
1223729,2024-12-01T19:45:00+00:00,1733082300,135,Serie A,2024,Regular Season - 14,867,Lecce,496,Juventus,Stadio Ettore Giardiniero - Via del Mare,Lecce,A. Rapuano,FT,Match Finished,1,1,0.0,0.0,1,1
1223732,2024-12-02T19:45:00+00:00,1733168700,135,Serie A,2024,Regular Season - 14,497,AS Roma,499,Atalanta,Stadio Olimpico,Roma,M. Guida,FT,Match Finished,0,2,0.0,0.0,0,2
1223739,2024-12-06T17:30:00+00:00,1733506200,135,Serie A,2024,Regular Season - 15,505,Inter,523,Parma,Stadio Giuseppe Meazza,Milano,R. Abisso,FT,Match Finished,3,1,1.0,0.0,3,1
1223735,2024-12-06T19:45:00+00:00,1733514300,135,Serie A,2024,Regular Season - 15,499,Atalanta,489,AC Milan,Gewiss Stadium,Bergamo,F. La Penna,FT,Match Finished,2,1,1.0,1.0,2,1
1223737,2024-12-07T14:00:00+00:00,1733580000,135,Serie A,2024,Regular Season - 15,495,Genoa,503,Torino,Stadio Comunale Luigi Ferraris,Genova,L. Marinelli,FT,Match Finished,0,0,0.0,0.0,0,0
1223740,2024-12-07T17:00:00+00:00,1733590800,135,Serie A,2024,Regular Season - 15,496,Juventus,500,Bologna,Allianz Stadium,Torino,M. Marchetti,FT,Match Finished,2,2,0.0,1.0,2,2
1223743,2024-12-07T19:45:00+00:00,1733600700,135,Serie A,2024,Regular Season - 15,497,AS Roma,867,Lecce,Stadio Olimpico,Roma,D. Chiffi,FT,Match Finished,4,1,1.0,1.0,4,1
1223736,2024-12-08T11:30:00+00:00,1733657400,135,Serie A,2024,Regular Season - 15,502,Fiorentina,490,Cagliari,Stadio Artemio Franchi,Firenze,M. Piccinini,FT,Match Finished,1,0,1.0,0.0,1,0
1223738,2024-12-08T14:00:00+00:00,1733666400,135,Serie A,2024,Regular Season - 15,504,Verona,511,Empoli,Stadio Marcantonio Bentegodi,Verona,M. Di Bello,FT,Match Finished,1,4,1.0,4.0,1,4
1223744,2024-12-08T17:00:00+00:00,1733677200,135,Serie A,2024,Regular Season - 15,517,Venezia,895,Como,Stadio Pier Luigi Penzo,Venezia,D. Doveri,FT,Match Finished,2,2,1.0,0.0,2,2
1223742,2024-12-08T19:45:00+00:00,1733687100,135,Serie A,2024,Regular Season - 15,492,Napoli,487,Lazio,Stadio Diego Armando Maradona,Napoli,A. Colombo,FT,Match Finished,0,1,0.0,0.0,0,1
1223741,2024-12-09T19:45:00+00:00,1733773500,135,Serie A,2024,Regular Season - 15,1579,Monza,494,Udinese,U-Power Stadium,Monza,G. Manganiello,FT,Match Finished,1,2,0.0,1.0,1,2
1223748,2024-12-13T19:45:00+00:00,1734119100,135,Serie A,2024,Regular Season - 16,511,Empoli,503,Torino,Stadio Carlo Castellani – Computer Gross Arena,Empoli,K. Bonacina,FT,Match Finished,0,1,0.0,0.0,0,1
1223746,2024-12-14T14:00:00+00:00,1734184800,135,Serie A,2024,Regular Season - 16,490,Cagliari,499,Atalanta,Unipol Domus,Cagliari,L. Pairetto,FT,Match Finished,0,1,0.0,0.0,0,1
1223754,2024-12-14T17:00:00+00:00,1734195600,135,Serie A,2024,Regular Season - 16,494,Udinese,492,Napoli,Bluenergy Stadium,Udine,D. Doveri,FT,Match Finished,1,3,1.0,0.0,1,3
1223749,2024-12-14T19:45:00+00:00,1734205500,135,Serie A,2024,Regular Season - 16,496,Juventus,517,Venezia,Allianz Stadium,Torino,A. Giua,FT,Match Finished,2,2,1.0,0.0,2,2
1223751,2024-12-15T11:30:00+00:00,1734262200,135,Serie A,2024,Regular Season - 16,867,Lecce,1579,Monza,Stadio Ettore Giardiniero - Via del Mare,Lecce,M. Mariani,FT,Match Finished,2,1,2.0,1.0,2,1
1223745,2024-12-15T14:00:00+00:00,1734271200,135,Serie A,2024,Regular Season - 16,500,Bologna,502,Fiorentina,Stadio Renato Dall'Ara,Bologna,M. Fabbri,FT,Match Finished,1,0,0.0,0.0,1,0
1223753,2024-12-15T14:00:00+00:00,1734271200,135,Serie A,2024,Regular Season - 16,523,Parma,504,Verona,Stadio Ennio Tardini,Parma,S. Sozza,FT,Match Finished,2,3,1.0,1.0,2,3
1223747,2024-12-15T17:00:00+00:00,1734282000,135,Serie A,2024,Regular Season - 16,895,Como,497,AS Roma,Stadio Giuseppe Sinigaglia,Como,A. Rapuano,FT,Match Finished,2,0,0.0,0.0,2,0
1223752,2024-12-15T19:45:00+00:00,1734291900,135,Serie A,2024,Regular Season - 16,489,AC Milan,495,Genoa,Stadio Giuseppe Meazza,Milano,M. Guida,FT,Match Finished,0,0,0.0,0.0,0,0
1223750,2024-12-16T19:45:00+00:00,1734378300,135,Serie A,2024,Regular Season - 16,487,Lazio,505,Inter,Stadio Olimpico,Roma,D. Chiffi,FT,Match Finished,0,6,0.0,2.0,0,6
1223758,2024-12-20T19:45:00+00:00,1734723900,135,Serie A,2024,Regular Season - 17,504,Verona,489,AC Milan,Stadio Marcantonio Bentegodi,Verona,L. Marinelli,FT,Match Finished,0,1,0.0,0.0,0,1
1223763,2024-12-21T14:00:00+00:00,1734789600,135,Serie A,2024,Regular Season - 17,503,Torino,500,Bologna,Stadio Olimpico Grande Torino,Torino,M. Piccinini,FT,Match Finished,0,2,0.0,0.0,0,2
1223757,2024-12-21T17:00:00+00:00,1734800400,135,Serie A,2024,Regular Season - 17,495,Genoa,492,Napoli,Stadio Comunale Luigi Ferraris,Genova,F. La Penna,FT,Match Finished,1,2,0.0,2.0,1,2
1223760,2024-12-21T19:45:00+00:00,1734810300,135,Serie A,2024,Regular Season - 17,867,Lecce,487,Lazio,Stadio Ettore Giardiniero - Via del Mare,Lecce,G. Manganiello,FT,Match Finished,1,2,0.0,1.0,1,2
1223762,2024-12-22T11:30:00+00:00,1734867000,135,Serie A,2024,Regular Season - 17,497,AS Roma,523,Parma,Stadio Olimpico,Roma,M. Di Bello,FT,Match Finished,5,0,2.0,0.0,5,0
1223764,2024-12-22T14:00:00+00:00,1734876000,135,Serie A,2024,Regular Season - 17,517,Venezia,490,Cagliari,Stadio Pier Luigi Penzo,Venezia,M. Guida,FT,Match Finished,2,1,1.0,0.0,2,1
1223755,2024-12-22T17:00:00+00:00,1734886800,135,Serie A,2024,Regular Season - 17,499,Atalanta,511,Empoli,Gewiss Stadium,Bergamo,E. Feliciani,FT,Match Finished,3,2,2.0,1.0,3,2
1223761,2024-12-22T19:45:00+00:00,1734896700,135,Serie A,2024,Regular Season - 17,1579,Monza,496,Juventus,U-Power Stadium,Monza,D. Massa,FT,Match Finished,1,2,1.0,2.0,1,2
1223756,2024-12-23T17:30:00+00:00,1734975000,135,Serie A,2024,Regular Season - 17,502,Fiorentina,494,Udinese,Stadio Artemio Franchi,Firenze,M. Marcenaro,FT,Match Finished,1,2,1.0,0.0,1,2
1223759,2024-12-23T19:45:00+00:00,1734983100,135,Serie A,2024,Regular Season - 17,505,Inter,895,Como,Stadio Giuseppe Meazza,Milano,A. Giua,FT,Match Finished,2,0,0.0,0.0,2,0
1223768,2024-12-28T14:00:00+00:00,1735394400,135,Serie A,2024,Regular Season - 18,511,Empoli,495,Genoa,Stadio Carlo Castellani – Computer Gross Arena,Empoli,A. Rapuano,FT,Match Finished,1,2,0.0,0.0,1,2
1223773,2024-12-28T14:00:00+00:00,1735394400,135,Serie A,2024,Regular Season - 18,523,Parma,1579,Monza,Stadio Ennio Tardini,Parma,F. La Penna,FT,Match Finished,2,1,0.0,0.0,2,1
1223766,2024-12-28T17:00:00+00:00,1735405200,135,Serie A,2024,Regular Season - 18,490,Cagliari,505,Inter,Unipol Domus,Cagliari,D. Doveri,FT,Match Finished,0,3,0.0,0.0,0,3
1223770,2024-12-28T19:45:00+00:00,1735415100,135,Serie A,2024,Regular Season - 18,487,Lazio,499,Atalanta,Stadio Olimpico,Roma,D. Massa,FT,Match Finished,1,1,1.0,0.0,1,1
1223774,2024-12-29T11:30:00+00:00,1735471800,135,Serie A,2024,Regular Season - 18,494,Udinese,503,Torino,Bluenergy Stadium,Udine,F. Fourneau,FT,Match Finished,2,2,1.0,0.0,2,2
1223772,2024-12-29T14:00:00+00:00,1735480800,135,Serie A,2024,Regular Season - 18,492,Napoli,517,Venezia,Stadio Diego Armando Maradona,Napoli,F. Cosso,FT,Match Finished,1,0,0.0,0.0,1,0
1223769,2024-12-29T17:00:00+00:00,1735491600,135,Serie A,2024,Regular Season - 18,496,Juventus,502,Fiorentina,Allianz Stadium,Torino,M. Mariani,FT,Match Finished,2,2,1.0,1.0,2,2
1223771,2024-12-29T19:45:00+00:00,1735501500,135,Serie A,2024,Regular Season - 18,489,AC Milan,497,AS Roma,Stadio Giuseppe Meazza,Milano,M. Fabbri,FT,Match Finished,1,1,1.0,1.0,1,1
1223767,2024-12-30T17:30:00+00:00,1735579800,135,Serie A,2024,Regular Season - 18,895,Como,867,Lecce,Stadio Giuseppe Sinigaglia,Como,M. Piccinini,FT,Match Finished,2,0,0.0,0.0,2,0
1223765,2024-12-30T19:45:00+00:00,1735587900,135,Serie A,2024,Regular Season - 18,500,Bologna,504,Verona,Stadio Renato Dall'Ara,Bologna,G. Ayroldi,FT,Match Finished,2,3,1.0,2.0,2,3
1223784,2025-01-04T14:00:00+00:00,1735999200,135,Serie A,2024,Regular Season - 19,517,Venezia,511,Empoli,Stadio Pier Luigi Penzo,Venezia,J. Sacchi,FT,Match Finished,1,1,1.0,1.0,1,1
1223777,2025-01-04T17:00:00+00:00,1736010000,135,Serie A,2024,Regular Season - 19,502,Fiorentina,492,Napoli,Stadio Artemio Franchi,Firenze,G. Manganiello,FT,Match Finished,0,3,0.0,1.0,0,3
1223778,2025-01-04T19:45:00+00:00,1736019900,135,Serie A,2024,Regular Season - 19,504,Verona,494,Udinese,Stadio Marcantonio Bentegodi,Verona,F. Dionisi,FT,Match Finished,0,0,0.0,0.0,0,0
1223781,2025-01-05T11:30:00+00:00,1736076600,135,Serie A,2024,Regular Season - 19,1579,Monza,490,Cagliari,U-Power Stadium,Monza,M. Di Bello,FT,Match Finished,1,2,1.0,1.0,1,2
1223780,2025-01-05T14:00:00+00:00,1736085600,135,Serie A,2024,Regular Season - 19,867,Lecce,495,Genoa,Stadio Ettore Giardiniero - Via del Mare,Lecce,L. Marinelli,FT,Match Finished,0,0,0.0,0.0,0,0
1223783,2025-01-05T17:00:00+00:00,1736096400,135,Serie A,2024,Regular Season - 19,503,Torino,523,Parma,Stadio Olimpico Grande Torino,Torino,E. Feliciani,FT,Match Finished,0,0,0.0,0.0,0,0
1223782,2025-01-05T19:45:00+00:00,1736106300,135,Serie A,2024,Regular Season - 19,497,AS Roma,487,Lazio,Stadio Olimpico,Roma,L. Pairetto,FT,Match Finished,2,0,2.0,0.0,2,0
1223788,2025-01-10T19:45:00+00:00,1736538300,135,Serie A,2024,Regular Season - 20,487,Lazio,895,Como,Stadio Olimpico,Roma,P. Tremolada,FT,Match Finished,1,1,1.0,0.0,1,1
1223793,2025-01-11T14:00:00+00:00,1736604000,135,Serie A,2024,Regular Season - 20,494,Udinese,499,Atalanta,Bluenergy Stadium,Udine,M. Mariani,FT,Match Finished,0,0,0.0,0.0,0,0
1223786,2025-01-11T14:00:00+00:00,1736604000,135,Serie A,2024,Regular Season - 20,511,Empoli,867,Lecce,Stadio Carlo Castellani – Computer Gross Arena,Empoli,D. Chiffi,FT,Match Finished,1,3,0.0,2.0,1,3
1223792,2025-01-11T17:00:00+00:00,1736614800,135,Serie A,2024,Regular Season - 20,503,Torino,496,Juventus,Stadio Olimpico Grande Torino,Torino,M. Fabbri,FT,Match Finished,1,1,1.0,1.0,1,1
1223789,2025-01-11T19:45:00+00:00,1736624700,135,Serie A,2024,Regular Season - 20,489,AC Milan,490,Cagliari,Stadio Giuseppe Meazza,Milano,F. Fourneau,FT,Match Finished,1,1,0.0,0.0,1,1
1223787,2025-01-12T11:30:00+00:00,1736681400,135,Serie A,2024,Regular Season - 20,495,Genoa,523,Parma,Stadio Comunale Luigi Ferraris,Genova,A. Colombo,FT,Match Finished,1,0,0.0,0.0,1,0
1223794,2025-01-12T14:00:00+00:00,1736690400,135,Serie A,2024,Regular Season - 20,517,Venezia,505,Inter,Stadio Pier Luigi Penzo,Venezia,M. Piccinini,FT,Match Finished,0,1,0.0,1.0,0,1
1223785,2025-01-12T17:00:00+00:00,1736701200,135,Serie A,2024,Regular Season - 20,500,Bologna,497,AS Roma,Stadio Renato Dall'Ara,Bologna,R. Abisso,FT,Match Finished,2,2,0.0,0.0,2,2
1223791,2025-01-12T19:45:00+00:00,1736711100,135,Serie A,2024,Regular Season - 20,492,Napoli,504,Verona,Stadio Diego Armando Maradona,Napoli,L. Zufferli,FT,Match Finished,2,0,1.0,0.0,2,0
1223790,2025-01-13T19:45:00+00:00,1736797500,135,Serie A,2024,Regular Season - 20,1579,Monza,502,Fiorentina,U-Power Stadium,Monza,F. Dionisi,FT,Match Finished,2,1,1.0,0.0,2,1
1223776,2025-01-14T17:30:00+00:00,1736875800,135,Serie A,2024,Regular Season - 19,895,Como,489,AC Milan,Stadio Giuseppe Sinigaglia,Como,G. Manganiello,FT,Match Finished,1,2,0.0,0.0,1,2
1223775,2025-01-14T19:45:00+00:00,1736883900,135,Serie A,2024,Regular Season - 19,499,Atalanta,496,Juventus,Gewiss Stadium,Bergamo,D. Doveri,FT,Match Finished,1,1,0.0,0.0,1,1
1223779,2025-01-15T19:45:00+00:00,1736970300,135,Serie A,2024,Regular Season - 19,505,Inter,500,Bologna,Stadio Giuseppe Meazza,Milano,L. Pairetto,FT,Match Finished,2,2,2.0,1.0,2,2
1223804,2025-01-17T19:45:00+00:00,1737143100,135,Serie A,2024,Regular Season - 21,497,AS Roma,495,Genoa,Stadio Olimpico,Roma,L. Zufferli,FT,Match Finished,3,1,1.0,1.0,3,1
1223796,2025-01-18T14:00:00+00:00,1737208800,135,Serie A,2024,Regular Season - 21,500,Bologna,1579,Monza,Stadio Renato Dall'Ara,Bologna,M. Mariani,FT,Match Finished,3,1,2.0,1.0,3,1
1223802,2025-01-18T17:00:00+00:00,1737219600,135,Serie A,2024,Regular Season - 21,496,Juventus,489,AC Milan,Allianz Stadium,Torino,D. Massa,FT,Match Finished,2,0,0.0,0.0,2,0
1223795,2025-01-18T19:45:00+00:00,1737229500,135,Serie A,2024,Regular Season - 21,499,Atalanta,492,Napoli,Gewiss Stadium,Bergamo,A. Colombo,FT,Match Finished,2,3,1.0,2.0,2,3
1223799,2025-01-19T11:30:00+00:00,1737286200,135,Serie A,2024,Regular Season - 21,502,Fiorentina,503,Torino,Stadio Artemio Franchi,Firenze,L. Marinelli,FT,Match Finished,1,1,1.0,0.0,1,1
1223797,2025-01-19T14:00:00+00:00,1737295200,135,Serie A,2024,Regular Season - 21,490,Cagliari,867,Lecce,Unipol Domus,Cagliari,J. Sacchi,FT,Match Finished,4,1,0.0,1.0,4,1
1223803,2025-01-19T14:00:00+00:00,1737295200,135,Serie A,2024,Regular Season - 21,523,Parma,517,Venezia,Stadio Ennio Tardini,Parma,F. Fourneau,FT,Match Finished,1,1,0.0,1.0,1,1
1223800,2025-01-19T17:00:00+00:00,1737306000,135,Serie A,2024,Regular Season - 21,504,Verona,487,Lazio,Stadio Marcantonio Bentegodi,Verona,M. Fabbri,FT,Match Finished,0,3,0.0,2.0,0,3
1223801,2025-01-19T19:45:00+00:00,1737315900,135,Serie A,2024,Regular Season - 21,505,Inter,511,Empoli,Stadio Giuseppe Meazza,Milano,E. Feliciani,FT,Match Finished,3,1,0.0,0.0,3,1
1223798,2025-01-20T19:45:00+00:00,1737402300,135,Serie A,2024,Regular Season - 21,895,Como,494,Udinese,Stadio Giuseppe Sinigaglia,Como,F. Cosso,FT,Match Finished,4,1,2.0,0.0,4,1
1223812,2025-01-24T19:45:00+00:00,1737747900,135,Serie A,2024,Regular Season - 22,503,Torino,490,Cagliari,Stadio Olimpico Grande Torino,Torino,K. Bonacina,FT,Match Finished,2,0,1.0,0.0,2,0
1223805,2025-01-25T14:00:00+00:00,1737813600,135,Serie A,2024,Regular Season - 22,895,Como,499,Atalanta,Stadio Giuseppe Sinigaglia,Como,L. Pairetto,FT,Match Finished,1,2,1.0,0.0,1,2
1223811,2025-01-25T17:00:00+00:00,1737824400,135,Serie A,2024,Regular Season - 22,492,Napoli,496,Juventus,Stadio Diego Armando Maradona,Napoli,D. Chiffi,FT,Match Finished,2,1,0.0,1.0,2,1
1223806,2025-01-25T19:45:00+00:00,1737834300,135,Serie A,2024,Regular Season - 22,511,Empoli,500,Bologna,Stadio Carlo Castellani – Computer Gross Arena,Empoli,F. La Penna,FT,Match Finished,1,1,1.0,1.0,1,1
1223810,2025-01-26T11:30:00+00:00,1737891000,135,Serie A,2024,Regular Season - 22,489,AC Milan,523,Parma,Stadio Giuseppe Meazza,Milano,R. Abisso,FT,Match Finished,3,2,1.0,1.0,3,2
1223813,2025-01-26T14:00:00+00:00,1737900000,135,Serie A,2024,Regular Season - 22,494,Udinese,497,AS Roma,Bluenergy Stadium,Udine,S. Sozza,FT,Match Finished,1,2,1.0,0.0,1,2
1223809,2025-01-26T17:00:00+00:00,1737910800,135,Serie A,2024,Regular Season - 22,867,Lecce,505,Inter,Stadio Ettore Giardiniero - Via del Mare,Lecce,L. Marinelli,FT,Match Finished,0,4,0.0,2.0,0,4
1223808,2025-01-26T19:45:00+00:00,1737920700,135,Serie A,2024,Regular Season - 22,487,Lazio,502,Fiorentina,Stadio Olimpico,Roma,A. Rapuano,FT,Match Finished,1,2,0.0,2.0,1,2
1223814,2025-01-27T17:30:00+00:00,1737999000,135,Serie A,2024,Regular Season - 22,517,Venezia,504,Verona,Stadio Pier Luigi Penzo,Venezia,G. Manganiello,FT,Match Finished,1,1,1.0,0.0,1,1
1223807,2025-01-27T19:45:00+00:00,1738007100,135,Serie A,2024,Regular Season - 22,495,Genoa,1579,Monza,Stadio Comunale Luigi Ferraris,Genova,D. Doveri,FT,Match Finished,2,0,0.0,0.0,2,0
1223822,2025-01-31T19:45:00+00:00,1738352700,135,Serie A,2024,Regular Season - 23,523,Parma,867,Lecce,Stadio Ennio Tardini,Parma,S. Sozza,FT,Match Finished,1,3,1.0,1.0,1,3
1223824,2025-02-01T14:00:00+00:00,1738418400,135,Serie A,2024,Regular Season - 23,494,Udinese,517,Venezia,Bluenergy Stadium,Udine,M. Mariani,FT,Match Finished,3,2,0.0,0.0,3,2
1223821,2025-02-01T14:00:00+00:00,1738418400,135,Serie A,2024,Regular Season - 23,1579,Monza,504,Verona,U-Power Stadium,Monza,D. Massa,FT,Match Finished,0,1,0.0,1.0,0,1
1223815,2025-02-01T17:00:00+00:00,1738429200,135,Serie A,2024,Regular Season - 23,499,Atalanta,503,Torino,Gewiss Stadium,Bergamo,M. Piccinini,FT,Match Finished,1,1,1.0,1.0,1,1
1223816,2025-02-01T19:45:00+00:00,1738439100,135,Serie A,2024,Regular Season - 23,500,Bologna,895,Como,Stadio Renato Dall'Ara,Bologna,L. Massimi,FT,Match Finished,2,0,1.0,0.0,2,0
1223819,2025-02-02T11:30:00+00:00,1738495800,135,Serie A,2024,Regular Season - 23,496,Juventus,511,Empoli,Allianz Stadium,Torino,L. Zufferli,FT,Match Finished,4,1,0.0,1.0,4,1
1223818,2025-02-02T14:00:00+00:00,1738504800,135,Serie A,2024,Regular Season - 23,502,Fiorentina,495,Genoa,Stadio Artemio Franchi,Firenze,G. Collu,FT,Match Finished,2,1,2.0,0.0,2,1
1223820,2025-02-02T17:00:00+00:00,1738515600,135,Serie A,2024,Regular Season - 23,489,AC Milan,505,Inter,Stadio Giuseppe Meazza,Milano,D. Chiffi,FT,Match Finished,1,1,1.0,0.0,1,1
1223823,2025-02-02T19:45:00+00:00,1738525500,135,Serie A,2024,Regular Season - 23,497,AS Roma,492,Napoli,Stadio Olimpico,Roma,M. Fabbri,FT,Match Finished,1,1,0.0,1.0,1,1
1223817,2025-02-03T19:45:00+00:00,1738611900,135,Serie A,2024,Regular Season - 23,490,Cagliari,487,Lazio,Unipol Domus,Cagliari,G. Manganiello,FT,Match Finished,1,2,0.0,1.0,1,2
1223728,2025-02-06T19:45:00+00:00,1738871100,135,Serie A,2024,Regular Season - 14,502,Fiorentina,505,Inter,Stadio Artemio Franchi,Firenze,D. Doveri,FT,Match Finished,3,0,0.0,0.0,3,0
1223826,2025-02-07T19:45:00+00:00,1738957500,135,Serie A,2024,Regular Season - 24,895,Como,496,Juventus,Stadio Giuseppe Sinigaglia,Como,R. Abisso,FT,Match Finished,1,2,1.0,1.0,1,2
1223828,2025-02-08T14:00:00+00:00,1739023200,135,Serie A,2024,Regular Season - 24,504,Verona,499,Atalanta,Stadio Marcantonio Bentegodi,Verona,S. Sozza,FT,Match Finished,0,5,0.0,4.0,0,5
1223827,2025-02-08T17:00:00+00:00,1739034000,135,Serie A,2024,Regular Season - 24,511,Empoli,489,AC Milan,Stadio Carlo Castellani – Computer Gross Arena,Empoli,L. Pairetto,FT,Match Finished,0,2,0.0,0.0,0,2
1223833,2025-02-08T19:45:00+00:00,1739043900,135,Serie A,2024,Regular Season - 24,503,Torino,495,Genoa,Stadio Olimpico Grande Torino,Torino,E. Feliciani,FT,Match Finished,1,1,1.0,0.0,1,1
1223834,2025-02-09T11:30:00+00:00,1739100600,135,Serie A,2024,Regular Season - 24,517,Venezia,497,AS Roma,Stadio Pier Luigi Penzo,Venezia,L. Zufferli,FT,Match Finished,0,1,0.0,0.0,0,1
1223830,2025-02-09T14:00:00+00:00,1739109600,135,Serie A,2024,Regular Season - 24,487,Lazio,1579,Monza,Stadio Olimpico,Roma,G. Aureliano,FT,Match Finished,5,1,1.0,0.0,5,1
1223825,2025-02-09T14:00:00+00:00,1739109600,135,Serie A,2024,Regular Season - 24,490,Cagliari,523,Parma,Unipol Domus,Cagliari,M. Di Bello,FT,Match Finished,2,1,0.0,0.0,2,1
1223831,2025-02-09T17:00:00+00:00,1739120400,135,Serie A,2024,Regular Season - 24,867,Lecce,500,Bologna,Stadio Ettore Giardiniero - Via del Mare,Lecce,F. Fourneau,FT,Match Finished,0,0,0.0,0.0,0,0
1223832,2025-02-09T19:45:00+00:00,1739130300,135,Serie A,2024,Regular Season - 24,492,Napoli,494,Udinese,Stadio Diego Armando Maradona,Napoli,L. Marinelli,FT,Match Finished,1,1,1.0,1.0,1,1
1223829,2025-02-10T19:45:00+00:00,1739216700,135,Serie A,2024,Regular Season - 24,505,Inter,502,Fiorentina,Stadio Giuseppe Meazza,Milano,F. La Penna,FT,Match Finished,2,1,1.0,1.0,2,1
1223836,2025-02-14T19:45:00+00:00,1739562300,135,Serie A,2024,Regular Season - 25,500,Bologna,503,Torino,Stadio Renato Dall'Ara,Bologna,M. Fabbri,FT,Match Finished,3,2,1.0,1.0,3,2
1223835,2025-02-15T14:00:00+00:00,1739628000,135,Serie A,2024,Regular Season - 25,499,Atalanta,490,Cagliari,Gewiss Stadium,Bergamo,M. Marchetti,FT,Match Finished,0,0,0.0,0.0,0,0
1223840,2025-02-15T17:00:00+00:00,1739638800,135,Serie A,2024,Regular Season - 25,487,Lazio,492,Napoli,Stadio Olimpico,Roma,D. Massa,FT,Match Finished,2,2,1.0,1.0,2,2
1223841,2025-02-15T19:45:00+00:00,1739648700,135,Serie A,2024,Regular Season - 25,489,AC Milan,504,Verona,Stadio Giuseppe Meazza,Milano,F. Fourneau,FT,Match Finished,1,0,0.0,0.0,1,0
1223837,2025-02-16T11:30:00+00:00,1739705400,135,Serie A,2024,Regular Season - 25,502,Fiorentina,895,Como,Stadio Artemio Franchi,Firenze,M. Piccinini,FT,Match Finished,0,2,0.0,1.0,0,2
1223844,2025-02-16T14:00:00+00:00,1739714400,135,Serie A,2024,Regular Season - 25,494,Udinese,511,Empoli,Bluenergy Stadium,Udine,D. Doveri,FT,Match Finished,3,0,1.0,0.0,3,0
1223842,2025-02-16T14:00:00+00:00,1739714400,135,Serie A,2024,Regular Season - 25,1579,Monza,867,Lecce,U-Power Stadium,Monza,G. Collu,FT,Match Finished,0,0,0.0,0.0,0,0
1223843,2025-02-16T17:00:00+00:00,1739725200,135,Serie A,2024,Regular Season - 25,523,Parma,497,AS Roma,Stadio Ennio Tardini,Parma,D. Chiffi,FT,Match Finished,0,1,0.0,1.0,0,1
1223839,2025-02-16T19:45:00+00:00,1739735100,135,Serie A,2024,Regular Season - 25,496,Juventus,505,Inter,Allianz Stadium,Torino,M. Mariani,FT,Match Finished,1,0,0.0,0.0,1,0
1223838,2025-02-17T19:45:00+00:00,1739821500,135,Serie A,2024,Regular Season - 25,495,Genoa,517,Venezia,Stadio Comunale Luigi Ferraris,Genova,L. Marinelli,FT,Match Finished,2,0,0.0,0.0,2,0
1223850,2025-02-21T19:45:00+00:00,1740167100,135,Serie A,2024,Regular Season - 26,867,Lecce,494,Udinese,Stadio Ettore Giardiniero - Via del Mare,Lecce,K. Bonacina,FT,Match Finished,0,1,0.0,1.0,0,1
1223854,2025-02-22T14:00:00+00:00,1740232800,135,Serie A,2024,Regular Season - 26,517,Venezia,487,Lazio,Stadio Pier Luigi Penzo,Venezia,M. Marchetti,FT,Match Finished,0,0,0.0,0.0,0,0
1223851,2025-02-22T14:00:00+00:00,1740232800,135,Serie A,2024,Regular Season - 26,523,Parma,500,Bologna,Stadio Ennio Tardini,Parma,R. Abisso,FT,Match Finished,2,0,1.0,0.0,2,0
1223853,2025-02-22T17:00:00+00:00,1740243600,135,Serie A,2024,Regular Season - 26,503,Torino,489,AC Milan,Stadio Olimpico Grande Torino,Torino,S. Sozza,FT,Match Finished,2,1,1.0,0.0,2,1
1223849,2025-02-22T19:45:00+00:00,1740253500,135,Serie A,2024,Regular Season - 26,505,Inter,495,Genoa,Stadio Giuseppe Meazza,Milano,M. Piccinini,FT,Match Finished,1,0,0.0,0.0,1,0
1223846,2025-02-23T11:30:00+00:00,1740310200,135,Serie A,2024,Regular Season - 26,895,Como,492,Napoli,Stadio Giuseppe Sinigaglia,Como,G. Manganiello,FT,Match Finished,2,1,1.0,1.0,2,1
1223848,2025-02-23T14:00:00+00:00,1740319200,135,Serie A,2024,Regular Season - 26,504,Verona,502,Fiorentina,Stadio Marcantonio Bentegodi,Verona,M. Di Bello,FT,Match Finished,1,0,0.0,0.0,1,0
1223847,2025-02-23T17:00:00+00:00,1740330000,135,Serie A,2024,Regular Season - 26,511,Empoli,499,Atalanta,Stadio Carlo Castellani – Computer Gross Arena,Empoli,M. Mariani,FT,Match Finished,0,5,0.0,3.0,0,5
1223845,2025-02-23T19:45:00+00:00,1740339900,135,Serie A,2024,Regular Season - 26,490,Cagliari,496,Juventus,Unipol Domus,Cagliari,A. Colombo,FT,Match Finished,0,1,0.0,1.0,0,1
1223852,2025-02-24T19:45:00+00:00,1740426300,135,Serie A,2024,Regular Season - 26,497,AS Roma,1579,Monza,Stadio Olimpico,Roma,F. Maresca,FT,Match Finished,4,0,2.0,0.0,4,0
1223676,2025-02-27T19:45:00+00:00,1740685500,135,Serie A,2024,Regular Season - 9,500,Bologna,489,AC Milan,Stadio Renato Dall'Ara,Bologna,M. Mariani,FT,Match Finished,2,1,0.0,1.0,2,1
1223857,2025-02-28T19:45:00+00:00,1740771900,135,Serie A,2024,Regular Season - 27,502,Fiorentina,867,Lecce,Stadio Artemio Franchi,Firenze,L. Marinelli,FT,Match Finished,1,0,1.0,0.0,1,0
1223855,2025-03-01T14:00:00+00:00,1740837600,135,Serie A,2024,Regular Season - 27,499,Atalanta,517,Venezia,Gewiss Stadium,Bergamo,G. Collu,FT,Match Finished,0,0,0.0,0.0,0,0
1223862,2025-03-01T17:00:00+00:00,1740848400,135,Serie A,2024,Regular Season - 27,492,Napoli,505,Inter,Stadio Diego Armando Maradona,Napoli,D. Doveri,FT,Match Finished,1,1,0.0,1.0,1,1
1223864,2025-03-01T19:45:00+00:00,1740858300,135,Serie A,2024,Regular Season - 27,494,Udinese,523,Parma,Bluenergy Stadium,Udine,F. Maresca,FT,Match Finished,1,0,1.0,0.0,1,0
1223861,2025-03-02T11:30:00+00:00,1740915000,135,Serie A,2024,Regular Season - 27,1579,Monza,503,Torino,U-Power Stadium,Monza,A. Rapuano,FT,Match Finished,0,2,0.0,1.0,0,2
1223858,2025-03-02T14:00:00+00:00,1740924000,135,Serie A,2024,Regular Season - 27,495,Genoa,511,Empoli,Stadio Comunale Luigi Ferraris,Genova,D. Massa,FT,Match Finished,1,1,0.0,1.0,1,1
1223856,2025-03-02T14:00:00+00:00,1740924000,135,Serie A,2024,Regular Season - 27,500,Bologna,490,Cagliari,Stadio Renato Dall'Ara,Bologna,L. Zufferli,FT,Match Finished,2,1,0.0,1.0,2,1
1223863,2025-03-02T17:00:00+00:00,1740934800,135,Serie A,2024,Regular Season - 27,497,AS Roma,895,Como,Stadio Olimpico,Roma,L. Pairetto,FT,Match Finished,2,1,0.0,1.0,2,1
1223860,2025-03-02T19:45:00+00:00,1740944700,135,Serie A,2024,Regular Season - 27,489,AC Milan,487,Lazio,Stadio Giuseppe Meazza,Milano,G. Manganiello,FT,Match Finished,1,2,0.0,1.0,1,2
1223859,2025-03-03T19:45:00+00:00,1741031100,135,Serie A,2024,Regular Season - 27,496,Juventus,504,Verona,Allianz Stadium,Torino,M. Marchetti,FT,Match Finished,2,0,0.0,0.0,2,0
1223865,2025-03-07T19:45:00+00:00,1741376700,135,Serie A,2024,Regular Season - 28,490,Cagliari,495,Genoa,Unipol Domus,Cagliari,M. Fabbri,FT,Match Finished,1,1,1.0,0.0,1,1
1223874,2025-03-08T14:00:00+00:00,1741442400,135,Serie A,2024,Regular Season - 28,523,Parma,503,Torino,Stadio Ennio Tardini,Parma,F. Fourneau,FT,Match Finished,2,2,0.0,1.0,2,2
1223866,2025-03-08T14:00:00+00:00,1741442400,135,Serie A,2024,Regular Season - 28,895,Como,517,Venezia,Stadio Giuseppe Sinigaglia,Como,G. Ayroldi,FT,Match Finished,1,1,0.0,0.0,1,1
1223872,2025-03-08T17:00:00+00:00,1741453200,135,Serie A,2024,Regular Season - 28,867,Lecce,489,AC Milan,Stadio Ettore Giardiniero - Via del Mare,Lecce,D. Doveri,FT,Match Finished,2,3,1.0,0.0,2,3
1223869,2025-03-08T19:45:00+00:00,1741463100,135,Serie A,2024,Regular Season - 28,505,Inter,1579,Monza,Stadio Giuseppe Meazza,Milano,L. Zufferli,FT,Match Finished,3,2,1.0,2.0,3,2
1223868,2025-03-09T11:30:00+00:00,1741519800,135,Serie A,2024,Regular Season - 28,504,Verona,500,Bologna,Stadio Marcantonio Bentegodi,Verona,A. Rapuano,FT,Match Finished,1,2,0.0,1.0,1,2
1223873,2025-03-09T14:00:00+00:00,1741528800,135,Serie A,2024,Regular Season - 28,492,Napoli,502,Fiorentina,Stadio Diego Armando Maradona,Napoli,A. Colombo,FT,Match Finished,2,1,1.0,0.0,2,1
1223867,2025-03-09T17:00:00+00:00,1741539600,135,Serie A,2024,Regular Season - 28,511,Empoli,497,AS Roma,Stadio Carlo Castellani – Computer Gross Arena,Empoli,M. Di Bello,FT,Match Finished,0,1,0.0,1.0,0,1
1223870,2025-03-09T19:45:00+00:00,1741549500,135,Serie A,2024,Regular Season - 28,496,Juventus,499,Atalanta,Allianz Stadium,Torino,S. Sozza,FT,Match Finished,0,4,0.0,1.0,0,4
1223871,2025-03-10T19:45:00+00:00,1741635900,135,Serie A,2024,Regular Season - 28,487,Lazio,494,Udinese,Stadio Olimpico,Roma,M. Piccinini,FT,Match Finished,1,1,1.0,1.0,1,1
1223878,2025-03-14T19:45:00+00:00,1741981500,135,Serie A,2024,Regular Season - 29,495,Genoa,867,Lecce,Stadio Comunale Luigi Ferraris,Genova,F. Maresca,FT,Match Finished,2,1,2.0,0.0,2,1
1223883,2025-03-15T14:00:00+00:00,1742047200,135,Serie A,2024,Regular Season - 29,494,Udinese,504,Verona,Bluenergy Stadium,Udine,G. Ayroldi,FT,Match Finished,0,1,0.0,0.0,0,1
1223880,2025-03-15T14:00:00+00:00,1742047200,135,Serie A,2024,Regular Season - 29,1579,Monza,523,Parma,U-Power Stadium,Monza,G. Manganiello,FT,Match Finished,1,1,0.0,0.0,1,1
1223879,2025-03-15T17:00:00+00:00,1742058000,135,Serie A,2024,Regular Season - 29,489,AC Milan,895,Como,Stadio Giuseppe Meazza,Milano,M. Marchetti,FT,Match Finished,2,1,0.0,1.0,2,1
1223882,2025-03-15T19:45:00+00:00,1742067900,135,Serie A,2024,Regular Season - 29,503,Torino,511,Empoli,Stadio Olimpico Grande Torino,Torino,D. Chiffi,FT,Match Finished,1,0,0.0,0.0,1,0
1223884,2025-03-16T11:30:00+00:00,1742124600,135,Serie A,2024,Regular Season - 29,517,Venezia,492,Napoli,Stadio Pier Luigi Penzo,Venezia,M. Mariani,FT,Match Finished,0,0,0.0,0.0,0,0
1223876,2025-03-16T14:00:00+00:00,1742133600,135,Serie A,2024,Regular Season - 29,500,Bologna,487,Lazio,Stadio Renato Dall'Ara,Bologna,A. Colombo,FT,Match Finished,5,0,1.0,0.0,5,0
1223881,2025-03-16T15:00:00+00:00,1742137200,135,Serie A,2024,Regular Season - 29,497,AS Roma,490,Cagliari,Stadio Olimpico,Roma,M. Piccinini,FT,Match Finished,1,0,0.0,0.0,1,0
1223877,2025-03-16T17:00:00+00:00,1742144400,135,Serie A,2024,Regular Season - 29,502,Fiorentina,496,Juventus,Stadio Artemio Franchi,Firenze,M. Fabbri,FT,Match Finished,3,0,2.0,0.0,3,0
1223875,2025-03-16T19:45:00+00:00,1742154300,135,Serie A,2024,Regular Season - 29,499,Atalanta,505,Inter,Gewiss Stadium,Bergamo,D. Massa,FT,Match Finished,0,2,0.0,0.0,0,2
1223894,2025-03-29T14:00:00+00:00,1743256800,135,Serie A,2024,Regular Season - 30,517,Venezia,500,Bologna,Stadio Pier Luigi Penzo,Venezia,M. Di Bello,FT,Match Finished,0,1,0.0,0.0,0,1
1223886,2025-03-29T14:00:00+00:00,1743256800,135,Serie A,2024,Regular Season - 30,895,Como,511,Empoli,Stadio Giuseppe Sinigaglia,Como,M. Mariani,FT,Match Finished,1,1,0.0,0.0,1,1
1223890,2025-03-29T17:00:00+00:00,1743267600,135,Serie A,2024,Regular Season - 30,496,Juventus,495,Genoa,Allianz Stadium,Torino,A. Rapuano,FT,Match Finished,1,0,1.0,0.0,1,0
1223892,2025-03-29T19:45:00+00:00,1743277500,135,Serie A,2024,Regular Season - 30,867,Lecce,497,AS Roma,Stadio Ettore Giardiniero - Via del Mare,Lecce,G. Manganiello,FT,Match Finished,0,1,0.0,0.0,0,1
1223885,2025-03-30T10:30:00+00:00,1743330600,135,Serie A,2024,Regular Season - 30,490,Cagliari,1579,Monza,Unipol Domus,Cagliari,F. Fourneau,FT,Match Finished,3,0,0.0,0.0,3,0
1223887,2025-03-30T13:00:00+00:00,1743339600,135,Serie A,2024,Regular Season - 30,502,Fiorentina,499,Atalanta,Stadio Artemio Franchi,Firenze,D. Doveri,FT,Match Finished,1,0,1.0,0.0,1,0
1223889,2025-03-30T16:00:00+00:00,1743350400,135,Serie A,2024,Regular Season - 30,505,Inter,494,Udinese,Stadio Giuseppe Meazza,Milano,D. Chiffi,FT,Match Finished,2,1,2.0,0.0,2,1
1223893,2025-03-30T18:45:00+00:00,1743360300,135,Serie A,2024,Regular Season - 30,492,Napoli,489,AC Milan,Stadio Diego Armando Maradona,Napoli,S. Sozza,FT,Match Finished,2,1,2.0,0.0,2,1
1223888,2025-03-31T16:30:00+00:00,1743438600,135,Serie A,2024,Regular Season - 30,504,Verona,523,Parma,Stadio Marcantonio Bentegodi,Verona,J. Sacchi,FT,Match Finished,0,0,0.0,0.0,0,0
1223891,2025-03-31T18:45:00+00:00,1743446700,135,Serie A,2024,Regular Season - 30,487,Lazio,503,Torino,Stadio Olimpico,Roma,D. Massa,FT,Match Finished,1,1,0.0,0.0,1,1
1223898,2025-04-04T18:45:00+00:00,1743792300,135,Serie A,2024,Regular Season - 31,495,Genoa,494,Udinese,Stadio Comunale Luigi Ferraris,Genova,D. Perenzoni,FT,Match Finished,1,0,0.0,0.0,1,0
1223901,2025-04-05T13:00:00+00:00,1743858000,135,Serie A,2024,Regular Season - 31,1579,Monza,895,Como,U-Power Stadium,Monza,G. Collu,FT,Match Finished,1,3,1.0,2.0,1,3
1223902,2025-04-05T16:00:00+00:00,1743868800,135,Serie A,2024,Regular Season - 31,523,Parma,505,Inter,Stadio Ennio Tardini,Parma,D. Doveri,FT,Match Finished,2,2,0.0,2.0,2,2
1223900,2025-04-05T18:45:00+00:00,1743878700,135,Serie A,2024,Regular Season - 31,489,AC Milan,502,Fiorentina,Stadio Giuseppe Meazza,Milano,G. Ayroldi,FT,Match Finished,2,2,1.0,2.0,2,2
1223899,2025-04-06T10:30:00+00:00,1743935400,135,Serie A,2024,Regular Season - 31,867,Lecce,517,Venezia,Stadio Ettore Giardiniero - Via del Mare,Lecce,M. Piccinini,FT,Match Finished,1,1,0.0,0.0,1,1
1223904,2025-04-06T13:00:00+00:00,1743944400,135,Serie A,2024,Regular Season - 31,503,Torino,504,Verona,Stadio Olimpico Grande Torino,Torino,K. Bonacina,FT,Match Finished,1,1,0.0,0.0,1,1
1223897,2025-04-06T13:00:00+00:00,1743944400,135,Serie A,2024,Regular Season - 31,511,Empoli,490,Cagliari,Stadio Carlo Castellani – Computer Gross Arena,Empoli,F. La Penna,FT,Match Finished,0,0,0.0,0.0,0,0
1223895,2025-04-06T16:00:00+00:00,1743955200,135,Serie A,2024,Regular Season - 31,499,Atalanta,487,Lazio,Gewiss Stadium,Bergamo,D. Chiffi,FT,Match Finished,0,1,0.0,0.0,0,1
1223903,2025-04-06T18:45:00+00:00,1743965100,135,Serie A,2024,Regular Season - 31,497,AS Roma,496,Juventus,Stadio Olimpico,Roma,A. Colombo,FT,Match Finished,1,1,0.0,1.0,1,1
1223896,2025-04-07T18:45:00+00:00,1744051500,135,Serie A,2024,Regular Season - 31,500,Bologna,492,Napoli,Stadio Renato Dall'Ara,Bologna,D. Massa,FT,Match Finished,1,1,0.0,1.0,1,1
1223913,2025-04-11T18:45:00+00:00,1744397100,135,Serie A,2024,Regular Season - 32,494,Udinese,489,AC Milan,Bluenergy Stadium,Udine,J. Sacchi,FT,Match Finished,0,4,0.0,2.0,0,4
1223914,2025-04-12T13:00:00+00:00,1744462800,135,Serie A,2024,Regular Season - 32,517,Venezia,1579,Monza,Stadio Pier Luigi Penzo,Venezia,F. Maresca,FT,Match Finished,1,0,0.0,0.0,1,0
1223909,2025-04-12T16:00:00+00:00,1744473600,135,Serie A,2024,Regular Season - 32,505,Inter,490,Cagliari,Stadio Giuseppe Meazza,Milano,M. Di Bello,FT,Match Finished,3,1,2.0,0.0,3,1
1223910,2025-04-12T18:45:00+00:00,1744483500,135,Serie A,2024,Regular Season - 32,496,Juventus,867,Lecce,Allianz Stadium,Torino,L. Zufferli,FT,Match Finished,2,1,2.0,0.0,2,1
1223905,2025-04-13T10:30:00+00:00,1744540200,135,Serie A,2024,Regular Season - 32,499,Atalanta,500,Bologna,Gewiss Stadium,Bergamo,M. Mariani,FT,Match Finished,2,0,2.0,0.0,2,0
1223907,2025-04-13T13:00:00+00:00,1744549200,135,Serie A,2024,Regular Season - 32,502,Fiorentina,523,Parma,Stadio Artemio Franchi,Firenze,G. Manganiello,FT,Match Finished,0,0,0.0,0.0,0,0
1223908,2025-04-13T13:00:00+00:00,1744549200,135,Serie A,2024,Regular Season - 32,504,Verona,495,Genoa,Stadio Marcantonio Bentegodi,Verona,M. Marchetti,FT,Match Finished,0,0,0.0,0.0,0,0
1223906,2025-04-13T16:00:00+00:00,1744560000,135,Serie A,2024,Regular Season - 32,895,Como,503,Torino,Stadio Giuseppe Sinigaglia,Como,M. Marcenaro,FT,Match Finished,1,0,1.0,0.0,1,0
1223911,2025-04-13T18:45:00+00:00,1744569900,135,Serie A,2024,Regular Season - 32,487,Lazio,497,AS Roma,Stadio Olimpico,Roma,S. Sozza,FT,Match Finished,1,1,0.0,0.0,1,1
1223912,2025-04-14T18:45:00+00:00,1744656300,135,Serie A,2024,Regular Season - 32,492,Napoli,511,Empoli,Stadio Diego Armando Maradona,Napoli,M. Fabbri,FT,Match Finished,3,0,1.0,0.0,3,0
1223919,2025-04-19T13:00:00+00:00,1745067600,135,Serie A,2024,Regular Season - 33,867,Lecce,895,Como,Stadio Ettore Giardiniero - Via del Mare,Lecce,S. Sozza,FT,Match Finished,0,3,0.0,1.0,0,3
1223921,2025-04-19T16:00:00+00:00,1745078400,135,Serie A,2024,Regular Season - 33,1579,Monza,492,Napoli,U-Power Stadium,Monza,F. La Penna,FT,Match Finished,0,1,0.0,0.0,0,1
1223923,2025-04-19T18:45:00+00:00,1745088300,135,Serie A,2024,Regular Season - 33,497,AS Roma,504,Verona,Stadio Olimpico,Roma,L. Pairetto,FT,Match Finished,1,0,1.0,0.0,1,0
1223917,2025-04-20T13:00:00+00:00,1745154000,135,Serie A,2024,Regular Season - 33,511,Empoli,517,Venezia,Stadio Carlo Castellani – Computer Gross Arena,Empoli,D. Massa,FT,Match Finished,2,2,0.0,0.0,2,2
1223915,2025-04-20T16:00:00+00:00,1745164800,135,Serie A,2024,Regular Season - 33,500,Bologna,505,Inter,Stadio Renato Dall'Ara,Bologna,A. Colombo,FT,Match Finished,1,0,0.0,0.0,1,0
1223920,2025-04-20T18:45:00+00:00,1745174700,135,Serie A,2024,Regular Season - 33,489,AC Milan,499,Atalanta,Stadio Giuseppe Meazza,Milano,M. Piccinini,FT,Match Finished,0,1,0.0,0.0,0,1
1223916,2025-04-23T16:30:00+00:00,1745425800,135,Serie A,2024,Regular Season - 33,490,Cagliari,502,Fiorentina,Unipol Domus,Cagliari,L. Marinelli,FT,Match Finished,1,2,1.0,1.0,1,2
1223918,2025-04-23T16:30:00+00:00,1745425800,135,Serie A,2024,Regular Season - 33,495,Genoa,487,Lazio,Stadio Comunale Luigi Ferraris,Genova,G. Ayroldi,FT,Match Finished,0,2,0.0,1.0,0,2
1223924,2025-04-23T16:30:00+00:00,1745425800,135,Serie A,2024,Regular Season - 33,503,Torino,494,Udinese,Stadio Olimpico Grande Torino,Torino,G. Collu,FT,Match Finished,2,0,1.0,0.0,2,0
1223922,2025-04-23T16:30:00+00:00,1745425800,135,Serie A,2024,Regular Season - 33,523,Parma,496,Juventus,Stadio Ennio Tardini,Parma,D. Chiffi,FT,Match Finished,1,0,1.0,0.0,1,0
1223934,2025-04-27T10:30:00+00:00,1745749800,135,Serie A,2024,Regular Season - 34,517,Venezia,489,AC Milan,Stadio Pier Luigi Penzo,Venezia,G. Manganiello,FT,Match Finished,0,2,0.0,1.0,0,2
1223926,2025-04-27T10:30:00+00:00,1745749800,135,Serie A,2024,Regular Season - 34,895,Como,495,Genoa,Stadio Giuseppe Sinigaglia,Como,A. Arena,FT,Match Finished,1,0,0.0,0.0,1,0
1223927,2025-04-27T13:00:00+00:00,1745758800,135,Serie A,2024,Regular Season - 34,502,Fiorentina,511,Empoli,Stadio Artemio Franchi,Firenze,A. Rapuano,FT,Match Finished,2,1,2.0,0.0,2,1
1223929,2025-04-27T13:00:00+00:00,1745758800,135,Serie A,2024,Regular Season - 34,505,Inter,497,AS Roma,Stadio Giuseppe Meazza,Milano,M. Fabbri,FT,Match Finished,0,1,0.0,1.0,0,1
1223930,2025-04-27T16:00:00+00:00,1745769600,135,Serie A,2024,Regular Season - 34,496,Juventus,1579,Monza,Allianz Stadium,Torino,D. Perenzoni,FT,Match Finished,2,0,2.0,0.0,2,0
1223932,2025-04-27T18:45:00+00:00,1745779500,135,Serie A,2024,Regular Season - 34,492,Napoli,503,Torino,Stadio Diego Armando Maradona,Napoli,M. Mariani,FT,Match Finished,2,0,2.0,0.0,2,0
1223925,2025-04-27T18:45:00+00:00,1745779500,135,Serie A,2024,Regular Season - 34,499,Atalanta,867,Lecce,Gewiss Stadium,Bergamo,F. La Penna,FT,Match Finished,1,1,0.0,1.0,1,1
1223933,2025-04-28T16:30:00+00:00,1745857800,135,Serie A,2024,Regular Season - 34,494,Udinese,500,Bologna,Bluenergy Stadium,Udine,F. Maresca,FT,Match Finished,0,0,0.0,0.0,0,0
1223931,2025-04-28T18:45:00+00:00,1745865900,135,Serie A,2024,Regular Season - 34,487,Lazio,523,Parma,Stadio Olimpico,Roma,J. Sacchi,FT,Match Finished,2,2,0.0,1.0,2,2
1223928,2025-04-28T18:45:00+00:00,1745865900,135,Serie A,2024,Regular Season - 34,504,Verona,490,Cagliari,Stadio Marcantonio Bentegodi,Verona,R. Abisso,FT,Match Finished,0,2,0.0,1.0,0,2
1223944,2025-05-02T18:45:00+00:00,1746211500,135,Serie A,2024,Regular Season - 35,503,Torino,517,Venezia,Stadio Olimpico Grande Torino,Torino,S. Sozza,FT,Match Finished,1,1,0.0,1.0,1,1
1223936,2025-05-03T13:00:00+00:00,1746277200,135,Serie A,2024,Regular Season - 35,490,Cagliari,494,Udinese,Unipol Domus,Cagliari,E. Feliciani,FT,Match Finished,1,2,1.0,1.0,1,2
1223942,2025-05-03T13:00:00+00:00,1746277200,135,Serie A,2024,Regular Season - 35,523,Parma,895,Como,Stadio Ennio Tardini,Parma,M. Di Bello,FT,Match Finished,0,1,0.0,0.0,0,1
1223940,2025-05-03T16:00:00+00:00,1746288000,135,Serie A,2024,Regular Season - 35,867,Lecce,492,Napoli,Stadio Ettore Giardiniero - Via del Mare,Lecce,D. Massa,FT,Match Finished,0,1,0.0,1.0,0,1
1223939,2025-05-03T18:45:00+00:00,1746297900,135,Serie A,2024,Regular Season - 35,505,Inter,504,Verona,Stadio Giuseppe Meazza,Milano,G. Manganiello,FT,Match Finished,1,0,1.0,0.0,1,0
1223937,2025-05-04T10:30:00+00:00,1746354600,135,Serie A,2024,Regular Season - 35,511,Empoli,487,Lazio,Stadio Carlo Castellani – Computer Gross Arena,Empoli,A. Colombo,FT,Match Finished,0,1,0.0,1.0,0,1
1223941,2025-05-04T13:00:00+00:00,1746363600,135,Serie A,2024,Regular Season - 35,1579,Monza,499,Atalanta,U-Power Stadium,Monza,L. Pairetto,FT,Match Finished,0,4,0.0,2.0,0,4
1223943,2025-05-04T16:00:00+00:00,1746374400,135,Serie A,2024,Regular Season - 35,497,AS Roma,502,Fiorentina,Stadio Olimpico,Roma,D. Chiffi,FT,Match Finished,1,0,1.0,0.0,1,0
1223935,2025-05-04T18:45:00+00:00,1746384300,135,Serie A,2024,Regular Season - 35,500,Bologna,496,Juventus,Stadio Renato Dall'Ara,Bologna,D. Doveri,FT,Match Finished,1,1,0.0,1.0,1,1
1223938,2025-05-05T18:45:00+00:00,1746470700,135,Serie A,2024,Regular Season - 35,495,Genoa,489,AC Milan,Stadio Comunale Luigi Ferraris,Genova,G. Collu,FT,Match Finished,1,2,0.0,0.0,1,2
1223950,2025-05-09T18:45:00+00:00,1746816300,135,Serie A,2024,Regular Season - 36,489,AC Milan,500,Bologna,Stadio Giuseppe Meazza,Milano,L. Marinelli,FT,Match Finished,3,1,0.0,0.0,3,1
1223946,2025-05-10T13:00:00+00:00,1746882000,135,Serie A,2024,Regular Season - 36,895,Como,490,Cagliari,Stadio Giuseppe Sinigaglia,Como,F. Fourneau,FT,Match Finished,3,1,2.0,1.0,3,1
1223949,2025-05-10T16:00:00+00:00,1746892800,135,Serie A,2024,Regular Season - 36,487,Lazio,496,Juventus,Stadio Olimpico,Roma,D. Massa,FT,Match Finished,1,1,0.0,0.0,1,1
1223947,2025-05-10T18:45:00+00:00,1746902700,135,Serie A,2024,Regular Season - 36,511,Empoli,523,Parma,Stadio Carlo Castellani – Computer Gross Arena,Empoli,M. Fabbri,FT,Match Finished,2,1,1.0,0.0,2,1
1223953,2025-05-11T10:30:00+00:00,1746959400,135,Serie A,2024,Regular Season - 36,494,Udinese,1579,Monza,Bluenergy Stadium,Udine,V. Crezzini,FT,Match Finished,1,2,0.0,0.0,1,2
1223948,2025-05-11T13:00:00+00:00,1746968400,135,Serie A,2024,Regular Season - 36,504,Verona,867,Lecce,Stadio Marcantonio Bentegodi,Verona,F. Maresca,FT,Match Finished,1,1,1.0,1.0,1,1
1223952,2025-05-11T16:00:00+00:00,1746979200,135,Serie A,2024,Regular Season - 36,503,Torino,505,Inter,Stadio Olimpico Grande Torino,Torino,F. La Penna,FT,Match Finished,0,2,0.0,1.0,0,2
1223951,2025-05-11T18:45:00+00:00,1746989100,135,Serie A,2024,Regular Season - 36,492,Napoli,495,Genoa,Stadio Diego Armando Maradona,Napoli,M. Piccinini,FT,Match Finished,2,2,1.0,1.0,2,2
1223954,2025-05-12T16:30:00+00:00,1747067400,135,Serie A,2024,Regular Season - 36,517,Venezia,502,Fiorentina,Stadio Pier Luigi Penzo,Venezia,M. Marchetti,FT,Match Finished,2,1,0.0,0.0,2,1
1223945,2025-05-12T18:45:00+00:00,1747075500,135,Serie A,2024,Regular Season - 36,499,Atalanta,497,AS Roma,Gewiss Stadium,Bergamo,S. Sozza,FT,Match Finished,2,1,1.0,1.0,2,1
1223957,2025-05-17T18:45:00+00:00,1747507500,135,Serie A,2024,Regular Season - 37,495,Genoa,499,Atalanta,Stadio Comunale Luigi Ferraris,Genova,D. Ghersini,FT,Match Finished,2,3,1.0,0.0,2,3
1223955,2025-05-18T18:45:00+00:00,1747593900,135,Serie A,2024,Regular Season - 37,490,Cagliari,517,Venezia,Unipol Domus,Cagliari,L. Pairetto,FT,Match Finished,3,0,2.0,0.0,3,0
1223960,2025-05-18T18:45:00+00:00,1747593900,135,Serie A,2024,Regular Season - 37,496,Juventus,494,Udinese,Allianz Stadium,Torino,G. Ayroldi,FT,Match Finished,2,0,0.0,0.0,2,0
1223964,2025-05-18T18:45:00+00:00,1747593900,135,Serie A,2024,Regular Season - 37,497,AS Roma,489,AC Milan,Stadio Olimpico,Roma,M. Piccinini,FT,Match Finished,3,1,1.0,1.0,3,1
1223956,2025-05-18T18:45:00+00:00,1747593900,135,Serie A,2024,Regular Season - 37,502,Fiorentina,500,Bologna,Stadio Artemio Franchi,Firenze,L. Zufferli,FT,Match Finished,3,2,1.0,0.0,3,2
1223958,2025-05-18T18:45:00+00:00,1747593900,135,Serie A,2024,Regular Season - 37,504,Verona,895,Como,Stadio Marcantonio Bentegodi,Verona,R. Abisso,FT,Match Finished,1,1,0.0,1.0,1,1
1223959,2025-05-18T18:45:00+00:00,1747593900,135,Serie A,2024,Regular Season - 37,505,Inter,487,Lazio,Stadio Giuseppe Meazza,Milano,D. Chiffi,FT,Match Finished,2,2,1.0,0.0,2,2
1223963,2025-05-18T18:45:00+00:00,1747593900,135,Serie A,2024,Regular Season - 37,523,Parma,492,Napoli,Stadio Ennio Tardini,Parma,D. Doveri,FT,Match Finished,0,0,0.0,0.0,0,0
1223961,2025-05-18T18:45:00+00:00,1747593900,135,Serie A,2024,Regular Season - 37,867,Lecce,503,Torino,Stadio Ettore Giardiniero - Via del Mare,Lecce,A. Rapuano,FT,Match Finished,1,0,0.0,0.0,1,0
1223962,2025-05-18T18:45:00+00:00,1747593900,135,Serie A,2024,Regular Season - 37,1579,Monza,511,Empoli,U-Power Stadium,Monza,L. Marinelli,FT,Match Finished,1,3,1.0,0.0,1,3
1223971,2025-05-23T18:45:00+00:00,1748025900,135,Serie A,2024,Regular Season - 38,492,Napoli,490,Cagliari,Stadio Diego Armando Maradona,Napoli,F. La Penna,FT,Match Finished,2,0,1.0,0.0,2,0
1223967,2025-05-23T18:45:00+00:00,1748025900,135,Serie A,2024,Regular Season - 38,895,Como,505,Inter,Stadio Giuseppe Sinigaglia,Como,D. Massa,FT,Match Finished,0,2,0.0,1.0,0,2
1223966,2025-05-24T16:00:00+00:00,1748102400,135,Serie A,2024,Regular Season - 38,500,Bologna,495,Genoa,Stadio Renato Dall'Ara,Bologna,M. Monaldi,FT,Match Finished,1,3,0.0,3.0,1,3
1223970,2025-05-24T18:45:00+00:00,1748112300,135,Serie A,2024,Regular Season - 38,489,AC Milan,1579,Monza,Stadio Giuseppe Meazza,Milano,D. Rutella,FT,Match Finished,2,0,0.0,0.0,2,0
1223969,2025-05-25T18:45:00+00:00,1748198700,135,Serie A,2024,Regular Season - 38,487,Lazio,867,Lecce,Stadio Olimpico,Roma,M. Fabbri,FT,Match Finished,0,1,0.0,1.0,0,1
1223973,2025-05-25T18:45:00+00:00,1748198700,135,Serie A,2024,Regular Season - 38,494,Udinese,502,Fiorentina,Bluenergy Stadium,Udine,M. Marcenaro,FT,Match Finished,2,3,1.0,0.0,2,3
1223965,2025-05-25T18:45:00+00:00,1748198700,135,Serie A,2024,Regular Season - 38,499,Atalanta,523,Parma,Gewiss Stadium,Bergamo,L. Marinelli,FT,Match Finished,2,3,2.0,0.0,2,3
1223972,2025-05-25T18:45:00+00:00,1748198700,135,Serie A,2024,Regular Season - 38,503,Torino,497,AS Roma,Stadio Olimpico Grande Torino,Torino,M. Di Bello,FT,Match Finished,0,2,0.0,1.0,0,2
1223968,2025-05-25T18:45:00+00:00,1748198700,135,Serie A,2024,Regular Season - 38,511,Empoli,504,Verona,Stadio Carlo Castellani – Computer Gross Arena,Empoli,D. Doveri,FT,Match Finished,1,2,1.0,1.0,1,2
1223974,2025-05-25T18:45:00+00:00,1748198700,135,Serie A,2024,Regular Season - 38,517,Venezia,496,Juventus,Stadio Pier Luigi Penzo,Venezia,A. Colombo,FT,Match Finished,2,3,1.0,2.0,2,3
1223975,2024-08-23T18:30:00+00:00,1724437800,78,Bundesliga,2024,Regular Season - 1,163,Borussia Mönchengladbach,168,Bayer Leverkusen,BORUSSIA-PARK,Mönchengladbach,R. Schröder,FT,Match Finished,2,3,0.0,2.0,2,3
1223979,2024-08-24T13:30:00+00:00,1724506200,78,Bundesliga,2024,Regular Season - 1,160,SC Freiburg,172,VfB Stuttgart,Europa-Park Stadion,Freiburg im Breisgau,T. Welz,FT,Match Finished,3,1,1.0,1.0,3,1
1223982,2024-08-24T13:30:00+00:00,1724506200,78,Bundesliga,2024,Regular Season - 1,164,FSV Mainz 05,182,Union Berlin,MEWA ARENA,Mainz,H. Osmers,FT,Match Finished,1,1,0.0,0.0,1,1
1223978,2024-08-24T13:30:00+00:00,1724506200,78,Bundesliga,2024,Regular Season - 1,167,1899 Hoffenheim,191,Holstein Kiel,PreZero Arena,Sinsheim,T. Stieler,FT,Match Finished,3,2,2.0,0.0,3,2
1223980,2024-08-24T13:30:00+00:00,1724506200,78,Bundesliga,2024,Regular Season - 1,170,FC Augsburg,162,Werder Bremen,WWK Arena,Augsburg,S. Stegemann,FT,Match Finished,2,2,2.0,1.0,2,2
1223976,2024-08-24T13:30:00+00:00,1724506200,78,Bundesliga,2024,Regular Season - 1,173,RB Leipzig,176,VfL Bochum,Red Bull Arena,Leipzig,B. Brand,FT,Match Finished,1,0,0.0,0.0,1,0
1223977,2024-08-24T16:30:00+00:00,1724517000,78,Bundesliga,2024,Regular Season - 1,165,Borussia Dortmund,169,Eintracht Frankfurt,SIGNAL IDUNA PARK,Dortmund,F. Zwayer,FT,Match Finished,2,0,0.0,0.0,2,0
1223981,2024-08-25T13:30:00+00:00,1724592600,78,Bundesliga,2024,Regular Season - 1,161,VfL Wolfsburg,157,Bayern München,Volkswagen Arena,Wolfsburg,D. Siebert,FT,Match Finished,2,3,0.0,1.0,2,3
1223983,2024-08-25T15:30:00+00:00,1724599800,78,Bundesliga,2024,Regular Season - 1,186,FC St. Pauli,180,1. FC Heidenheim,Millerntor-Stadion,Hamburg,S. Jablonski,FT,Match Finished,0,2,0.0,0.0,0,2
1223990,2024-08-30T18:30:00+00:00,1725042600,78,Bundesliga,2024,Regular Season - 2,182,Union Berlin,186,FC St. Pauli,Stadion An der Alten Försterei,Berlin,B. Dankert,FT,Match Finished,1,0,1.0,0.0,1,0
1223989,2024-08-31T13:30:00+00:00,1725111000,78,Bundesliga,2024,Regular Season - 2,162,Werder Bremen,165,Borussia Dortmund,Weserstadion,Bremen,R. Hartmann,FT,Match Finished,0,0,0.0,0.0,0,0
1223987,2024-08-31T13:30:00+00:00,1725111000,78,Bundesliga,2024,Regular Season - 2,169,Eintracht Frankfurt,167,1899 Hoffenheim,Deutsche Bank Park,Frankfurt am Main,F. Badstübner,FT,Match Finished,3,1,2.0,0.0,3,1
1223985,2024-08-31T13:30:00+00:00,1725111000,78,Bundesliga,2024,Regular Season - 2,172,VfB Stuttgart,164,FSV Mainz 05,MHPArena,Stuttgart,T. Gerach,FT,Match Finished,3,3,2.0,1.0,3,3
1223991,2024-08-31T13:30:00+00:00,1725111000,78,Bundesliga,2024,Regular Season - 2,176,VfL Bochum,163,Borussia Mönchengladbach,Vonovia Ruhrstadion,Bochum,S. Storks,FT,Match Finished,0,2,0.0,0.0,0,2
1223992,2024-08-31T13:30:00+00:00,1725111000,78,Bundesliga,2024,Regular Season - 2,191,Holstein Kiel,161,VfL Wolfsburg,Holstein-Stadion,Kiel,F. Exner,FT,Match Finished,0,2,0.0,2.0,0,2
1223984,2024-08-31T16:30:00+00:00,1725121800,78,Bundesliga,2024,Regular Season - 2,168,Bayer Leverkusen,173,RB Leipzig,BayArena,Leverkusen,M. Jöllenbeck,FT,Match Finished,2,3,2.0,1.0,2,3
1223988,2024-09-01T13:30:00+00:00,1725197400,78,Bundesliga,2024,Regular Season - 2,180,1. FC Heidenheim,170,FC Augsburg,Voith-Arena,Heidenheim an der Brenz,M. Petersen,FT,Match Finished,4,0,2.0,0.0,4,0
1223986,2024-09-01T15:30:00+00:00,1725204600,78,Bundesliga,2024,Regular Season - 2,157,Bayern München,160,SC Freiburg,Allianz Arena,München,C. Dingert,FT,Match Finished,2,0,1.0,0.0,2,0
1223994,2024-09-13T18:30:00+00:00,1726252200,78,Bundesliga,2024,Regular Season - 3,165,Borussia Dortmund,180,1. FC Heidenheim,SIGNAL IDUNA PARK,Dortmund,R. Schröder,FT,Match Finished,4,2,3.0,1.0,4,2
1223996,2024-09-14T13:30:00+00:00,1726320600,78,Bundesliga,2024,Regular Season - 3,160,SC Freiburg,176,VfL Bochum,Europa-Park Stadion,Freiburg im Breisgau,D. Siebert,FT,Match Finished,2,1,0.0,1.0,2,1
1223998,2024-09-14T13:30:00+00:00,1726320600,78,Bundesliga,2024,Regular Season - 3,161,VfL Wolfsburg,169,Eintracht Frankfurt,Volkswagen Arena,Wolfsburg,H. Osmers,FT,Match Finished,1,2,0.0,1.0,1,2
1224000,2024-09-14T13:30:00+00:00,1726320600,78,Bundesliga,2024,Regular Season - 3,163,Borussia Mönchengladbach,172,VfB Stuttgart,BORUSSIA-PARK,Mönchengladbach,F. Brych,FT,Match Finished,1,3,1.0,1.0,1,3
1223995,2024-09-14T13:30:00+00:00,1726320600,78,Bundesliga,2024,Regular Season - 3,167,1899 Hoffenheim,168,Bayer Leverkusen,PreZero Arena,Sinsheim,D. Schlager,FT,Match Finished,1,4,1.0,2.0,1,4
1223993,2024-09-14T13:30:00+00:00,1726320600,78,Bundesliga,2024,Regular Season - 3,173,RB Leipzig,182,Union Berlin,Red Bull Arena,Leipzig,S. Jablonski,FT,Match Finished,0,0,0.0,0.0,0,0
1224001,2024-09-14T16:30:00+00:00,1726331400,78,Bundesliga,2024,Regular Season - 3,191,Holstein Kiel,157,Bayern München,Holstein-Stadion,Kiel,T. Reichel,FT,Match Finished,1,6,0.0,4.0,1,6
1223997,2024-09-15T13:30:00+00:00,1726407000,78,Bundesliga,2024,Regular Season - 3,170,FC Augsburg,186,FC St. Pauli,WWK Arena,Augsburg,F. Zwayer,FT,Match Finished,3,1,0.0,0.0,3,1
1223999,2024-09-15T15:30:00+00:00,1726414200,78,Bundesliga,2024,Regular Season - 3,164,FSV Mainz 05,162,Werder Bremen,MEWA ARENA,Mainz,B. Brand,FT,Match Finished,1,2,1.0,1.0,1,2
1224007,2024-09-20T18:30:00+00:00,1726857000,78,Bundesliga,2024,Regular Season - 4,170,FC Augsburg,164,FSV Mainz 05,WWK Arena,Augsburg,S. Storks,FT,Match Finished,2,3,1.0,2.0,2,3
1224006,2024-09-21T13:30:00+00:00,1726925400,78,Bundesliga,2024,Regular Season - 4,162,Werder Bremen,157,Bayern München,Weserstadion,Bremen,B. Dankert,FT,Match Finished,0,5,0.0,2.0,0,5
1224009,2024-09-21T13:30:00+00:00,1726925400,78,Bundesliga,2024,Regular Season - 4,176,VfL Bochum,191,Holstein Kiel,Vonovia Ruhrstadion,Bochum,M. Petersen,FT,Match Finished,2,2,2.0,1.0,2,2
1224005,2024-09-21T13:30:00+00:00,1726925400,78,Bundesliga,2024,Regular Season - 4,180,1. FC Heidenheim,160,SC Freiburg,Voith-Arena,Heidenheim an der Brenz,B. Brand,FT,Match Finished,0,3,0.0,0.0,0,3
1224008,2024-09-21T13:30:00+00:00,1726925400,78,Bundesliga,2024,Regular Season - 4,182,Union Berlin,167,1899 Hoffenheim,Stadion An der Alten Försterei,Berlin,M. Jöllenbeck,FT,Match Finished,2,1,2.0,0.0,2,1
1224004,2024-09-21T16:30:00+00:00,1726936200,78,Bundesliga,2024,Regular Season - 4,169,Eintracht Frankfurt,163,Borussia Mönchengladbach,Deutsche Bank Park,Frankfurt am Main,T. Welz,FT,Match Finished,2,0,1.0,0.0,2,0
1224002,2024-09-22T13:30:00+00:00,1727011800,78,Bundesliga,2024,Regular Season - 4,168,Bayer Leverkusen,161,VfL Wolfsburg,BayArena,Leverkusen,S. Stegemann,FT,Match Finished,4,3,2.0,3.0,4,3
1224003,2024-09-22T15:30:00+00:00,1727019000,78,Bundesliga,2024,Regular Season - 4,172,VfB Stuttgart,165,Borussia Dortmund,MHPArena,Stuttgart,F. Badstübner,FT,Match Finished,5,1,2.0,0.0,5,1
1224010,2024-09-22T17:30:00+00:00,1727026200,78,Bundesliga,2024,Regular Season - 4,186,FC St. Pauli,173,RB Leipzig,Millerntor-Stadion,Hamburg,R. Hartmann,FT,Match Finished,0,0,0.0,0.0,0,0
1224013,2024-09-27T18:30:00+00:00,1727461800,78,Bundesliga,2024,Regular Season - 5,165,Borussia Dortmund,176,VfL Bochum,SIGNAL IDUNA PARK,Dortmund,F. Brych,FT,Match Finished,4,2,1.0,2.0,4,2
1224015,2024-09-28T13:30:00+00:00,1727530200,78,Bundesliga,2024,Regular Season - 5,160,SC Freiburg,186,FC St. Pauli,Europa-Park Stadion,Freiburg im Breisgau,T. Gerach,FT,Match Finished,0,3,0.0,2.0,0,3
1224016,2024-09-28T13:30:00+00:00,1727530200,78,Bundesliga,2024,Regular Season - 5,161,VfL Wolfsburg,172,VfB Stuttgart,Volkswagen Arena,Wolfsburg,S. Jablonski,FT,Match Finished,2,2,1.0,1.0,2,2
1224018,2024-09-28T13:30:00+00:00,1727530200,78,Bundesliga,2024,Regular Season - 5,163,Borussia Mönchengladbach,182,Union Berlin,BORUSSIA-PARK,Mönchengladbach,D. Schlager,FT,Match Finished,1,0,0.0,0.0,1,0
1224017,2024-09-28T13:30:00+00:00,1727530200,78,Bundesliga,2024,Regular Season - 5,164,FSV Mainz 05,180,1. FC Heidenheim,MEWA ARENA,Mainz,F. Exner,FT,Match Finished,0,2,0.0,1.0,0,2
1224012,2024-09-28T13:30:00+00:00,1727530200,78,Bundesliga,2024,Regular Season - 5,173,RB Leipzig,170,FC Augsburg,Red Bull Arena,Leipzig,D. Siebert,FT,Match Finished,4,0,2.0,0.0,4,0
1224011,2024-09-28T16:30:00+00:00,1727541000,78,Bundesliga,2024,Regular Season - 5,157,Bayern München,168,Bayer Leverkusen,Allianz Arena,München,F. Zwayer,FT,Match Finished,1,1,1.0,1.0,1,1
1224019,2024-09-29T13:30:00+00:00,1727616600,78,Bundesliga,2024,Regular Season - 5,191,Holstein Kiel,169,Eintracht Frankfurt,Holstein-Stadion,Kiel,T. Stieler,FT,Match Finished,2,4,1.0,1.0,2,4
1224014,2024-09-29T15:30:00+00:00,1727623800,78,Bundesliga,2024,Regular Season - 5,167,1899 Hoffenheim,162,Werder Bremen,PreZero Arena,Sinsheim,T. Reichel,FT,Match Finished,3,4,3.0,3.0,3,4
1224025,2024-10-04T18:30:00+00:00,1728066600,78,Bundesliga,2024,Regular Season - 6,170,FC Augsburg,163,Borussia Mönchengladbach,WWK Arena,Augsburg,F. Badstübner,FT,Match Finished,2,1,1.0,0.0,2,1
1224024,2024-10-05T13:30:00+00:00,1728135000,78,Bundesliga,2024,Regular Season - 6,162,Werder Bremen,160,SC Freiburg,Weserstadion,Bremen,T. Welz,FT,Match Finished,0,1,0.0,0.0,0,1
1224020,2024-10-05T13:30:00+00:00,1728135000,78,Bundesliga,2024,Regular Season - 6,168,Bayer Leverkusen,191,Holstein Kiel,BayArena,Leverkusen,R. Hartmann,FT,Match Finished,2,2,2.0,1.0,2,2
1224027,2024-10-05T13:30:00+00:00,1728135000,78,Bundesliga,2024,Regular Season - 6,176,VfL Bochum,161,VfL Wolfsburg,Vonovia Ruhrstadion,Bochum,M. Burda,FT,Match Finished,1,3,0.0,2.0,1,3
1224026,2024-10-05T13:30:00+00:00,1728135000,78,Bundesliga,2024,Regular Season - 6,182,Union Berlin,165,Borussia Dortmund,Stadion An der Alten Försterei,Berlin,T. Reichel,FT,Match Finished,2,1,2.0,0.0,2,1
1224028,2024-10-05T16:30:00+00:00,1728145800,78,Bundesliga,2024,Regular Season - 6,186,FC St. Pauli,164,FSV Mainz 05,Millerntor-Stadion,Hamburg,C. Dingert,FT,Match Finished,0,3,0.0,2.0,0,3
1224023,2024-10-06T13:30:00+00:00,1728221400,78,Bundesliga,2024,Regular Season - 6,180,1. FC Heidenheim,173,RB Leipzig,Voith-Arena,Heidenheim an der Brenz,S. Stegemann,FT,Match Finished,0,1,0.0,0.0,0,1
1224022,2024-10-06T15:30:00+00:00,1728228600,78,Bundesliga,2024,Regular Season - 6,169,Eintracht Frankfurt,157,Bayern München,Deutsche Bank Park,Frankfurt am Main,B. Brand,FT,Match Finished,3,3,2.0,2.0,3,3
1224021,2024-10-06T17:30:00+00:00,1728235800,78,Bundesliga,2024,Regular Season - 6,172,VfB Stuttgart,167,1899 Hoffenheim,MHPArena,Stuttgart,H. Osmers,FT,Match Finished,1,1,0.0,1.0,1,1
1224031,2024-10-18T18:30:00+00:00,1729276200,78,Bundesliga,2024,Regular Season - 7,165,Borussia Dortmund,186,FC St. Pauli,SIGNAL IDUNA PARK,Dortmund,M. Jöllenbeck,FT,Match Finished,2,1,1.0,0.0,2,1
1224033,2024-10-19T13:30:00+00:00,1729344600,78,Bundesliga,2024,Regular Season - 7,160,SC Freiburg,170,FC Augsburg,Europa-Park Stadion,Freiburg im Breisgau,B. Dankert,FT,Match Finished,3,1,3.0,0.0,3,1
1224036,2024-10-19T13:30:00+00:00,1729344600,78,Bundesliga,2024,Regular Season - 7,163,Borussia Mönchengladbach,180,1. FC Heidenheim,BORUSSIA-PARK,Mönchengladbach,D. Siebert,FT,Match Finished,3,2,1.0,1.0,3,2
1224035,2024-10-19T13:30:00+00:00,1729344600,78,Bundesliga,2024,Regular Season - 7,164,FSV Mainz 05,173,RB Leipzig,MEWA ARENA,Mainz,F. Zwayer,FT,Match Finished,0,2,0.0,2.0,0,2
1224032,2024-10-19T13:30:00+00:00,1729344600,78,Bundesliga,2024,Regular Season - 7,167,1899 Hoffenheim,176,VfL Bochum,PreZero Arena,Sinsheim,S. Storks,FT,Match Finished,3,1,1.0,0.0,3,1
1224029,2024-10-19T13:30:00+00:00,1729344600,78,Bundesliga,2024,Regular Season - 7,168,Bayer Leverkusen,169,Eintracht Frankfurt,BayArena,Leverkusen,F. Brych,FT,Match Finished,2,1,1.0,1.0,2,1
1224030,2024-10-19T16:30:00+00:00,1729355400,78,Bundesliga,2024,Regular Season - 7,157,Bayern München,172,VfB Stuttgart,Allianz Arena,München,T. Stieler,FT,Match Finished,4,0,0.0,0.0,4,0
1224037,2024-10-20T13:30:00+00:00,1729431000,78,Bundesliga,2024,Regular Season - 7,191,Holstein Kiel,182,Union Berlin,Holstein-Stadion,Kiel,T. Gerach,FT,Match Finished,0,2,0.0,1.0,0,2
1224034,2024-10-20T15:30:00+00:00,1729438200,78,Bundesliga,2024,Regular Season - 7,161,VfL Wolfsburg,162,Werder Bremen,Volkswagen Arena,Wolfsburg,D. Schlager,FT,Match Finished,2,4,1.0,1.0,2,4
1224043,2024-10-25T18:30:00+00:00,1729881000,78,Bundesliga,2024,Regular Season - 8,164,FSV Mainz 05,163,Borussia Mönchengladbach,MEWA ARENA,Mainz,M. Petersen,FT,Match Finished,1,1,0.0,0.0,1,1
1224042,2024-10-26T13:30:00+00:00,1729949400,78,Bundesliga,2024,Regular Season - 8,170,FC Augsburg,165,Borussia Dortmund,WWK Arena,Augsburg,T. Welz,FT,Match Finished,2,1,1.0,1.0,2,1
1224038,2024-10-26T13:30:00+00:00,1729949400,78,Bundesliga,2024,Regular Season - 8,172,VfB Stuttgart,191,Holstein Kiel,MHPArena,Stuttgart,R. Hartmann,FT,Match Finished,2,1,1.0,0.0,2,1
1224039,2024-10-26T13:30:00+00:00,1729949400,78,Bundesliga,2024,Regular Season - 8,173,RB Leipzig,160,SC Freiburg,Red Bull Arena,Leipzig,S. Jablonski,FT,Match Finished,3,1,0.0,1.0,3,1
1224046,2024-10-26T13:30:00+00:00,1729949400,78,Bundesliga,2024,Regular Season - 8,186,FC St. Pauli,161,VfL Wolfsburg,Millerntor-Stadion,Hamburg,T. Reichel,FT,Match Finished,0,0,0.0,0.0,0,0
1224041,2024-10-26T16:30:00+00:00,1729960200,78,Bundesliga,2024,Regular Season - 8,162,Werder Bremen,168,Bayer Leverkusen,Weserstadion,Bremen,F. Badstübner,FT,Match Finished,2,2,0.0,1.0,2,2
1224045,2024-10-27T14:30:00+00:00,1730039400,78,Bundesliga,2024,Regular Season - 8,176,VfL Bochum,157,Bayern München,Vonovia Ruhrstadion,Bochum,F. Exner,FT,Match Finished,0,5,0.0,2.0,0,5
1224044,2024-10-27T16:30:00+00:00,1730046600,78,Bundesliga,2024,Regular Season - 8,182,Union Berlin,169,Eintracht Frankfurt,Stadion An der Alten Försterei,Berlin,H. Osmers,FT,Match Finished,1,1,0.0,1.0,1,1
1224040,2024-10-27T18:30:00+00:00,1730053800,78,Bundesliga,2024,Regular Season - 8,180,1. FC Heidenheim,167,1899 Hoffenheim,Voith-Arena,Heidenheim an der Brenz,C. Dingert,FT,Match Finished,0,0,0.0,0.0,0,0
1224047,2024-11-01T19:30:00+00:00,1730489400,78,Bundesliga,2024,Regular Season - 9,168,Bayer Leverkusen,172,VfB Stuttgart,BayArena,Leverkusen,D. Siebert,FT,Match Finished,0,0,0.0,0.0,0,0
1224048,2024-11-02T14:30:00+00:00,1730557800,78,Bundesliga,2024,Regular Season - 9,157,Bayern München,182,Union Berlin,Allianz Arena,München,M. Jöllenbeck,FT,Match Finished,3,0,2.0,0.0,3,0
1224053,2024-11-02T14:30:00+00:00,1730557800,78,Bundesliga,2024,Regular Season - 9,161,VfL Wolfsburg,170,FC Augsburg,Volkswagen Arena,Wolfsburg,F. Brych,FT,Match Finished,1,1,0.0,1.0,1,1
1224051,2024-11-02T14:30:00+00:00,1730557800,78,Bundesliga,2024,Regular Season - 9,167,1899 Hoffenheim,186,FC St. Pauli,PreZero Arena,Sinsheim,S. Stegemann,FT,Match Finished,0,2,0.0,1.0,0,2
1224050,2024-11-02T14:30:00+00:00,1730557800,78,Bundesliga,2024,Regular Season - 9,169,Eintracht Frankfurt,176,VfL Bochum,Deutsche Bank Park,Frankfurt am Main,D. Schlager,FT,Match Finished,7,2,4.0,1.0,7,2
1224055,2024-11-02T14:30:00+00:00,1730557800,78,Bundesliga,2024,Regular Season - 9,191,Holstein Kiel,180,1. FC Heidenheim,Holstein-Stadion,Kiel,F. Willenborg,FT,Match Finished,1,0,1.0,0.0,1,0
1224049,2024-11-02T17:30:00+00:00,1730568600,78,Bundesliga,2024,Regular Season - 9,165,Borussia Dortmund,173,RB Leipzig,SIGNAL IDUNA PARK,Dortmund,T. Stieler,FT,Match Finished,2,1,1.0,1.0,2,1
1224052,2024-11-03T14:30:00+00:00,1730644200,78,Bundesliga,2024,Regular Season - 9,160,SC Freiburg,164,FSV Mainz 05,Europa-Park Stadion,Freiburg im Breisgau,B. Brand,FT,Match Finished,0,0,0.0,0.0,0,0
1224054,2024-11-03T16:30:00+00:00,1730651400,78,Bundesliga,2024,Regular Season - 9,163,Borussia Mönchengladbach,162,Werder Bremen,BORUSSIA-PARK,Mönchengladbach,B. Dankert,FT,Match Finished,4,1,3.0,0.0,4,1
1224062,2024-11-08T19:30:00+00:00,1731094200,78,Bundesliga,2024,Regular Season - 10,182,Union Berlin,160,SC Freiburg,Stadion An der Alten Försterei,Berlin,T. Reichel,FT,Match Finished,0,0,0.0,0.0,0,0
1224059,2024-11-09T14:30:00+00:00,1731162600,78,Bundesliga,2024,Regular Season - 10,162,Werder Bremen,191,Holstein Kiel,Weserstadion,Bremen,S. Storks,FT,Match Finished,2,1,1.0,0.0,2,1
1224061,2024-11-09T14:30:00+00:00,1731162600,78,Bundesliga,2024,Regular Season - 10,164,FSV Mainz 05,165,Borussia Dortmund,MEWA ARENA,Mainz,F. Badstübner,FT,Match Finished,3,1,2.0,1.0,3,1
1224063,2024-11-09T14:30:00+00:00,1731162600,78,Bundesliga,2024,Regular Season - 10,176,VfL Bochum,168,Bayer Leverkusen,Vonovia Ruhrstadion,Bochum,R. Hartmann,FT,Match Finished,1,1,0.0,1.0,1,1
1224064,2024-11-09T14:30:00+00:00,1731162600,78,Bundesliga,2024,Regular Season - 10,186,FC St. Pauli,157,Bayern München,Millerntor-Stadion,Hamburg,T. Gerach,FT,Match Finished,0,1,0.0,1.0,0,1
1224057,2024-11-09T17:30:00+00:00,1731173400,78,Bundesliga,2024,Regular Season - 10,173,RB Leipzig,163,Borussia Mönchengladbach,Red Bull Arena,Leipzig,C. Dingert,FT,Match Finished,0,0,0.0,0.0,0,0
1224060,2024-11-10T14:30:00+00:00,1731249000,78,Bundesliga,2024,Regular Season - 10,170,FC Augsburg,167,1899 Hoffenheim,WWK Arena,Augsburg,M. Petersen,FT,Match Finished,0,0,0.0,0.0,0,0
1224056,2024-11-10T16:30:00+00:00,1731256200,78,Bundesliga,2024,Regular Season - 10,172,VfB Stuttgart,169,Eintracht Frankfurt,MHPArena,Stuttgart,F. Zwayer,FT,Match Finished,2,3,0.0,1.0,2,3
1224058,2024-11-10T18:30:00+00:00,1731263400,78,Bundesliga,2024,Regular Season - 10,180,1. FC Heidenheim,161,VfL Wolfsburg,Voith-Arena,Heidenheim an der Brenz,H. Osmers,FT,Match Finished,1,3,0.0,2.0,1,3
1224067,2024-11-22T19:30:00+00:00,1732303800,78,Bundesliga,2024,Regular Season - 11,157,Bayern München,170,FC Augsburg,Allianz Arena,München,D. Schlager,FT,Match Finished,3,0,0.0,0.0,3,0
1224071,2024-11-23T14:30:00+00:00,1732372200,78,Bundesliga,2024,Regular Season - 11,161,VfL Wolfsburg,182,Union Berlin,Volkswagen Arena,Wolfsburg,T. Stieler,FT,Match Finished,1,0,0.0,0.0,1,0
1224068,2024-11-23T14:30:00+00:00,1732372200,78,Bundesliga,2024,Regular Season - 11,165,Borussia Dortmund,160,SC Freiburg,SIGNAL IDUNA PARK,Dortmund,F. Brych,FT,Match Finished,4,0,2.0,0.0,4,0
1224070,2024-11-23T14:30:00+00:00,1732372200,78,Bundesliga,2024,Regular Season - 11,167,1899 Hoffenheim,173,RB Leipzig,PreZero Arena,Sinsheim,F. Willenborg,FT,Match Finished,4,3,1.0,2.0,4,3
1224065,2024-11-23T14:30:00+00:00,1732372200,78,Bundesliga,2024,Regular Season - 11,168,Bayer Leverkusen,180,1. FC Heidenheim,BayArena,Leverkusen,B. Dankert,FT,Match Finished,5,2,2.0,2.0,5,2
1224066,2024-11-23T14:30:00+00:00,1732372200,78,Bundesliga,2024,Regular Season - 11,172,VfB Stuttgart,176,VfL Bochum,MHPArena,Stuttgart,B. Brand,FT,Match Finished,2,0,0.0,0.0,2,0
1224069,2024-11-23T17:30:00+00:00,1732383000,78,Bundesliga,2024,Regular Season - 11,169,Eintracht Frankfurt,162,Werder Bremen,Deutsche Bank Park,Frankfurt am Main,F. Badstübner,FT,Match Finished,1,0,1.0,0.0,1,0
1224073,2024-11-24T14:30:00+00:00,1732458600,78,Bundesliga,2024,Regular Season - 11,191,Holstein Kiel,164,FSV Mainz 05,Holstein-Stadion,Kiel,S. Stegemann,FT,Match Finished,0,3,0.0,2.0,0,3
1224072,2024-11-24T16:30:00+00:00,1732465800,78,Bundesliga,2024,Regular Season - 11,163,Borussia Mönchengladbach,186,FC St. Pauli,BORUSSIA-PARK,Mönchengladbach,R. Braun,FT,Match Finished,2,0,2.0,0.0,2,0
1224082,2024-11-29T19:30:00+00:00,1732908600,78,Bundesliga,2024,Regular Season - 12,186,FC St. Pauli,191,Holstein Kiel,Millerntor-Stadion,Hamburg,F. Zwayer,FT,Match Finished,3,1,1.0,0.0,3,1
1224078,2024-11-30T14:30:00+00:00,1732977000,78,Bundesliga,2024,Regular Season - 12,160,SC Freiburg,163,Borussia Mönchengladbach,Europa-Park Stadion,Freiburg im Breisgau,R. Hartmann,FT,Match Finished,3,1,1.0,0.0,3,1
1224077,2024-11-30T14:30:00+00:00,1732977000,78,Bundesliga,2024,Regular Season - 12,162,Werder Bremen,172,VfB Stuttgart,Weserstadion,Bremen,H. Osmers,FT,Match Finished,2,2,1.0,1.0,2,2
1224079,2024-11-30T14:30:00+00:00,1732977000,78,Bundesliga,2024,Regular Season - 12,170,FC Augsburg,176,VfL Bochum,WWK Arena,Augsburg,T. Reichel,FT,Match Finished,1,0,1.0,0.0,1,0
1224074,2024-11-30T14:30:00+00:00,1732977000,78,Bundesliga,2024,Regular Season - 12,173,RB Leipzig,161,VfL Wolfsburg,Red Bull Arena,Leipzig,M. Petersen,FT,Match Finished,1,5,0.0,3.0,1,5
1224081,2024-11-30T14:30:00+00:00,1732977000,78,Bundesliga,2024,Regular Season - 12,182,Union Berlin,168,Bayer Leverkusen,Stadion An der Alten Försterei,Berlin,C. Dingert,FT,Match Finished,1,2,1.0,1.0,1,2
1224075,2024-11-30T17:30:00+00:00,1732987800,78,Bundesliga,2024,Regular Season - 12,165,Borussia Dortmund,157,Bayern München,SIGNAL IDUNA PARK,Dortmund,S. Jablonski,FT,Match Finished,1,1,1.0,0.0,1,1
1224080,2024-12-01T14:30:00+00:00,1733063400,78,Bundesliga,2024,Regular Season - 12,164,FSV Mainz 05,167,1899 Hoffenheim,MEWA ARENA,Mainz,D. Siebert,FT,Match Finished,2,0,2.0,0.0,2,0
1224076,2024-12-01T16:30:00+00:00,1733070600,78,Bundesliga,2024,Regular Season - 12,180,1. FC Heidenheim,169,Eintracht Frankfurt,Voith-Arena,Heidenheim an der Brenz,F. Exner,FT,Match Finished,0,4,0.0,1.0,0,4
1224084,2024-12-06T19:30:00+00:00,1733513400,78,Bundesliga,2024,Regular Season - 13,172,VfB Stuttgart,182,Union Berlin,MHPArena,Stuttgart,T. Welz,FT,Match Finished,3,2,0.0,1.0,3,2
1224085,2024-12-07T14:30:00+00:00,1733581800,78,Bundesliga,2024,Regular Season - 13,157,Bayern München,180,1. FC Heidenheim,Allianz Arena,München,S. Storks,FT,Match Finished,4,2,1.0,0.0,4,2
1224083,2024-12-07T14:30:00+00:00,1733581800,78,Bundesliga,2024,Regular Season - 13,168,Bayer Leverkusen,186,FC St. Pauli,BayArena,Leverkusen,M. Jöllenbeck,FT,Match Finished,2,1,2.0,0.0,2,1
1224086,2024-12-07T14:30:00+00:00,1733581800,78,Bundesliga,2024,Regular Season - 13,169,Eintracht Frankfurt,170,FC Augsburg,Deutsche Bank Park,Frankfurt am Main,B. Dankert,FT,Match Finished,2,2,0.0,0.0,2,2
1224090,2024-12-07T14:30:00+00:00,1733581800,78,Bundesliga,2024,Regular Season - 13,176,VfL Bochum,162,Werder Bremen,Vonovia Ruhrstadion,Bochum,F. Brych,FT,Match Finished,0,1,0.0,0.0,0,1
1224091,2024-12-07T14:30:00+00:00,1733581800,78,Bundesliga,2024,Regular Season - 13,191,Holstein Kiel,173,RB Leipzig,Holstein-Stadion,Kiel,F. Badstübner,FT,Match Finished,0,2,0.0,1.0,0,2
1224089,2024-12-07T17:30:00+00:00,1733592600,78,Bundesliga,2024,Regular Season - 13,163,Borussia Mönchengladbach,165,Borussia Dortmund,BORUSSIA-PARK,Mönchengladbach,T. Stieler,FT,Match Finished,1,1,0.0,0.0,1,1
1224088,2024-12-08T14:30:00+00:00,1733668200,78,Bundesliga,2024,Regular Season - 13,161,VfL Wolfsburg,164,FSV Mainz 05,Volkswagen Arena,Wolfsburg,T. Gerach,FT,Match Finished,4,3,1.0,2.0,4,3
1224087,2024-12-08T16:30:00+00:00,1733675400,78,Bundesliga,2024,Regular Season - 13,167,1899 Hoffenheim,160,SC Freiburg,PreZero Arena,Sinsheim,S. Jablonski,FT,Match Finished,1,1,0.0,0.0,1,1
1224095,2024-12-13T19:30:00+00:00,1734118200,78,Bundesliga,2024,Regular Season - 14,160,SC Freiburg,161,VfL Wolfsburg,Europa-Park Stadion,Freiburg im Breisgau,S. Stegemann,FT,Match Finished,3,2,1.0,0.0,3,2
1224098,2024-12-14T14:30:00+00:00,1734186600,78,Bundesliga,2024,Regular Season - 14,163,Borussia Mönchengladbach,191,Holstein Kiel,BORUSSIA-PARK,Mönchengladbach,D. Schlager,FT,Match Finished,4,1,3.0,1.0,4,1
1224097,2024-12-14T14:30:00+00:00,1734186600,78,Bundesliga,2024,Regular Season - 14,164,FSV Mainz 05,157,Bayern München,MEWA ARENA,Mainz,F. Willenborg,FT,Match Finished,2,1,1.0,0.0,2,1
1224096,2024-12-14T14:30:00+00:00,1734186600,78,Bundesliga,2024,Regular Season - 14,170,FC Augsburg,168,Bayer Leverkusen,WWK Arena,Augsburg,F. Zwayer,FT,Match Finished,0,2,0.0,2.0,0,2
1224099,2024-12-14T14:30:00+00:00,1734186600,78,Bundesliga,2024,Regular Season - 14,182,Union Berlin,176,VfL Bochum,Stadion An der Alten Försterei,Berlin,M. Petersen,FT,Match Finished,1,1,1.0,1.0,1,1
1224100,2024-12-14T17:30:00+00:00,1734197400,78,Bundesliga,2024,Regular Season - 14,186,FC St. Pauli,162,Werder Bremen,Millerntor-Stadion,Hamburg,R. Hartmann,FT,Match Finished,0,2,0.0,1.0,0,2
1224094,2024-12-15T14:30:00+00:00,1734273000,78,Bundesliga,2024,Regular Season - 14,180,1. FC Heidenheim,172,VfB Stuttgart,Voith-Arena,Heidenheim an der Brenz,C. Dingert,FT,Match Finished,1,3,1.0,2.0,1,3
1224093,2024-12-15T16:30:00+00:00,1734280200,78,Bundesliga,2024,Regular Season - 14,165,Borussia Dortmund,167,1899 Hoffenheim,SIGNAL IDUNA PARK,Dortmund,H. Osmers,FT,Match Finished,1,1,0.0,0.0,1,1
1224092,2024-12-15T18:30:00+00:00,1734287400,78,Bundesliga,2024,Regular Season - 14,173,RB Leipzig,169,Eintracht Frankfurt,Red Bull Arena,Leipzig,B. Brand,FT,Match Finished,2,1,1.0,1.0,2,1
1224103,2024-12-20T19:30:00+00:00,1734723000,78,Bundesliga,2024,Regular Season - 15,157,Bayern München,173,RB Leipzig,Allianz Arena,München,D. Siebert,FT,Match Finished,5,1,3.0,1.0,5,1
1224106,2024-12-21T14:30:00+00:00,1734791400,78,Bundesliga,2024,Regular Season - 15,162,Werder Bremen,182,Union Berlin,Weserstadion,Bremen,F. Exner,FT,Match Finished,4,1,3.0,1.0,4,1
1224105,2024-12-21T14:30:00+00:00,1734791400,78,Bundesliga,2024,Regular Season - 15,167,1899 Hoffenheim,163,Borussia Mönchengladbach,PreZero Arena,Sinsheim,B. Dankert,FT,Match Finished,1,2,0.0,1.0,1,2
1224104,2024-12-21T14:30:00+00:00,1734791400,78,Bundesliga,2024,Regular Season - 15,169,Eintracht Frankfurt,164,FSV Mainz 05,Deutsche Bank Park,Frankfurt am Main,F. Badstübner,FT,Match Finished,1,3,0.0,2.0,1,3
1224102,2024-12-21T14:30:00+00:00,1734791400,78,Bundesliga,2024,Regular Season - 15,172,VfB Stuttgart,186,FC St. Pauli,MHPArena,Stuttgart,F. Brych,FT,Match Finished,0,1,0.0,1.0,0,1
1224109,2024-12-21T14:30:00+00:00,1734791400,78,Bundesliga,2024,Regular Season - 15,191,Holstein Kiel,170,FC Augsburg,Holstein-Stadion,Kiel,T. Welz,FT,Match Finished,5,1,4.0,1.0,5,1
1224101,2024-12-21T17:30:00+00:00,1734802200,78,Bundesliga,2024,Regular Season - 15,168,Bayer Leverkusen,160,SC Freiburg,BayArena,Leverkusen,T. Stieler,FT,Match Finished,5,1,1.0,0.0,5,1
1224108,2024-12-22T14:30:00+00:00,1734877800,78,Bundesliga,2024,Regular Season - 15,176,VfL Bochum,180,1. FC Heidenheim,Vonovia Ruhrstadion,Bochum,S. Jablonski,FT,Match Finished,2,0,2.0,0.0,2,0
1224107,2024-12-22T16:30:00+00:00,1734885000,78,Bundesliga,2024,Regular Season - 15,161,VfL Wolfsburg,165,Borussia Dortmund,Volkswagen Arena,Wolfsburg,M. Jöllenbeck,FT,Match Finished,1,3,0.0,3.0,1,3
1224111,2025-01-10T19:45:00+00:00,1736538300,78,Bundesliga,2024,Regular Season - 16,165,Borussia Dortmund,168,Bayer Leverkusen,SIGNAL IDUNA PARK,Dortmund,T. Stieler,FT,Match Finished,2,3,1.0,3.0,2,3
1224114,2025-01-11T14:30:00+00:00,1736605800,78,Bundesliga,2024,Regular Season - 16,160,SC Freiburg,191,Holstein Kiel,Europa-Park Stadion,Freiburg im Breisgau,S. Storks,FT,Match Finished,3,2,2.0,0.0,3,2
1224116,2025-01-11T14:30:00+00:00,1736605800,78,Bundesliga,2024,Regular Season - 16,164,FSV Mainz 05,176,VfL Bochum,MEWA ARENA,Mainz,B. Brand,FT,Match Finished,2,0,1.0,0.0,2,0
1224112,2025-01-11T14:30:00+00:00,1736605800,78,Bundesliga,2024,Regular Season - 16,167,1899 Hoffenheim,161,VfL Wolfsburg,PreZero Arena,Sinsheim,C. Dingert,FT,Match Finished,0,1,0.0,1.0,0,1
1224113,2025-01-11T14:30:00+00:00,1736605800,78,Bundesliga,2024,Regular Season - 16,180,1. FC Heidenheim,182,Union Berlin,Voith-Arena,Heidenheim an der Brenz,R. Hartmann,FT,Match Finished,2,0,1.0,0.0,2,0
1224118,2025-01-11T14:30:00+00:00,1736605800,78,Bundesliga,2024,Regular Season - 16,186,FC St. Pauli,169,Eintracht Frankfurt,Millerntor-Stadion,Hamburg,H. Osmers,FT,Match Finished,0,1,0.0,1.0,0,1
1224117,2025-01-11T17:30:00+00:00,1736616600,78,Bundesliga,2024,Regular Season - 16,163,Borussia Mönchengladbach,157,Bayern München,BORUSSIA-PARK,Mönchengladbach,F. Zwayer,FT,Match Finished,0,1,0.0,0.0,0,1
1224110,2025-01-12T14:30:00+00:00,1736692200,78,Bundesliga,2024,Regular Season - 16,173,RB Leipzig,162,Werder Bremen,Red Bull Arena,Leipzig,T. Reichel,FT,Match Finished,4,2,2.0,1.0,4,2
1224115,2025-01-12T16:30:00+00:00,1736699400,78,Bundesliga,2024,Regular Season - 16,170,FC Augsburg,172,VfB Stuttgart,WWK Arena,Augsburg,D. Schlager,FT,Match Finished,0,1,0.0,0.0,0,1
1224127,2025-01-14T17:30:00+00:00,1736875800,78,Bundesliga,2024,Regular Season - 17,191,Holstein Kiel,165,Borussia Dortmund,Holstein-Stadion,Kiel,M. Petersen,FT,Match Finished,4,2,3.0,0.0,4,2
1224124,2025-01-14T19:30:00+00:00,1736883000,78,Bundesliga,2024,Regular Season - 17,161,VfL Wolfsburg,163,Borussia Mönchengladbach,Volkswagen Arena,Wolfsburg,F. Badstübner,FT,Match Finished,5,1,1.0,0.0,5,1
1224119,2025-01-14T19:30:00+00:00,1736883000,78,Bundesliga,2024,Regular Season - 17,168,Bayer Leverkusen,164,FSV Mainz 05,BayArena,Leverkusen,T. Welz,FT,Match Finished,1,0,0.0,0.0,1,0
1224122,2025-01-14T19:30:00+00:00,1736883000,78,Bundesliga,2024,Regular Season - 17,169,Eintracht Frankfurt,160,SC Freiburg,Deutsche Bank Park,Frankfurt am Main,S. Jablonski,FT,Match Finished,4,1,1.0,1.0,4,1
1224126,2025-01-15T17:30:00+00:00,1736962200,78,Bundesliga,2024,Regular Season - 17,176,VfL Bochum,186,FC St. Pauli,Vonovia Ruhrstadion,Bochum,D. Siebert,FT,Match Finished,1,0,0.0,0.0,1,0
1224121,2025-01-15T19:30:00+00:00,1736969400,78,Bundesliga,2024,Regular Season - 17,157,Bayern München,167,1899 Hoffenheim,Allianz Arena,München,T. Gerach,FT,Match Finished,5,0,3.0,0.0,5,0
1224123,2025-01-15T19:30:00+00:00,1736969400,78,Bundesliga,2024,Regular Season - 17,162,Werder Bremen,180,1. FC Heidenheim,Weserstadion,Bremen,M. Jöllenbeck,FT,Match Finished,3,3,1.0,1.0,3,3
1224120,2025-01-15T19:30:00+00:00,1736969400,78,Bundesliga,2024,Regular Season - 17,172,VfB Stuttgart,173,RB Leipzig,MHPArena,Stuttgart,S. Stegemann,FT,Match Finished,2,1,0.0,1.0,2,1
1224125,2025-01-15T19:30:00+00:00,1736969400,78,Bundesliga,2024,Regular Season - 17,182,Union Berlin,170,FC Augsburg,Stadion An der Alten Försterei,Berlin,F. Willenborg,FT,Match Finished,0,2,0.0,2.0,0,2
1224131,2025-01-17T19:30:00+00:00,1737142200,78,Bundesliga,2024,Regular Season - 18,169,Eintracht Frankfurt,165,Borussia Dortmund,Deutsche Bank Park,Frankfurt am Main,D. Schlager,FT,Match Finished,2,0,1.0,0.0,2,0
1224130,2025-01-18T14:30:00+00:00,1737210600,78,Bundesliga,2024,Regular Season - 18,157,Bayern München,161,VfL Wolfsburg,Allianz Arena,München,T. Reichel,FT,Match Finished,3,2,2.0,1.0,3,2
1224129,2025-01-18T14:30:00+00:00,1737210600,78,Bundesliga,2024,Regular Season - 18,172,VfB Stuttgart,160,SC Freiburg,MHPArena,Stuttgart,F. Zwayer,FT,Match Finished,4,0,3.0,0.0,4,0
1224135,2025-01-18T14:30:00+00:00,1737210600,78,Bundesliga,2024,Regular Season - 18,176,VfL Bochum,173,RB Leipzig,Vonovia Ruhrstadion,Bochum,R. Hartmann,FT,Match Finished,3,3,0.0,3.0,3,3
1224132,2025-01-18T14:30:00+00:00,1737210600,78,Bundesliga,2024,Regular Season - 18,180,1. FC Heidenheim,186,FC St. Pauli,Voith-Arena,Heidenheim an der Brenz,B. Dankert,FT,Match Finished,0,2,0.0,1.0,0,2
1224136,2025-01-18T14:30:00+00:00,1737210600,78,Bundesliga,2024,Regular Season - 18,191,Holstein Kiel,167,1899 Hoffenheim,Holstein-Stadion,Kiel,F. Brych,FT,Match Finished,1,3,0.0,2.0,1,3
1224128,2025-01-18T17:30:00+00:00,1737221400,78,Bundesliga,2024,Regular Season - 18,168,Bayer Leverkusen,163,Borussia Mönchengladbach,BayArena,Leverkusen,H. Osmers,FT,Match Finished,3,1,1.0,0.0,3,1
1224134,2025-01-19T14:30:00+00:00,1737297000,78,Bundesliga,2024,Regular Season - 18,182,Union Berlin,164,FSV Mainz 05,Stadion An der Alten Försterei,Berlin,F. Exner,FT,Match Finished,2,1,2.0,1.0,2,1
1224133,2025-01-19T16:30:00+00:00,1737304200,78,Bundesliga,2024,Regular Season - 18,162,Werder Bremen,170,FC Augsburg,Weserstadion,Bremen,B. Brand,FT,Match Finished,0,2,0.0,2.0,0,2
1224142,2025-01-24T19:30:00+00:00,1737747000,78,Bundesliga,2024,Regular Season - 19,161,VfL Wolfsburg,191,Holstein Kiel,Volkswagen Arena,Wolfsburg,S. Jablonski,FT,Match Finished,2,2,0.0,1.0,2,2
1224140,2025-01-25T14:30:00+00:00,1737815400,78,Bundesliga,2024,Regular Season - 19,160,SC Freiburg,157,Bayern München,Europa-Park Stadion,Freiburg im Breisgau,D. Siebert,FT,Match Finished,1,2,0.0,1.0,1,2
1224143,2025-01-25T14:30:00+00:00,1737815400,78,Bundesliga,2024,Regular Season - 19,164,FSV Mainz 05,172,VfB Stuttgart,MEWA ARENA,Mainz,T. Stieler,FT,Match Finished,2,0,1.0,0.0,2,0
1224138,2025-01-25T14:30:00+00:00,1737815400,78,Bundesliga,2024,Regular Season - 19,165,Borussia Dortmund,162,Werder Bremen,SIGNAL IDUNA PARK,Dortmund,C. Dingert,FT,Match Finished,2,2,1.0,0.0,2,2
1224141,2025-01-25T14:30:00+00:00,1737815400,78,Bundesliga,2024,Regular Season - 19,170,FC Augsburg,180,1. FC Heidenheim,WWK Arena,Augsburg,F. Badstübner,FT,Match Finished,2,1,1.0,0.0,2,1
1224137,2025-01-25T14:30:00+00:00,1737815400,78,Bundesliga,2024,Regular Season - 19,173,RB Leipzig,168,Bayer Leverkusen,Red Bull Arena,Leipzig,B. Dankert,FT,Match Finished,2,2,1.0,2.0,2,2
1224144,2025-01-25T17:30:00+00:00,1737826200,78,Bundesliga,2024,Regular Season - 19,163,Borussia Mönchengladbach,176,VfL Bochum,BORUSSIA-PARK,Mönchengladbach,M. Jöllenbeck,FT,Match Finished,3,0,1.0,0.0,3,0
1224139,2025-01-26T14:30:00+00:00,1737901800,78,Bundesliga,2024,Regular Season - 19,167,1899 Hoffenheim,169,Eintracht Frankfurt,PreZero Arena,Sinsheim,S. Stegemann,FT,Match Finished,2,2,0.0,1.0,2,2
1224145,2025-01-26T16:30:00+00:00,1737909000,78,Bundesliga,2024,Regular Season - 19,186,FC St. Pauli,182,Union Berlin,Millerntor-Stadion,Hamburg,S. Storks,FT,Match Finished,3,0,1.0,0.0,3,0
1224151,2025-01-31T19:30:00+00:00,1738351800,78,Bundesliga,2024,Regular Season - 20,162,Werder Bremen,164,FSV Mainz 05,Weserstadion,Bremen,M. Petersen,FT,Match Finished,1,0,1.0,0.0,1,0
1224148,2025-02-01T14:30:00+00:00,1738420200,78,Bundesliga,2024,Regular Season - 20,157,Bayern München,191,Holstein Kiel,Allianz Arena,München,F. Exner,FT,Match Finished,4,3,2.0,0.0,4,3
1224147,2025-02-01T14:30:00+00:00,1738420200,78,Bundesliga,2024,Regular Season - 20,172,VfB Stuttgart,163,Borussia Mönchengladbach,MHPArena,Stuttgart,R. Hartmann,FT,Match Finished,1,2,0.0,1.0,1,2
1224153,2025-02-01T14:30:00+00:00,1738420200,78,Bundesliga,2024,Regular Season - 20,176,VfL Bochum,160,SC Freiburg,Vonovia Ruhrstadion,Bochum,T. Welz,FT,Match Finished,0,1,0.0,1.0,0,1
1224150,2025-02-01T14:30:00+00:00,1738420200,78,Bundesliga,2024,Regular Season - 20,180,1. FC Heidenheim,165,Borussia Dortmund,Voith-Arena,Heidenheim an der Brenz,F. Willenborg,FT,Match Finished,1,2,0.0,1.0,1,2
1224154,2025-02-01T14:30:00+00:00,1738420200,78,Bundesliga,2024,Regular Season - 20,186,FC St. Pauli,170,FC Augsburg,Millerntor-Stadion,Hamburg,T. Reichel,FT,Match Finished,1,1,1.0,0.0,1,1
1224152,2025-02-01T17:30:00+00:00,1738431000,78,Bundesliga,2024,Regular Season - 20,182,Union Berlin,173,RB Leipzig,Stadion An der Alten Försterei,Berlin,D. Schlager,FT,Match Finished,0,0,0.0,0.0,0,0
1224149,2025-02-02T14:30:00+00:00,1738506600,78,Bundesliga,2024,Regular Season - 20,169,Eintracht Frankfurt,161,VfL Wolfsburg,Deutsche Bank Park,Frankfurt am Main,B. Brand,FT,Match Finished,1,1,0.0,0.0,1,1
1224146,2025-02-02T16:30:00+00:00,1738513800,78,Bundesliga,2024,Regular Season - 20,168,Bayer Leverkusen,167,1899 Hoffenheim,BayArena,Leverkusen,R. Braun,FT,Match Finished,3,1,2.0,0.0,3,1
1224155,2025-02-07T19:30:00+00:00,1738956600,78,Bundesliga,2024,Regular Season - 21,157,Bayern München,162,Werder Bremen,Allianz Arena,München,S. Storks,FT,Match Finished,3,0,0.0,0.0,3,0
1224159,2025-02-08T14:30:00+00:00,1739025000,78,Bundesliga,2024,Regular Season - 21,160,SC Freiburg,180,1. FC Heidenheim,Europa-Park Stadion,Freiburg im Breisgau,T. Reichel,FT,Match Finished,1,0,1.0,0.0,1,0
1224160,2025-02-08T14:30:00+00:00,1739025000,78,Bundesliga,2024,Regular Season - 21,161,VfL Wolfsburg,168,Bayer Leverkusen,Volkswagen Arena,Wolfsburg,S. Stegemann,FT,Match Finished,0,0,0.0,0.0,0,0
1224161,2025-02-08T14:30:00+00:00,1739025000,78,Bundesliga,2024,Regular Season - 21,164,FSV Mainz 05,170,FC Augsburg,MEWA ARENA,Mainz,D. Schlager,FT,Match Finished,0,0,0.0,0.0,0,0
1224157,2025-02-08T14:30:00+00:00,1739025000,78,Bundesliga,2024,Regular Season - 21,165,Borussia Dortmund,172,VfB Stuttgart,SIGNAL IDUNA PARK,Dortmund,D. Siebert,FT,Match Finished,1,2,0.0,0.0,1,2
1224158,2025-02-08T14:30:00+00:00,1739025000,78,Bundesliga,2024,Regular Season - 21,167,1899 Hoffenheim,182,Union Berlin,PreZero Arena,Sinsheim,T. Stieler,FT,Match Finished,0,4,0.0,1.0,0,4
1224162,2025-02-08T17:30:00+00:00,1739035800,78,Bundesliga,2024,Regular Season - 21,163,Borussia Mönchengladbach,169,Eintracht Frankfurt,BORUSSIA-PARK,Mönchengladbach,C. Dingert,FT,Match Finished,1,1,1.0,1.0,1,1
1224163,2025-02-09T14:30:00+00:00,1739111400,78,Bundesliga,2024,Regular Season - 21,191,Holstein Kiel,176,VfL Bochum,Holstein-Stadion,Kiel,F. Zwayer,FT,Match Finished,2,2,1.0,2.0,2,2
1224156,2025-02-09T16:30:00+00:00,1739118600,78,Bundesliga,2024,Regular Season - 21,173,RB Leipzig,186,FC St. Pauli,Red Bull Arena,Leipzig,F. Badstübner,FT,Match Finished,2,0,2.0,0.0,2,0
1224169,2025-02-14T19:30:00+00:00,1739561400,78,Bundesliga,2024,Regular Season - 22,170,FC Augsburg,173,RB Leipzig,WWK Arena,Augsburg,S. Stegemann,FT,Match Finished,0,0,0.0,0.0,0,0
1224165,2025-02-15T14:30:00+00:00,1739629800,78,Bundesliga,2024,Regular Season - 22,172,VfB Stuttgart,161,VfL Wolfsburg,MHPArena,Stuttgart,T. Welz,FT,Match Finished,1,2,0.0,0.0,1,2
1224171,2025-02-15T14:30:00+00:00,1739629800,78,Bundesliga,2024,Regular Season - 22,176,VfL Bochum,165,Borussia Dortmund,Vonovia Ruhrstadion,Bochum,H. Osmers,FT,Match Finished,2,0,2.0,0.0,2,0
1224170,2025-02-15T14:30:00+00:00,1739629800,78,Bundesliga,2024,Regular Season - 22,182,Union Berlin,163,Borussia Mönchengladbach,Stadion An der Alten Försterei,Berlin,S. Jablonski,FT,Match Finished,1,2,0.0,2.0,1,2
1224172,2025-02-15T14:30:00+00:00,1739629800,78,Bundesliga,2024,Regular Season - 22,186,FC St. Pauli,160,SC Freiburg,Millerntor-Stadion,Hamburg,B. Brand,FT,Match Finished,0,1,0.0,0.0,0,1
1224164,2025-02-15T17:30:00+00:00,1739640600,78,Bundesliga,2024,Regular Season - 22,168,Bayer Leverkusen,157,Bayern München,BayArena,Leverkusen,D. Siebert,FT,Match Finished,0,0,0.0,0.0,0,0
1224168,2025-02-16T14:30:00+00:00,1739716200,78,Bundesliga,2024,Regular Season - 22,162,Werder Bremen,167,1899 Hoffenheim,Weserstadion,Bremen,F. Willenborg,FT,Match Finished,1,3,1.0,2.0,1,3
1224166,2025-02-16T16:30:00+00:00,1739723400,78,Bundesliga,2024,Regular Season - 22,169,Eintracht Frankfurt,191,Holstein Kiel,Deutsche Bank Park,Frankfurt am Main,R. Hartmann,FT,Match Finished,3,1,2.0,0.0,3,1
1224167,2025-02-16T18:30:00+00:00,1739730600,78,Bundesliga,2024,Regular Season - 22,180,1. FC Heidenheim,164,FSV Mainz 05,Voith-Arena,Heidenheim an der Brenz,F. Brych,FT,Match Finished,0,2,0.0,1.0,0,2
1224177,2025-02-21T19:30:00+00:00,1740166200,78,Bundesliga,2024,Regular Season - 23,160,SC Freiburg,162,Werder Bremen,Europa-Park Stadion,Freiburg im Breisgau,M. Burda,FT,Match Finished,5,0,2.0,0.0,5,0
1224178,2025-02-22T14:30:00+00:00,1740234600,78,Bundesliga,2024,Regular Season - 23,161,VfL Wolfsburg,176,VfL Bochum,Volkswagen Arena,Wolfsburg,T. Gerach,FT,Match Finished,1,1,0.0,0.0,1,1
1224180,2025-02-22T14:30:00+00:00,1740234600,78,Bundesliga,2024,Regular Season - 23,163,Borussia Mönchengladbach,170,FC Augsburg,BORUSSIA-PARK,Mönchengladbach,F. Exner,FT,Match Finished,0,3,0.0,0.0,0,3
1224179,2025-02-22T14:30:00+00:00,1740234600,78,Bundesliga,2024,Regular Season - 23,164,FSV Mainz 05,186,FC St. Pauli,MEWA ARENA,Mainz,F. Zwayer,FT,Match Finished,2,0,0.0,0.0,2,0
1224181,2025-02-22T14:30:00+00:00,1740234600,78,Bundesliga,2024,Regular Season - 23,191,Holstein Kiel,168,Bayer Leverkusen,Holstein-Stadion,Kiel,D. Schlager,FT,Match Finished,0,2,0.0,2.0,0,2
1224175,2025-02-22T17:30:00+00:00,1740245400,78,Bundesliga,2024,Regular Season - 23,165,Borussia Dortmund,182,Union Berlin,SIGNAL IDUNA PARK,Dortmund,B. Dankert,FT,Match Finished,6,0,2.0,0.0,6,0
1224174,2025-02-23T14:30:00+00:00,1740321000,78,Bundesliga,2024,Regular Season - 23,173,RB Leipzig,180,1. FC Heidenheim,Red Bull Arena,Leipzig,M. Petersen,FT,Match Finished,2,2,1.0,2.0,2,2
1224173,2025-02-23T16:30:00+00:00,1740328200,78,Bundesliga,2024,Regular Season - 23,157,Bayern München,169,Eintracht Frankfurt,Allianz Arena,München,S. Stegemann,FT,Match Finished,4,0,1.0,0.0,4,0
1224176,2025-02-23T18:30:00+00:00,1740335400,78,Bundesliga,2024,Regular Season - 23,167,1899 Hoffenheim,172,VfB Stuttgart,PreZero Arena,Sinsheim,C. Dingert,FT,Match Finished,1,1,0.0,1.0,1,1
1224182,2025-02-28T19:30:00+00:00,1740771000,78,Bundesliga,2024,Regular Season - 24,172,VfB Stuttgart,157,Bayern München,MHPArena,Stuttgart,B. Brand,FT,Match Finished,1,3,1.0,1.0,1,3
1224186,2025-03-01T14:30:00+00:00,1740839400,78,Bundesliga,2024,Regular Season - 24,162,Werder Bremen,161,VfL Wolfsburg,Weserstadion,Bremen,F. Brych,FT,Match Finished,1,2,0.0,1.0,1,2
1224183,2025-03-01T14:30:00+00:00,1740839400,78,Bundesliga,2024,Regular Season - 24,173,RB Leipzig,164,FSV Mainz 05,Red Bull Arena,Leipzig,D. Siebert,FT,Match Finished,1,2,1.0,0.0,1,2
1224189,2025-03-01T14:30:00+00:00,1740839400,78,Bundesliga,2024,Regular Season - 24,176,VfL Bochum,167,1899 Hoffenheim,Vonovia Ruhrstadion,Bochum,F. Badstübner,FT,Match Finished,0,1,0.0,0.0,0,1
1224185,2025-03-01T14:30:00+00:00,1740839400,78,Bundesliga,2024,Regular Season - 24,180,1. FC Heidenheim,163,Borussia Mönchengladbach,Voith-Arena,Heidenheim an der Brenz,S. Storks,FT,Match Finished,0,3,0.0,2.0,0,3
1224190,2025-03-01T14:30:00+00:00,1740839400,78,Bundesliga,2024,Regular Season - 24,186,FC St. Pauli,165,Borussia Dortmund,Millerntor-Stadion,Hamburg,T. Stieler,FT,Match Finished,0,2,0.0,0.0,0,2
1224184,2025-03-01T17:30:00+00:00,1740850200,78,Bundesliga,2024,Regular Season - 24,169,Eintracht Frankfurt,168,Bayer Leverkusen,Deutsche Bank Park,Frankfurt am Main,F. Zwayer,FT,Match Finished,1,4,1.0,3.0,1,4
1224188,2025-03-02T14:30:00+00:00,1740925800,78,Bundesliga,2024,Regular Season - 24,182,Union Berlin,191,Holstein Kiel,Stadion An der Alten Försterei,Berlin,T. Reichel,FT,Match Finished,0,1,0.0,1.0,0,1
1224187,2025-03-02T16:30:00+00:00,1740933000,78,Bundesliga,2024,Regular Season - 24,170,FC Augsburg,160,SC Freiburg,WWK Arena,Augsburg,H. Osmers,FT,Match Finished,0,0,0.0,0.0,0,0
1224198,2025-03-07T19:30:00+00:00,1741375800,78,Bundesliga,2024,Regular Season - 25,163,Borussia Mönchengladbach,164,FSV Mainz 05,BORUSSIA-PARK,Mönchengladbach,S. Stegemann,FT,Match Finished,1,3,0.0,1.0,1,3
1224192,2025-03-08T14:30:00+00:00,1741444200,78,Bundesliga,2024,Regular Season - 25,157,Bayern München,176,VfL Bochum,Allianz Arena,München,C. Dingert,FT,Match Finished,2,3,2.0,1.0,2,3
1224197,2025-03-08T14:30:00+00:00,1741444200,78,Bundesliga,2024,Regular Season - 25,161,VfL Wolfsburg,186,FC St. Pauli,Volkswagen Arena,Wolfsburg,R. Hartmann,FT,Match Finished,1,1,0.0,1.0,1,1
1224193,2025-03-08T14:30:00+00:00,1741444200,78,Bundesliga,2024,Regular Season - 25,165,Borussia Dortmund,170,FC Augsburg,SIGNAL IDUNA PARK,Dortmund,D. Aytekin,FT,Match Finished,0,1,0.0,1.0,0,1
1224191,2025-03-08T14:30:00+00:00,1741444200,78,Bundesliga,2024,Regular Season - 25,168,Bayer Leverkusen,162,Werder Bremen,BayArena,Leverkusen,T. Welz,FT,Match Finished,0,2,0.0,1.0,0,2
1224199,2025-03-08T14:30:00+00:00,1741444200,78,Bundesliga,2024,Regular Season - 25,191,Holstein Kiel,172,VfB Stuttgart,Holstein-Stadion,Kiel,B. Dankert,FT,Match Finished,2,2,1.0,1.0,2,2
1224196,2025-03-08T17:30:00+00:00,1741455000,78,Bundesliga,2024,Regular Season - 25,160,SC Freiburg,173,RB Leipzig,Europa-Park Stadion,Freiburg im Breisgau,S. Jablonski,FT,Match Finished,0,0,0.0,0.0,0,0
1224194,2025-03-09T14:30:00+00:00,1741530600,78,Bundesliga,2024,Regular Season - 25,169,Eintracht Frankfurt,182,Union Berlin,Deutsche Bank Park,Frankfurt am Main,F. Willenborg,FT,Match Finished,1,2,1.0,0.0,1,2
1224195,2025-03-09T16:30:00+00:00,1741537800,78,Bundesliga,2024,Regular Season - 25,167,1899 Hoffenheim,180,1. FC Heidenheim,PreZero Arena,Sinsheim,D. Schlager,FT,Match Finished,1,1,1.0,0.0,1,1
1224208,2025-03-14T19:30:00+00:00,1741980600,78,Bundesliga,2024,Regular Season - 26,186,FC St. Pauli,167,1899 Hoffenheim,Millerntor-Stadion,Hamburg,F. Brych,FT,Match Finished,1,0,0.0,0.0,1,0
1224203,2025-03-15T14:30:00+00:00,1742049000,78,Bundesliga,2024,Regular Season - 26,162,Werder Bremen,163,Borussia Mönchengladbach,Weserstadion,Bremen,T. Gerach,FT,Match Finished,2,4,2.0,2.0,2,4
1224205,2025-03-15T14:30:00+00:00,1742049000,78,Bundesliga,2024,Regular Season - 26,164,FSV Mainz 05,160,SC Freiburg,MEWA ARENA,Mainz,B. Brand,FT,Match Finished,2,2,1.0,0.0,2,2
1224204,2025-03-15T14:30:00+00:00,1742049000,78,Bundesliga,2024,Regular Season - 26,170,FC Augsburg,161,VfL Wolfsburg,WWK Arena,Augsburg,M. Petersen,FT,Match Finished,1,0,0.0,0.0,1,0
1224206,2025-03-15T14:30:00+00:00,1742049000,78,Bundesliga,2024,Regular Season - 26,182,Union Berlin,157,Bayern München,Stadion An der Alten Försterei,Berlin,F. Exner,FT,Match Finished,1,1,0.0,0.0,1,1
1224201,2025-03-15T17:30:00+00:00,1742059800,78,Bundesliga,2024,Regular Season - 26,173,RB Leipzig,165,Borussia Dortmund,Red Bull Arena,Leipzig,M. Jöllenbeck,FT,Match Finished,2,0,1.0,0.0,2,0
1224207,2025-03-16T15:20:00+00:00,1742138400,78,Bundesliga,2024,Regular Season - 26,176,VfL Bochum,169,Eintracht Frankfurt,Vonovia Ruhrstadion,Bochum,F. Zwayer,FT,Match Finished,1,3,0.0,2.0,1,3
1224202,2025-03-16T16:30:00+00:00,1742142600,78,Bundesliga,2024,Regular Season - 26,180,1. FC Heidenheim,191,Holstein Kiel,Voith-Arena,Heidenheim an der Brenz,H. Osmers,FT,Match Finished,3,1,1.0,0.0,3,1
1224200,2025-03-16T18:30:00+00:00,1742149800,78,Bundesliga,2024,Regular Season - 26,172,VfB Stuttgart,168,Bayer Leverkusen,MHPArena,Stuttgart,D. Siebert,FT,Match Finished,3,4,1.0,0.0,3,4
1224209,2025-03-28T19:30:00+00:00,1743190200,78,Bundesliga,2024,Regular Season - 27,168,Bayer Leverkusen,176,VfL Bochum,BayArena,Leverkusen,S. Jablonski,FT,Match Finished,3,1,1.0,1.0,3,1
1224210,2025-03-29T14:30:00+00:00,1743258600,78,Bundesliga,2024,Regular Season - 27,157,Bayern München,186,FC St. Pauli,Allianz Arena,München,F. Badstübner,FT,Match Finished,3,2,1.0,1.0,3,2
1224215,2025-03-29T14:30:00+00:00,1743258600,78,Bundesliga,2024,Regular Season - 27,161,VfL Wolfsburg,180,1. FC Heidenheim,Volkswagen Arena,Wolfsburg,B. Dankert,FT,Match Finished,0,1,0.0,1.0,0,1
1224216,2025-03-29T14:30:00+00:00,1743258600,78,Bundesliga,2024,Regular Season - 27,163,Borussia Mönchengladbach,173,RB Leipzig,BORUSSIA-PARK,Mönchengladbach,T. Stieler,FT,Match Finished,1,0,0.0,0.0,1,0
1224213,2025-03-29T14:30:00+00:00,1743258600,78,Bundesliga,2024,Regular Season - 27,167,1899 Hoffenheim,170,FC Augsburg,PreZero Arena,Sinsheim,T. Reichel,FT,Match Finished,1,1,0.0,0.0,1,1
1224217,2025-03-29T14:30:00+00:00,1743258600,78,Bundesliga,2024,Regular Season - 27,191,Holstein Kiel,162,Werder Bremen,Holstein-Stadion,Kiel,S. Stegemann,FT,Match Finished,0,3,0.0,1.0,0,3
1224212,2025-03-29T17:30:00+00:00,1743269400,78,Bundesliga,2024,Regular Season - 27,169,Eintracht Frankfurt,172,VfB Stuttgart,Deutsche Bank Park,Frankfurt am Main,D. Aytekin,FT,Match Finished,1,0,0.0,0.0,1,0
1224214,2025-03-30T13:30:00+00:00,1743341400,78,Bundesliga,2024,Regular Season - 27,160,SC Freiburg,182,Union Berlin,Europa-Park Stadion,Freiburg im Breisgau,S. Storks,FT,Match Finished,1,2,1.0,1.0,1,2
1224211,2025-03-30T15:30:00+00:00,1743348600,78,Bundesliga,2024,Regular Season - 27,165,Borussia Dortmund,164,FSV Mainz 05,SIGNAL IDUNA PARK,Dortmund,D. Schlager,FT,Match Finished,3,1,2.0,0.0,3,1
1224222,2025-04-04T18:30:00+00:00,1743791400,78,Bundesliga,2024,Regular Season - 28,170,FC Augsburg,157,Bayern München,WWK Arena,Augsburg,M. Jöllenbeck,FT,Match Finished,1,3,1.0,1.0,1,3
1224221,2025-04-05T13:30:00+00:00,1743859800,78,Bundesliga,2024,Regular Season - 28,160,SC Freiburg,165,Borussia Dortmund,Europa-Park Stadion,Freiburg im Breisgau,F. Zwayer,FT,Match Finished,1,4,0.0,1.0,1,4
1224223,2025-04-05T13:30:00+00:00,1743859800,78,Bundesliga,2024,Regular Season - 28,164,FSV Mainz 05,191,Holstein Kiel,MEWA ARENA,Mainz,F. Willenborg,FT,Match Finished,1,1,0.0,1.0,1,1
1224218,2025-04-05T13:30:00+00:00,1743859800,78,Bundesliga,2024,Regular Season - 28,173,RB Leipzig,167,1899 Hoffenheim,Red Bull Arena,Leipzig,R. Hartmann,FT,Match Finished,3,1,2.0,1.0,3,1
1224225,2025-04-05T13:30:00+00:00,1743859800,78,Bundesliga,2024,Regular Season - 28,176,VfL Bochum,172,VfB Stuttgart,Vonovia Ruhrstadion,Bochum,F. Brych,FT,Match Finished,0,4,0.0,2.0,0,4
1224219,2025-04-05T13:30:00+00:00,1743859800,78,Bundesliga,2024,Regular Season - 28,180,1. FC Heidenheim,168,Bayer Leverkusen,Voith-Arena,Heidenheim an der Brenz,T. Stieler,FT,Match Finished,0,1,0.0,0.0,0,1
1224220,2025-04-05T16:30:00+00:00,1743870600,78,Bundesliga,2024,Regular Season - 28,162,Werder Bremen,169,Eintracht Frankfurt,Weserstadion,Bremen,D. Siebert,FT,Match Finished,2,0,1.0,0.0,2,0
1224226,2025-04-06T13:30:00+00:00,1743946200,78,Bundesliga,2024,Regular Season - 28,186,FC St. Pauli,163,Borussia Mönchengladbach,Millerntor-Stadion,Hamburg,C. Dingert,FT,Match Finished,1,1,0.0,1.0,1,1
1224224,2025-04-06T15:30:00+00:00,1743953400,78,Bundesliga,2024,Regular Season - 28,182,Union Berlin,161,VfL Wolfsburg,Stadion An der Alten Försterei,Berlin,H. Osmers,FT,Match Finished,1,0,0.0,0.0,1,0
1224232,2025-04-11T18:30:00+00:00,1744396200,78,Bundesliga,2024,Regular Season - 29,161,VfL Wolfsburg,173,RB Leipzig,Volkswagen Arena,Wolfsburg,F. Exner,FT,Match Finished,2,3,0.0,2.0,2,3
1224233,2025-04-12T13:30:00+00:00,1744464600,78,Bundesliga,2024,Regular Season - 29,163,Borussia Mönchengladbach,160,SC Freiburg,BORUSSIA-PARK,Mönchengladbach,D. Aytekin,FT,Match Finished,1,2,1.0,1.0,1,2
1224231,2025-04-12T13:30:00+00:00,1744464600,78,Bundesliga,2024,Regular Season - 29,167,1899 Hoffenheim,164,FSV Mainz 05,PreZero Arena,Sinsheim,S. Jablonski,FT,Match Finished,2,0,2.0,0.0,2,0
1224227,2025-04-12T13:30:00+00:00,1744464600,78,Bundesliga,2024,Regular Season - 29,168,Bayer Leverkusen,182,Union Berlin,BayArena,Leverkusen,B. Dankert,FT,Match Finished,0,0,0.0,0.0,0,0
1224234,2025-04-12T13:30:00+00:00,1744464600,78,Bundesliga,2024,Regular Season - 29,176,VfL Bochum,170,FC Augsburg,Vonovia Ruhrstadion,Bochum,M. Petersen,FT,Match Finished,1,2,0.0,1.0,1,2
1224235,2025-04-12T13:30:00+00:00,1744464600,78,Bundesliga,2024,Regular Season - 29,191,Holstein Kiel,186,FC St. Pauli,Holstein-Stadion,Kiel,B. Brand,FT,Match Finished,1,2,1.0,1.0,1,2
1224229,2025-04-12T16:30:00+00:00,1744475400,78,Bundesliga,2024,Regular Season - 29,157,Bayern München,165,Borussia Dortmund,Allianz Arena,München,T. Welz,FT,Match Finished,2,2,0.0,0.0,2,2
1224228,2025-04-13T13:30:00+00:00,1744551000,78,Bundesliga,2024,Regular Season - 29,172,VfB Stuttgart,162,Werder Bremen,MHPArena,Stuttgart,D. Schlager,FT,Match Finished,1,2,1.0,1.0,1,2
1224230,2025-04-13T15:30:00+00:00,1744558200,78,Bundesliga,2024,Regular Season - 29,169,Eintracht Frankfurt,180,1. FC Heidenheim,Deutsche Bank Park,Frankfurt am Main,T. Gerach,FT,Match Finished,3,0,2.0,0.0,3,0
1224240,2025-04-19T13:30:00+00:00,1745069400,78,Bundesliga,2024,Regular Season - 30,160,SC Freiburg,167,1899 Hoffenheim,Europa-Park Stadion,Freiburg im Breisgau,S. Stegemann,FT,Match Finished,3,2,2.0,2.0,3,2
1224239,2025-04-19T13:30:00+00:00,1745069400,78,Bundesliga,2024,Regular Season - 30,162,Werder Bremen,176,VfL Bochum,Weserstadion,Bremen,R. Schröder,FT,Match Finished,1,0,0.0,0.0,1,0
1224242,2025-04-19T13:30:00+00:00,1745069400,78,Bundesliga,2024,Regular Season - 30,164,FSV Mainz 05,161,VfL Wolfsburg,MEWA ARENA,Mainz,F. Zwayer,FT,Match Finished,2,2,2.0,1.0,2,2
1224236,2025-04-19T13:30:00+00:00,1745069400,78,Bundesliga,2024,Regular Season - 30,173,RB Leipzig,191,Holstein Kiel,Red Bull Arena,Leipzig,F. Brych,FT,Match Finished,1,1,0.0,1.0,1,1
1224238,2025-04-19T13:30:00+00:00,1745069400,78,Bundesliga,2024,Regular Season - 30,180,1. FC Heidenheim,157,Bayern München,Voith-Arena,Heidenheim an der Brenz,F. Willenborg,FT,Match Finished,0,4,0.0,3.0,0,4
1224243,2025-04-19T16:30:00+00:00,1745080200,78,Bundesliga,2024,Regular Season - 30,182,Union Berlin,172,VfB Stuttgart,Stadion An der Alten Försterei,Berlin,T. Stieler,FT,Match Finished,4,4,4.0,4.0,4,4
1224241,2025-04-20T13:30:00+00:00,1745155800,78,Bundesliga,2024,Regular Season - 30,170,FC Augsburg,169,Eintracht Frankfurt,WWK Arena,Augsburg,F. Badstübner,FT,Match Finished,0,0,0.0,0.0,0,0
1224237,2025-04-20T15:30:00+00:00,1745163000,78,Bundesliga,2024,Regular Season - 30,165,Borussia Dortmund,163,Borussia Mönchengladbach,SIGNAL IDUNA PARK,Dortmund,D. Siebert,FT,Match Finished,3,2,3.0,1.0,3,2
1224244,2025-04-20T17:30:00+00:00,1745170200,78,Bundesliga,2024,Regular Season - 30,186,FC St. Pauli,168,Bayer Leverkusen,Millerntor-Stadion,Hamburg,S. Storks,FT,Match Finished,1,1,0.0,1.0,1,1
1224246,2025-04-25T18:30:00+00:00,1745605800,78,Bundesliga,2024,Regular Season - 31,172,VfB Stuttgart,180,1. FC Heidenheim,MHPArena,Stuttgart,T. Welz,FT,Match Finished,0,1,0.0,0.0,0,1
1224247,2025-04-26T13:30:00+00:00,1745674200,78,Bundesliga,2024,Regular Season - 31,157,Bayern München,164,FSV Mainz 05,Allianz Arena,München,B. Dankert,FT,Match Finished,3,0,2.0,0.0,3,0
1224251,2025-04-26T13:30:00+00:00,1745674200,78,Bundesliga,2024,Regular Season - 31,161,VfL Wolfsburg,160,SC Freiburg,Volkswagen Arena,Wolfsburg,S. Jablonski,FT,Match Finished,0,1,0.0,0.0,0,1
1224249,2025-04-26T13:30:00+00:00,1745674200,78,Bundesliga,2024,Regular Season - 31,167,1899 Hoffenheim,165,Borussia Dortmund,PreZero Arena,Sinsheim,B. Brand,FT,Match Finished,2,3,0.0,1.0,2,3
1224245,2025-04-26T13:30:00+00:00,1745674200,78,Bundesliga,2024,Regular Season - 31,168,Bayer Leverkusen,170,FC Augsburg,BayArena,Leverkusen,C. Dingert,FT,Match Finished,2,0,2.0,0.0,2,0
1224253,2025-04-26T13:30:00+00:00,1745674200,78,Bundesliga,2024,Regular Season - 31,191,Holstein Kiel,163,Borussia Mönchengladbach,Holstein-Stadion,Kiel,R. Hartmann,FT,Match Finished,4,3,2.0,0.0,4,3
1224248,2025-04-26T16:30:00+00:00,1745685000,78,Bundesliga,2024,Regular Season - 31,169,Eintracht Frankfurt,173,RB Leipzig,Deutsche Bank Park,Frankfurt am Main,M. Jöllenbeck,FT,Match Finished,4,0,1.0,0.0,4,0
1224252,2025-04-27T13:30:00+00:00,1745760600,78,Bundesliga,2024,Regular Season - 31,176,VfL Bochum,182,Union Berlin,Vonovia Ruhrstadion,Bochum,D. Aytekin,FT,Match Finished,1,1,0.0,1.0,1,1
1224250,2025-04-27T15:30:00+00:00,1745767800,78,Bundesliga,2024,Regular Season - 31,162,Werder Bremen,186,FC St. Pauli,Weserstadion,Bremen,T. Reichel,FT,Match Finished,0,0,0.0,0.0,0,0
1224256,2025-05-02T18:30:00+00:00,1746210600,78,Bundesliga,2024,Regular Season - 32,180,1. FC Heidenheim,176,VfL Bochum,Voith-Arena,Heidenheim an der Brenz,S. Stegemann,FT,Match Finished,0,0,0.0,0.0,0,0
1224260,2025-05-03T13:30:00+00:00,1746279000,78,Bundesliga,2024,Regular Season - 32,163,Borussia Mönchengladbach,167,1899 Hoffenheim,BORUSSIA-PARK,Mönchengladbach,F. Willenborg,FT,Match Finished,4,4,2.0,1.0,4,4
1224254,2025-05-03T13:30:00+00:00,1746279000,78,Bundesliga,2024,Regular Season - 32,173,RB Leipzig,157,Bayern München,Red Bull Arena,Leipzig,F. Zwayer,FT,Match Finished,3,3,2.0,0.0,3,3
1224261,2025-05-03T13:30:00+00:00,1746279000,78,Bundesliga,2024,Regular Season - 32,182,Union Berlin,162,Werder Bremen,Stadion An der Alten Försterei,Berlin,S. Storks,FT,Match Finished,2,2,1.0,2.0,2,2
1224262,2025-05-03T13:30:00+00:00,1746279000,78,Bundesliga,2024,Regular Season - 32,186,FC St. Pauli,172,VfB Stuttgart,Millerntor-Stadion,Hamburg,F. Exner,FT,Match Finished,0,1,0.0,0.0,0,1
1224255,2025-05-03T16:30:00+00:00,1746289800,78,Bundesliga,2024,Regular Season - 32,165,Borussia Dortmund,161,VfL Wolfsburg,SIGNAL IDUNA PARK,Dortmund,F. Brych,FT,Match Finished,4,0,1.0,0.0,4,0
1224258,2025-05-04T13:30:00+00:00,1746365400,78,Bundesliga,2024,Regular Season - 32,170,FC Augsburg,191,Holstein Kiel,WWK Arena,Augsburg,H. Osmers,FT,Match Finished,1,3,0.0,2.0,1,3
1224257,2025-05-04T15:30:00+00:00,1746372600,78,Bundesliga,2024,Regular Season - 32,160,SC Freiburg,168,Bayer Leverkusen,Europa-Park Stadion,Freiburg im Breisgau,D. Siebert,FT,Match Finished,2,2,1.0,0.0,2,2
1224259,2025-05-04T17:30:00+00:00,1746379800,78,Bundesliga,2024,Regular Season - 32,164,FSV Mainz 05,169,Eintracht Frankfurt,MEWA ARENA,Mainz,M. Petersen,FT,Match Finished,1,1,0.0,1.0,1,1
1224268,2025-05-09T18:30:00+00:00,1746815400,78,Bundesliga,2024,Regular Season - 33,161,VfL Wolfsburg,167,1899 Hoffenheim,Volkswagen Arena,Wolfsburg,M. Jöllenbeck,FT,Match Finished,2,2,1.0,1.0,2,2
1224267,2025-05-10T13:30:00+00:00,1746883800,78,Bundesliga,2024,Regular Season - 33,162,Werder Bremen,173,RB Leipzig,Weserstadion,Bremen,B. Dankert,FT,Match Finished,0,0,0.0,0.0,0,0
1224270,2025-05-10T13:30:00+00:00,1746883800,78,Bundesliga,2024,Regular Season - 33,176,VfL Bochum,164,FSV Mainz 05,Vonovia Ruhrstadion,Bochum,T. Stieler,FT,Match Finished,1,4,0.0,1.0,1,4
1224269,2025-05-10T13:30:00+00:00,1746883800,78,Bundesliga,2024,Regular Season - 33,182,Union Berlin,180,1. FC Heidenheim,Stadion An der Alten Försterei,Berlin,F. Badstübner,FT,Match Finished,0,3,0.0,1.0,0,3
1224271,2025-05-10T13:30:00+00:00,1746883800,78,Bundesliga,2024,Regular Season - 33,191,Holstein Kiel,160,SC Freiburg,Holstein-Stadion,Kiel,R. Schröder,FT,Match Finished,1,2,1.0,1.0,1,2
1224265,2025-05-10T16:30:00+00:00,1746894600,78,Bundesliga,2024,Regular Season - 33,157,Bayern München,163,Borussia Mönchengladbach,Allianz Arena,München,S. Jablonski,FT,Match Finished,2,0,1.0,0.0,2,0
1224263,2025-05-11T13:30:00+00:00,1746970200,78,Bundesliga,2024,Regular Season - 33,168,Bayer Leverkusen,165,Borussia Dortmund,BayArena,Leverkusen,D. Aytekin,FT,Match Finished,2,4,1.0,2.0,2,4
1224266,2025-05-11T15:30:00+00:00,1746977400,78,Bundesliga,2024,Regular Season - 33,169,Eintracht Frankfurt,186,FC St. Pauli,Deutsche Bank Park,Frankfurt am Main,C. Dingert,FT,Match Finished,2,2,1.0,2.0,2,2
1224264,2025-05-11T17:30:00+00:00,1746984600,78,Bundesliga,2024,Regular Season - 33,172,VfB Stuttgart,170,FC Augsburg,MHPArena,Stuttgart,T. Gerach,FT,Match Finished,4,0,1.0,0.0,4,0
1224276,2025-05-17T13:30:00+00:00,1747488600,78,Bundesliga,2024,Regular Season - 34,160,SC Freiburg,169,Eintracht Frankfurt,Europa-Park Stadion,Freiburg im Breisgau,B. Brand,FT,Match Finished,1,3,1.0,1.0,1,3
1224279,2025-05-17T13:30:00+00:00,1747488600,78,Bundesliga,2024,Regular Season - 34,163,Borussia Mönchengladbach,161,VfL Wolfsburg,BORUSSIA-PARK,Mönchengladbach,S. Stegemann,FT,Match Finished,0,1,0.0,0.0,0,1
1224278,2025-05-17T13:30:00+00:00,1747488600,78,Bundesliga,2024,Regular Season - 34,164,FSV Mainz 05,168,Bayer Leverkusen,MEWA ARENA,Mainz,T. Reichel,FT,Match Finished,2,2,1.0,0.0,2,2
1224273,2025-05-17T13:30:00+00:00,1747488600,78,Bundesliga,2024,Regular Season - 34,165,Borussia Dortmund,191,Holstein Kiel,SIGNAL IDUNA PARK,Dortmund,H. Osmers,FT,Match Finished,3,0,1.0,0.0,3,0
1224274,2025-05-17T13:30:00+00:00,1747488600,78,Bundesliga,2024,Regular Season - 34,167,1899 Hoffenheim,157,Bayern München,PreZero Arena,Sinsheim,D. Schlager,FT,Match Finished,0,4,0.0,1.0,0,4
1224277,2025-05-17T13:30:00+00:00,1747488600,78,Bundesliga,2024,Regular Season - 34,170,FC Augsburg,182,Union Berlin,WWK Arena,Augsburg,F. Brych,FT,Match Finished,1,2,1.0,0.0,1,2
1224272,2025-05-17T13:30:00+00:00,1747488600,78,Bundesliga,2024,Regular Season - 34,173,RB Leipzig,172,VfB Stuttgart,Red Bull Arena,Leipzig,D. Siebert,FT,Match Finished,2,3,2.0,1.0,2,3
1224275,2025-05-17T13:30:00+00:00,1747488600,78,Bundesliga,2024,Regular Season - 34,180,1. FC Heidenheim,162,Werder Bremen,Voith-Arena,Heidenheim an der Brenz,T. Welz,FT,Match Finished,1,4,0.0,2.0,1,4
1224280,2025-05-17T13:30:00+00:00,1747488600,78,Bundesliga,2024,Regular Season - 34,186,FC St. Pauli,176,VfL Bochum,Millerntor-Stadion,Hamburg,F. Zwayer,FT,Match Finished,0,2,0.0,1.0,0,2
1375862,2025-05-22T18:30:00+00:00,1747938600,78,Bundesliga,2024,Relegation Round,180,1. FC Heidenheim,1660,SV Elversberg,Voith-Arena,Heidenheim an der Brenz,S. Jablonski,FT,Match Finished,2,2,0.0,2.0,2,2
1375863,2025-05-26T18:30:00+00:00,1748284200,78,Bundesliga,2024,Relegation Round,1660,SV Elversberg,180,1. FC Heidenheim,URSAPHARM-Arena an der Kaiserlinde,Spiesen-Elversberg,S. Stegemann,FT,Match Finished,1,2,1.0,1.0,1,2
1213754,2024-08-16T18:45:00+00:00,1723833900,61,Ligue 1,2024,Regular Season - 1,111,Le Havre,85,Paris Saint Germain,Stade Océane,Le Havre,W. Delajod,FT,Match Finished,1,4,0.0,1.0,1,4
1213747,2024-08-17T15:00:00+00:00,1723906800,61,Ligue 1,2024,Regular Season - 1,106,Stade Brestois 29,81,Marseille,Stade Francis-Le Blé,Brest,B. Bastien,FT,Match Finished,1,5,1.0,3.0,1,5
1213752,2024-08-17T17:00:00+00:00,1723914000,61,Ligue 1,2024,Regular Season - 1,93,Reims,79,Lille,Stade Auguste-Delaune,Reims,E. Wattellier,FT,Match Finished,0,2,0.0,1.0,0,2
1213751,2024-08-17T19:00:00+00:00,1723921200,61,Ligue 1,2024,Regular Season - 1,91,Monaco,1063,Saint Etienne,Stade Louis-II,Monaco,C. Turpin,FT,Match Finished,1,0,1.0,0.0,1,0
1213753,2024-08-18T13:00:00+00:00,1723986000,61,Ligue 1,2024,Regular Season - 1,108,Auxerre,84,Nice,Stade de l'Abbé Deschamps,Auxerre,R. Lissorgue,FT,Match Finished,2,1,1.0,1.0,2,1
1213750,2024-08-18T15:00:00+00:00,1723993200,61,Ligue 1,2024,Regular Season - 1,77,Angers,116,Lens,Stade Raymond Kopa,Angers,T. Léonard,FT,Match Finished,0,1,0.0,1.0,0,1
1213748,2024-08-18T15:00:00+00:00,1723993200,61,Ligue 1,2024,Regular Season - 1,82,Montpellier,95,Strasbourg,Stade de la Mosson-Mondial 98,Montpellier,M. Vernice,FT,Match Finished,1,1,0.0,0.0,1,1
1213749,2024-08-18T15:00:00+00:00,1723993200,61,Ligue 1,2024,Regular Season - 1,96,Toulouse,83,Nantes,Stadium de Toulouse,Toulouse,J. Stinat,FT,Match Finished,0,0,0.0,0.0,0,0
1213755,2024-08-18T18:45:00+00:00,1724006700,61,Ligue 1,2024,Regular Season - 1,94,Rennes,80,Lyon,Roazhon Park,Rennes,B. Millot,FT,Match Finished,3,0,2.0,0.0,3,0
1213756,2024-08-23T18:45:00+00:00,1724438700,61,Ligue 1,2024,Regular Season - 2,85,Paris Saint Germain,82,Montpellier,Parc des Princes,Paris,M. Bollengier,FT,Match Finished,6,0,2.0,0.0,6,0
1213763,2024-08-24T15:00:00+00:00,1724511600,61,Ligue 1,2024,Regular Season - 2,80,Lyon,91,Monaco,Groupama Stadium,Décines-Charpieu,S. Frappart,FT,Match Finished,0,2,0.0,0.0,0,2
1213760,2024-08-24T17:00:00+00:00,1724518800,61,Ligue 1,2024,Regular Season - 2,79,Lille,77,Angers,Decathlon Arena - Stade Pierre-Mauroy,Villeneuve d'Ascq,A. Kherradji,FT,Match Finished,2,0,1.0,0.0,2,0
1213759,2024-08-24T19:00:00+00:00,1724526000,61,Ligue 1,2024,Regular Season - 2,1063,Saint Etienne,111,Le Havre,Stade Geoffroy-Guichard,Saint-Ètienne,F. Batta,FT,Match Finished,0,2,0.0,0.0,0,2
1213762,2024-08-25T13:00:00+00:00,1724590800,61,Ligue 1,2024,Regular Season - 2,116,Lens,106,Stade Brestois 29,Stade Bollaert-Delelis,Lens,J. Pignard,FT,Match Finished,2,0,2.0,0.0,2,0
1213758,2024-08-25T15:00:00+00:00,1724598000,61,Ligue 1,2024,Regular Season - 2,83,Nantes,108,Auxerre,Stade de la Beaujoire - Louis Fonteneau,Nantes,G. Angoula,FT,Match Finished,2,0,1.0,0.0,2,0
1213761,2024-08-25T15:00:00+00:00,1724598000,61,Ligue 1,2024,Regular Season - 2,84,Nice,96,Toulouse,Allianz Riviera,Nice,B. Dechepy,FT,Match Finished,1,1,0.0,0.0,1,1
1213757,2024-08-25T15:00:00+00:00,1724598000,61,Ligue 1,2024,Regular Season - 2,95,Strasbourg,94,Rennes,Stade de la Meinau,Strasbourg,E. Wattellier,FT,Match Finished,3,1,1.0,0.0,3,1
1213764,2024-08-25T18:45:00+00:00,1724611500,61,Ligue 1,2024,Regular Season - 2,81,Marseille,93,Reims,Orange Vélodrome,Marseille,H. Ben El Hadj,FT,Match Finished,2,2,1.0,0.0,2,2
1213766,2024-08-30T18:45:00+00:00,1725043500,61,Ligue 1,2024,Regular Season - 3,80,Lyon,95,Strasbourg,Groupama Stadium,Décines-Charpieu,T. Léonard,FT,Match Finished,4,3,1.0,1.0,4,3
1213767,2024-08-31T15:00:00+00:00,1725116400,61,Ligue 1,2024,Regular Season - 3,106,Stade Brestois 29,1063,Saint Etienne,Stade Francis-Le Blé,Brest,G. Angoula,FT,Match Finished,4,0,2.0,0.0,4,0
1213768,2024-08-31T17:00:00+00:00,1725123600,61,Ligue 1,2024,Regular Season - 3,82,Montpellier,83,Nantes,Stade de la Mosson-Mondial 98,Montpellier,B. Millot,FT,Match Finished,1,3,1.0,2.0,1,3
1213773,2024-08-31T19:00:00+00:00,1725130800,61,Ligue 1,2024,Regular Season - 3,96,Toulouse,81,Marseille,Stadium de Toulouse,Toulouse,S. Frappart,FT,Match Finished,1,3,0.0,2.0,1,3
1213770,2024-09-01T13:00:00+00:00,1725195600,61,Ligue 1,2024,Regular Season - 3,91,Monaco,116,Lens,Stade Louis-II,Monaco,W. Delajod,FT,Match Finished,1,1,0.0,0.0,1,1
1213769,2024-09-01T15:00:00+00:00,1725202800,61,Ligue 1,2024,Regular Season - 3,77,Angers,84,Nice,Stade Raymond Kopa,Angers,J. Stinat,FT,Match Finished,1,4,0.0,2.0,1,4
1213772,2024-09-01T15:00:00+00:00,1725202800,61,Ligue 1,2024,Regular Season - 3,93,Reims,94,Rennes,Stade Auguste-Delaune,Reims,M. Vernice,FT,Match Finished,2,1,1.0,1.0,2,1
1213771,2024-09-01T15:00:00+00:00,1725202800,61,Ligue 1,2024,Regular Season - 3,111,Le Havre,108,Auxerre,Stade Océane,Le Havre,M. Bollengier,FT,Match Finished,3,1,1.0,1.0,3,1
1213765,2024-09-01T18:45:00+00:00,1725216300,61,Ligue 1,2024,Regular Season - 3,79,Lille,85,Paris Saint Germain,Decathlon Arena - Stade Pierre-Mauroy,Villeneuve d'Ascq,B. Bastien,FT,Match Finished,1,3,0.0,2.0,1,3
1213780,2024-09-13T18:45:00+00:00,1726253100,61,Ligue 1,2024,Regular Season - 4,1063,Saint Etienne,79,Lille,Stade Geoffroy-Guichard,Saint-Ètienne,F. Letexier,FT,Match Finished,1,0,1.0,0.0,1,0
1213781,2024-09-14T15:00:00+00:00,1726326000,61,Ligue 1,2024,Regular Season - 4,81,Marseille,84,Nice,Orange Vélodrome,Marseille,B. Millot,FT,Match Finished,2,0,1.0,0.0,2,0
1213774,2024-09-14T17:00:00+00:00,1726333200,61,Ligue 1,2024,Regular Season - 4,108,Auxerre,91,Monaco,Stade de l'Abbé Deschamps,Auxerre,A. Kherradji,FT,Match Finished,0,3,0.0,2.0,0,3
1213782,2024-09-14T19:00:00+00:00,1726340400,61,Ligue 1,2024,Regular Season - 4,85,Paris Saint Germain,106,Stade Brestois 29,Parc des Princes,Paris,C. Turpin,FT,Match Finished,3,1,1.0,1.0,3,1
1213775,2024-09-15T13:00:00+00:00,1726405200,61,Ligue 1,2024,Regular Season - 4,94,Rennes,82,Montpellier,Roazhon Park,Rennes,J. Pignard,FT,Match Finished,3,0,2.0,0.0,3,0
1213777,2024-09-15T15:00:00+00:00,1726412400,61,Ligue 1,2024,Regular Season - 4,83,Nantes,93,Reims,Stade de la Beaujoire - Louis Fonteneau,Nantes,W. Delajod,FT,Match Finished,1,2,1.0,1.0,1,2
1213779,2024-09-15T15:00:00+00:00,1726412400,61,Ligue 1,2024,Regular Season - 4,95,Strasbourg,77,Angers,Stade de la Meinau,Strasbourg,H. Ben El Hadj,FT,Match Finished,1,1,1.0,0.0,1,1
1213778,2024-09-15T15:00:00+00:00,1726412400,61,Ligue 1,2024,Regular Season - 4,96,Toulouse,111,Le Havre,Stadium de Toulouse,Toulouse,E. Wattellier,FT,Match Finished,2,0,0.0,0.0,2,0
1213776,2024-09-15T18:45:00+00:00,1726425900,61,Ligue 1,2024,Regular Season - 4,116,Lens,80,Lyon,Stade Bollaert-Delelis,Lens,B. Dechepy,FT,Match Finished,0,0,0.0,0.0,0,0
1213784,2024-09-20T18:45:00+00:00,1726857900,61,Ligue 1,2024,Regular Season - 5,84,Nice,1063,Saint Etienne,Allianz Riviera,Nice,T. Léonard,FT,Match Finished,8,0,6.0,0.0,8,0
1213789,2024-09-21T15:00:00+00:00,1726930800,61,Ligue 1,2024,Regular Season - 5,79,Lille,95,Strasbourg,Decathlon Arena - Stade Pierre-Mauroy,Villeneuve d'Ascq,J. Brisard,FT,Match Finished,3,3,2.0,2.0,3,3
1213790,2024-09-21T17:00:00+00:00,1726938000,61,Ligue 1,2024,Regular Season - 5,94,Rennes,116,Lens,Roazhon Park,Rennes,J. Stinat,FT,Match Finished,1,1,1.0,0.0,1,1
1213785,2024-09-21T19:00:00+00:00,1726945200,61,Ligue 1,2024,Regular Season - 5,93,Reims,85,Paris Saint Germain,Stade Auguste-Delaune,Reims,J. Pignard,FT,Match Finished,1,1,1.0,0.0,1,1
1213791,2024-09-22T13:00:00+00:00,1727010000,61,Ligue 1,2024,Regular Season - 5,91,Monaco,111,Le Havre,Stade Louis-II,Monaco,S. Frappart,FT,Match Finished,3,1,1.0,1.0,3,1
1213787,2024-09-22T15:00:00+00:00,1727017200,61,Ligue 1,2024,Regular Season - 5,77,Angers,83,Nantes,Stade Raymond Kopa,Angers,M. Vernice,FT,Match Finished,1,1,1.0,1.0,1,1
1213788,2024-09-22T15:00:00+00:00,1727017200,61,Ligue 1,2024,Regular Season - 5,82,Montpellier,108,Auxerre,Stade de la Mosson-Mondial 98,Montpellier,H. Ben El Hadj,FT,Match Finished,3,2,0.0,1.0,3,2
1213786,2024-09-22T15:00:00+00:00,1727017200,61,Ligue 1,2024,Regular Season - 5,106,Stade Brestois 29,96,Toulouse,Stade Francis-Le Blé,Brest,F. Batta,FT,Match Finished,2,0,1.0,0.0,2,0
1213783,2024-09-22T18:45:00+00:00,1727030700,61,Ligue 1,2024,Regular Season - 5,80,Lyon,81,Marseille,Groupama Stadium,Décines-Charpieu,B. Bastien,FT,Match Finished,2,3,0.0,0.0,2,3
1213794,2024-09-27T17:00:00+00:00,1727456400,61,Ligue 1,2024,Regular Season - 6,108,Auxerre,106,Stade Brestois 29,Stade de l'Abbé Deschamps,Auxerre,J. Stinat,FT,Match Finished,3,0,2.0,0.0,3,0
1213793,2024-09-27T19:00:00+00:00,1727463600,61,Ligue 1,2024,Regular Season - 6,85,Paris Saint Germain,94,Rennes,Parc des Princes,Paris,H. Ben El Hadj,FT,Match Finished,3,1,1.0,0.0,3,1
1213795,2024-09-28T15:00:00+00:00,1727535600,61,Ligue 1,2024,Regular Season - 6,116,Lens,84,Nice,Stade Bollaert-Delelis,Lens,F. Letexier,FT,Match Finished,0,0,0.0,0.0,0,0
1213797,2024-09-28T17:00:00+00:00,1727542800,61,Ligue 1,2024,Regular Season - 6,111,Le Havre,79,Lille,Stade Océane,Le Havre,B. Dechepy,FT,Match Finished,0,3,0.0,2.0,0,3
1213799,2024-09-28T19:00:00+00:00,1727550000,61,Ligue 1,2024,Regular Season - 6,91,Monaco,82,Montpellier,Stade Louis-II,Monaco,M. Bollengier,FT,Match Finished,2,1,1.0,1.0,2,1
1213798,2024-09-29T13:00:00+00:00,1727614800,61,Ligue 1,2024,Regular Season - 6,96,Toulouse,80,Lyon,Stadium de Toulouse,Toulouse,G. Angoula,FT,Match Finished,1,2,1.0,1.0,1,2
1213800,2024-09-29T15:00:00+00:00,1727622000,61,Ligue 1,2024,Regular Season - 6,77,Angers,93,Reims,Stade Raymond Kopa,Angers,E. Wattellier,FT,Match Finished,1,3,0.0,2.0,1,3
1213796,2024-09-29T15:00:00+00:00,1727622000,61,Ligue 1,2024,Regular Season - 6,83,Nantes,1063,Saint Etienne,Stade de la Beaujoire - Louis Fonteneau,Nantes,A. Kherradji,FT,Match Finished,2,2,1.0,0.0,2,2
1213792,2024-09-29T18:45:00+00:00,1727635500,61,Ligue 1,2024,Regular Season - 6,95,Strasbourg,81,Marseille,Stade de la Meinau,Strasbourg,W. Delajod,FT,Match Finished,1,0,1.0,0.0,1,0
1213806,2024-10-04T18:45:00+00:00,1728067500,61,Ligue 1,2024,Regular Season - 7,81,Marseille,77,Angers,Orange Vélodrome,Marseille,R. Lissorgue,FT,Match Finished,1,1,0.0,0.0,1,1
1213804,2024-10-05T15:00:00+00:00,1728140400,61,Ligue 1,2024,Regular Season - 7,1063,Saint Etienne,108,Auxerre,Stade Geoffroy-Guichard,Saint-Ètienne,M. Vernice,FT,Match Finished,3,1,1.0,0.0,3,1
1213803,2024-10-05T17:00:00+00:00,1728147600,61,Ligue 1,2024,Regular Season - 7,79,Lille,96,Toulouse,Decathlon Arena - Stade Pierre-Mauroy,Villeneuve d'Ascq,C. Turpin,FT,Match Finished,2,1,0.0,1.0,2,1
1213807,2024-10-05T19:00:00+00:00,1728154800,61,Ligue 1,2024,Regular Season - 7,94,Rennes,91,Monaco,Roazhon Park,Rennes,T. Léonard,FT,Match Finished,1,2,1.0,2.0,1,2
1213801,2024-10-06T13:00:00+00:00,1728219600,61,Ligue 1,2024,Regular Season - 7,80,Lyon,83,Nantes,Groupama Stadium,Décines-Charpieu,M. Bollengier,FT,Match Finished,2,0,1.0,0.0,2,0
1213809,2024-10-06T15:00:00+00:00,1728226800,61,Ligue 1,2024,Regular Season - 7,93,Reims,82,Montpellier,Stade Auguste-Delaune,Reims,B. Bastien,FT,Match Finished,4,2,2.0,1.0,4,2
1213808,2024-10-06T15:00:00+00:00,1728226800,61,Ligue 1,2024,Regular Season - 7,95,Strasbourg,116,Lens,Stade de la Meinau,Strasbourg,S. Frappart,FT,Match Finished,2,2,1.0,2.0,2,2
1213805,2024-10-06T15:00:00+00:00,1728226800,61,Ligue 1,2024,Regular Season - 7,106,Stade Brestois 29,111,Le Havre,Stade Francis-Le Blé,Brest,B. Millot,FT,Match Finished,2,0,1.0,0.0,2,0
1213802,2024-10-06T18:45:00+00:00,1728240300,61,Ligue 1,2024,Regular Season - 7,84,Nice,85,Paris Saint Germain,Allianz Riviera,Nice,J. Brisard,FT,Match Finished,1,1,1.0,0.0,1,1
1213815,2024-10-18T18:45:00+00:00,1729277100,61,Ligue 1,2024,Regular Season - 8,91,Monaco,79,Lille,Stade Louis-II,Monaco,E. Wattellier,FT,Match Finished,0,0,0.0,0.0,0,0
1213817,2024-10-19T15:00:00+00:00,1729350000,61,Ligue 1,2024,Regular Season - 8,106,Stade Brestois 29,94,Rennes,Stade Francis-Le Blé,Brest,B. Dechepy,FT,Match Finished,1,1,0.0,0.0,1,1
1213816,2024-10-19T17:00:00+00:00,1729357200,61,Ligue 1,2024,Regular Season - 8,1063,Saint Etienne,116,Lens,Stade Geoffroy-Guichard,Saint-Ètienne,R. Lissorgue,FT,Match Finished,0,2,0.0,1.0,0,2
1213818,2024-10-19T19:00:00+00:00,1729364400,61,Ligue 1,2024,Regular Season - 8,85,Paris Saint Germain,95,Strasbourg,Parc des Princes,Paris,J. Stinat,FT,Match Finished,4,2,1.0,0.0,4,2
1213812,2024-10-20T13:00:00+00:00,1729429200,61,Ligue 1,2024,Regular Season - 8,111,Le Havre,80,Lyon,Stade Océane,Le Havre,A. Kherradji,FT,Match Finished,0,4,0.0,1.0,0,4
1213813,2024-10-20T15:00:00+00:00,1729436400,61,Ligue 1,2024,Regular Season - 8,83,Nantes,84,Nice,Stade de la Beaujoire - Louis Fonteneau,Nantes,G. Angoula,FT,Match Finished,1,1,0.0,0.0,1,1
1213811,2024-10-20T15:00:00+00:00,1729436400,61,Ligue 1,2024,Regular Season - 8,96,Toulouse,77,Angers,Stadium de Toulouse,Toulouse,W. Delajod,FT,Match Finished,1,1,0.0,1.0,1,1
1213810,2024-10-20T15:00:00+00:00,1729436400,61,Ligue 1,2024,Regular Season - 8,108,Auxerre,93,Reims,Stade de l'Abbé Deschamps,Auxerre,F. Batta,FT,Match Finished,2,1,1.0,0.0,2,1
1213814,2024-10-20T18:45:00+00:00,1729449900,61,Ligue 1,2024,Regular Season - 8,82,Montpellier,81,Marseille,Stade de la Mosson-Mondial 98,Montpellier,C. Turpin,FT,Match Finished,0,5,0.0,3.0,0,5
1213825,2024-10-25T18:45:00+00:00,1729881900,61,Ligue 1,2024,Regular Season - 9,94,Rennes,111,Le Havre,Roazhon Park,Rennes,F. Batta,FT,Match Finished,1,0,0.0,0.0,1,0
1213826,2024-10-26T15:00:00+00:00,1729954800,61,Ligue 1,2024,Regular Season - 9,77,Angers,1063,Saint Etienne,Stade Raymond Kopa,Angers,M. Bollengier,FT,Match Finished,4,2,2.0,1.0,4,2
1213827,2024-10-26T17:00:00+00:00,1729962000,61,Ligue 1,2024,Regular Season - 9,93,Reims,106,Stade Brestois 29,Stade Auguste-Delaune,Reims,J. Brisard,FT,Match Finished,1,2,1.0,2.0,1,2
1213820,2024-10-26T19:00:00+00:00,1729969200,61,Ligue 1,2024,Regular Season - 9,116,Lens,79,Lille,Stade Bollaert-Delelis,Lens,B. Bastien,FT,Match Finished,0,2,0.0,0.0,0,2
1213822,2024-10-27T13:00:00+00:00,1730034000,61,Ligue 1,2024,Regular Season - 9,80,Lyon,108,Auxerre,Groupama Stadium,Décines-Charpieu,J. Stinat,FT,Match Finished,2,2,1.0,0.0,2,2
1213823,2024-10-27T15:00:00+00:00,1730041200,61,Ligue 1,2024,Regular Season - 9,82,Montpellier,96,Toulouse,Stade de la Mosson-Mondial 98,Montpellier,T. Léonard,FT,Match Finished,0,3,0.0,3.0,0,3
1213819,2024-10-27T15:00:00+00:00,1730041200,61,Ligue 1,2024,Regular Season - 9,84,Nice,91,Monaco,Allianz Riviera,Nice,J. Pignard,FT,Match Finished,2,1,1.0,1.0,2,1
1213824,2024-10-27T15:00:00+00:00,1730041200,61,Ligue 1,2024,Regular Season - 9,95,Strasbourg,83,Nantes,Stade de la Meinau,Strasbourg,H. Ben El Hadj,FT,Match Finished,3,1,1.0,0.0,3,1
1213821,2024-10-27T19:45:00+00:00,1730058300,61,Ligue 1,2024,Regular Season - 9,81,Marseille,85,Paris Saint Germain,Orange Vélodrome,Marseille,F. Letexier,FT,Match Finished,0,3,0.0,3.0,0,3
1213830,2024-11-01T18:00:00+00:00,1730484000,61,Ligue 1,2024,Regular Season - 10,91,Monaco,77,Angers,Stade Louis-II,Monaco,A. Kherradji,FT,Match Finished,0,1,0.0,1.0,0,1
1213833,2024-11-01T20:00:00+00:00,1730491200,61,Ligue 1,2024,Regular Season - 10,79,Lille,80,Lyon,Decathlon Arena - Stade Pierre-Mauroy,Villeneuve d'Ascq,J. Brisard,FT,Match Finished,1,1,1.0,0.0,1,1
1213836,2024-11-02T16:00:00+00:00,1730563200,61,Ligue 1,2024,Regular Season - 10,85,Paris Saint Germain,116,Lens,Parc des Princes,Paris,W. Delajod,FT,Match Finished,1,0,1.0,0.0,1,0
1213835,2024-11-02T18:00:00+00:00,1730570400,61,Ligue 1,2024,Regular Season - 10,106,Stade Brestois 29,84,Nice,Stade Francis-Le Blé,Brest,C. Turpin,FT,Match Finished,0,1,0.0,1.0,0,1
1213834,2024-11-02T20:00:00+00:00,1730577600,61,Ligue 1,2024,Regular Season - 10,1063,Saint Etienne,95,Strasbourg,Stade Geoffroy-Guichard,Saint-Ètienne,E. Wattellier,FT,Match Finished,2,0,0.0,0.0,2,0
1213829,2024-11-03T14:00:00+00:00,1730642400,61,Ligue 1,2024,Regular Season - 10,96,Toulouse,93,Reims,Stadium de Toulouse,Toulouse,M. Vernice,FT,Match Finished,1,0,0.0,0.0,1,0
1213828,2024-11-03T16:00:00+00:00,1730649600,61,Ligue 1,2024,Regular Season - 10,108,Auxerre,94,Rennes,Stade de l'Abbé Deschamps,Auxerre,G. Angoula,FT,Match Finished,4,0,2.0,0.0,4,0
1213831,2024-11-03T16:00:00+00:00,1730649600,61,Ligue 1,2024,Regular Season - 10,111,Le Havre,82,Montpellier,Stade Océane,Le Havre,S. Frappart,FT,Match Finished,1,0,0.0,0.0,1,0
1213832,2024-11-03T19:45:00+00:00,1730663100,61,Ligue 1,2024,Regular Season - 10,83,Nantes,81,Marseille,Stade de la Beaujoire - Louis Fonteneau,Nantes,B. Dechepy,FT,Match Finished,1,2,1.0,1.0,1,2
1213837,2024-11-08T19:45:00+00:00,1731095100,61,Ligue 1,2024,Regular Season - 11,81,Marseille,108,Auxerre,Orange Vélodrome,Marseille,M. Bollengier,FT,Match Finished,1,3,0.0,3.0,1,3
1213841,2024-11-09T16:00:00+00:00,1731168000,61,Ligue 1,2024,Regular Season - 11,95,Strasbourg,91,Monaco,Stade de la Meinau,Strasbourg,B. Dechepy,FT,Match Finished,1,3,1.0,0.0,1,3
1213842,2024-11-09T18:00:00+00:00,1731175200,61,Ligue 1,2024,Regular Season - 11,116,Lens,83,Nantes,Stade Bollaert-Delelis,Lens,C. Turpin,FT,Match Finished,3,2,1.0,1.0,3,2
1213845,2024-11-09T20:00:00+00:00,1731182400,61,Ligue 1,2024,Regular Season - 11,77,Angers,85,Paris Saint Germain,Stade Raymond Kopa,Angers,B. Millot,FT,Match Finished,2,4,0.0,4.0,2,4
1213844,2024-11-10T14:00:00+00:00,1731247200,61,Ligue 1,2024,Regular Season - 11,84,Nice,79,Lille,Allianz Riviera,Nice,J. Stinat,FT,Match Finished,2,2,0.0,1.0,2,2
1213839,2024-11-10T16:00:00+00:00,1731254400,61,Ligue 1,2024,Regular Season - 11,82,Montpellier,106,Stade Brestois 29,Stade de la Mosson-Mondial 98,Montpellier,J. Pignard,FT,Match Finished,3,1,2.0,0.0,3,1
1213843,2024-11-10T16:00:00+00:00,1731254400,61,Ligue 1,2024,Regular Season - 11,94,Rennes,96,Toulouse,Roazhon Park,Rennes,R. Lissorgue,FT,Match Finished,0,2,0.0,2.0,0,2
1213840,2024-11-10T16:00:00+00:00,1731254400,61,Ligue 1,2024,Regular Season - 11,111,Le Havre,93,Reims,Stade Océane,Le Havre,H. Ben El Hadj,FT,Match Finished,0,3,0.0,2.0,0,3
1213838,2024-11-10T19:45:00+00:00,1731267900,61,Ligue 1,2024,Regular Season - 11,80,Lyon,1063,Saint Etienne,Groupama Stadium,Décines-Charpieu,W. Delajod,FT,Match Finished,1,0,1.0,0.0,1,0
1213852,2024-11-22T18:00:00+00:00,1732298400,61,Ligue 1,2024,Regular Season - 12,91,Monaco,106,Stade Brestois 29,Stade Louis-II,Monaco,T. Léonard,FT,Match Finished,3,2,2.0,0.0,3,2
1213846,2024-11-22T20:00:00+00:00,1732305600,61,Ligue 1,2024,Regular Season - 12,85,Paris Saint Germain,96,Toulouse,Parc des Princes,Paris,G. Angoula,FT,Match Finished,3,0,1.0,0.0,3,0
1213847,2024-11-23T16:00:00+00:00,1732377600,61,Ligue 1,2024,Regular Season - 12,116,Lens,81,Marseille,Stade Bollaert-Delelis,Lens,E. Wattellier,FT,Match Finished,1,3,0.0,0.0,1,3
1213849,2024-11-23T18:00:00+00:00,1732384800,61,Ligue 1,2024,Regular Season - 12,1063,Saint Etienne,82,Montpellier,Stade Geoffroy-Guichard,Saint-Ètienne,F. Batta,FT,Match Finished,1,0,0.0,0.0,1,0
1213854,2024-11-23T20:00:00+00:00,1732392000,61,Ligue 1,2024,Regular Season - 12,93,Reims,80,Lyon,Stade Auguste-Delaune,Reims,S. Frappart,FT,Match Finished,1,1,0.0,1.0,1,1
1213850,2024-11-24T14:00:00+00:00,1732456800,61,Ligue 1,2024,Regular Season - 12,79,Lille,94,Rennes,Decathlon Arena - Stade Pierre-Mauroy,Villeneuve d'Ascq,M. Vernice,FT,Match Finished,1,0,1.0,0.0,1,0
1213851,2024-11-24T16:00:00+00:00,1732464000,61,Ligue 1,2024,Regular Season - 12,83,Nantes,111,Le Havre,Stade de la Beaujoire - Louis Fonteneau,Nantes,J. Brisard,FT,Match Finished,0,2,0.0,1.0,0,2
1213853,2024-11-24T16:00:00+00:00,1732464000,61,Ligue 1,2024,Regular Season - 12,108,Auxerre,77,Angers,Stade de l'Abbé Deschamps,Auxerre,F. Letexier,FT,Match Finished,1,0,0.0,0.0,1,0
1213848,2024-11-24T19:45:00+00:00,1732477500,61,Ligue 1,2024,Regular Season - 12,84,Nice,95,Strasbourg,Allianz Riviera,Nice,B. Bastien,FT,Match Finished,2,1,0.0,1.0,2,1
1213855,2024-11-29T19:45:00+00:00,1732909500,61,Ligue 1,2024,Regular Season - 13,93,Reims,116,Lens,Stade Auguste-Delaune,Reims,A. Kherradji,FT,Match Finished,0,2,0.0,1.0,0,2
1213856,2024-11-30T16:00:00+00:00,1732982400,61,Ligue 1,2024,Regular Season - 13,94,Rennes,1063,Saint Etienne,Roazhon Park,Rennes,M. Bollengier,FT,Match Finished,5,0,2.0,0.0,5,0
1213859,2024-11-30T18:00:00+00:00,1732989600,61,Ligue 1,2024,Regular Season - 13,106,Stade Brestois 29,95,Strasbourg,Stade Francis-Le Blé,Brest,R. Lissorgue,FT,Match Finished,3,1,2.0,0.0,3,1
1213861,2024-11-30T20:00:00+00:00,1732996800,61,Ligue 1,2024,Regular Season - 13,85,Paris Saint Germain,83,Nantes,Parc des Princes,Paris,J. Stinat,FT,Match Finished,1,1,1.0,1.0,1,1
1213860,2024-12-01T14:00:00+00:00,1733061600,61,Ligue 1,2024,Regular Season - 13,82,Montpellier,79,Lille,Stade de la Mosson-Mondial 98,Montpellier,B. Millot,FT,Match Finished,2,2,1.0,1.0,2,2
1213863,2024-12-01T16:00:00+00:00,1733068800,61,Ligue 1,2024,Regular Season - 13,80,Lyon,84,Nice,Groupama Stadium,Décines-Charpieu,B. Dechepy,FT,Match Finished,4,1,3.0,1.0,4,1
1213858,2024-12-01T16:00:00+00:00,1733068800,61,Ligue 1,2024,Regular Season - 13,96,Toulouse,108,Auxerre,Stadium de Toulouse,Toulouse,H. Ben El Hadj,FT,Match Finished,2,0,2.0,0.0,2,0
1213857,2024-12-01T16:00:00+00:00,1733068800,61,Ligue 1,2024,Regular Season - 13,111,Le Havre,77,Angers,Stade Océane,Le Havre,W. Delajod,FT,Match Finished,0,1,0.0,0.0,0,1
1213862,2024-12-01T19:45:00+00:00,1733082300,61,Ligue 1,2024,Regular Season - 13,81,Marseille,91,Monaco,Orange Vélodrome,Marseille,C. Turpin,FT,Match Finished,2,1,0.0,1.0,2,1
1213868,2024-12-06T18:00:00+00:00,1733508000,61,Ligue 1,2024,Regular Season - 14,79,Lille,106,Stade Brestois 29,Decathlon Arena - Stade Pierre-Mauroy,Villeneuve d'Ascq,B. Bastien,FT,Match Finished,3,1,2.0,0.0,3,1
1213865,2024-12-06T20:00:00+00:00,1733515200,61,Ligue 1,2024,Regular Season - 14,108,Auxerre,85,Paris Saint Germain,Stade de l'Abbé Deschamps,Auxerre,J. Pignard,FT,Match Finished,0,0,0.0,0.0,0,0
1213872,2024-12-07T16:00:00+00:00,1733587200,61,Ligue 1,2024,Regular Season - 14,91,Monaco,96,Toulouse,Stade Louis-II,Monaco,S. Frappart,FT,Match Finished,2,0,0.0,0.0,2,0
1213864,2024-12-07T18:00:00+00:00,1733594400,61,Ligue 1,2024,Regular Season - 14,84,Nice,111,Le Havre,Allianz Riviera,Nice,F. Letexier,FT,Match Finished,2,1,0.0,0.0,2,1
1213867,2024-12-07T20:00:00+00:00,1733601600,61,Ligue 1,2024,Regular Season - 14,77,Angers,80,Lyon,Stade Raymond Kopa,Angers,M. Bollengier,FT,Match Finished,0,3,0.0,1.0,0,3
1213869,2024-12-08T14:00:00+00:00,1733666400,61,Ligue 1,2024,Regular Season - 14,116,Lens,82,Montpellier,Stade Bollaert-Delelis,Lens,M. Vernice,FT,Match Finished,2,0,1.0,0.0,2,0
1213871,2024-12-08T16:00:00+00:00,1733673600,61,Ligue 1,2024,Regular Season - 14,83,Nantes,94,Rennes,Stade de la Beaujoire - Louis Fonteneau,Nantes,E. Wattellier,FT,Match Finished,1,0,0.0,0.0,1,0
1213870,2024-12-08T16:00:00+00:00,1733673600,61,Ligue 1,2024,Regular Season - 14,95,Strasbourg,93,Reims,Stade de la Meinau,Strasbourg,T. Léonard,FT,Match Finished,0,0,0.0,0.0,0,0
1213866,2024-12-08T19:45:00+00:00,1733687100,61,Ligue 1,2024,Regular Season - 14,1063,Saint Etienne,81,Marseille,Stade Geoffroy-Guichard,Saint-Ètienne,J. Brisard,FT,Match Finished,0,2,0.0,1.0,0,2
1213877,2024-12-13T19:45:00+00:00,1734119100,61,Ligue 1,2024,Regular Season - 15,96,Toulouse,1063,Saint Etienne,Stadium de Toulouse,Toulouse,T. Léonard,FT,Match Finished,2,1,0.0,0.0,2,1
1213880,2024-12-14T16:00:00+00:00,1734192000,61,Ligue 1,2024,Regular Season - 15,81,Marseille,79,Lille,Orange Vélodrome,Marseille,W. Delajod,FT,Match Finished,1,1,1.0,0.0,1,1
1213876,2024-12-14T18:00:00+00:00,1734199200,61,Ligue 1,2024,Regular Season - 15,108,Auxerre,116,Lens,Stade de l'Abbé Deschamps,Auxerre,J. Stinat,FT,Match Finished,2,2,1.0,2.0,2,2
1213875,2024-12-14T20:00:00+00:00,1734206400,61,Ligue 1,2024,Regular Season - 15,93,Reims,91,Monaco,Stade Auguste-Delaune,Reims,R. Lissorgue,FT,Match Finished,0,0,0.0,0.0,0,0
1213878,2024-12-15T14:00:00+00:00,1734271200,61,Ligue 1,2024,Regular Season - 15,82,Montpellier,84,Nice,Stade de la Mosson-Mondial 98,Montpellier,C. Turpin,FT,Match Finished,2,2,1.0,2.0,2,2
1213873,2024-12-15T16:00:00+00:00,1734278400,61,Ligue 1,2024,Regular Season - 15,94,Rennes,77,Angers,Roazhon Park,Rennes,H. Ben El Hadj,FT,Match Finished,2,0,1.0,0.0,2,0
1213879,2024-12-15T16:00:00+00:00,1734278400,61,Ligue 1,2024,Regular Season - 15,106,Stade Brestois 29,83,Nantes,Stade Francis-Le Blé,Brest,G. Angoula,FT,Match Finished,4,1,2.0,0.0,4,1
1213874,2024-12-15T16:00:00+00:00,1734278400,61,Ligue 1,2024,Regular Season - 15,111,Le Havre,95,Strasbourg,Stade Océane,Le Havre,A. Kherradji,FT,Match Finished,0,3,0.0,2.0,0,3
1213881,2024-12-15T19:45:00+00:00,1734291900,61,Ligue 1,2024,Regular Season - 15,85,Paris Saint Germain,80,Lyon,Parc des Princes,Paris,B. Bastien,FT,Match Finished,3,1,2.0,1.0,3,1
1213882,2024-12-18T20:00:00+00:00,1734552000,61,Ligue 1,2024,Regular Season - 16,91,Monaco,85,Paris Saint Germain,Stade Louis-II,Monaco,F. Letexier,FT,Match Finished,2,4,0.0,1.0,2,4
1213890,2025-01-03T20:00:00+00:00,1735934400,61,Ligue 1,2024,Regular Season - 16,84,Nice,94,Rennes,Allianz Riviera,Nice,J. Brisard,FT,Match Finished,3,2,3.0,1.0,3,2
1213885,2025-01-04T16:00:00+00:00,1736006400,61,Ligue 1,2024,Regular Season - 16,1063,Saint Etienne,93,Reims,Stade Geoffroy-Guichard,Saint-Ètienne,S. Frappart,FT,Match Finished,3,1,0.0,1.0,3,1
1213887,2025-01-04T18:00:00+00:00,1736013600,61,Ligue 1,2024,Regular Season - 16,79,Lille,83,Nantes,Decathlon Arena - Stade Pierre-Mauroy,Villeneuve d'Ascq,J. Pignard,FT,Match Finished,1,1,1.0,0.0,1,1
1213883,2025-01-04T20:00:00+00:00,1736020800,61,Ligue 1,2024,Regular Season - 16,80,Lyon,82,Montpellier,Groupama Stadium,Décines-Charpieu,J. Stinat,FT,Match Finished,1,0,0.0,0.0,1,0
1213886,2025-01-05T14:00:00+00:00,1736085600,61,Ligue 1,2024,Regular Season - 16,77,Angers,106,Stade Brestois 29,Stade Raymond Kopa,Angers,B. Millot,FT,Match Finished,2,0,1.0,0.0,2,0
1213889,2025-01-05T14:00:00+00:00,1736085600,61,Ligue 1,2024,Regular Season - 16,95,Strasbourg,108,Auxerre,Stade de la Meinau,Strasbourg,F. Batta,FT,Match Finished,3,1,1.0,1.0,3,1
1213884,2025-01-05T14:00:00+00:00,1736085600,61,Ligue 1,2024,Regular Season - 16,116,Lens,96,Toulouse,Stade Bollaert-Delelis,Lens,H. Ben El Hadj,FT,Match Finished,0,1,0.0,0.0,0,1
1213888,2025-01-05T19:45:00+00:00,1736106300,61,Ligue 1,2024,Regular Season - 16,81,Marseille,111,Le Havre,Orange Vélodrome,Marseille,T. Léonard,FT,Match Finished,5,1,3.0,0.0,5,1
1213892,2025-01-10T18:00:00+00:00,1736532000,61,Ligue 1,2024,Regular Season - 17,83,Nantes,91,Monaco,Stade de la Beaujoire - Louis Fonteneau,Nantes,M. Bollengier,FT,Match Finished,2,2,1.0,0.0,2,2
1213893,2025-01-10T20:05:00+00:00,1736539500,61,Ligue 1,2024,Regular Season - 17,108,Auxerre,79,Lille,Stade de l'Abbé Deschamps,Auxerre,G. Angoula,FT,Match Finished,0,0,0.0,0.0,0,0
1213897,2025-01-11T16:00:00+00:00,1736611200,61,Ligue 1,2024,Regular Season - 17,106,Stade Brestois 29,80,Lyon,Stade Francis-Le Blé,Brest,E. Wattellier,FT,Match Finished,2,1,2.0,1.0,2,1
1213894,2025-01-11T18:00:00+00:00,1736618400,61,Ligue 1,2024,Regular Season - 17,93,Reims,84,Nice,Stade Auguste-Delaune,Reims,W. Delajod,FT,Match Finished,2,4,1.0,2.0,2,4
1213899,2025-01-11T20:05:00+00:00,1736625900,61,Ligue 1,2024,Regular Season - 17,94,Rennes,81,Marseille,Roazhon Park,Rennes,A. Kherradji,FT,Match Finished,1,2,1.0,1.0,1,2
1213895,2025-01-12T14:00:00+00:00,1736690400,61,Ligue 1,2024,Regular Season - 17,111,Le Havre,116,Lens,Stade Océane,Le Havre,C. Turpin,FT,Match Finished,1,2,1.0,1.0,1,2
1213896,2025-01-12T16:15:00+00:00,1736698500,61,Ligue 1,2024,Regular Season - 17,82,Montpellier,77,Angers,Stade de la Mosson-Mondial 98,Montpellier,R. Lissorgue,FT,Match Finished,1,3,0.0,1.0,1,3
1213891,2025-01-12T16:15:00+00:00,1736698500,61,Ligue 1,2024,Regular Season - 17,96,Toulouse,95,Strasbourg,Stadium de Toulouse,Toulouse,B. Bastien,FT,Match Finished,1,2,1.0,2.0,1,2
1213898,2025-01-12T19:45:00+00:00,1736711100,61,Ligue 1,2024,Regular Season - 17,85,Paris Saint Germain,1063,Saint Etienne,Parc des Princes,Paris,B. Millot,FT,Match Finished,2,1,2.0,0.0,2,1
1213905,2025-01-17T18:00:00+00:00,1737136800,61,Ligue 1,2024,Regular Season - 18,82,Montpellier,91,Monaco,Stade de la Mosson-Mondial 98,Montpellier,J. Brisard,FT,Match Finished,2,1,0.0,1.0,2,1
1213902,2025-01-17T20:05:00+00:00,1737144300,61,Ligue 1,2024,Regular Season - 18,79,Lille,84,Nice,Decathlon Arena - Stade Pierre-Mauroy,Villeneuve d'Ascq,F. Letexier,FT,Match Finished,2,1,0.0,1.0,2,1
1213901,2025-01-18T16:00:00+00:00,1737216000,61,Ligue 1,2024,Regular Season - 18,116,Lens,85,Paris Saint Germain,Stade Bollaert-Delelis,Lens,J. Pignard,FT,Match Finished,1,2,1.0,0.0,1,2
1213908,2025-01-18T18:00:00+00:00,1737223200,61,Ligue 1,2024,Regular Season - 18,94,Rennes,106,Stade Brestois 29,Roazhon Park,Rennes,T. Léonard,FT,Match Finished,1,2,0.0,1.0,1,2
1213903,2025-01-18T20:05:00+00:00,1737230700,61,Ligue 1,2024,Regular Season - 18,80,Lyon,96,Toulouse,Groupama Stadium,Décines-Charpieu,B. Millot,FT,Match Finished,0,0,0.0,0.0,0,0
1213904,2025-01-19T14:00:00+00:00,1737295200,61,Ligue 1,2024,Regular Season - 18,1063,Saint Etienne,83,Nantes,Stade Geoffroy-Guichard,Saint-Ètienne,F. Batta,FT,Match Finished,1,1,0.0,1.0,1,1
1213907,2025-01-19T16:15:00+00:00,1737303300,61,Ligue 1,2024,Regular Season - 18,77,Angers,108,Auxerre,Stade Raymond Kopa,Angers,S. Frappart,FT,Match Finished,2,0,1.0,0.0,2,0
1213906,2025-01-19T16:15:00+00:00,1737303300,61,Ligue 1,2024,Regular Season - 18,93,Reims,111,Le Havre,Stade Auguste-Delaune,Reims,M. Vernice,FT,Match Finished,1,1,1.0,0.0,1,1
1213900,2025-01-19T19:45:00+00:00,1737315900,61,Ligue 1,2024,Regular Season - 18,81,Marseille,95,Strasbourg,Orange Vélodrome,Marseille,B. Dechepy,FT,Match Finished,1,1,0.0,1.0,1,1
1213914,2025-01-24T19:45:00+00:00,1737747900,61,Ligue 1,2024,Regular Season - 19,108,Auxerre,1063,Saint Etienne,Stade de l'Abbé Deschamps,Auxerre,M. Bollengier,FT,Match Finished,1,1,1.0,1.0,1,1
1213911,2025-01-25T16:00:00+00:00,1737820800,61,Ligue 1,2024,Regular Season - 19,91,Monaco,94,Rennes,Stade Louis-II,Monaco,J. Stinat,FT,Match Finished,3,2,1.0,1.0,3,2
1213909,2025-01-25T18:00:00+00:00,1737828000,61,Ligue 1,2024,Regular Season - 19,95,Strasbourg,79,Lille,Stade de la Meinau,Strasbourg,W. Delajod,FT,Match Finished,2,1,0.0,1.0,2,1
1213916,2025-01-25T20:05:00+00:00,1737835500,61,Ligue 1,2024,Regular Season - 19,85,Paris Saint Germain,93,Reims,Parc des Princes,Paris,H. Ben El Hadj,FT,Match Finished,1,1,0.0,0.0,1,1
1213913,2025-01-26T14:00:00+00:00,1737900000,61,Ligue 1,2024,Regular Season - 19,111,Le Havre,106,Stade Brestois 29,Stade Océane,Le Havre,R. Lissorgue,FT,Match Finished,0,1,0.0,1.0,0,1
1213910,2025-01-26T16:15:00+00:00,1737908100,61,Ligue 1,2024,Regular Season - 19,83,Nantes,80,Lyon,Stade de la Beaujoire - Louis Fonteneau,Nantes,B. Bastien,FT,Match Finished,1,1,0.0,1.0,1,1
1213912,2025-01-26T16:15:00+00:00,1737908100,61,Ligue 1,2024,Regular Season - 19,96,Toulouse,82,Montpellier,Stadium de Toulouse,Toulouse,C. Turpin,FT,Match Finished,1,2,0.0,0.0,1,2
1213915,2025-01-26T16:15:00+00:00,1737908100,61,Ligue 1,2024,Regular Season - 19,116,Lens,77,Angers,Stade Bollaert-Delelis,Lens,A. Kherradji,FT,Match Finished,1,0,0.0,0.0,1,0
1213917,2025-01-26T19:45:00+00:00,1737920700,61,Ligue 1,2024,Regular Season - 19,84,Nice,81,Marseille,Allianz Riviera,Nice,E. Wattellier,FT,Match Finished,2,0,1.0,0.0,2,0
1213920,2025-01-31T19:45:00+00:00,1738352700,61,Ligue 1,2024,Regular Season - 20,82,Montpellier,116,Lens,Stade de la Mosson-Mondial 98,Montpellier,B. Dechepy,FT,Match Finished,0,2,0.0,1.0,0,2
1213919,2025-02-01T16:00:00+00:00,1738425600,61,Ligue 1,2024,Regular Season - 20,106,Stade Brestois 29,85,Paris Saint Germain,Stade Francis-Le Blé,Brest,B. Bastien,FT,Match Finished,2,5,0.0,1.0,2,5
1213926,2025-02-01T18:00:00+00:00,1738432800,61,Ligue 1,2024,Regular Season - 20,91,Monaco,108,Auxerre,Stade Louis-II,Monaco,A. Kherradji,FT,Match Finished,4,2,1.0,2.0,4,2
1213921,2025-02-01T20:05:00+00:00,1738440300,61,Ligue 1,2024,Regular Season - 20,79,Lille,1063,Saint Etienne,Decathlon Arena - Stade Pierre-Mauroy,Villeneuve d'Ascq,E. Wattellier,FT,Match Finished,4,1,1.0,1.0,4,1
1213924,2025-02-02T14:00:00+00:00,1738504800,61,Ligue 1,2024,Regular Season - 20,96,Toulouse,84,Nice,Stadium de Toulouse,Toulouse,T. Léonard,FT,Match Finished,1,1,0.0,1.0,1,1
1213923,2025-02-02T16:15:00+00:00,1738512900,61,Ligue 1,2024,Regular Season - 20,77,Angers,111,Le Havre,Stade Raymond Kopa,Angers,J. Pignard,FT,Match Finished,1,1,0.0,0.0,1,1
1213922,2025-02-02T16:15:00+00:00,1738512900,61,Ligue 1,2024,Regular Season - 20,93,Reims,83,Nantes,Stade Auguste-Delaune,Reims,B. Millot,FT,Match Finished,1,2,1.0,1.0,1,2
1213925,2025-02-02T16:15:00+00:00,1738512900,61,Ligue 1,2024,Regular Season - 20,94,Rennes,95,Strasbourg,Roazhon Park,Rennes,S. Frappart,FT,Match Finished,1,0,0.0,0.0,1,0
1213918,2025-02-02T19:45:00+00:00,1738525500,61,Ligue 1,2024,Regular Season - 20,81,Marseille,80,Lyon,Orange Vélodrome,Marseille,J. Brisard,FT,Match Finished,3,2,0.0,0.0,3,2
1213928,2025-02-07T18:00:00+00:00,1738951200,61,Ligue 1,2024,Regular Season - 21,83,Nantes,106,Stade Brestois 29,Stade de la Beaujoire - Louis Fonteneau,Nantes,J. Pignard,FT,Match Finished,0,2,0.0,1.0,0,2
1213932,2025-02-07T20:05:00+00:00,1738958700,61,Ligue 1,2024,Regular Season - 21,85,Paris Saint Germain,91,Monaco,Parc des Princes,Paris,C. Turpin,FT,Match Finished,4,1,1.0,1.0,4,1
1213935,2025-02-08T16:00:00+00:00,1739030400,61,Ligue 1,2024,Regular Season - 21,84,Nice,116,Lens,Allianz Riviera,Nice,R. Lissorgue,FT,Match Finished,2,0,1.0,0.0,2,0
1213930,2025-02-08T18:00:00+00:00,1739037600,61,Ligue 1,2024,Regular Season - 21,79,Lille,111,Le Havre,Decathlon Arena - Stade Pierre-Mauroy,Villeneuve d'Ascq,T. Léonard,FT,Match Finished,1,2,0.0,1.0,1,2
1213931,2025-02-08T20:05:00+00:00,1739045100,61,Ligue 1,2024,Regular Season - 21,1063,Saint Etienne,94,Rennes,Stade Geoffroy-Guichard,Saint-Ètienne,M. Vernice,FT,Match Finished,0,2,0.0,1.0,0,2
1213933,2025-02-09T14:00:00+00:00,1739109600,61,Ligue 1,2024,Regular Season - 21,80,Lyon,93,Reims,Groupama Stadium,Décines-Charpieu,F. Letexier,FT,Match Finished,4,0,1.0,0.0,4,0
1213929,2025-02-09T16:15:00+00:00,1739117700,61,Ligue 1,2024,Regular Season - 21,95,Strasbourg,82,Montpellier,Stade de la Meinau,Strasbourg,J. Stinat,FT,Match Finished,2,0,1.0,0.0,2,0
1213927,2025-02-09T16:15:00+00:00,1739117700,61,Ligue 1,2024,Regular Season - 21,108,Auxerre,96,Toulouse,Stade de l'Abbé Deschamps,Auxerre,J. Brisard,FT,Match Finished,2,2,0.0,0.0,2,2
1213934,2025-02-09T19:45:00+00:00,1739130300,61,Ligue 1,2024,Regular Season - 21,77,Angers,81,Marseille,Stade Raymond Kopa,Angers,H. Ben El Hadj,FT,Match Finished,0,2,0.0,0.0,0,2
1213940,2025-02-14T19:45:00+00:00,1739562300,61,Ligue 1,2024,Regular Season - 22,106,Stade Brestois 29,108,Auxerre,Stade Francis-Le Blé,Brest,B. Dechepy,FT,Match Finished,2,2,0.0,1.0,2,2
1213937,2025-02-15T16:00:00+00:00,1739635200,61,Ligue 1,2024,Regular Season - 22,81,Marseille,1063,Saint Etienne,Orange Vélodrome,Marseille,A. Kherradji,FT,Match Finished,5,1,1.0,0.0,5,1
1213944,2025-02-15T18:00:00+00:00,1739642400,61,Ligue 1,2024,Regular Season - 22,91,Monaco,83,Nantes,Stade Louis-II,Monaco,T. Léonard,FT,Match Finished,7,1,2.0,1.0,7,1
1213936,2025-02-15T20:05:00+00:00,1739649900,61,Ligue 1,2024,Regular Season - 22,96,Toulouse,85,Paris Saint Germain,Stadium de Toulouse,Toulouse,W. Delajod,FT,Match Finished,0,1,0.0,0.0,0,1
1213938,2025-02-16T14:00:00+00:00,1739714400,61,Ligue 1,2024,Regular Season - 22,82,Montpellier,80,Lyon,Stade de la Mosson-Mondial 98,Montpellier,M. Bollengier,FT,Match Finished,1,4,1.0,1.0,1,4
1213942,2025-02-16T16:15:00+00:00,1739722500,61,Ligue 1,2024,Regular Season - 22,93,Reims,77,Angers,Stade Auguste-Delaune,Reims,F. Batta,FT,Match Finished,0,1,0.0,1.0,0,1
1213943,2025-02-16T16:15:00+00:00,1739722500,61,Ligue 1,2024,Regular Season - 22,111,Le Havre,84,Nice,Stade Océane,Le Havre,S. Frappart,FT,Match Finished,1,3,1.0,2.0,1,3
1213939,2025-02-16T16:15:00+00:00,1739722500,61,Ligue 1,2024,Regular Season - 22,116,Lens,95,Strasbourg,Stade Bollaert-Delelis,Lens,B. Millot,FT,Match Finished,0,2,0.0,0.0,0,2
1213941,2025-02-16T19:45:00+00:00,1739735100,61,Ligue 1,2024,Regular Season - 22,94,Rennes,79,Lille,Roazhon Park,Rennes,R. Lissorgue,FT,Match Finished,0,2,0.0,0.0,0,2
1213945,2025-02-21T19:45:00+00:00,1740167100,61,Ligue 1,2024,Regular Season - 23,94,Rennes,93,Reims,Roazhon Park,Rennes,M. Bollengier,FT,Match Finished,1,0,1.0,0.0,1,0
1213947,2025-02-22T16:00:00+00:00,1740240000,61,Ligue 1,2024,Regular Season - 23,79,Lille,91,Monaco,Decathlon Arena - Stade Pierre-Mauroy,Villeneuve d'Ascq,B. Bastien,FT,Match Finished,2,1,2.0,1.0,2,1
1213950,2025-02-22T18:00:00+00:00,1740247200,61,Ligue 1,2024,Regular Season - 23,1063,Saint Etienne,77,Angers,Stade Geoffroy-Guichard,Saint-Ètienne,B. Dechepy,FT,Match Finished,3,3,1.0,2.0,3,3
1213951,2025-02-22T20:05:00+00:00,1740254700,61,Ligue 1,2024,Regular Season - 23,108,Auxerre,81,Marseille,Stade de l'Abbé Deschamps,Auxerre,J. Stinat,FT,Match Finished,3,0,1.0,0.0,3,0
1213949,2025-02-23T14:00:00+00:00,1740319200,61,Ligue 1,2024,Regular Season - 23,83,Nantes,116,Lens,Stade de la Beaujoire - Louis Fonteneau,Nantes,J. Brisard,FT,Match Finished,3,1,1.0,0.0,3,1
1213952,2025-02-23T16:15:00+00:00,1740327300,61,Ligue 1,2024,Regular Season - 23,84,Nice,82,Montpellier,Allianz Riviera,Nice,W. Delajod,FT,Match Finished,2,0,1.0,0.0,2,0
1213948,2025-02-23T16:15:00+00:00,1740327300,61,Ligue 1,2024,Regular Season - 23,95,Strasbourg,106,Stade Brestois 29,Stade de la Meinau,Strasbourg,C. Turpin,FT,Match Finished,0,0,0.0,0.0,0,0
1213946,2025-02-23T16:15:00+00:00,1740327300,61,Ligue 1,2024,Regular Season - 23,111,Le Havre,96,Toulouse,Stade Océane,Le Havre,F. Letexier,FT,Match Finished,1,4,0.0,1.0,1,4
1213953,2025-02-23T19:45:00+00:00,1740339900,61,Ligue 1,2024,Regular Season - 23,80,Lyon,85,Paris Saint Germain,Groupama Stadium,Décines-Charpieu,E. Wattellier,FT,Match Finished,2,3,0.0,0.0,2,3
1213961,2025-02-28T19:45:00+00:00,1740771900,61,Ligue 1,2024,Regular Season - 24,91,Monaco,93,Reims,Stade Louis-II,Monaco,E. Wattellier,FT,Match Finished,3,0,2.0,0.0,3,0
1213958,2025-03-01T16:00:00+00:00,1740844800,61,Ligue 1,2024,Regular Season - 24,1063,Saint Etienne,84,Nice,Stade Geoffroy-Guichard,Saint-Ètienne,J. Brisard,FT,Match Finished,1,3,1.0,1.0,1,3
1213959,2025-03-01T18:00:00+00:00,1740852000,61,Ligue 1,2024,Regular Season - 24,116,Lens,111,Le Havre,Stade Bollaert-Delelis,Lens,J. Pignard,FT,Match Finished,3,4,2.0,2.0,3,4
1213954,2025-03-01T20:05:00+00:00,1740859500,61,Ligue 1,2024,Regular Season - 24,85,Paris Saint Germain,79,Lille,Parc des Princes,Paris,F. Letexier,FT,Match Finished,4,1,4.0,0.0,4,1
1213956,2025-03-02T14:00:00+00:00,1740924000,61,Ligue 1,2024,Regular Season - 24,80,Lyon,106,Stade Brestois 29,Groupama Stadium,Décines-Charpieu,B. Millot,FT,Match Finished,2,1,1.0,1.0,2,1
1213962,2025-03-02T16:15:00+00:00,1740932100,61,Ligue 1,2024,Regular Season - 24,77,Angers,96,Toulouse,Stade Raymond Kopa,Angers,J. Stinat,FT,Match Finished,0,4,0.0,0.0,0,4
1213957,2025-03-02T16:15:00+00:00,1740932100,61,Ligue 1,2024,Regular Season - 24,82,Montpellier,94,Rennes,Stade de la Mosson-Mondial 98,Montpellier,F. Batta,FT,Match Finished,0,4,0.0,1.0,0,4
1213960,2025-03-02T16:15:00+00:00,1740932100,61,Ligue 1,2024,Regular Season - 24,108,Auxerre,95,Strasbourg,Stade de l'Abbé Deschamps,Auxerre,M. Vernice,FT,Match Finished,0,1,0.0,0.0,0,1
1213955,2025-03-02T19:45:00+00:00,1740944700,61,Ligue 1,2024,Regular Season - 24,81,Marseille,83,Nantes,Orange Vélodrome,Marseille,S. Frappart,FT,Match Finished,2,0,0.0,0.0,2,0
1213966,2025-03-07T19:45:00+00:00,1741376700,61,Ligue 1,2024,Regular Season - 25,96,Toulouse,91,Monaco,Stadium de Toulouse,Toulouse,M. Bollengier,FT,Match Finished,1,1,0.0,1.0,1,1
1213970,2025-03-08T16:00:00+00:00,1741449600,61,Ligue 1,2024,Regular Season - 25,94,Rennes,85,Paris Saint Germain,Roazhon Park,Rennes,M. Vernice,FT,Match Finished,1,4,0.0,1.0,1,4
1213969,2025-03-08T18:00:00+00:00,1741456800,61,Ligue 1,2024,Regular Season - 25,79,Lille,82,Montpellier,Decathlon Arena - Stade Pierre-Mauroy,Villeneuve d'Ascq,J. Pignard,FT,Match Finished,1,0,0.0,0.0,1,0
1213971,2025-03-08T20:05:00+00:00,1741464300,61,Ligue 1,2024,Regular Season - 25,81,Marseille,116,Lens,Orange Vélodrome,Marseille,T. Léonard,FT,Match Finished,0,1,0.0,0.0,0,1
1213968,2025-03-09T14:00:00+00:00,1741528800,61,Ligue 1,2024,Regular Season - 25,106,Stade Brestois 29,77,Angers,Stade Francis-Le Blé,Brest,A. Kherradji,FT,Match Finished,2,0,1.0,0.0,2,0
1213965,2025-03-09T16:15:00+00:00,1741536900,61,Ligue 1,2024,Regular Season - 25,83,Nantes,95,Strasbourg,Stade de la Beaujoire - Louis Fonteneau,Nantes,H. Ben El Hadj,FT,Match Finished,0,1,0.0,0.0,0,1
1213964,2025-03-09T16:15:00+00:00,1741536900,61,Ligue 1,2024,Regular Season - 25,93,Reims,108,Auxerre,Stade Auguste-Delaune,Reims,R. Lissorgue,FT,Match Finished,0,2,0.0,2.0,0,2
1213963,2025-03-09T16:15:00+00:00,1741536900,61,Ligue 1,2024,Regular Season - 25,111,Le Havre,1063,Saint Etienne,Stade Océane,Le Havre,C. Turpin,FT,Match Finished,1,1,1.0,1.0,1,1
1213967,2025-03-09T19:45:00+00:00,1741549500,61,Ligue 1,2024,Regular Season - 25,84,Nice,80,Lyon,Allianz Riviera,Nice,B. Bastien,FT,Match Finished,0,2,0.0,0.0,0,2
1213973,2025-03-14T19:45:00+00:00,1741981500,61,Ligue 1,2024,Regular Season - 26,84,Nice,108,Auxerre,Allianz Riviera,Nice,A. Kherradji,FT,Match Finished,1,1,1.0,0.0,1,1
1213979,2025-03-15T16:00:00+00:00,1742054400,61,Ligue 1,2024,Regular Season - 26,83,Nantes,79,Lille,Stade de la Beaujoire - Louis Fonteneau,Nantes,B. Millot,FT,Match Finished,1,0,0.0,0.0,1,0
1213980,2025-03-15T18:00:00+00:00,1742061600,61,Ligue 1,2024,Regular Season - 26,77,Angers,91,Monaco,Stade Raymond Kopa,Angers,W. Delajod,FT,Match Finished,0,2,0.0,0.0,0,2
1213977,2025-03-15T20:05:00+00:00,1742069100,61,Ligue 1,2024,Regular Season - 26,116,Lens,94,Rennes,Stade Bollaert-Delelis,Lens,S. Frappart,FT,Match Finished,1,0,0.0,0.0,1,0
1213976,2025-03-16T14:00:00+00:00,1742133600,61,Ligue 1,2024,Regular Season - 26,80,Lyon,111,Le Havre,Groupama Stadium,Décines-Charpieu,B. Dechepy,FT,Match Finished,4,2,1.0,2.0,4,2
1213974,2025-03-16T16:15:00+00:00,1742141700,61,Ligue 1,2024,Regular Season - 26,82,Montpellier,1063,Saint Etienne,Stade de la Mosson-Mondial 98,Montpellier,F. Letexier,FT,Match Finished,0,2,0.0,1.0,0,2
1213978,2025-03-16T16:15:00+00:00,1742141700,61,Ligue 1,2024,Regular Season - 26,95,Strasbourg,96,Toulouse,Stade de la Meinau,Strasbourg,F. Batta,FT,Match Finished,2,1,0.0,1.0,2,1
1213975,2025-03-16T16:15:00+00:00,1742141700,61,Ligue 1,2024,Regular Season - 26,106,Stade Brestois 29,93,Reims,Stade Francis-Le Blé,Brest,J. Brisard,FT,Match Finished,0,0,0.0,0.0,0,0
1213972,2025-03-16T19:45:00+00:00,1742154300,61,Ligue 1,2024,Regular Season - 26,85,Paris Saint Germain,81,Marseille,Parc des Princes,Paris,C. Turpin,FT,Match Finished,3,1,2.0,0.0,3,1
1213984,2025-03-28T19:45:00+00:00,1743191100,61,Ligue 1,2024,Regular Season - 27,95,Strasbourg,80,Lyon,Stade de la Meinau,Strasbourg,R. Lissorgue,FT,Match Finished,4,2,0.0,0.0,4,2
1213987,2025-03-29T16:00:00+00:00,1743264000,61,Ligue 1,2024,Regular Season - 27,93,Reims,81,Marseille,Stade Auguste-Delaune,Reims,W. Delajod,FT,Match Finished,3,1,1.0,0.0,3,1
1213986,2025-03-29T18:00:00+00:00,1743271200,61,Ligue 1,2024,Regular Season - 27,1063,Saint Etienne,85,Paris Saint Germain,Stade Geoffroy-Guichard,Saint-Ètienne,J. Stinat,FT,Match Finished,1,6,1.0,1.0,1,6
1213989,2025-03-29T20:05:00+00:00,1743278700,61,Ligue 1,2024,Regular Season - 27,91,Monaco,84,Nice,Stade Louis-II,Monaco,J. Brisard,FT,Match Finished,2,1,0.0,1.0,2,1
1213985,2025-03-30T13:00:00+00:00,1743339600,61,Ligue 1,2024,Regular Season - 27,96,Toulouse,106,Stade Brestois 29,Stadium de Toulouse,Toulouse,H. Ben El Hadj,FT,Match Finished,2,4,0.0,2.0,2,4
1213981,2025-03-30T15:15:00+00:00,1743347700,61,Ligue 1,2024,Regular Season - 27,77,Angers,94,Rennes,Stade Raymond Kopa,Angers,T. Léonard,FT,Match Finished,0,3,0.0,1.0,0,3
1213982,2025-03-30T15:15:00+00:00,1743347700,61,Ligue 1,2024,Regular Season - 27,108,Auxerre,82,Montpellier,Stade de l'Abbé Deschamps,Auxerre,M. Bollengier,FT,Match Finished,1,0,0.0,0.0,1,0
1213983,2025-03-30T15:15:00+00:00,1743347700,61,Ligue 1,2024,Regular Season - 27,111,Le Havre,83,Nantes,Stade Océane,Le Havre,E. Wattellier,FT,Match Finished,3,2,2.0,1.0,3,2
1213988,2025-03-30T18:45:00+00:00,1743360300,61,Ligue 1,2024,Regular Season - 27,79,Lille,116,Lens,Decathlon Arena - Stade Pierre-Mauroy,Villeneuve d'Ascq,M. Vernice,FT,Match Finished,1,0,1.0,0.0,1,0
1213991,2025-04-04T18:45:00+00:00,1743792300,61,Ligue 1,2024,Regular Season - 28,84,Nice,83,Nantes,Allianz Riviera,Nice,H. Ben El Hadj,FT,Match Finished,1,2,1.0,2.0,1,2
1213996,2025-04-05T15:00:00+00:00,1743865200,61,Ligue 1,2024,Regular Season - 28,85,Paris Saint Germain,77,Angers,Parc des Princes,Paris,M. Bollengier,FT,Match Finished,1,0,0.0,0.0,1,0
1213992,2025-04-05T17:00:00+00:00,1743872400,61,Ligue 1,2024,Regular Season - 28,106,Stade Brestois 29,91,Monaco,Stade Francis-Le Blé,Brest,T. Léonard,FT,Match Finished,2,1,1.0,0.0,2,1
1213994,2025-04-05T19:05:00+00:00,1743879900,61,Ligue 1,2024,Regular Season - 28,80,Lyon,79,Lille,Groupama Stadium,Décines-Charpieu,E. Wattellier,FT,Match Finished,2,1,1.0,1.0,2,1
1213995,2025-04-06T13:00:00+00:00,1743944400,61,Ligue 1,2024,Regular Season - 28,116,Lens,1063,Saint Etienne,Stade Bollaert-Delelis,Lens,R. Lissorgue,FT,Match Finished,1,0,0.0,0.0,1,0
1213993,2025-04-06T15:15:00+00:00,1743952500,61,Ligue 1,2024,Regular Season - 28,82,Montpellier,111,Le Havre,Stade de la Mosson-Mondial 98,Montpellier,B. Bastien,FT,Match Finished,0,2,0.0,2.0,0,2
1213997,2025-04-06T15:15:00+00:00,1743952500,61,Ligue 1,2024,Regular Season - 28,93,Reims,95,Strasbourg,Stade Auguste-Delaune,Reims,C. Turpin,FT,Match Finished,0,1,0.0,1.0,0,1
1213998,2025-04-06T15:15:00+00:00,1743952500,61,Ligue 1,2024,Regular Season - 28,94,Rennes,108,Auxerre,Roazhon Park,Rennes,F. Batta,FT,Match Finished,0,1,0.0,0.0,0,1
1213990,2025-04-06T18:45:00+00:00,1743965100,61,Ligue 1,2024,Regular Season - 28,81,Marseille,96,Toulouse,Orange Vélodrome,Marseille,J. Pignard,FT,Match Finished,3,2,1.0,1.0,3,2
1214006,2025-04-11T18:45:00+00:00,1744397100,61,Ligue 1,2024,Regular Season - 29,116,Lens,93,Reims,Stade Bollaert-Delelis,Lens,F. Letexier,FT,Match Finished,0,2,0.0,1.0,0,2
1214007,2025-04-12T15:00:00+00:00,1744470000,61,Ligue 1,2024,Regular Season - 29,91,Monaco,81,Marseille,Stade Louis-II,Monaco,B. Bastien,FT,Match Finished,3,0,1.0,0.0,3,0
1213999,2025-04-12T17:00:00+00:00,1744477200,61,Ligue 1,2024,Regular Season - 29,96,Toulouse,79,Lille,Stadium de Toulouse,Toulouse,J. Brisard,FT,Match Finished,1,2,1.0,2.0,1,2
1214003,2025-04-12T19:05:00+00:00,1744484700,61,Ligue 1,2024,Regular Season - 29,95,Strasbourg,84,Nice,Stade de la Meinau,Strasbourg,J. Pignard,FT,Match Finished,2,2,0.0,1.0,2,2
1214004,2025-04-13T13:00:00+00:00,1744549200,61,Ligue 1,2024,Regular Season - 29,1063,Saint Etienne,106,Stade Brestois 29,Stade Geoffroy-Guichard,Saint-Ètienne,A. Kherradji,FT,Match Finished,3,3,2.0,3.0,3,3
1214005,2025-04-13T15:15:00+00:00,1744557300,61,Ligue 1,2024,Regular Season - 29,77,Angers,82,Montpellier,Stade Raymond Kopa,Angers,B. Millot,FT,Match Finished,2,0,2.0,0.0,2,0
1214000,2025-04-13T15:15:00+00:00,1744557300,61,Ligue 1,2024,Regular Season - 29,111,Le Havre,94,Rennes,Stade Océane,Le Havre,W. Delajod,FT,Match Finished,1,5,1.0,3.0,1,5
1214001,2025-04-13T18:45:00+00:00,1744569900,61,Ligue 1,2024,Regular Season - 29,108,Auxerre,80,Lyon,Stade de l'Abbé Deschamps,Auxerre,S. Frappart,FT,Match Finished,1,3,0.0,0.0,1,3
1214016,2025-04-18T18:45:00+00:00,1745001900,61,Ligue 1,2024,Regular Season - 30,94,Rennes,83,Nantes,Roazhon Park,Rennes,A. Kherradji,FT,Match Finished,2,1,1.0,0.0,2,1
1214012,2025-04-19T15:00:00+00:00,1745074800,61,Ligue 1,2024,Regular Season - 30,85,Paris Saint Germain,111,Le Havre,Parc des Princes,Paris,M. Vernice,FT,Match Finished,2,1,1.0,0.0,2,1
1214015,2025-04-19T17:00:00+00:00,1745082000,61,Ligue 1,2024,Regular Season - 30,91,Monaco,95,Strasbourg,Stade Louis-II,Monaco,E. Wattellier,FT,Match Finished,0,0,0.0,0.0,0,0
1214013,2025-04-19T19:05:00+00:00,1745089500,61,Ligue 1,2024,Regular Season - 30,81,Marseille,82,Montpellier,Orange Vélodrome,Marseille,J. Brisard,FT,Match Finished,5,1,1.0,0.0,5,1
1214011,2025-04-20T13:00:00+00:00,1745154000,61,Ligue 1,2024,Regular Season - 30,79,Lille,108,Auxerre,Decathlon Arena - Stade Pierre-Mauroy,Villeneuve d'Ascq,T. Léonard,FT,Match Finished,3,1,2.0,0.0,3,1
1214009,2025-04-20T15:15:00+00:00,1745162100,61,Ligue 1,2024,Regular Season - 30,84,Nice,77,Angers,Allianz Riviera,Nice,J. Stinat,FT,Match Finished,2,1,1.0,0.0,2,1
1214014,2025-04-20T15:15:00+00:00,1745162100,61,Ligue 1,2024,Regular Season - 30,93,Reims,96,Toulouse,Stade Auguste-Delaune,Reims,M. Bollengier,FT,Match Finished,1,0,1.0,0.0,1,0
1214010,2025-04-20T15:15:00+00:00,1745162100,61,Ligue 1,2024,Regular Season - 30,106,Stade Brestois 29,116,Lens,Stade Francis-Le Blé,Brest,B. Millot,FT,Match Finished,1,3,1.0,2.0,1,3
1214008,2025-04-20T18:45:00+00:00,1745174700,61,Ligue 1,2024,Regular Season - 30,1063,Saint Etienne,80,Lyon,Stade Geoffroy-Guichard,Saint-Ètienne,F. Letexier,FT,Match Finished,2,1,1.0,0.0,2,1
1214002,2025-04-22T18:45:00+00:00,1745347500,61,Ligue 1,2024,Regular Season - 29,83,Nantes,85,Paris Saint Germain,Stade de la Beaujoire - Louis Fonteneau,Nantes,J. Pignard,FT,Match Finished,1,1,0.0,1.0,1,1
1214023,2025-04-25T18:45:00+00:00,1745606700,61,Ligue 1,2024,Regular Season - 31,85,Paris Saint Germain,84,Nice,Parc des Princes,Paris,W. Delajod,FT,Match Finished,1,3,1.0,1.0,1,3
1214018,2025-04-26T15:00:00+00:00,1745679600,61,Ligue 1,2024,Regular Season - 31,95,Strasbourg,1063,Saint Etienne,Stade de la Meinau,Strasbourg,B. Bastien,FT,Match Finished,3,1,1.0,1.0,3,1
1214017,2025-04-26T17:00:00+00:00,1745686800,61,Ligue 1,2024,Regular Season - 31,111,Le Havre,91,Monaco,Stade Océane,Le Havre,C. Turpin,FT,Match Finished,1,1,1.0,0.0,1,1
1214025,2025-04-26T19:05:00+00:00,1745694300,61,Ligue 1,2024,Regular Season - 31,80,Lyon,94,Rennes,Groupama Stadium,Décines-Charpieu,M. Bollengier,FT,Match Finished,4,1,3.0,0.0,4,1
1214022,2025-04-27T13:00:00+00:00,1745758800,61,Ligue 1,2024,Regular Season - 31,77,Angers,79,Lille,Stade Raymond Kopa,Angers,H. Ben El Hadj,FT,Match Finished,0,2,0.0,1.0,0,2
1214020,2025-04-27T15:15:00+00:00,1745766900,61,Ligue 1,2024,Regular Season - 31,82,Montpellier,93,Reims,Stade de la Mosson-Mondial 98,Montpellier,J. Pignard,FT,Match Finished,0,0,0.0,0.0,0,0
1214019,2025-04-27T15:15:00+00:00,1745766900,61,Ligue 1,2024,Regular Season - 31,83,Nantes,96,Toulouse,Stade de la Beaujoire - Louis Fonteneau,Nantes,F. Batta,FT,Match Finished,0,0,0.0,0.0,0,0
1214021,2025-04-27T15:15:00+00:00,1745766900,61,Ligue 1,2024,Regular Season - 31,116,Lens,108,Auxerre,Stade Bollaert-Delelis,Lens,M. Vernice,FT,Match Finished,0,4,0.0,3.0,0,4
1214024,2025-04-27T18:45:00+00:00,1745779500,61,Ligue 1,2024,Regular Season - 31,81,Marseille,106,Stade Brestois 29,Orange Vélodrome,Marseille,S. Frappart,FT,Match Finished,4,1,3.0,1.0,4,1
1214028,2025-05-02T18:45:00+00:00,1746211500,61,Ligue 1,2024,Regular Season - 32,84,Nice,93,Reims,Allianz Riviera,Nice,A. Kherradji,FT,Match Finished,1,0,1.0,0.0,1,0
1214033,2025-05-03T15:00:00+00:00,1746284400,61,Ligue 1,2024,Regular Season - 32,95,Strasbourg,85,Paris Saint Germain,Stade de la Meinau,Strasbourg,H. Ben El Hadj,FT,Match Finished,2,1,2.0,0.0,2,1
1214032,2025-05-03T17:00:00+00:00,1746291600,61,Ligue 1,2024,Regular Season - 32,96,Toulouse,94,Rennes,Stadium de Toulouse,Toulouse,B. Millot,FT,Match Finished,2,1,1.0,0.0,2,1
1214030,2025-05-03T19:05:00+00:00,1746299100,61,Ligue 1,2024,Regular Season - 32,1063,Saint Etienne,91,Monaco,Stade Geoffroy-Guichard,Saint-Ètienne,J. Brisard,FT,Match Finished,1,3,0.0,1.0,1,3
1214031,2025-05-04T13:00:00+00:00,1746363600,61,Ligue 1,2024,Regular Season - 32,83,Nantes,77,Angers,Stade de la Beaujoire - Louis Fonteneau,Nantes,T. Léonard,FT,Match Finished,0,1,0.0,0.0,0,1
1214026,2025-05-04T15:15:00+00:00,1746371700,61,Ligue 1,2024,Regular Season - 32,80,Lyon,116,Lens,Groupama Stadium,Décines-Charpieu,J. Stinat,FT,Match Finished,1,2,0.0,1.0,1,2
1214029,2025-05-04T15:15:00+00:00,1746371700,61,Ligue 1,2024,Regular Season - 32,106,Stade Brestois 29,82,Montpellier,Stade Francis-Le Blé,Brest,R. Lissorgue,FT,Match Finished,1,0,1.0,0.0,1,0
1214034,2025-05-04T15:15:00+00:00,1746371700,61,Ligue 1,2024,Regular Season - 32,108,Auxerre,111,Le Havre,Stade de l'Abbé Deschamps,Auxerre,J. Pignard,FT,Match Finished,1,2,0.0,0.0,1,2
1214027,2025-05-04T18:45:00+00:00,1746384300,61,Ligue 1,2024,Regular Season - 32,79,Lille,81,Marseille,Decathlon Arena - Stade Pierre-Mauroy,Villeneuve d'Ascq,E. Wattellier,FT,Match Finished,1,1,0.0,0.0,1,1
1214037,2025-05-10T19:00:00+00:00,1746903600,61,Ligue 1,2024,Regular Season - 33,77,Angers,95,Strasbourg,Stade Raymond Kopa,Angers,C. Turpin,FT,Match Finished,2,1,1.0,1.0,2,1
1214040,2025-05-10T19:00:00+00:00,1746903600,61,Ligue 1,2024,Regular Season - 33,82,Montpellier,85,Paris Saint Germain,Stade de la Mosson-Mondial 98,Montpellier,M. Vernice,FT,Match Finished,1,4,0.0,1.0,1,4
1214043,2025-05-10T19:00:00+00:00,1746903600,61,Ligue 1,2024,Regular Season - 33,91,Monaco,80,Lyon,Stade Louis-II,Monaco,B. Bastien,FT,Match Finished,2,0,0.0,0.0,2,0
1214035,2025-05-10T19:00:00+00:00,1746903600,61,Ligue 1,2024,Regular Season - 33,93,Reims,1063,Saint Etienne,Stade Auguste-Delaune,Reims,E. Wattellier,FT,Match Finished,0,2,0.0,2.0,0,2
1214039,2025-05-10T19:00:00+00:00,1746903600,61,Ligue 1,2024,Regular Season - 33,94,Rennes,84,Nice,Roazhon Park,Rennes,J. Stinat,FT,Match Finished,2,0,1.0,0.0,2,0
1214041,2025-05-10T19:00:00+00:00,1746903600,61,Ligue 1,2024,Regular Season - 33,96,Toulouse,116,Lens,Stadium de Toulouse,Toulouse,B. Dechepy,FT,Match Finished,1,1,0.0,0.0,1,1
1214042,2025-05-10T19:00:00+00:00,1746903600,61,Ligue 1,2024,Regular Season - 33,106,Stade Brestois 29,79,Lille,Stade Francis-Le Blé,Brest,T. Léonard,FT,Match Finished,2,0,1.0,0.0,2,0
1214036,2025-05-10T19:00:00+00:00,1746903600,61,Ligue 1,2024,Regular Season - 33,108,Auxerre,83,Nantes,Stade de l'Abbé Deschamps,Auxerre,M. Bollengier,FT,Match Finished,1,1,1.0,0.0,1,1
1214038,2025-05-10T19:00:00+00:00,1746903600,61,Ligue 1,2024,Regular Season - 33,111,Le Havre,81,Marseille,Stade Océane,Le Havre,W. Delajod,FT,Match Finished,1,3,0.0,0.0,1,3
1214048,2025-05-17T19:00:00+00:00,1747508400,61,Ligue 1,2024,Regular Season - 34,79,Lille,93,Reims,Decathlon Arena - Stade Pierre-Mauroy,Villeneuve d'Ascq,W. Delajod,FT,Match Finished,2,1,1.0,0.0,2,1
1214045,2025-05-17T19:00:00+00:00,1747508400,61,Ligue 1,2024,Regular Season - 34,80,Lyon,77,Angers,Groupama Stadium,Décines-Charpieu,S. Frappart,FT,Match Finished,2,0,0.0,0.0,2,0
1214044,2025-05-17T19:00:00+00:00,1747508400,61,Ligue 1,2024,Regular Season - 34,81,Marseille,94,Rennes,Orange Vélodrome,Marseille,J. Pignard,FT,Match Finished,4,2,3.0,1.0,4,2
1214050,2025-05-17T19:00:00+00:00,1747508400,61,Ligue 1,2024,Regular Season - 34,83,Nantes,82,Montpellier,Stade de la Beaujoire - Louis Fonteneau,Nantes,C. Turpin,FT,Match Finished,3,0,2.0,0.0,3,0
1214046,2025-05-17T19:00:00+00:00,1747508400,61,Ligue 1,2024,Regular Season - 34,84,Nice,106,Stade Brestois 29,Allianz Riviera,Nice,H. Ben El Hadj,FT,Match Finished,6,0,3.0,0.0,6,0
1214052,2025-05-17T19:00:00+00:00,1747508400,61,Ligue 1,2024,Regular Season - 34,85,Paris Saint Germain,108,Auxerre,Parc des Princes,Paris,A. Kherradji,FT,Match Finished,3,1,0.0,1.0,3,1
1214049,2025-05-17T19:00:00+00:00,1747508400,61,Ligue 1,2024,Regular Season - 34,95,Strasbourg,111,Le Havre,Stade de la Meinau,Strasbourg,J. Brisard,FT,Match Finished,2,3,1.0,1.0,2,3
1214051,2025-05-17T19:00:00+00:00,1747508400,61,Ligue 1,2024,Regular Season - 34,116,Lens,91,Monaco,Stade Bollaert-Delelis,Lens,F. Letexier,FT,Match Finished,4,0,1.0,0.0,4,0
1214047,2025-05-17T19:00:00+00:00,1747508400,61,Ligue 1,2024,Regular Season - 34,1063,Saint Etienne,96,Toulouse,Stade Geoffroy-Guichard,Saint-Ètienne,T. Léonard,FT,Match Finished,2,3,1.0,2.0,2,3
1375858,2025-05-21T18:00:00+00:00,1747850400,61,Ligue 1,2024,Relegation Round,112,Metz,93,Reims,Stade Saint-Symphorien,Longeville-lès-Metz,H. Ben El Hadj,FT,Match Finished,1,1,1.0,0.0,1,1
1375859,2025-05-29T18:30:00+00:00,1748543400,61,Ligue 1,2024,Relegation Round,93,Reims,112,Metz,Stade Auguste-Delaune,Reims,E. Wattellier,AET,Match Finished,1,3,0.0,0.0,1,1
1208418,2024-07-09T15:30:00+00:00,1720539000,2,UEFA Champions League,2024,1st Qualifying Round,3874,Panevėžys,649,HJK helsinki,Aukštaitija stadionas,Panevėžys,L. Cibelli,FT,Match Finished,3,0,1.0,0.0,3,0
1208410,2024-07-09T16:45:00+00:00,1720543500,2,UEFA Champions League,2024,1st Qualifying Round,4626,Hamrun Spartans,667,Lincoln Red Imps FC,MFA Centenary Stadium,Ta'Qali,A. Stavrev,FT,Match Finished,0,1,0.0,1.0,0,1
1208406,2024-07-09T18:00:00+00:00,1720548000,2,UEFA Champions League,2024,1st Qualifying Round,354,The New Saints,3745,Dečić,Park Hall Stadium,"Oswestry / Croesoswallt, Shropshire",B. Van Driessche,FT,Match Finished,3,0,3.0,0.0,3,0
1208412,2024-07-09T18:00:00+00:00,1720548000,2,UEFA Champions League,2024,1st Qualifying Round,703,UE Santa Coloma,12733,Ballkani,Estadi Nacional,Andorra la Vella,M. Bîrsan,FT,Match Finished,1,2,1.0,1.0,1,2
1208422,2024-07-09T18:45:00+00:00,1720550700,2,UEFA Champions League,2024,1st Qualifying Round,278,Vikingur Reykjavik,652,Shamrock Rovers,Víkingsvöllur,Reykjavík,S. Kringstad,FT,Match Finished,0,0,0.0,0.0,0,0
1208424,2024-07-09T19:00:00+00:00,1720551600,2,UEFA Champions League,2024,1st Qualifying Round,5308,Virtus,559,FCSB,Stadio Olimpico di Serravalle,Serravalle,A. Bandić,FT,Match Finished,1,7,0.0,5.0,1,7
1208428,2024-07-10T15:00:00+00:00,1720623600,2,UEFA Champions League,2024,1st Qualifying Round,692,Ordabasy,2271,Petrocub,Stadion Qajimuqan Muñaytpasov,Shymkent,P. Kolarić,FT,Match Finished,0,0,0.0,0.0,0,0
1208414,2024-07-10T16:00:00+00:00,1720627200,2,UEFA Champions League,2024,1st Qualifying Round,687,Flora Tallinn,4360,Celje,A. Le Coq Arena,Tallinn,Alejandro Muñiz,FT,Match Finished,0,5,0.0,3.0,0,5
1208404,2024-07-10T17:00:00+00:00,1720630800,2,UEFA Champions League,2024,1st Qualifying Round,656,Slovan Bratislava,4346,Struga,Štadión Tehelné pole,Bratislava,S. Frappart,FT,Match Finished,4,2,2.0,0.0,4,2
1208420,2024-07-10T17:00:00+00:00,1720630800,2,UEFA Champions League,2024,1st Qualifying Round,4160,Rīgas FS,5354,Larne,LNK Sporta Parks,Riga,O. Berka,FT,Match Finished,3,0,1.0,0.0,3,0
1208426,2024-07-10T18:00:00+00:00,1720634400,2,UEFA Champions League,2024,1st Qualifying Round,566,Ludogorets,705,Dinamo Batumi,Huvepharma Arena,Razgrad,R. Schröder,FT,Match Finished,3,1,2.0,0.0,3,1
1208416,2024-07-10T18:00:00+00:00,1720634400,2,UEFA Champions League,2024,1st Qualifying Round,701,KI Klaksvik,684,FC Differdange 03,Við Djúpumýrar,"Klaksvík, Borðoy",D. Munro,FT,Match Finished,2,0,2.0,0.0,2,0
1208430,2024-07-10T18:45:00+00:00,1720637100,2,UEFA Champions League,2024,1st Qualifying Round,394,Dinamo Minsk,709,Pyunik Yerevan,Városi Stadion,Mezőkövesd,V. Chinkov,FT,Match Finished,0,0,0.0,0.0,0,0
1208408,2024-07-10T19:00:00+00:00,1720638000,2,UEFA Champions League,2024,1st Qualifying Round,3364,Borac Banja Luka,3327,Egnatia Rrogozhinë,Gradski Stadion,Banja Luka,D. Stefanski,FT,Match Finished,1,0,0.0,0.0,1,0
1208413,2024-07-16T14:30:00+00:00,1721140200,2,UEFA Champions League,2024,1st Qualifying Round,12733,Ballkani,703,UE Santa Coloma,Stadiumi Zahir Pajaziti,"Besiana, Podujevo",O. Derevinskyi,PEN,Match Finished,1,2,0.0,0.0,0,1
1208419,2024-07-16T16:00:00+00:00,1721145600,2,UEFA Champions League,2024,1st Qualifying Round,649,HJK helsinki,3874,Panevėžys,Bolt Arena,Helsinki,C. Pawson,FT,Match Finished,1,1,1.0,1.0,1,1
1208411,2024-07-16T16:00:00+00:00,1721145600,2,UEFA Champions League,2024,1st Qualifying Round,667,Lincoln Red Imps FC,4626,Hamrun Spartans,Europa Point Stadium,Gibraltar,E. Wattellier,PEN,Match Finished,0,1,0.0,0.0,0,1
1208431,2024-07-16T16:00:00+00:00,1721145600,2,UEFA Champions League,2024,1st Qualifying Round,709,Pyunik Yerevan,394,Dinamo Minsk,Vazgen Sargsyan anvan Hanrapetakan Marzadasht,Yerevan,S. Levi,FT,Match Finished,0,1,0.0,0.0,0,1
1208415,2024-07-16T17:00:00+00:00,1721149200,2,UEFA Champions League,2024,1st Qualifying Round,4360,Celje,687,Flora Tallinn,Stadion Z'dežele,Celje,G. Kikacheishvili,FT,Match Finished,2,1,0.0,1.0,2,1
1208425,2024-07-16T17:30:00+00:00,1721151000,2,UEFA Champions League,2024,1st Qualifying Round,559,FCSB,5308,Virtus,Stadionul Steaua,București,S. Ebner,FT,Match Finished,4,0,3.0,0.0,4,0
1208423,2024-07-16T19:00:00+00:00,1721156400,2,UEFA Champions League,2024,1st Qualifying Round,652,Shamrock Rovers,278,Vikingur Reykjavik,Tallaght Stadium,Dublin,J. Gillett,FT,Match Finished,2,1,2.0,0.0,2,1
1208407,2024-07-16T19:00:00+00:00,1721156400,2,UEFA Champions League,2024,1st Qualifying Round,3745,Dečić,354,The New Saints,Stadion Pod Goricom,Podgorica,A. Karaoğlan,FT,Match Finished,1,1,0.0,1.0,1,1
1208405,2024-07-17T15:00:00+00:00,1721228400,2,UEFA Champions League,2024,1st Qualifying Round,4346,Struga,656,Slovan Bratislava,Stadion Biljanini Izvori,Ohrid,Ricardo De Burgos,FT,Match Finished,1,2,0.0,2.0,1,2
1208417,2024-07-17T17:00:00+00:00,1721235600,2,UEFA Champions League,2024,1st Qualifying Round,684,FC Differdange 03,701,KI Klaksvik,Stade Parc des Sports,Differdange,Javier Alberola,FT,Match Finished,0,0,0.0,0.0,0,0
1208427,2024-07-17T17:00:00+00:00,1721235600,2,UEFA Champions League,2024,1st Qualifying Round,705,Dinamo Batumi,566,Ludogorets,Batumi Arena,Batumi,D. Bel,FT,Match Finished,1,0,1.0,0.0,1,0
1208429,2024-07-17T17:00:00+00:00,1721235600,2,UEFA Champions League,2024,1st Qualifying Round,2271,Petrocub,692,Ordabasy,Stadionul Zimbru,Chişinău,M. Milanović,FT,Match Finished,1,0,1.0,0.0,1,0
1208409,2024-07-17T19:00:00+00:00,1721242800,2,UEFA Champions League,2024,1st Qualifying Round,3327,Egnatia Rrogozhinë,3364,Borac Banja Luka,Elbasan Arena,Elbasan,F. Maresca,PEN,Match Finished,2,1,1.0,1.0,2,1
1208421,2024-07-17T19:00:00+00:00,1721242800,2,UEFA Champions League,2024,1st Qualifying Round,5354,Larne,4160,Rīgas FS,Inver Park,Larne,Gustavo Correia,FT,Match Finished,0,4,0.0,3.0,0,4
1250485,2024-07-23T15:00:00+00:00,1721746800,2,UEFA Champions League,2024,2nd Qualifying Round,327,Bodo/Glimt,4160,Rīgas FS,Aspmyra Stadion,Bodø,D. Robertson,FT,Match Finished,4,0,3.0,0.0,4,0
1245606,2024-07-23T15:30:00+00:00,1721748600,2,UEFA Champions League,2024,2nd Qualifying Round,3874,Panevėžys,336,Jagiellonia,Aukštaitija stadionas,Panevėžys,N. Simović,FT,Match Finished,0,4,0.0,3.0,0,4
1245598,2024-07-23T16:00:00+00:00,1721750400,2,UEFA Champions League,2024,2nd Qualifying Round,667,Lincoln Red Imps FC,556,Qarabag,Europa Point Stadium,Gibraltar,I. Vad II,FT,Match Finished,0,2,0.0,1.0,0,2
1250489,2024-07-23T17:00:00+00:00,1721754000,2,UEFA Champions League,2024,2nd Qualifying Round,375,Malmo FF,701,KI Klaksvik,Eleda Stadion,Malmö,L. Fähndrich,FT,Match Finished,4,1,3.0,0.0,4,1
1250487,2024-07-23T17:00:00+00:00,1721754000,2,UEFA Champions League,2024,2nd Qualifying Round,2247,Apoel Nicosia,2271,Petrocub,Neo GSP,Levkosía,R. Schröder,FT,Match Finished,1,0,1.0,0.0,1,0
1245604,2024-07-23T17:30:00+00:00,1721755800,2,UEFA Champions League,2024,2nd Qualifying Round,559,FCSB,604,Maccabi Tel Aviv,Stadionul Steaua,București,G. Bogár,FT,Match Finished,1,1,0.0,0.0,1,1
1209237,2024-07-23T18:00:00+00:00,1721757600,2,UEFA Champions League,2024,2nd Qualifying Round,572,Dynamo Kyiv,573,FK Partizan,Arena Lublin,Lublin,C. Dingert,FT,Match Finished,6,2,3.0,1.0,6,2
1245608,2024-07-23T18:00:00+00:00,1721757600,2,UEFA Champions League,2024,2nd Qualifying Round,651,Ferencvarosi TC,354,The New Saints,Groupama Aréna,Budapest,Guillermo Cuadra,FT,Match Finished,5,0,3.0,0.0,5,0
1245602,2024-07-23T18:00:00+00:00,1721757600,2,UEFA Champions League,2024,2nd Qualifying Round,703,UE Santa Coloma,397,FC Midtjylland,Estadi Nacional,Andorra la Vella,A. Bitigen,FT,Match Finished,0,3,0.0,2.0,0,3
1209235,2024-07-23T18:30:00+00:00,1721759400,2,UEFA Champions League,2024,2nd Qualifying Round,606,FC Lugano,611,Fenerbahce,Stockhorn Arena,Thun,Tiago Martins,FT,Match Finished,3,4,1.0,1.0,3,4
1245600,2024-07-23T19:00:00+00:00,1721761200,2,UEFA Champions League,2024,2nd Qualifying Round,652,Shamrock Rovers,628,Sparta Praha,Tallaght Stadium,Dublin,J. Kooij,FT,Match Finished,0,2,0.0,1.0,0,2
1250491,2024-07-24T17:30:00+00:00,1721842200,2,UEFA Champions League,2024,2nd Qualifying Round,619,PAOK,3364,Borac Banja Luka,Stadio Toumbas,Thessaloníki,D. Šmajc,FT,Match Finished,3,2,2.0,2.0,3,2
1250481,2024-07-24T18:00:00+00:00,1721844000,2,UEFA Champions League,2024,2nd Qualifying Round,566,Ludogorets,394,Dinamo Minsk,Huvepharma Arena,Razgrad,E. Hamiti,FT,Match Finished,2,0,2.0,0.0,2,0
1250483,2024-07-24T18:15:00+00:00,1721844900,2,UEFA Champions League,2024,2nd Qualifying Round,4360,Celje,656,Slovan Bratislava,Stadion Z'dežele,Celje,D. England,FT,Match Finished,1,1,1.0,1.0,1,1
1245599,2024-07-30T16:00:00+00:00,1722355200,2,UEFA Champions League,2024,2nd Qualifying Round,556,Qarabag,667,Lincoln Red Imps FC,Tofiq Bəhramov adına Respublika stadionu,Baku,J. Sundberg,FT,Match Finished,5,0,3.0,0.0,5,0
1209236,2024-07-30T17:00:00+00:00,1722358800,2,UEFA Champions League,2024,2nd Qualifying Round,611,Fenerbahce,606,FC Lugano,Ülker Stadyumu Fenerbahçe Şükrü Saracoğlu Spor Kompleksi,İstanbul,R. Jones,FT,Match Finished,2,1,0.0,1.0,2,1
1245601,2024-07-30T17:00:00+00:00,1722358800,2,UEFA Champions League,2024,2nd Qualifying Round,628,Sparta Praha,652,Shamrock Rovers,epet ARENA,Praha,S. Sozza,FT,Match Finished,4,2,2.0,1.0,4,2
1250488,2024-07-30T17:00:00+00:00,1722358800,2,UEFA Champions League,2024,2nd Qualifying Round,2271,Petrocub,2247,Apoel Nicosia,Stadionul Zimbru,Chişinău,F. San,FT,Match Finished,1,1,0.0,0.0,1,1
1245609,2024-07-30T18:00:00+00:00,1722362400,2,UEFA Champions League,2024,2nd Qualifying Round,354,The New Saints,651,Ferencvarosi TC,Park Hall Stadium,"Oswestry / Croesoswallt, Shropshire",D. Sylwestrzak,FT,Match Finished,1,2,0.0,1.0,1,2
1250484,2024-07-30T18:30:00+00:00,1722364200,2,UEFA Champions League,2024,2nd Qualifying Round,656,Slovan Bratislava,4360,Celje,Štadión Tehelné pole,Bratislava,F. Maresca,FT,Match Finished,5,0,2.0,0.0,5,0
1250490,2024-07-30T18:45:00+00:00,1722365100,2,UEFA Champions League,2024,2nd Qualifying Round,701,KI Klaksvik,375,Malmo FF,Við Djúpumýrar,"Klaksvík, Borðoy",V. Spasjoņņikovs,FT,Match Finished,3,2,1.0,1.0,3,2
1250486,2024-07-31T17:00:00+00:00,1722445200,2,UEFA Champions League,2024,2nd Qualifying Round,4160,Rīgas FS,327,Bodo/Glimt,LNK Sporta Parks,Riga,V. Kopiievskyi,FT,Match Finished,1,3,1.0,1.0,1,3
1245603,2024-07-31T17:15:00+00:00,1722446100,2,UEFA Champions League,2024,2nd Qualifying Round,397,FC Midtjylland,703,UE Santa Coloma,MCH Arena,Herning,R. Hennessy,FT,Match Finished,1,0,0.0,0.0,1,0
1209238,2024-07-31T18:00:00+00:00,1722448800,2,UEFA Champions League,2024,2nd Qualifying Round,573,FK Partizan,572,Dynamo Kyiv,Stadion Partizana,Beograd,M. Barbu,FT,Match Finished,0,3,0.0,1.0,0,3
1245605,2024-07-31T18:00:00+00:00,1722448800,2,UEFA Champions League,2024,2nd Qualifying Round,604,Maccabi Tel Aviv,559,FCSB,Bozsik Aréna,Budapest,J. Pignard,FT,Match Finished,0,1,0.0,0.0,0,1
1245607,2024-07-31T18:30:00+00:00,1722450600,2,UEFA Champions League,2024,2nd Qualifying Round,336,Jagiellonia,3874,Panevėžys,Stadion Miejski,Białystok,V. Fotias,FT,Match Finished,3,1,1.0,0.0,3,1
1250482,2024-07-31T18:45:00+00:00,1722451500,2,UEFA Champions League,2024,2nd Qualifying Round,394,Dinamo Minsk,566,Ludogorets,Városi Stadion,Mezőkövesd,I. Frid,FT,Match Finished,1,0,1.0,0.0,1,0
1250492,2024-07-31T19:00:00+00:00,1722452400,2,UEFA Champions League,2024,2nd Qualifying Round,3364,Borac Banja Luka,619,PAOK,Gradski Stadion,Banja Luka,S. van der Eijk,FT,Match Finished,0,1,0.0,1.0,0,1
1273677,2024-08-06T16:00:00+00:00,1722960000,2,UEFA Champions League,2024,3rd Qualifying Round,556,Qarabag,566,Ludogorets,Tofiq Bəhramov adına Respublika stadionu,Baku,U. Schnyder,FT,Match Finished,1,2,0.0,0.0,1,2
1273681,2024-08-06T17:00:00+00:00,1722963600,2,UEFA Champions League,2024,3rd Qualifying Round,375,Malmo FF,619,PAOK,Eleda Stadion,Malmö,J. Beaton,FT,Match Finished,2,2,1.0,1.0,2,2
1273683,2024-08-06T17:15:00+00:00,1722964500,2,UEFA Champions League,2024,3rd Qualifying Round,397,FC Midtjylland,651,Ferencvarosi TC,MCH Arena,Herning,M. Jug,FT,Match Finished,2,0,1.0,0.0,2,0
1273687,2024-08-06T18:00:00+00:00,1722967200,2,UEFA Champions League,2024,3rd Qualifying Round,572,Dynamo Kyiv,257,Rangers,Arena Lublin,Lublin,D. Rumšas,FT,Match Finished,1,1,1.0,0.0,1,1
1273679,2024-08-06T18:00:00+00:00,1722967200,2,UEFA Champions League,2024,3rd Qualifying Round,628,Sparta Praha,559,FCSB,epet ARENA,Praha,R. Saggi,FT,Match Finished,1,1,0.0,0.0,1,1
1271720,2024-08-06T18:30:00+00:00,1722969000,2,UEFA Champions League,2024,3rd Qualifying Round,79,Lille,611,Fenerbahce,Stade du Hainaut,Valenciennes,I. Kovács,FT,Match Finished,2,1,1.0,0.0,2,1
1253319,2024-08-06T18:45:00+00:00,1722969900,2,UEFA Champions League,2024,3rd Qualifying Round,571,Red Bull Salzburg,415,Twente,Red Bull Arena,Wals-Siezenheim,António Nobre,FT,Match Finished,2,1,1.0,0.0,2,1
1253317,2024-08-07T17:00:00+00:00,1723050000,2,UEFA Champions League,2024,3rd Qualifying Round,560,Slavia Praha,1393,Union St. Gilloise,Fortuna Arena,Praha,T. Stieler,FT,Match Finished,3,1,2.0,0.0,3,1
1271718,2024-08-07T18:30:00+00:00,1723055400,2,UEFA Champions League,2024,3rd Qualifying Round,656,Slovan Bratislava,2247,Apoel Nicosia,Štadión Tehelné pole,Bratislava,A. Lindhout,FT,Match Finished,2,0,0.0,0.0,2,0
1273685,2024-08-07T18:45:00+00:00,1723056300,2,UEFA Champions League,2024,3rd Qualifying Round,336,Jagiellonia,327,Bodo/Glimt,Stadion Miejski,Białystok,S. Jablonski,FT,Match Finished,0,1,0.0,0.0,0,1
1273686,2024-08-13T17:00:00+00:00,1723568400,2,UEFA Champions League,2024,3rd Qualifying Round,327,Bodo/Glimt,336,Jagiellonia,Aspmyra Stadion,Bodø,B. Bastien,FT,Match Finished,4,1,2.0,1.0,4,1
1253320,2024-08-13T17:00:00+00:00,1723568400,2,UEFA Champions League,2024,3rd Qualifying Round,415,Twente,571,Red Bull Salzburg,De Grolsch Veste,Enschede,I. Peljto,FT,Match Finished,3,3,1.0,2.0,3,3
1271721,2024-08-13T17:00:00+00:00,1723568400,2,UEFA Champions League,2024,3rd Qualifying Round,611,Fenerbahce,79,Lille,Ülker Stadyumu Fenerbahçe Şükrü Saracoğlu Spor Kompleksi,İstanbul,José Sánchez,AET,Match Finished,1,1,0.0,0.0,1,0
1271719,2024-08-13T17:00:00+00:00,1723568400,2,UEFA Champions League,2024,3rd Qualifying Round,2247,Apoel Nicosia,656,Slovan Bratislava,Neo GSP,Levkosía,S. Stegemann,FT,Match Finished,0,0,0.0,0.0,0,0
1273682,2024-08-13T17:30:00+00:00,1723570200,2,UEFA Champions League,2024,3rd Qualifying Round,619,PAOK,375,Malmo FF,Stadio Toumbas,Thessaloníki,M. Di Bello,AET,Match Finished,3,4,3.0,2.0,3,3
1273678,2024-08-13T18:00:00+00:00,1723572000,2,UEFA Champions League,2024,3rd Qualifying Round,566,Ludogorets,556,Qarabag,Huvepharma Arena,Razgrad,S. Sozza,AET,Match Finished,2,7,2.0,3.0,2,3
1273684,2024-08-13T18:00:00+00:00,1723572000,2,UEFA Champions League,2024,3rd Qualifying Round,651,Ferencvarosi TC,397,FC Midtjylland,Groupama Aréna,Budapest,O. Grinfeeld,FT,Match Finished,1,1,1.0,0.0,1,1
1273680,2024-08-13T18:30:00+00:00,1723573800,2,UEFA Champions League,2024,3rd Qualifying Round,559,FCSB,628,Sparta Praha,Stadionul Steaua,București,M. Krogh,FT,Match Finished,2,3,0.0,3.0,2,3
1253318,2024-08-13T18:30:00+00:00,1723573800,2,UEFA Champions League,2024,3rd Qualifying Round,1393,Union St. Gilloise,560,Slavia Praha,Lotto Park,Brussel,S. Jovanović,FT,Match Finished,0,1,0.0,0.0,0,1
1273688,2024-08-13T18:45:00+00:00,1723574700,2,UEFA Champions League,2024,3rd Qualifying Round,257,Rangers,572,Dynamo Kyiv,Hampden Park,Glasgow,M. Guida,FT,Match Finished,0,2,0.0,0.0,0,2
1286255,2024-08-20T19:00:00+00:00,1724180400,2,UEFA Champions League,2024,Play-offs,79,Lille,560,Slavia Praha,Stade du Hainaut,Valenciennes,S. Marciniak,FT,Match Finished,2,0,0.0,0.0,2,0
1286251,2024-08-20T19:00:00+00:00,1724180400,2,UEFA Champions League,2024,Play-offs,327,Bodo/Glimt,598,FK Crvena Zvezda,Aspmyra Stadion,Bodø,I. Kružliak,FT,Match Finished,2,1,0.0,0.0,2,1
1286247,2024-08-20T19:00:00+00:00,1724180400,2,UEFA Champions League,2024,Play-offs,620,Dinamo Zagreb,556,Qarabag,Stadion Maksimir,Zagreb,G. Nyberg,FT,Match Finished,3,0,1.0,0.0,3,0
1286253,2024-08-21T19:00:00+00:00,1724266800,2,UEFA Champions League,2024,Play-offs,375,Malmo FF,628,Sparta Praha,Eleda Stadion,Malmö,Gil Manzano,FT,Match Finished,0,2,0.0,1.0,0,2
1286249,2024-08-21T19:00:00+00:00,1724266800,2,UEFA Champions League,2024,Play-offs,397,FC Midtjylland,656,Slovan Bratislava,MCH Arena,Herning,Alejandro Hernández,FT,Match Finished,1,1,0.0,0.0,1,1
1280666,2024-08-21T19:00:00+00:00,1724266800,2,UEFA Champions League,2024,Play-offs,565,BSC Young Boys,645,Galatasaray,Stadion Wankdorf,Bern,D. Siebert,FT,Match Finished,3,2,2.0,0.0,3,2
1286257,2024-08-21T19:00:00+00:00,1724266800,2,UEFA Champions League,2024,Play-offs,572,Dynamo Kyiv,571,Red Bull Salzburg,Arena Lublin,Lublin,S. Schärer,FT,Match Finished,0,2,0.0,1.0,0,2
1286258,2024-08-27T19:00:00+00:00,1724785200,2,UEFA Champions League,2024,Play-offs,571,Red Bull Salzburg,572,Dynamo Kyiv,Red Bull Arena,Wals-Siezenheim,H. Meler,FT,Match Finished,1,1,1.0,1.0,1,1
1286254,2024-08-27T19:00:00+00:00,1724785200,2,UEFA Champions League,2024,Play-offs,628,Sparta Praha,375,Malmo FF,epet ARENA,Praha,C. Turpin,FT,Match Finished,2,0,0.0,0.0,2,0
1280667,2024-08-27T19:00:00+00:00,1724785200,2,UEFA Champions League,2024,Play-offs,645,Galatasaray,565,BSC Young Boys,RAMS Park,İstanbul,E. Eskås,FT,Match Finished,0,1,0.0,0.0,0,1
1286248,2024-08-28T16:45:00+00:00,1724863500,2,UEFA Champions League,2024,Play-offs,556,Qarabag,620,Dinamo Zagreb,Tofiq Bəhramov adına Respublika stadionu,Baku,M. Oliver,FT,Match Finished,0,2,0.0,1.0,0,2
1286256,2024-08-28T19:00:00+00:00,1724871600,2,UEFA Champions League,2024,Play-offs,560,Slavia Praha,79,Lille,Fortuna Arena,Praha,S. Vinčić,FT,Match Finished,2,1,1.0,0.0,2,1
1286252,2024-08-28T19:00:00+00:00,1724871600,2,UEFA Champions League,2024,Play-offs,598,FK Crvena Zvezda,327,Bodo/Glimt,Stadion Rajko Mitić,Beograd,D. Massa,FT,Match Finished,2,0,1.0,0.0,2,0
1286250,2024-08-28T19:00:00+00:00,1724871600,2,UEFA Champions League,2024,Play-offs,656,Slovan Bratislava,397,FC Midtjylland,Štadión Tehelné pole,Bratislava,T. Stieler,FT,Match Finished,3,2,1.0,1.0,3,2
1298984,2024-09-17T16:45:00+00:00,1726591500,2,UEFA Champions League,2024,League Stage - 1,496,Juventus,197,PSV Eindhoven,Allianz Stadium,Torino,Alejandro Hernández,FT,Match Finished,3,1,2.0,0.0,3,1
1298985,2024-09-17T16:45:00+00:00,1726591500,2,UEFA Champions League,2024,League Stage - 1,565,BSC Young Boys,66,Aston Villa,Stadion Wankdorf,Bern,G. Kabakov,FT,Match Finished,0,3,0.0,2.0,0,3
1298986,2024-09-17T19:00:00+00:00,1726599600,2,UEFA Champions League,2024,League Stage - 1,157,Bayern München,620,Dinamo Zagreb,Allianz Arena,München,Juan Martínez,FT,Match Finished,9,2,3.0,0.0,9,2
1298988,2024-09-17T19:00:00+00:00,1726599600,2,UEFA Champions League,2024,League Stage - 1,228,Sporting CP,79,Lille,Estádio José Alvalade,Lisboa,D. Rumšas,FT,Match Finished,2,0,1.0,0.0,2,0
1298987,2024-09-17T19:00:00+00:00,1726599600,2,UEFA Champions League,2024,League Stage - 1,489,AC Milan,40,Liverpool,Stadio Giuseppe Meazza,Milano,E. Eskås,FT,Match Finished,1,3,1.0,2.0,1,3
1298989,2024-09-17T19:00:00+00:00,1726599600,2,UEFA Champions League,2024,League Stage - 1,541,Real Madrid,172,VfB Stuttgart,Estadio Santiago Bernabéu,Madrid,H. Meler,FT,Match Finished,3,1,0.0,0.0,3,1
1298990,2024-09-18T16:45:00+00:00,1726677900,2,UEFA Champions League,2024,League Stage - 1,500,Bologna,550,Shakhtar Donetsk,Stadio Renato Dall'Ara,Bologna,R. Saggi,FT,Match Finished,0,0,0.0,0.0,0,0
1298991,2024-09-18T16:45:00+00:00,1726677900,2,UEFA Champions League,2024,League Stage - 1,628,Sparta Praha,571,Red Bull Salzburg,epet ARENA,Praha,R. Obrenović,FT,Match Finished,3,0,2.0,0.0,3,0
1298994,2024-09-18T19:00:00+00:00,1726686000,2,UEFA Champions League,2024,League Stage - 1,50,Manchester City,505,Inter,Etihad Stadium,Manchester,G. Nyberg,FT,Match Finished,0,0,0.0,0.0,0,0
1298995,2024-09-18T19:00:00+00:00,1726686000,2,UEFA Champions League,2024,League Stage - 1,85,Paris Saint Germain,547,Girona,Parc des Princes,Paris,D. Siebert,FT,Match Finished,1,0,0.0,0.0,1,0
1298992,2024-09-18T19:00:00+00:00,1726686000,2,UEFA Champions League,2024,League Stage - 1,247,Celtic,656,Slovan Bratislava,Celtic Park,Glasgow,D. Makkelie,FT,Match Finished,5,1,1.0,0.0,5,1
1298993,2024-09-18T19:00:00+00:00,1726686000,2,UEFA Champions League,2024,League Stage - 1,569,Club Brugge KV,165,Borussia Dortmund,Jan Breydelstadion,Brugge,I. Peljto,FT,Match Finished,0,3,0.0,0.0,0,3
1298997,2024-09-19T16:45:00+00:00,1726764300,2,UEFA Champions League,2024,League Stage - 1,209,Feyenoord,168,Bayer Leverkusen,Stadion Feijenoord,Rotterdam,D. Massa,FT,Match Finished,0,4,0.0,4.0,0,4
1298996,2024-09-19T16:45:00+00:00,1726764300,2,UEFA Champions League,2024,League Stage - 1,598,FK Crvena Zvezda,211,Benfica,Stadion Rajko Mitić,Beograd,M. Oliver,FT,Match Finished,1,2,0.0,2.0,1,2
1299001,2024-09-19T19:00:00+00:00,1726772400,2,UEFA Champions League,2024,League Stage - 1,91,Monaco,529,Barcelona,Stade Louis-II,Monaco,A. Lindhout,FT,Match Finished,2,1,1.0,1.0,2,1
1299000,2024-09-19T19:00:00+00:00,1726772400,2,UEFA Champions League,2024,League Stage - 1,106,Stade Brestois 29,637,Sturm Graz,Stade du Roudourou,Guingamp,N. Walsh,FT,Match Finished,2,1,1.0,1.0,2,1
1298998,2024-09-19T19:00:00+00:00,1726772400,2,UEFA Champions League,2024,League Stage - 1,499,Atalanta,42,Arsenal,Gewiss Stadium,Bergamo,C. Turpin,FT,Match Finished,0,0,0.0,0.0,0,0
1298999,2024-09-19T19:00:00+00:00,1726772400,2,UEFA Champions League,2024,League Stage - 1,530,Atletico Madrid,173,RB Leipzig,Estádio Cívitas Metropolitano,Madrid,I. Kružliak,FT,Match Finished,2,1,1.0,1.0,2,1
1299003,2024-10-01T16:45:00+00:00,1727801100,2,UEFA Champions League,2024,League Stage - 2,172,VfB Stuttgart,628,Sparta Praha,MHPArena,Stuttgart,M. Lukjančukas,FT,Match Finished,1,1,1.0,1.0,1,1
1299002,2024-10-01T16:45:00+00:00,1727801100,2,UEFA Champions League,2024,League Stage - 2,571,Red Bull Salzburg,106,Stade Brestois 29,Red Bull Arena,Wals-Siezenheim,A. Taylor,FT,Match Finished,0,4,0.0,1.0,0,4
1299010,2024-10-01T19:00:00+00:00,1727809200,2,UEFA Champions League,2024,League Stage - 2,42,Arsenal,85,Paris Saint Germain,Emirates Stadium,London,S. Vinčić,FT,Match Finished,2,0,2.0,0.0,2,0
1299006,2024-10-01T19:00:00+00:00,1727809200,2,UEFA Champions League,2024,League Stage - 2,165,Borussia Dortmund,247,Celtic,SIGNAL IDUNA PARK,Dortmund,José Sánchez,FT,Match Finished,7,1,5.0,1.0,7,1
1299005,2024-10-01T19:00:00+00:00,1727809200,2,UEFA Champions League,2024,League Stage - 2,168,Bayer Leverkusen,489,AC Milan,BayArena,Leverkusen,S. Schärer,FT,Match Finished,1,0,0.0,0.0,1,0
1299008,2024-10-01T19:00:00+00:00,1727809200,2,UEFA Champions League,2024,League Stage - 2,197,PSV Eindhoven,228,Sporting CP,Philips Stadion,Eindhoven,M. Guida,FT,Match Finished,1,1,1.0,0.0,1,1
1299007,2024-10-01T19:00:00+00:00,1727809200,2,UEFA Champions League,2024,League Stage - 2,505,Inter,598,FK Crvena Zvezda,Stadio Giuseppe Meazza,Milano,F. Zwayer,FT,Match Finished,4,0,1.0,0.0,4,0
1299004,2024-10-01T19:00:00+00:00,1727809200,2,UEFA Champions League,2024,League Stage - 2,529,Barcelona,565,BSC Young Boys,Estadi Olímpic Lluís Companys,Barcelona,E. Lambrechts,FT,Match Finished,5,0,3.0,0.0,5,0
1299009,2024-10-01T19:00:00+00:00,1727809200,2,UEFA Champions League,2024,League Stage - 2,656,Slovan Bratislava,50,Manchester City,Štadión Tehelné pole,Bratislava,D. Massa,FT,Match Finished,0,4,0.0,2.0,0,4
1299011,2024-10-02T16:45:00+00:00,1727887500,2,UEFA Champions League,2024,League Stage - 2,547,Girona,209,Feyenoord,Estadi Municipal de Montilivi,Girona,U. Schnyder,FT,Match Finished,2,3,1.0,2.0,2,3
1299012,2024-10-02T16:45:00+00:00,1727887500,2,UEFA Champions League,2024,League Stage - 2,550,Shakhtar Donetsk,499,Atalanta,VELTINS-Arena,Gelsenkirchen,João Pedro Pinheiro,FT,Match Finished,0,3,0.0,2.0,0,3
1299017,2024-10-02T19:00:00+00:00,1727895600,2,UEFA Champions League,2024,League Stage - 2,40,Liverpool,500,Bologna,Anfield,Liverpool,N. Dabanović,FT,Match Finished,2,0,1.0,0.0,2,0
1299013,2024-10-02T19:00:00+00:00,1727895600,2,UEFA Champions League,2024,League Stage - 2,66,Aston Villa,157,Bayern München,Villa Park,Birmingham,R. Petrescu,FT,Match Finished,1,0,0.0,0.0,1,0
1299016,2024-10-02T19:00:00+00:00,1727895600,2,UEFA Champions League,2024,League Stage - 2,79,Lille,541,Real Madrid,Decathlon Arena - Stade Pierre-Mauroy,Villeneuve d'Ascq,M. Mariani,FT,Match Finished,1,0,1.0,0.0,1,0
1299018,2024-10-02T19:00:00+00:00,1727895600,2,UEFA Champions League,2024,League Stage - 2,173,RB Leipzig,496,Juventus,Red Bull Arena,Leipzig,F. Letexier,FT,Match Finished,2,3,1.0,0.0,2,3
1299014,2024-10-02T19:00:00+00:00,1727895600,2,UEFA Champions League,2024,League Stage - 2,211,Benfica,530,Atletico Madrid,Estádio do Sport Lisboa e Benfica,Lisboa,S. Gözübüyük,FT,Match Finished,4,0,1.0,0.0,4,0
1299015,2024-10-02T19:00:00+00:00,1727895600,2,UEFA Champions League,2024,League Stage - 2,620,Dinamo Zagreb,91,Monaco,Stadion Maksimir,Zagreb,H. Osmers,FT,Match Finished,2,2,1.0,0.0,2,2
1299019,2024-10-02T19:00:00+00:00,1727895600,2,UEFA Champions League,2024,League Stage - 2,637,Sturm Graz,569,Club Brugge KV,28 Black Arena,Klagenfurt am Wörthersee,Ə. Ağayev,FT,Match Finished,0,1,0.0,1.0,0,1
1299021,2024-10-22T16:45:00+00:00,1729615500,2,UEFA Champions League,2024,League Stage - 3,91,Monaco,598,FK Crvena Zvezda,Stade Louis-II,Monaco,T. Stieler,FT,Match Finished,5,1,2.0,1.0,5,1
1299020,2024-10-22T16:45:00+00:00,1729615500,2,UEFA Champions League,2024,League Stage - 3,489,AC Milan,569,Club Brugge KV,Stadio Giuseppe Meazza,Milano,F. Zwayer,FT,Match Finished,3,1,1.0,0.0,3,1
1299027,2024-10-22T19:00:00+00:00,1729623600,2,UEFA Champions League,2024,League Stage - 3,42,Arsenal,550,Shakhtar Donetsk,Emirates Stadium,London,B. Bastien,FT,Match Finished,1,0,1.0,0.0,1,0
1299022,2024-10-22T19:00:00+00:00,1729623600,2,UEFA Champions League,2024,League Stage - 3,66,Aston Villa,500,Bologna,Villa Park,Birmingham,João Pedro Pinheiro,FT,Match Finished,2,0,0.0,0.0,2,0
1299025,2024-10-22T19:00:00+00:00,1729623600,2,UEFA Champions League,2024,League Stage - 3,85,Paris Saint Germain,197,PSV Eindhoven,Parc des Princes,Paris,G. Nyberg,FT,Match Finished,1,1,0.0,1.0,1,1
1299024,2024-10-22T19:00:00+00:00,1729623600,2,UEFA Champions League,2024,League Stage - 3,496,Juventus,172,VfB Stuttgart,Allianz Stadium,Torino,E. Eskås,FT,Match Finished,0,1,0.0,0.0,0,1
1299028,2024-10-22T19:00:00+00:00,1729623600,2,UEFA Champions League,2024,League Stage - 3,541,Real Madrid,165,Borussia Dortmund,Estadio Santiago Bernabéu,Madrid,I. Kovács,FT,Match Finished,5,2,0.0,2.0,5,2
1299023,2024-10-22T19:00:00+00:00,1729623600,2,UEFA Champions League,2024,League Stage - 3,547,Girona,656,Slovan Bratislava,Estadi Municipal de Montilivi,Girona,H. Feșnic,FT,Match Finished,2,0,1.0,0.0,2,0
1299026,2024-10-22T19:00:00+00:00,1729623600,2,UEFA Champions League,2024,League Stage - 3,637,Sturm Graz,228,Sporting CP,28 Black Arena,Klagenfurt am Wörthersee,G. Kruashvili,FT,Match Finished,0,2,0.0,1.0,0,2
1299030,2024-10-23T16:45:00+00:00,1729701900,2,UEFA Champions League,2024,League Stage - 3,106,Stade Brestois 29,168,Bayer Leverkusen,Stade du Roudourou,Guingamp,I. Kružliak,FT,Match Finished,1,1,1.0,1.0,1,1
1299029,2024-10-23T16:45:00+00:00,1729701900,2,UEFA Champions League,2024,League Stage - 3,499,Atalanta,247,Celtic,Gewiss Stadium,Bergamo,I. Peljto,FT,Match Finished,0,0,0.0,0.0,0,0
1299035,2024-10-23T19:00:00+00:00,1729710000,2,UEFA Champions League,2024,League Stage - 3,50,Manchester City,628,Sparta Praha,Etihad Stadium,Manchester,M. Mariani,FT,Match Finished,5,0,1.0,0.0,5,0
1299036,2024-10-23T19:00:00+00:00,1729710000,2,UEFA Champions League,2024,League Stage - 3,173,RB Leipzig,40,Liverpool,Red Bull Arena,Leipzig,S. Schärer,FT,Match Finished,0,1,0.0,1.0,0,1
1299033,2024-10-23T19:00:00+00:00,1729710000,2,UEFA Champions League,2024,League Stage - 3,211,Benfica,209,Feyenoord,Estádio do Sport Lisboa e Benfica,Lisboa,H. Meler,FT,Match Finished,1,3,0.0,2.0,1,3
1299032,2024-10-23T19:00:00+00:00,1729710000,2,UEFA Champions League,2024,League Stage - 3,529,Barcelona,157,Bayern München,Estadi Olímpic Lluís Companys,Barcelona,S. Vinčić,FT,Match Finished,4,1,3.0,1.0,4,1
1299031,2024-10-23T19:00:00+00:00,1729710000,2,UEFA Champions League,2024,League Stage - 3,530,Atletico Madrid,79,Lille,Riyadh Air Metropolitano,Madrid,M. Guida,FT,Match Finished,1,3,1.0,0.0,1,3
1299037,2024-10-23T19:00:00+00:00,1729710000,2,UEFA Champions League,2024,League Stage - 3,565,BSC Young Boys,505,Inter,Stadion Wankdorf,Bern,M. Oliver,FT,Match Finished,0,1,0.0,0.0,0,1
1299034,2024-10-23T19:00:00+00:00,1729710000,2,UEFA Champions League,2024,League Stage - 3,571,Red Bull Salzburg,620,Dinamo Zagreb,Red Bull Arena,Wals-Siezenheim,D. Makkelie,FT,Match Finished,0,2,0.0,0.0,0,2
1299038,2024-11-05T17:45:00+00:00,1730828700,2,UEFA Champions League,2024,League Stage - 4,197,PSV Eindhoven,547,Girona,Philips Stadion,Eindhoven,M. Oliver,FT,Match Finished,4,0,2.0,0.0,4,0
1299039,2024-11-05T17:45:00+00:00,1730828700,2,UEFA Champions League,2024,League Stage - 4,656,Slovan Bratislava,620,Dinamo Zagreb,Štadión Tehelné pole,Bratislava,A. Taylor,FT,Match Finished,1,4,1.0,2.0,1,4
1299044,2024-11-05T20:00:00+00:00,1730836800,2,UEFA Champions League,2024,League Stage - 4,40,Liverpool,168,Bayer Leverkusen,Anfield,Liverpool,D. Makkelie,FT,Match Finished,4,0,0.0,0.0,4,0
1299043,2024-11-05T20:00:00+00:00,1730836800,2,UEFA Champions League,2024,League Stage - 4,79,Lille,496,Juventus,Decathlon Arena - Stade Pierre-Mauroy,Villeneuve d'Ascq,I. Peljto,FT,Match Finished,1,1,1.0,0.0,1,1
1299041,2024-11-05T20:00:00+00:00,1730836800,2,UEFA Champions League,2024,League Stage - 4,165,Borussia Dortmund,637,Sturm Graz,SIGNAL IDUNA PARK,Dortmund,E. Lambrechts,FT,Match Finished,1,0,0.0,0.0,1,0
1299045,2024-11-05T20:00:00+00:00,1730836800,2,UEFA Champions League,2024,League Stage - 4,228,Sporting CP,50,Manchester City,Estádio José Alvalade,Lisboa,D. Siebert,FT,Match Finished,4,1,1.0,1.0,4,1
1299042,2024-11-05T20:00:00+00:00,1730836800,2,UEFA Champions League,2024,League Stage - 4,247,Celtic,173,RB Leipzig,Celtic Park,Glasgow,B. Bastien,FT,Match Finished,3,1,2.0,1.0,3,1
1299040,2024-11-05T20:00:00+00:00,1730836800,2,UEFA Champions League,2024,League Stage - 4,500,Bologna,91,Monaco,Stadio Renato Dall'Ara,Bologna,Ə. Ağayev,FT,Match Finished,0,1,0.0,0.0,0,1
1299046,2024-11-05T20:00:00+00:00,1730836800,2,UEFA Champions League,2024,League Stage - 4,541,Real Madrid,489,AC Milan,Estadio Santiago Bernabéu,Madrid,S. Vinčić,FT,Match Finished,1,3,1.0,2.0,1,3
1299048,2024-11-06T17:45:00+00:00,1730915100,2,UEFA Champions League,2024,League Stage - 4,550,Shakhtar Donetsk,565,BSC Young Boys,VELTINS-Arena,Gelsenkirchen,O. Grinfeeld,FT,Match Finished,2,1,2.0,1.0,2,1
1299047,2024-11-06T17:45:00+00:00,1730915100,2,UEFA Champions League,2024,League Stage - 4,569,Club Brugge KV,66,Aston Villa,Jan Breydelstadion,Brugge,T. Stieler,FT,Match Finished,1,0,0.0,0.0,1,0
1299053,2024-11-06T20:00:00+00:00,1730923200,2,UEFA Champions League,2024,League Stage - 4,85,Paris Saint Germain,530,Atletico Madrid,Parc des Princes,Paris,S. Marciniak,FT,Match Finished,1,2,1.0,1.0,1,2
1299050,2024-11-06T20:00:00+00:00,1730923200,2,UEFA Champions League,2024,League Stage - 4,157,Bayern München,211,Benfica,Allianz Arena,München,D. Massa,FT,Match Finished,1,0,0.0,0.0,1,0
1299055,2024-11-06T20:00:00+00:00,1730923200,2,UEFA Champions League,2024,League Stage - 4,172,VfB Stuttgart,499,Atalanta,MHPArena,Stuttgart,R. Obrenović,FT,Match Finished,0,2,0.0,0.0,0,2
1299051,2024-11-06T20:00:00+00:00,1730923200,2,UEFA Champions League,2024,League Stage - 4,209,Feyenoord,571,Red Bull Salzburg,Stadion Feijenoord,Rotterdam,D. Rumšas,FT,Match Finished,1,3,0.0,1.0,1,3
1299052,2024-11-06T20:00:00+00:00,1730923200,2,UEFA Champions League,2024,League Stage - 4,505,Inter,42,Arsenal,Stadio Giuseppe Meazza,Milano,I. Kovács,FT,Match Finished,1,0,1.0,0.0,1,0
1299049,2024-11-06T20:00:00+00:00,1730923200,2,UEFA Champions League,2024,League Stage - 4,598,FK Crvena Zvezda,529,Barcelona,Stadion Rajko Mitić,Beograd,E. Eskås,FT,Match Finished,2,5,1.0,2.0,2,5
1299054,2024-11-06T20:00:00+00:00,1730923200,2,UEFA Champions League,2024,League Stage - 4,628,Sparta Praha,106,Stade Brestois 29,epet ARENA,Praha,M. Balakin,FT,Match Finished,1,2,0.0,1.0,1,2
1299057,2024-11-26T17:45:00+00:00,1732643100,2,UEFA Champions League,2024,League Stage - 5,628,Sparta Praha,530,Atletico Madrid,epet ARENA,Praha,D. Makkelie,FT,Match Finished,0,6,0.0,2.0,0,6
1299056,2024-11-26T17:45:00+00:00,1732643100,2,UEFA Champions League,2024,League Stage - 5,656,Slovan Bratislava,489,AC Milan,Štadión Tehelné pole,Bratislava,José Sánchez,FT,Match Finished,2,3,1.0,1.0,2,3
1299062,2024-11-26T20:00:00+00:00,1732651200,2,UEFA Champions League,2024,League Stage - 5,50,Manchester City,209,Feyenoord,Etihad Stadium,Manchester,R. Petrescu,FT,Match Finished,3,3,1.0,0.0,3,3
1299060,2024-11-26T20:00:00+00:00,1732651200,2,UEFA Champions League,2024,League Stage - 5,157,Bayern München,85,Paris Saint Germain,Allianz Arena,München,I. Kovács,FT,Match Finished,1,0,1.0,0.0,1,0
1299059,2024-11-26T20:00:00+00:00,1732651200,2,UEFA Champions League,2024,League Stage - 5,168,Bayer Leverkusen,571,Red Bull Salzburg,BayArena,Leverkusen,M. Balakin,FT,Match Finished,5,0,3.0,0.0,5,0
1299063,2024-11-26T20:00:00+00:00,1732651200,2,UEFA Champions League,2024,League Stage - 5,228,Sporting CP,42,Arsenal,Estádio José Alvalade,Lisboa,S. Marciniak,FT,Match Finished,1,5,0.0,3.0,1,5
1299061,2024-11-26T20:00:00+00:00,1732651200,2,UEFA Champions League,2024,League Stage - 5,505,Inter,173,RB Leipzig,Stadio Giuseppe Meazza,Milano,João Pedro Pinheiro,FT,Match Finished,1,0,1.0,0.0,1,0
1299058,2024-11-26T20:00:00+00:00,1732651200,2,UEFA Champions League,2024,League Stage - 5,529,Barcelona,106,Stade Brestois 29,Estadi Olímpic Lluís Companys,Barcelona,I. Peljto,FT,Match Finished,3,0,1.0,0.0,3,0
1299064,2024-11-26T20:00:00+00:00,1732651200,2,UEFA Champions League,2024,League Stage - 5,565,BSC Young Boys,499,Atalanta,Stadion Wankdorf,Bern,M. Lukjančukas,FT,Match Finished,1,6,1.0,4.0,1,6
1299065,2024-11-27T17:45:00+00:00,1732729500,2,UEFA Champions League,2024,League Stage - 5,598,FK Crvena Zvezda,172,VfB Stuttgart,Stadion Rajko Mitić,Beograd,E. Lambrechts,FT,Match Finished,5,1,2.0,1.0,5,1
1299066,2024-11-27T17:45:00+00:00,1732729500,2,UEFA Champions League,2024,League Stage - 5,637,Sturm Graz,547,Girona,28 Black Arena,Klagenfurt am Wörthersee,R. Saggi,FT,Match Finished,1,0,0.0,0.0,1,0
1299071,2024-11-27T20:00:00+00:00,1732737600,2,UEFA Champions League,2024,League Stage - 5,40,Liverpool,541,Real Madrid,Anfield,Liverpool,F. Letexier,FT,Match Finished,2,0,0.0,0.0,2,0
1299067,2024-11-27T20:00:00+00:00,1732737600,2,UEFA Champions League,2024,League Stage - 5,66,Aston Villa,496,Juventus,Villa Park,Birmingham,Gil Manzano,FT,Match Finished,0,0,0.0,0.0,0,0
1299072,2024-11-27T20:00:00+00:00,1732737600,2,UEFA Champions League,2024,League Stage - 5,91,Monaco,211,Benfica,Stade Louis-II,Monaco,R. Obrenović,FT,Match Finished,2,3,1.0,0.0,2,3
1299073,2024-11-27T20:00:00+00:00,1732737600,2,UEFA Champions League,2024,League Stage - 5,197,PSV Eindhoven,550,Shakhtar Donetsk,Philips Stadion,Eindhoven,U. Schnyder,FT,Match Finished,3,2,0.0,2.0,3,2
1299069,2024-11-27T20:00:00+00:00,1732737600,2,UEFA Champions League,2024,League Stage - 5,247,Celtic,569,Club Brugge KV,Celtic Park,Glasgow,G. Kabakov,FT,Match Finished,1,1,0.0,1.0,1,1
1299068,2024-11-27T20:00:00+00:00,1732737600,2,UEFA Champions League,2024,League Stage - 5,500,Bologna,79,Lille,Stadio Renato Dall'Ara,Bologna,M. Oliver,FT,Match Finished,1,2,0.0,1.0,1,2
1299070,2024-11-27T20:00:00+00:00,1732737600,2,UEFA Champions League,2024,League Stage - 5,620,Dinamo Zagreb,165,Borussia Dortmund,Stadion Maksimir,Zagreb,C. Turpin,FT,Match Finished,0,3,0.0,1.0,0,3
1299075,2024-12-10T17:45:00+00:00,1733852700,2,UEFA Champions League,2024,League Stage - 6,547,Girona,40,Liverpool,Estadi Municipal de Montilivi,Girona,B. Bastien,FT,Match Finished,0,1,0.0,0.0,0,1
1299074,2024-12-10T17:45:00+00:00,1733852700,2,UEFA Champions League,2024,League Stage - 6,620,Dinamo Zagreb,247,Celtic,Stadion Maksimir,Zagreb,F. Zwayer,FT,Match Finished,0,0,0.0,0.0,0,0
1299078,2024-12-10T20:00:00+00:00,1733860800,2,UEFA Champions League,2024,League Stage - 6,106,Stade Brestois 29,197,PSV Eindhoven,Stade du Roudourou,Guingamp,José Sánchez,FT,Match Finished,1,0,1.0,0.0,1,0
1299077,2024-12-10T20:00:00+00:00,1733860800,2,UEFA Champions League,2024,League Stage - 6,168,Bayer Leverkusen,505,Inter,BayArena,Leverkusen,S. Vinčić,FT,Match Finished,1,0,0.0,0.0,1,0
1299081,2024-12-10T20:00:00+00:00,1733860800,2,UEFA Champions League,2024,League Stage - 6,173,RB Leipzig,66,Aston Villa,Red Bull Arena,Leipzig,M. Mariani,FT,Match Finished,2,3,1.0,1.0,2,3
1299076,2024-12-10T20:00:00+00:00,1733860800,2,UEFA Champions League,2024,League Stage - 6,499,Atalanta,541,Real Madrid,Gewiss Stadium,Bergamo,S. Marciniak,FT,Match Finished,2,3,1.0,1.0,2,3
1299082,2024-12-10T20:00:00+00:00,1733860800,2,UEFA Champions League,2024,League Stage - 6,550,Shakhtar Donetsk,157,Bayern München,VELTINS-Arena,Gelsenkirchen,H. Meler,FT,Match Finished,1,5,1.0,2.0,1,5
1299079,2024-12-10T20:00:00+00:00,1733860800,2,UEFA Champions League,2024,League Stage - 6,569,Club Brugge KV,228,Sporting CP,Jan Breydelstadion,Brugge,A. Taylor,FT,Match Finished,2,1,1.0,1.0,2,1
1299080,2024-12-10T20:00:00+00:00,1733860800,2,UEFA Champions League,2024,League Stage - 6,571,Red Bull Salzburg,85,Paris Saint Germain,Red Bull Arena,Wals-Siezenheim,M. Oliver,FT,Match Finished,0,3,0.0,1.0,0,3
1299084,2024-12-11T17:45:00+00:00,1733939100,2,UEFA Champions League,2024,League Stage - 6,79,Lille,637,Sturm Graz,Decathlon Arena - Stade Pierre-Mauroy,Villeneuve d'Ascq,G. Kabakov,FT,Match Finished,3,2,2.0,1.0,3,2
1299083,2024-12-11T17:45:00+00:00,1733939100,2,UEFA Champions League,2024,League Stage - 6,530,Atletico Madrid,656,Slovan Bratislava,Riyadh Air Metropolitano,Madrid,M. Lukjančukas,FT,Match Finished,3,1,2.0,0.0,3,1
1299091,2024-12-11T20:00:00+00:00,1733947200,2,UEFA Champions League,2024,League Stage - 6,42,Arsenal,91,Monaco,Emirates Stadium,London,D. Massa,FT,Match Finished,3,0,1.0,0.0,3,0
1299086,2024-12-11T20:00:00+00:00,1733947200,2,UEFA Champions League,2024,League Stage - 6,165,Borussia Dortmund,529,Barcelona,SIGNAL IDUNA PARK,Dortmund,F. Letexier,FT,Match Finished,2,3,0.0,0.0,2,3
1299090,2024-12-11T20:00:00+00:00,1733947200,2,UEFA Champions League,2024,League Stage - 6,172,VfB Stuttgart,565,BSC Young Boys,MHPArena,Stuttgart,G. Kruashvili,FT,Match Finished,5,1,1.0,1.0,5,1
1299087,2024-12-11T20:00:00+00:00,1733947200,2,UEFA Champions League,2024,League Stage - 6,209,Feyenoord,628,Sparta Praha,Stadion Feijenoord,Rotterdam,T. Stieler,FT,Match Finished,4,2,3.0,1.0,4,2
1299085,2024-12-11T20:00:00+00:00,1733947200,2,UEFA Champions League,2024,League Stage - 6,211,Benfica,500,Bologna,Estádio do Sport Lisboa e Benfica,Lisboa,R. Petrescu,FT,Match Finished,0,0,0.0,0.0,0,0
1299089,2024-12-11T20:00:00+00:00,1733947200,2,UEFA Champions League,2024,League Stage - 6,489,AC Milan,598,FK Crvena Zvezda,Stadio Giuseppe Meazza,Milano,Gil Manzano,FT,Match Finished,2,1,1.0,0.0,2,1
1299088,2024-12-11T20:00:00+00:00,1733947200,2,UEFA Champions League,2024,League Stage - 6,496,Juventus,50,Manchester City,Allianz Stadium,Torino,C. Turpin,FT,Match Finished,2,0,0.0,0.0,2,0
1299093,2025-01-21T17:45:00+00:00,1737481500,2,UEFA Champions League,2024,League Stage - 7,91,Monaco,66,Aston Villa,Stade Louis-II,Monaco,S. Vinčić,FT,Match Finished,1,0,1.0,0.0,1,0
1299092,2025-01-21T17:45:00+00:00,1737481500,2,UEFA Champions League,2024,League Stage - 7,499,Atalanta,637,Sturm Graz,Gewiss Stadium,Bergamo,D. Rumšas,FT,Match Finished,5,0,1.0,0.0,5,0
1299099,2025-01-21T20:00:00+00:00,1737489600,2,UEFA Champions League,2024,League Stage - 7,40,Liverpool,79,Lille,Anfield,Liverpool,F. Zwayer,FT,Match Finished,2,1,1.0,0.0,2,1
1299095,2025-01-21T20:00:00+00:00,1737489600,2,UEFA Champions League,2024,League Stage - 7,211,Benfica,529,Barcelona,Estádio do Sport Lisboa e Benfica,Lisboa,D. Makkelie,FT,Match Finished,4,5,3.0,1.0,4,5
1299096,2025-01-21T20:00:00+00:00,1737489600,2,UEFA Champions League,2024,League Stage - 7,500,Bologna,165,Borussia Dortmund,Stadio Renato Dall'Ara,Bologna,S. Gözübüyük,FT,Match Finished,2,1,0.0,1.0,2,1
1299094,2025-01-21T20:00:00+00:00,1737489600,2,UEFA Champions League,2024,League Stage - 7,530,Atletico Madrid,168,Bayer Leverkusen,Riyadh Air Metropolitano,Madrid,D. Massa,FT,Match Finished,2,1,0.0,1.0,2,1
1299097,2025-01-21T20:00:00+00:00,1737489600,2,UEFA Champions League,2024,League Stage - 7,569,Club Brugge KV,496,Juventus,Jan Breydelstadion,Brugge,B. Bastien,FT,Match Finished,0,0,0.0,0.0,0,0
1299098,2025-01-21T20:00:00+00:00,1737489600,2,UEFA Champions League,2024,League Stage - 7,598,FK Crvena Zvezda,197,PSV Eindhoven,Stadion Rajko Mitić,Beograd,I. Kovács,FT,Match Finished,2,3,0.0,3.0,2,3
1299100,2025-01-21T20:00:00+00:00,1737489600,2,UEFA Champions League,2024,League Stage - 7,656,Slovan Bratislava,172,VfB Stuttgart,Štadión Tehelné pole,Bratislava,C. Kavanagh,FT,Match Finished,1,3,0.0,2.0,1,3
1299101,2025-01-22T17:45:00+00:00,1737567900,2,UEFA Champions League,2024,League Stage - 7,173,RB Leipzig,228,Sporting CP,Red Bull Arena,Leipzig,M. Lukjančukas,FT,Match Finished,2,1,1.0,0.0,2,1
1299102,2025-01-22T17:45:00+00:00,1737567900,2,UEFA Champions League,2024,League Stage - 7,550,Shakhtar Donetsk,106,Stade Brestois 29,VELTINS-Arena,Gelsenkirchen,S. Schärer,FT,Match Finished,2,0,2.0,0.0,2,0
1299108,2025-01-22T20:00:00+00:00,1737576000,2,UEFA Champions League,2024,League Stage - 7,42,Arsenal,620,Dinamo Zagreb,Emirates Stadium,London,D. Siebert,FT,Match Finished,3,0,1.0,0.0,3,0
1299106,2025-01-22T20:00:00+00:00,1737576000,2,UEFA Champions League,2024,League Stage - 7,85,Paris Saint Germain,50,Manchester City,Parc des Princes,Paris,S. Marciniak,FT,Match Finished,4,2,0.0,0.0,4,2
1299104,2025-01-22T20:00:00+00:00,1737576000,2,UEFA Champions League,2024,League Stage - 7,209,Feyenoord,157,Bayern München,Stadion Feijenoord,Rotterdam,F. Letexier,FT,Match Finished,3,0,2.0,0.0,3,0
1299103,2025-01-22T20:00:00+00:00,1737576000,2,UEFA Champions League,2024,League Stage - 7,247,Celtic,565,BSC Young Boys,Celtic Park,Glasgow,R. Saggi,FT,Match Finished,1,0,0.0,0.0,1,0
1299105,2025-01-22T20:00:00+00:00,1737576000,2,UEFA Champions League,2024,League Stage - 7,489,AC Milan,547,Girona,Stadio Giuseppe Meazza,Milano,T. Stieler,FT,Match Finished,1,0,1.0,0.0,1,0
1299109,2025-01-22T20:00:00+00:00,1737576000,2,UEFA Champions League,2024,League Stage - 7,541,Real Madrid,571,Red Bull Salzburg,Estadio Santiago Bernabéu,Madrid,G. Nyberg,FT,Match Finished,5,1,2.0,0.0,5,1
1299107,2025-01-22T20:00:00+00:00,1737576000,2,UEFA Champions League,2024,League Stage - 7,628,Sparta Praha,505,Inter,epet ARENA,Praha,Alejandro Hernández,FT,Match Finished,0,1,0.0,1.0,0,1
1299122,2025-01-29T20:00:00+00:00,1738180800,2,UEFA Champions League,2024,League Stage - 8,50,Manchester City,569,Club Brugge KV,Etihad Stadium,Manchester,José Sánchez,FT,Match Finished,3,1,0.0,1.0,3,1
1299110,2025-01-29T20:00:00+00:00,1738180800,2,UEFA Champions League,2024,League Stage - 8,66,Aston Villa,247,Celtic,Villa Park,Birmingham,C. Turpin,FT,Match Finished,4,2,2.0,2.0,4,2
1299121,2025-01-29T20:00:00+00:00,1738180800,2,UEFA Champions League,2024,League Stage - 8,79,Lille,209,Feyenoord,Decathlon Arena - Stade Pierre-Mauroy,Villeneuve d'Ascq,S. Vinčić,FT,Match Finished,6,1,2.0,1.0,6,1
1299114,2025-01-29T20:00:00+00:00,1738180800,2,UEFA Champions League,2024,League Stage - 8,106,Stade Brestois 29,541,Real Madrid,Stade du Roudourou,Guingamp,E. Eskås,FT,Match Finished,0,3,0.0,1.0,0,3
1299116,2025-01-29T20:00:00+00:00,1738180800,2,UEFA Champions League,2024,League Stage - 8,157,Bayern München,656,Slovan Bratislava,Allianz Arena,München,João Pedro Pinheiro,FT,Match Finished,3,1,1.0,0.0,3,1
1299113,2025-01-29T20:00:00+00:00,1738180800,2,UEFA Champions League,2024,League Stage - 8,165,Borussia Dortmund,550,Shakhtar Donetsk,SIGNAL IDUNA PARK,Dortmund,G. Nyberg,FT,Match Finished,3,1,2.0,0.0,3,1
1299112,2025-01-29T20:00:00+00:00,1738180800,2,UEFA Champions League,2024,League Stage - 8,168,Bayer Leverkusen,628,Sparta Praha,BayArena,Leverkusen,G. Kabakov,FT,Match Finished,2,0,1.0,0.0,2,0
1299126,2025-01-29T20:00:00+00:00,1738180800,2,UEFA Champions League,2024,League Stage - 8,172,VfB Stuttgart,85,Paris Saint Germain,MHPArena,Stuttgart,D. Massa,FT,Match Finished,1,4,0.0,3.0,1,4
1299123,2025-01-29T20:00:00+00:00,1738180800,2,UEFA Champions League,2024,League Stage - 8,197,PSV Eindhoven,40,Liverpool,Philips Stadion,Eindhoven,T. Stieler,FT,Match Finished,3,2,3.0,2.0,3,2
1299125,2025-01-29T20:00:00+00:00,1738180800,2,UEFA Champions League,2024,League Stage - 8,228,Sporting CP,500,Bologna,Estádio José Alvalade,Lisboa,B. Bastien,FT,Match Finished,1,1,0.0,1.0,1,1
1299120,2025-01-29T20:00:00+00:00,1738180800,2,UEFA Champions League,2024,League Stage - 8,496,Juventus,211,Benfica,Allianz Stadium,Torino,I. Kovács,FT,Match Finished,0,2,0.0,1.0,0,2
1299119,2025-01-29T20:00:00+00:00,1738180800,2,UEFA Champions League,2024,League Stage - 8,505,Inter,91,Monaco,Stadio Giuseppe Meazza,Milano,I. Peljto,FT,Match Finished,3,0,2.0,0.0,3,0
1299111,2025-01-29T20:00:00+00:00,1738180800,2,UEFA Champions League,2024,League Stage - 8,529,Barcelona,499,Atalanta,Estadi Olímpic Lluís Companys,Barcelona,M. Oliver,FT,Match Finished,2,2,0.0,0.0,2,2
1299118,2025-01-29T20:00:00+00:00,1738180800,2,UEFA Champions League,2024,League Stage - 8,547,Girona,42,Arsenal,Estadi Municipal de Montilivi,Girona,M. Mariani,FT,Match Finished,1,2,1.0,2.0,1,2
1299127,2025-01-29T20:00:00+00:00,1738180800,2,UEFA Champions League,2024,League Stage - 8,565,BSC Young Boys,598,FK Crvena Zvezda,Stadion Wankdorf,Bern,H. Meler,FT,Match Finished,0,1,0.0,0.0,0,1
1299117,2025-01-29T20:00:00+00:00,1738180800,2,UEFA Champions League,2024,League Stage - 8,571,Red Bull Salzburg,530,Atletico Madrid,Red Bull Arena,Wals-Siezenheim,A. Taylor,FT,Match Finished,1,4,0.0,3.0,1,4
1299115,2025-01-29T20:00:00+00:00,1738180800,2,UEFA Champions League,2024,League Stage - 8,620,Dinamo Zagreb,489,AC Milan,Stadion Maksimir,Zagreb,F. Letexier,FT,Match Finished,2,1,1.0,0.0,2,1
1299124,2025-01-29T20:00:00+00:00,1738180800,2,UEFA Champions League,2024,League Stage - 8,637,Sturm Graz,173,RB Leipzig,28 Black Arena,Klagenfurt am Wörthersee,M. Balakin,FT,Match Finished,1,0,1.0,0.0,1,0
1345737,2025-02-11T17:45:00+00:00,1739295900,2,UEFA Champions League,2024,Knockout Round Play-offs,106,Stade Brestois 29,85,Paris Saint Germain,Stade du Roudourou,Guingamp,I. Peljto,FT,Match Finished,0,3,0.0,2.0,0,3
1345743,2025-02-11T20:00:00+00:00,1739304000,2,UEFA Champions League,2024,Knockout Round Play-offs,50,Manchester City,541,Real Madrid,Etihad Stadium,Manchester,C. Turpin,FT,Match Finished,2,3,1.0,0.0,2,3
1345739,2025-02-11T20:00:00+00:00,1739304000,2,UEFA Champions League,2024,Knockout Round Play-offs,228,Sporting CP,165,Borussia Dortmund,Estádio José Alvalade,Lisboa,E. Eskås,FT,Match Finished,0,3,0.0,0.0,0,3
1345741,2025-02-11T20:00:00+00:00,1739304000,2,UEFA Champions League,2024,Knockout Round Play-offs,496,Juventus,197,PSV Eindhoven,Allianz Stadium,Torino,D. Siebert,FT,Match Finished,2,1,1.0,0.0,2,1
1345745,2025-02-12T17:45:00+00:00,1739382300,2,UEFA Champions League,2024,Knockout Round Play-offs,569,Club Brugge KV,499,Atalanta,Jan Breydelstadion,Brugge,H. Meler,FT,Match Finished,2,1,1.0,1.0,2,1
1345749,2025-02-12T20:00:00+00:00,1739390400,2,UEFA Champions League,2024,Knockout Round Play-offs,91,Monaco,211,Benfica,Stade Louis-II,Monaco,M. Mariani,FT,Match Finished,0,1,0.0,0.0,0,1
1345747,2025-02-12T20:00:00+00:00,1739390400,2,UEFA Champions League,2024,Knockout Round Play-offs,209,Feyenoord,489,AC Milan,Stadion Feijenoord,Rotterdam,José Sánchez,FT,Match Finished,1,0,1.0,0.0,1,0
1345751,2025-02-12T20:00:00+00:00,1739390400,2,UEFA Champions League,2024,Knockout Round Play-offs,247,Celtic,157,Bayern München,Celtic Park,Glasgow,Gil Manzano,FT,Match Finished,1,2,0.0,1.0,1,2
1345748,2025-02-18T17:45:00+00:00,1739900700,2,UEFA Champions League,2024,Knockout Round Play-offs,489,AC Milan,209,Feyenoord,Stadio Giuseppe Meazza,Milano,S. Marciniak,FT,Match Finished,1,1,1.0,0.0,1,1
1345752,2025-02-18T20:00:00+00:00,1739908800,2,UEFA Champions League,2024,Knockout Round Play-offs,157,Bayern München,247,Celtic,Allianz Arena,München,B. Bastien,FT,Match Finished,1,1,0.0,0.0,1,1
1345750,2025-02-18T20:00:00+00:00,1739908800,2,UEFA Champions League,2024,Knockout Round Play-offs,211,Benfica,91,Monaco,Estádio do Sport Lisboa e Benfica,Lisboa,G. Nyberg,FT,Match Finished,3,3,1.0,1.0,3,3
1345746,2025-02-18T20:00:00+00:00,1739908800,2,UEFA Champions League,2024,Knockout Round Play-offs,499,Atalanta,569,Club Brugge KV,Gewiss Stadium,Bergamo,F. Zwayer,FT,Match Finished,1,3,0.0,3.0,1,3
1345740,2025-02-19T17:45:00+00:00,1739987100,2,UEFA Champions League,2024,Knockout Round Play-offs,165,Borussia Dortmund,228,Sporting CP,SIGNAL IDUNA PARK,Dortmund,D. Massa,FT,Match Finished,0,0,0.0,0.0,0,0
1345738,2025-02-19T20:00:00+00:00,1739995200,2,UEFA Champions League,2024,Knockout Round Play-offs,85,Paris Saint Germain,106,Stade Brestois 29,Parc des Princes,Paris,M. Oliver,FT,Match Finished,7,0,2.0,0.0,7,0
1345742,2025-02-19T20:00:00+00:00,1739995200,2,UEFA Champions League,2024,Knockout Round Play-offs,197,PSV Eindhoven,496,Juventus,Philips Stadion,Eindhoven,S. Vinčić,AET,Match Finished,3,1,0.0,0.0,2,1
1345744,2025-02-19T20:00:00+00:00,1739995200,2,UEFA Champions League,2024,Knockout Round Play-offs,541,Real Madrid,50,Manchester City,Estadio Santiago Bernabéu,Madrid,I. Kovács,FT,Match Finished,3,1,2.0,0.0,3,1
1353166,2025-03-04T17:45:00+00:00,1741110300,2,UEFA Champions League,2024,Round of 16,569,Club Brugge KV,66,Aston Villa,Jan Breydelstadion,Brugge,João Pedro Pinheiro,FT,Match Finished,1,3,1.0,1.0,1,3
1353168,2025-03-04T20:00:00+00:00,1741118400,2,UEFA Champions League,2024,Round of 16,165,Borussia Dortmund,79,Lille,SIGNAL IDUNA PARK,Dortmund,José Sánchez,FT,Match Finished,1,1,1.0,0.0,1,1
1353172,2025-03-04T20:00:00+00:00,1741118400,2,UEFA Champions League,2024,Round of 16,197,PSV Eindhoven,42,Arsenal,Philips Stadion,Eindhoven,Gil Manzano,FT,Match Finished,1,7,1.0,3.0,1,7
1353170,2025-03-04T20:00:00+00:00,1741118400,2,UEFA Champions League,2024,Round of 16,541,Real Madrid,530,Atletico Madrid,Estadio Santiago Bernabéu,Madrid,C. Turpin,FT,Match Finished,2,1,1.0,1.0,2,1
1353174,2025-03-05T17:45:00+00:00,1741196700,2,UEFA Champions League,2024,Round of 16,209,Feyenoord,505,Inter,Stadion Feijenoord,Rotterdam,E. Eskås,FT,Match Finished,0,2,0.0,1.0,0,2
1353178,2025-03-05T20:00:00+00:00,1741204800,2,UEFA Champions League,2024,Round of 16,85,Paris Saint Germain,40,Liverpool,Parc des Princes,Paris,D. Massa,FT,Match Finished,0,1,0.0,0.0,0,1
1353180,2025-03-05T20:00:00+00:00,1741204800,2,UEFA Champions League,2024,Round of 16,157,Bayern München,168,Bayer Leverkusen,Allianz Arena,München,M. Oliver,FT,Match Finished,3,0,1.0,0.0,3,0
1353176,2025-03-05T20:00:00+00:00,1741204800,2,UEFA Champions League,2024,Round of 16,211,Benfica,529,Barcelona,Estádio do Sport Lisboa e Benfica,Lisboa,F. Zwayer,FT,Match Finished,0,1,0.0,0.0,0,1
1353177,2025-03-11T17:45:00+00:00,1741715100,2,UEFA Champions League,2024,Round of 16,529,Barcelona,211,Benfica,Estadi Olímpic Lluís Companys,Barcelona,F. Letexier,FT,Match Finished,3,1,3.0,1.0,3,1
1353179,2025-03-11T20:00:00+00:00,1741723200,2,UEFA Champions League,2024,Round of 16,40,Liverpool,85,Paris Saint Germain,Anfield,Liverpool,I. Kovács,PEN,Match Finished,0,1,0.0,1.0,0,1
1353181,2025-03-11T20:00:00+00:00,1741723200,2,UEFA Champions League,2024,Round of 16,168,Bayer Leverkusen,157,Bayern München,BayArena,Leverkusen,S. Vinčić,FT,Match Finished,0,2,0.0,0.0,0,2
1353175,2025-03-11T20:00:00+00:00,1741723200,2,UEFA Champions League,2024,Round of 16,505,Inter,209,Feyenoord,Stadio Giuseppe Meazza,Milano,I. Kružliak,FT,Match Finished,2,1,1.0,1.0,2,1
1353169,2025-03-12T17:45:00+00:00,1741801500,2,UEFA Champions League,2024,Round of 16,79,Lille,165,Borussia Dortmund,Decathlon Arena - Stade Pierre-Mauroy,Villeneuve d'Ascq,S. Schärer,FT,Match Finished,1,2,1.0,0.0,1,2
1353173,2025-03-12T20:00:00+00:00,1741809600,2,UEFA Champions League,2024,Round of 16,42,Arsenal,197,PSV Eindhoven,Emirates Stadium,London,R. Obrenović,FT,Match Finished,2,2,2.0,1.0,2,2
1353167,2025-03-12T20:00:00+00:00,1741809600,2,UEFA Champions League,2024,Round of 16,66,Aston Villa,569,Club Brugge KV,Villa Park,Birmingham,D. Siebert,FT,Match Finished,3,0,0.0,0.0,3,0
1353171,2025-03-12T20:00:00+00:00,1741809600,2,UEFA Champions League,2024,Round of 16,530,Atletico Madrid,541,Real Madrid,Riyadh Air Metropolitano,Madrid,S. Marciniak,PEN,Match Finished,1,0,1.0,0.0,1,0
1360764,2025-04-08T19:00:00+00:00,1744138800,2,UEFA Champions League,2024,Quarter-finals,42,Arsenal,541,Real Madrid,Emirates Stadium,London,I. Peljto,FT,Match Finished,3,0,0.0,0.0,3,0
1360333,2025-04-08T19:00:00+00:00,1744138800,2,UEFA Champions League,2024,Quarter-finals,157,Bayern München,505,Inter,Allianz Arena,München,S. Schärer,FT,Match Finished,1,2,0.0,1.0,1,2
1360762,2025-04-09T19:00:00+00:00,1744225200,2,UEFA Champions League,2024,Quarter-finals,85,Paris Saint Germain,66,Aston Villa,Parc des Princes,Paris,M. Mariani,FT,Match Finished,3,1,1.0,1.0,3,1
1360766,2025-04-09T19:00:00+00:00,1744225200,2,UEFA Champions League,2024,Quarter-finals,529,Barcelona,165,Borussia Dortmund,Estadi Olímpic Lluís Companys,Barcelona,E. Eskås,FT,Match Finished,4,0,1.0,0.0,4,0
1360763,2025-04-15T19:00:00+00:00,1744743600,2,UEFA Champions League,2024,Quarter-finals,66,Aston Villa,85,Paris Saint Germain,Villa Park,Birmingham,José Sánchez,FT,Match Finished,3,2,1.0,2.0,3,2
1360767,2025-04-15T19:00:00+00:00,1744743600,2,UEFA Champions League,2024,Quarter-finals,165,Borussia Dortmund,529,Barcelona,SIGNAL IDUNA PARK,Dortmund,M. Mariani,FT,Match Finished,3,1,1.0,0.0,3,1
1360334,2025-04-16T19:00:00+00:00,1744830000,2,UEFA Champions League,2024,Quarter-finals,505,Inter,157,Bayern München,Stadio Giuseppe Meazza,Milano,S. Vinčić,FT,Match Finished,2,2,0.0,0.0,2,2
1360765,2025-04-16T19:00:00+00:00,1744830000,2,UEFA Champions League,2024,Quarter-finals,541,Real Madrid,42,Arsenal,Estadio Santiago Bernabéu,Madrid,F. Letexier,FT,Match Finished,1,2,0.0,0.0,1,2
1371730,2025-04-29T19:00:00+00:00,1745953200,2,UEFA Champions League,2024,Semi-finals,42,Arsenal,85,Paris Saint Germain,Emirates Stadium,London,S. Vinčić,FT,Match Finished,0,1,0.0,1.0,0,1
1371732,2025-04-30T19:00:00+00:00,1746039600,2,UEFA Champions League,2024,Semi-finals,529,Barcelona,505,Inter,Estadi Olímpic Lluís Companys,Barcelona,C. Turpin,FT,Match Finished,3,3,2.0,2.0,3,3
1371733,2025-05-06T19:00:00+00:00,1746558000,2,UEFA Champions League,2024,Semi-finals,505,Inter,529,Barcelona,Stadio Giuseppe Meazza,Milano,S. Marciniak,AET,Match Finished,4,3,2.0,0.0,3,3
1371731,2025-05-07T19:00:00+00:00,1746644400,2,UEFA Champions League,2024,Semi-finals,85,Paris Saint Germain,42,Arsenal,Parc des Princes,Paris,F. Zwayer,FT,Match Finished,2,1,1.0,0.0,2,1
1374812,2025-05-31T19:00:00+00:00,1748718000,2,UEFA Champions League,2024,Final,85,Paris Saint Germain,505,Inter,Allianz Arena,München,I. Kovács,FT,Match Finished,5,0,2.0,0.0,5,0
1208484,2024-07-11T17:00:00+00:00,1720717200,3,UEFA Europa League,2024,1st Qualifying Round,372,IF Elfsborg,3403,Pafos,Borås Arena,Borås,D. Panchyshyn,FT,Match Finished,3,0,1.0,0.0,3,0
1208488,2024-07-11T17:00:00+00:00,1720717200,3,UEFA Europa League,2024,1st Qualifying Round,568,Sheriff Tiraspol,648,Zira,Bolshaya Sportivnaya Arena,Tiraspol,A. Dudic,FT,Match Finished,0,1,0.0,0.0,0,1
1208486,2024-07-11T17:00:00+00:00,1720717200,3,UEFA Europa League,2024,1st Qualifying Round,2390,Paks,20034,Corvinul Hunedoara,Paksi FC Stadion,Paks,M. Aslam,FT,Match Finished,0,4,0.0,2.0,0,4
1208492,2024-07-11T17:00:00+00:00,1720717200,3,UEFA Europa League,2024,1st Qualifying Round,3549,Ružomberok,2259,FK Tobol Kostanay,Futbalový štadión MFK Ružomberok,Ružomberok,K. Athanasiou,FT,Match Finished,5,2,3.0,2.0,5,2
1208482,2024-07-11T18:00:00+00:00,1720720800,3,UEFA Europa League,2024,1st Qualifying Round,634,Botev Plovdiv,552,Maribor,Stadion Hristo Botev,Plovdiv,D. Dickinson,FT,Match Finished,2,1,1.0,1.0,2,1
1208490,2024-07-11T18:30:00+00:00,1720722600,3,UEFA Europa League,2024,1st Qualifying Round,338,Wisla Krakow,14395,Llapi,Stadion Miejski im. Henryka Reymana,Kraków,M. Nagtegaal,FT,Match Finished,2,0,1.0,0.0,2,0
1208491,2024-07-18T14:30:00+00:00,1721313000,3,UEFA Europa League,2024,1st Qualifying Round,14395,Llapi,338,Wisla Krakow,Stadiumi Zahir Pajaziti,"Besiana, Podujevo",T. Farrugia Cann,FT,Match Finished,1,2,0.0,0.0,1,2
1208493,2024-07-18T15:00:00+00:00,1721314800,3,UEFA Europa League,2024,1st Qualifying Round,2259,FK Tobol Kostanay,3549,Ružomberok,Ortalyq stadıon,Kostanay,M. Redder,FT,Match Finished,1,0,1.0,0.0,1,0
1208489,2024-07-18T16:00:00+00:00,1721318400,3,UEFA Europa League,2024,1st Qualifying Round,648,Zira,568,Sheriff Tiraspol,Liv Bona Dea Arena,Baku,B. Saryev,PEN,Match Finished,1,2,1.0,0.0,1,2
1208485,2024-07-18T16:00:00+00:00,1721318400,3,UEFA Europa League,2024,1st Qualifying Round,3403,Pafos,372,IF Elfsborg,Alphamega Stadium,Kolossi,G. Laibuvitz,FT,Match Finished,2,5,2.0,1.0,2,5
1208487,2024-07-18T18:00:00+00:00,1721325600,3,UEFA Europa League,2024,1st Qualifying Round,20034,Corvinul Hunedoara,2390,Paks,Stadionul Municipal,Sibiu,P. Kralovic,FT,Match Finished,0,2,0.0,0.0,0,2
1208483,2024-07-18T18:15:00+00:00,1721326500,3,UEFA Europa League,2024,1st Qualifying Round,552,Maribor,634,Botev Plovdiv,Ljudski vrt,Maribor,V. Romanov,FT,Match Finished,2,2,1.0,0.0,2,2
1251000,2024-07-25T16:00:00+00:00,1721923200,3,UEFA Europa League,2024,2nd Qualifying Round,338,Wisla Krakow,781,Rapid Vienna,Stadion Miejski im. Henryka Reymana,Kraków,M. Al Emara,FT,Match Finished,1,2,0.0,1.0,1,2
1250996,2024-07-25T16:30:00+00:00,1721925000,3,UEFA Europa League,2024,2nd Qualifying Round,3549,Ružomberok,998,Trabzonspor,Futbalový štadión MFK Ružomberok,Ružomberok,B. Dankert,FT,Match Finished,0,2,0.0,1.0,0,2
1209243,2024-07-25T17:00:00+00:00,1721926800,3,UEFA Europa League,2024,2nd Qualifying Round,329,Molde,2073,Silkeborg,Aker Stadion,Molde,A. Ladebäck,FT,Match Finished,3,1,2.0,1.0,3,1
1250994,2024-07-25T17:00:00+00:00,1721926800,3,UEFA Europa League,2024,2nd Qualifying Round,568,Sheriff Tiraspol,372,IF Elfsborg,Bolshaya Sportivnaya Arena,Tiraspol,M. Radina,FT,Match Finished,0,1,0.0,0.0,0,1
1250998,2024-07-25T17:00:00+00:00,1721926800,3,UEFA Europa League,2024,2nd Qualifying Round,20034,Corvinul Hunedoara,561,HNK Rijeka,Stadionul Municipal,Sibiu,P. Farrugia,FT,Match Finished,0,0,0.0,0.0,0,0
1251002,2024-07-25T18:00:00+00:00,1721930400,3,UEFA Europa League,2024,2nd Qualifying Round,617,Panathinaikos,634,Botev Plovdiv,Olympiako Stadio Spyros Louis,Athens,D. Fuxman,FT,Match Finished,2,1,2.0,0.0,2,1
1209239,2024-07-25T18:30:00+00:00,1721932200,3,UEFA Europa League,2024,2nd Qualifying Round,194,Ajax,702,Vojvodina,Johan Cruijff Arena,Amsterdam,César Soto,FT,Match Finished,1,0,0.0,0.0,1,0
1209241,2024-07-25T18:30:00+00:00,1721932200,3,UEFA Europa League,2024,2nd Qualifying Round,250,Kilmarnock,741,Cercle Brugge,The BBSP Stadium Rugby Park,Kilmarnock,M. Dohál,FT,Match Finished,1,1,0.0,0.0,1,1
1209245,2024-07-25T19:30:00+00:00,1721935800,3,UEFA Europa League,2024,2nd Qualifying Round,217,SC Braga,4495,Maccabi Petah Tikva,Estádio Municipal de Braga,Braga,L. Pairetto,FT,Match Finished,2,0,0.0,0.0,2,0
1250995,2024-08-01T17:00:00+00:00,1722531600,3,UEFA Europa League,2024,2nd Qualifying Round,372,IF Elfsborg,568,Sheriff Tiraspol,Borås Arena,Borås,Luís Godinho,FT,Match Finished,2,0,1.0,0.0,2,0
1209244,2024-08-01T17:15:00+00:00,1722532500,3,UEFA Europa League,2024,2nd Qualifying Round,2073,Silkeborg,329,Molde,JYSK park,Silkeborg,L. Bilbija,FT,Match Finished,3,2,1.0,1.0,3,2
1250997,2024-08-01T17:30:00+00:00,1722533400,3,UEFA Europa League,2024,2nd Qualifying Round,998,Trabzonspor,3549,Ružomberok,Papara Park,Trabzon,N. Minaković,FT,Match Finished,1,0,0.0,0.0,1,0
1209246,2024-08-01T17:30:00+00:00,1722533400,3,UEFA Europa League,2024,2nd Qualifying Round,4495,Maccabi Petah Tikva,217,SC Braga,Vivacom Arena - Georgi Asparuhov,Sofia,E. Manouchos,FT,Match Finished,0,5,0.0,3.0,0,5
1250999,2024-08-01T18:00:00+00:00,1722535200,3,UEFA Europa League,2024,2nd Qualifying Round,561,HNK Rijeka,20034,Corvinul Hunedoara,Stadion HNK Rijeka,Rijeka,S. Amland,FT,Match Finished,1,0,1.0,0.0,1,0
1251003,2024-08-01T18:00:00+00:00,1722535200,3,UEFA Europa League,2024,2nd Qualifying Round,634,Botev Plovdiv,617,Panathinaikos,Stadion Hristo Botev,Plovdiv,D. Schlager,FT,Match Finished,0,4,0.0,3.0,0,4
1209240,2024-08-01T18:00:00+00:00,1722535200,3,UEFA Europa League,2024,2nd Qualifying Round,702,Vojvodina,194,Ajax,TSC Arena,Bačka Topola,A. Kardeşler,FT,Match Finished,1,3,0.0,0.0,1,3
1209242,2024-08-01T18:00:00+00:00,1722535200,3,UEFA Europa League,2024,2nd Qualifying Round,741,Cercle Brugge,250,Kilmarnock,Jan Breydelstadion,Brugge,A. Čulina,FT,Match Finished,1,0,1.0,0.0,1,0
1251001,2024-08-01T18:30:00+00:00,1722537000,3,UEFA Europa League,2024,2nd Qualifying Round,781,Rapid Vienna,338,Wisla Krakow,Allianz Stadion,Wien,M. Oliver,FT,Match Finished,6,1,5.0,0.0,6,1
1274773,2024-08-06T16:30:00+00:00,1722961800,3,UEFA Europa League,2024,3rd Qualifying Round,3874,Panevėžys,604,Maccabi Tel Aviv,Vilniaus LFF stadionas,Vilnius,Ə. Ağayev,FT,Match Finished,1,2,0.0,2.0,1,2
1273694,2024-08-06T17:00:00+00:00,1722963600,3,UEFA Europa League,2024,3rd Qualifying Round,2271,Petrocub,354,The New Saints,Stadionul Zimbru,Chişinău,M. Al Hakim,FT,Match Finished,1,0,1.0,0.0,1,0
1274779,2024-08-08T17:00:00+00:00,1723136400,3,UEFA Europa League,2024,3rd Qualifying Round,329,Molde,741,Cercle Brugge,Aker Stadion,Molde,Luís Godinho,FT,Match Finished,3,0,3.0,0.0,3,0
1274785,2024-08-08T17:00:00+00:00,1723136400,3,UEFA Europa League,2024,3rd Qualifying Round,701,KI Klaksvik,3364,Borac Banja Luka,Tórsvøllur,"Tórshavn, Streymoy",M. Radina,FT,Match Finished,2,1,2.0,1.0,2,1
1274777,2024-08-08T17:00:00+00:00,1723136400,3,UEFA Europa League,2024,3rd Qualifying Round,998,Trabzonspor,781,Rapid Vienna,Papara Park,Trabzon,K. Tohver,FT,Match Finished,0,1,0.0,0.0,0,1
1274775,2024-08-08T18:00:00+00:00,1723140000,3,UEFA Europa League,2024,3rd Qualifying Round,561,HNK Rijeka,372,IF Elfsborg,Stadion HNK Rijeka,Rijeka,A. Sidiropoulos,FT,Match Finished,1,1,1.0,1.0,1,1
1274789,2024-08-08T18:00:00+00:00,1723140000,3,UEFA Europa League,2024,3rd Qualifying Round,573,FK Partizan,606,FC Lugano,Stadion Partizana,Beograd,S. van der Eijk,FT,Match Finished,0,1,0.0,0.0,0,1
1274781,2024-08-08T18:00:00+00:00,1723140000,3,UEFA Europa League,2024,3rd Qualifying Round,617,Panathinaikos,194,Ajax,Olympiako Stadio Spyros Louis,Athens,F. Glova,FT,Match Finished,0,1,0.0,1.0,0,1
1274787,2024-08-08T18:00:00+00:00,1723140000,3,UEFA Europa League,2024,3rd Qualifying Round,703,UE Santa Coloma,4160,Rīgas FS,Estadi Nacional,Andorra la Vella,I. Frid,FT,Match Finished,0,2,0.0,2.0,0,2
1253321,2024-08-08T18:00:00+00:00,1723140000,3,UEFA Europa League,2024,3rd Qualifying Round,6489,Kryvbas KR,567,Plzen,Košická futbalová aréna,Košice,S. Gishamer,FT,Match Finished,1,2,1.0,0.0,1,2
1273692,2024-08-08T18:15:00+00:00,1723140900,3,UEFA Europa League,2024,3rd Qualifying Round,4360,Celje,652,Shamrock Rovers,Stadion Z'dežele,Celje,D. Sylwestrzak,FT,Match Finished,1,0,1.0,0.0,1,0
1274791,2024-08-08T18:45:00+00:00,1723142700,3,UEFA Europa League,2024,3rd Qualifying Round,394,Dinamo Minsk,667,Lincoln Red Imps FC,Városi Stadion,Mezőkövesd,N. Minaković,FT,Match Finished,2,0,1.0,0.0,2,0
1274783,2024-08-08T19:30:00+00:00,1723145400,3,UEFA Europa League,2024,3rd Qualifying Round,217,SC Braga,2184,Servette FC,Estádio Municipal de Braga,Braga,G. Kruashvili,FT,Match Finished,0,0,0.0,0.0,0,0
1273695,2024-08-13T17:30:00+00:00,1723570200,3,UEFA Europa League,2024,3rd Qualifying Round,354,The New Saints,2271,Petrocub,Park Hall Stadium,"Oswestry / Croesoswallt, Shropshire",R. Jones,FT,Match Finished,0,0,0.0,0.0,0,0
1274788,2024-08-14T16:00:00+00:00,1723651200,3,UEFA Europa League,2024,3rd Qualifying Round,4160,Rīgas FS,703,UE Santa Coloma,LNK Sporta Parks,Riga,J. Xhaja,FT,Match Finished,7,0,5.0,0.0,7,0
1274792,2024-08-15T16:00:00+00:00,1723737600,3,UEFA Europa League,2024,3rd Qualifying Round,667,Lincoln Red Imps FC,394,Dinamo Minsk,Europa Point Stadium,Gibraltar,A. Papapetrou,FT,Match Finished,2,1,1.0,0.0,2,1
1274778,2024-08-15T16:00:00+00:00,1723737600,3,UEFA Europa League,2024,3rd Qualifying Round,781,Rapid Vienna,998,Trabzonspor,Allianz Stadion,Wien,M. Lukjančukas,FT,Match Finished,2,0,0.0,0.0,2,0
1274776,2024-08-15T17:00:00+00:00,1723741200,3,UEFA Europa League,2024,3rd Qualifying Round,372,IF Elfsborg,561,HNK Rijeka,Borås Arena,Borås,A. Treimanis,FT,Match Finished,2,0,0.0,0.0,2,0
1253322,2024-08-15T17:00:00+00:00,1723741200,3,UEFA Europa League,2024,3rd Qualifying Round,567,Plzen,6489,Kryvbas KR,Doosan Aréna,Plzeň,H. Feșnic,FT,Match Finished,1,0,0.0,0.0,1,0
1274780,2024-08-15T18:00:00+00:00,1723744800,3,UEFA Europa League,2024,3rd Qualifying Round,741,Cercle Brugge,329,Molde,Jan Breydelstadion,Brugge,B. Berke,FT,Match Finished,1,0,1.0,0.0,1,0
1274782,2024-08-15T18:15:00+00:00,1723745700,3,UEFA Europa League,2024,3rd Qualifying Round,194,Ajax,617,Panathinaikos,Johan Cruijff Arena,Amsterdam,C. Kavanagh,PEN,Match Finished,0,1,0.0,0.0,0,1
1274774,2024-08-15T18:30:00+00:00,1723746600,3,UEFA Europa League,2024,3rd Qualifying Round,604,Maccabi Tel Aviv,3874,Panevėžys,Haladás Stadion,Szombathely,N. Walsh,FT,Match Finished,3,0,1.0,0.0,3,0
1274790,2024-08-15T18:30:00+00:00,1723746600,3,UEFA Europa League,2024,3rd Qualifying Round,606,FC Lugano,573,FK Partizan,Stockhorn Arena,Thun,Ricardo De Burgos,AET,Match Finished,2,2,0.0,1.0,1,2
1274784,2024-08-15T18:30:00+00:00,1723746600,3,UEFA Europa League,2024,3rd Qualifying Round,2184,Servette FC,217,SC Braga,Stade de Genève,Lancy,I. Pajač,FT,Match Finished,1,2,0.0,1.0,1,2
1273693,2024-08-15T19:00:00+00:00,1723748400,3,UEFA Europa League,2024,3rd Qualifying Round,652,Shamrock Rovers,4360,Celje,Tallaght Stadium,Dublin,O. Hațegan,AET,Match Finished,3,1,2.0,0.0,2,1
1274786,2024-08-15T19:00:00+00:00,1723748400,3,UEFA Europa League,2024,3rd Qualifying Round,3364,Borac Banja Luka,701,KI Klaksvik,Gradski Stadion,Banja Luka,G. Kabakov,AET,Match Finished,3,1,1.0,0.0,2,1
1287610,2024-08-22T17:00:00+00:00,1724346000,3,UEFA Europa League,2024,Play-offs,329,Molde,372,IF Elfsborg,Aker Stadion,Molde,I. Kovács,FT,Match Finished,0,1,0.0,1.0,0,1
1287614,2024-08-22T17:00:00+00:00,1724346000,3,UEFA Europa League,2024,Play-offs,567,Plzen,254,Heart Of Midlothian,Doosan Aréna,Plzeň,S. Jablonski,FT,Match Finished,1,0,0.0,0.0,1,0
1286917,2024-08-22T17:00:00+00:00,1724346000,3,UEFA Europa League,2024,Play-offs,1026,Lask Linz,559,FCSB,Raiffeisen Arena,Linz,A. Lindhout,FT,Match Finished,1,1,1.0,1.0,1,1
1286919,2024-08-22T17:00:00+00:00,1724346000,3,UEFA Europa League,2024,Play-offs,4160,Rīgas FS,2247,Apoel Nicosia,LNK Sporta Parks,Riga,Ə. Ağayev,FT,Match Finished,2,1,2.0,0.0,2,1
1287618,2024-08-22T17:30:00+00:00,1724347800,3,UEFA Europa League,2024,Play-offs,619,PAOK,652,Shamrock Rovers,Stadio Toumbas,Thessaloníki,E. Jorgji,FT,Match Finished,4,0,1.0,0.0,4,0
1286915,2024-08-22T18:00:00+00:00,1724349600,3,UEFA Europa League,2024,Play-offs,566,Ludogorets,2271,Petrocub,Huvepharma Arena,Razgrad,A. Papapetrou,FT,Match Finished,4,0,1.0,0.0,4,0
1287608,2024-08-22T18:00:00+00:00,1724349600,3,UEFA Europa League,2024,Play-offs,604,Maccabi Tel Aviv,2646,TSC Backa Topola,Haladás Stadion,Szombathely,S. Gishamer,FT,Match Finished,3,0,1.0,0.0,3,0
1287606,2024-08-22T18:30:00+00:00,1724351400,3,UEFA Europa League,2024,Play-offs,606,FC Lugano,549,Besiktas,Stockhorn Arena,Thun,M. Krogh,FT,Match Finished,3,3,1.0,1.0,3,3
1287616,2024-08-22T18:45:00+00:00,1724352300,3,UEFA Europa League,2024,Play-offs,336,Jagiellonia,194,Ajax,Stadion Miejski,Białystok,R. Obrenović,FT,Match Finished,1,4,1.0,2.0,1,4
1287604,2024-08-22T18:45:00+00:00,1724352300,3,UEFA Europa League,2024,Play-offs,394,Dinamo Minsk,554,Anderlecht,Városi Stadion,Mezőkövesd,R. Saggi,FT,Match Finished,0,1,0.0,1.0,0,1
1287620,2024-08-22T19:00:00+00:00,1724353200,3,UEFA Europa League,2024,Play-offs,651,Ferencvarosi TC,3364,Borac Banja Luka,Groupama Aréna,Budapest,N. Walsh,FT,Match Finished,0,0,0.0,0.0,0,0
1287612,2024-08-22T19:30:00+00:00,1724355000,3,UEFA Europa League,2024,Play-offs,217,SC Braga,781,Rapid Vienna,Estádio Municipal de Braga,Braga,M. Balakin,FT,Match Finished,2,1,1.0,1.0,2,1
1287611,2024-08-29T17:00:00+00:00,1724950800,3,UEFA Europa League,2024,Play-offs,372,IF Elfsborg,329,Molde,Borås Arena,Borås,H. Osmers,PEN,Match Finished,0,1,0.0,0.0,0,1
1286920,2024-08-29T17:00:00+00:00,1724950800,3,UEFA Europa League,2024,Play-offs,2247,Apoel Nicosia,4160,Rīgas FS,Neo GSP,Levkosía,M. Jug,PEN,Match Finished,2,1,0.0,1.0,2,1
1286916,2024-08-29T17:00:00+00:00,1724950800,3,UEFA Europa League,2024,Play-offs,2271,Petrocub,566,Ludogorets,Stadionul Zimbru,Chişinău,S. Stegemann,FT,Match Finished,1,2,1.0,0.0,1,2
1287617,2024-08-29T18:00:00+00:00,1724954400,3,UEFA Europa League,2024,Play-offs,194,Ajax,336,Jagiellonia,Johan Cruijff ArenA,Amsterdam,M. Mariani,FT,Match Finished,3,0,1.0,0.0,3,0
1287607,2024-08-29T18:00:00+00:00,1724954400,3,UEFA Europa League,2024,Play-offs,549,Besiktas,606,FC Lugano,Tüpraş Stadyumu,İstanbul,R. Petrescu,FT,Match Finished,5,1,1.0,0.0,5,1
1287605,2024-08-29T18:00:00+00:00,1724954400,3,UEFA Europa League,2024,Play-offs,554,Anderlecht,394,Dinamo Minsk,Lotto Park,Brussel,N. Dabanović,FT,Match Finished,1,0,0.0,0.0,1,0
1286918,2024-08-29T18:30:00+00:00,1724956200,3,UEFA Europa League,2024,Play-offs,559,FCSB,1026,Lask Linz,Stadionul Steaua,București,F. Zwayer,FT,Match Finished,1,0,0.0,0.0,1,0
1287615,2024-08-29T18:45:00+00:00,1724957100,3,UEFA Europa League,2024,Play-offs,254,Heart Of Midlothian,567,Plzen,Tynecastle Park,Edinburgh,G. Kabakov,FT,Match Finished,0,1,0.0,0.0,0,1
1287619,2024-08-29T19:00:00+00:00,1724958000,3,UEFA Europa League,2024,Play-offs,652,Shamrock Rovers,619,PAOK,Tallaght Stadium,Dublin,D. Rumšas,FT,Match Finished,0,2,0.0,0.0,0,2
1287613,2024-08-29T19:00:00+00:00,1724958000,3,UEFA Europa League,2024,Play-offs,781,Rapid Vienna,217,SC Braga,Allianz Stadion,Wien,A. Taylor,FT,Match Finished,2,2,1.0,0.0,2,2
1287609,2024-08-29T19:00:00+00:00,1724958000,3,UEFA Europa League,2024,Play-offs,2646,TSC Backa Topola,604,Maccabi Tel Aviv,TSC Arena,Bačka Topola,João Pedro Pinheiro,FT,Match Finished,1,5,0.0,3.0,1,5
1287621,2024-08-29T19:00:00+00:00,1724958000,3,UEFA Europa League,2024,Play-offs,3364,Borac Banja Luka,651,Ferencvarosi TC,Gradski Stadion,Banja Luka,E. Lambrechts,PEN,Match Finished,1,1,0.0,0.0,0,0
1299128,2024-09-25T16:45:00+00:00,1727282700,3,UEFA Europa League,2024,League Stage - 1,201,AZ Alkmaar,372,IF Elfsborg,AFAS Stadion,Alkmaar,J. Xhaja,FT,Match Finished,3,2,1.0,1.0,3,2
1299129,2024-09-25T16:45:00+00:00,1727282700,3,UEFA Europa League,2024,League Stage - 1,327,Bodo/Glimt,212,FC Porto,Aspmyra Stadion,Bodø,O. Grinfeeld,FT,Match Finished,3,2,2.0,1.0,3,2
1299134,2024-09-25T19:00:00+00:00,1727290800,3,UEFA Europa League,2024,League Stage - 1,33,Manchester United,415,Twente,Old Trafford,Manchester,S. Sozza,FT,Match Finished,1,1,1.0,0.0,1,1
1299135,2024-09-25T19:00:00+00:00,1727290800,3,UEFA Europa League,2024,League Stage - 1,84,Nice,548,Real Sociedad,Allianz Riviera,Nice,M. Krogh,FT,Match Finished,1,1,1.0,1.0,1,1
1299131,2024-09-25T19:00:00+00:00,1727290800,3,UEFA Europa League,2024,League Stage - 1,397,FC Midtjylland,167,1899 Hoffenheim,MCH Arena,Herning,N. Minaković,FT,Match Finished,1,1,1.0,0.0,1,1
1299136,2024-09-25T19:00:00+00:00,1727290800,3,UEFA Europa League,2024,League Stage - 1,554,Anderlecht,651,Ferencvarosi TC,Lotto Park,Brussel,J. Weinberger,FT,Match Finished,2,1,0.0,0.0,2,1
1299133,2024-09-25T19:00:00+00:00,1727290800,3,UEFA Europa League,2024,League Stage - 1,566,Ludogorets,560,Slavia Praha,Huvepharma Arena,Razgrad,J. Brisard,FT,Match Finished,0,2,0.0,1.0,0,2
1299130,2024-09-25T19:00:00+00:00,1727290800,3,UEFA Europa League,2024,League Stage - 1,572,Dynamo Kyiv,487,Lazio,Volksparkstadion,Hamburg,A. Sidiropoulos,FT,Match Finished,0,3,0.0,3.0,0,3
1299132,2024-09-25T19:00:00+00:00,1727290800,3,UEFA Europa League,2024,League Stage - 1,645,Galatasaray,619,PAOK,RAMS Park,İstanbul,Alejandro Hernández,FT,Match Finished,3,1,0.0,0.0,3,1
1299138,2024-09-26T16:45:00+00:00,1727369100,3,UEFA Europa League,2024,League Stage - 1,375,Malmo FF,257,Rangers,Eleda Stadion,Malmö,Luís Godinho,FT,Match Finished,0,2,0.0,1.0,0,2
1299137,2024-09-26T16:45:00+00:00,1727369100,3,UEFA Europa League,2024,League Stage - 1,611,Fenerbahce,1393,Union St. Gilloise,Ülker Stadyumu Fenerbahçe Şükrü Saracoğlu Spor Kompleksi,İstanbul,B. Bastien,FT,Match Finished,2,1,1.0,0.0,2,1
1299145,2024-09-26T19:00:00+00:00,1727377200,3,UEFA Europa League,2024,League Stage - 1,47,Tottenham,556,Qarabag,Tottenham Hotspur Stadium,London,W. Delajod,FT,Match Finished,3,0,1.0,0.0,3,0
1299142,2024-09-26T19:00:00+00:00,1727377200,3,UEFA Europa League,2024,League Stage - 1,80,Lyon,553,Olympiakos Piraeus,Groupama Stadium,Décines-Charpieu,L. Visser,FT,Match Finished,2,0,0.0,0.0,2,0
1299140,2024-09-26T19:00:00+00:00,1727377200,3,UEFA Europa League,2024,League Stage - 1,169,Eintracht Frankfurt,567,Plzen,Deutsche Bank Park,Frankfurt am Main,M. Balakin,FT,Match Finished,3,3,1.0,1.0,3,3
1299139,2024-09-26T19:00:00+00:00,1727377200,3,UEFA Europa League,2024,League Stage - 1,194,Ajax,549,Besiktas,Johan Cruijff ArenA,Amsterdam,J. Brooks,FT,Match Finished,4,0,1.0,0.0,4,0
1299144,2024-09-26T19:00:00+00:00,1727377200,3,UEFA Europa League,2024,League Stage - 1,217,SC Braga,604,Maccabi Tel Aviv,Estádio Municipal de Braga,Braga,M. Jug,FT,Match Finished,2,1,0.0,1.0,2,1
1299143,2024-09-26T19:00:00+00:00,1727377200,3,UEFA Europa League,2024,League Stage - 1,497,AS Roma,531,Athletic Club,Stadio Olimpico,Roma,G. Kabakov,FT,Match Finished,1,1,1.0,0.0,1,1
1299141,2024-09-26T19:00:00+00:00,1727377200,3,UEFA Europa League,2024,League Stage - 1,559,FCSB,4160,Rīgas FS,Arena Naţională,Bucureşti,Ricardo De Burgos,FT,Match Finished,4,1,2.0,1.0,4,1
1299154,2024-10-03T16:45:00+00:00,1727973900,3,UEFA Europa League,2024,League Stage - 2,167,1899 Hoffenheim,572,Dynamo Kyiv,PreZero Arena,Sinsheim,A. Stavrev,FT,Match Finished,2,0,1.0,0.0,2,0
1299147,2024-10-03T16:45:00+00:00,1727973900,3,UEFA Europa League,2024,League Stage - 2,487,Lazio,84,Nice,Stadio Olimpico,Roma,H. Feșnic,FT,Match Finished,4,1,2.0,1.0,4,1
1299151,2024-10-03T16:45:00+00:00,1727973900,3,UEFA Europa League,2024,League Stage - 2,548,Real Sociedad,554,Anderlecht,Reale Arena,Donostia-San Sebastián,M. Barbu,FT,Match Finished,1,2,1.0,2.0,1,2
1299149,2024-10-03T16:45:00+00:00,1727973900,3,UEFA Europa League,2024,League Stage - 2,553,Olympiakos Piraeus,217,SC Braga,Stadio Georgios Karaiskáki,Piraeus,D. Sylwestrzak,FT,Match Finished,3,0,1.0,0.0,3,0
1299150,2024-10-03T16:45:00+00:00,1727973900,3,UEFA Europa League,2024,League Stage - 2,556,Qarabag,375,Malmo FF,Tofiq Bəhramov adına Respublika stadionu,Baku,A. Papapetrou,FT,Match Finished,1,2,1.0,1.0,1,2
1299153,2024-10-03T16:45:00+00:00,1727973900,3,UEFA Europa League,2024,League Stage - 2,560,Slavia Praha,194,Ajax,Fortuna Arena,Praha,A. Treimanis,FT,Match Finished,1,1,0.0,1.0,1,1
1299148,2024-10-03T16:45:00+00:00,1727973900,3,UEFA Europa League,2024,League Stage - 2,604,Maccabi Tel Aviv,397,FC Midtjylland,Stadion Partizana,Beograd,G. Kruashvili,FT,Match Finished,0,2,0.0,1.0,0,2
1299146,2024-10-03T16:45:00+00:00,1727973900,3,UEFA Europa League,2024,League Stage - 2,651,Ferencvarosi TC,47,Tottenham,Groupama Aréna,Budapest,I. Pajač,FT,Match Finished,1,2,0.0,1.0,1,2
1299152,2024-10-03T16:45:00+00:00,1727973900,3,UEFA Europa League,2024,League Stage - 2,4160,Rīgas FS,645,Galatasaray,Daugavas Stadionā,Riga,F. Glova,FT,Match Finished,2,2,1.0,2.0,2,2
1299158,2024-10-03T19:00:00+00:00,1727982000,3,UEFA Europa League,2024,League Stage - 2,212,FC Porto,33,Manchester United,Estádio Do Dragão,Porto,T. Stieler,FT,Match Finished,3,3,2.0,2.0,3,3
1299161,2024-10-03T19:00:00+00:00,1727982000,3,UEFA Europa League,2024,League Stage - 2,257,Rangers,80,Lyon,Ibrox Stadium,Glasgow,S. Jablonski,FT,Match Finished,1,4,1.0,3.0,1,4
1299157,2024-10-03T19:00:00+00:00,1727982000,3,UEFA Europa League,2024,League Stage - 2,372,IF Elfsborg,497,AS Roma,Borås Arena,Borås,K. Tohver,FT,Match Finished,1,0,1.0,0.0,1,0
1299159,2024-10-03T19:00:00+00:00,1727982000,3,UEFA Europa League,2024,League Stage - 2,415,Twente,611,Fenerbahce,De Grolsch Veste,Enschede,C. Kavanagh,FT,Match Finished,1,1,1.0,0.0,1,1
1299155,2024-10-03T19:00:00+00:00,1727982000,3,UEFA Europa League,2024,League Stage - 2,531,Athletic Club,201,AZ Alkmaar,San Mamés Barria,Bilbao,B. Berke,FT,Match Finished,2,0,0.0,0.0,2,0
1299156,2024-10-03T19:00:00+00:00,1727982000,3,UEFA Europa League,2024,League Stage - 2,549,Besiktas,169,Eintracht Frankfurt,Tüpraş Stadyumu,İstanbul,J. Beaton,FT,Match Finished,1,3,0.0,2.0,1,3
1299163,2024-10-03T19:00:00+00:00,1727982000,3,UEFA Europa League,2024,League Stage - 2,567,Plzen,566,Ludogorets,Doosan Aréna,Plzeň,T. Bognár,FT,Match Finished,0,0,0.0,0.0,0,0
1299160,2024-10-03T19:00:00+00:00,1727982000,3,UEFA Europa League,2024,League Stage - 2,619,PAOK,559,FCSB,Stadio Toumbas,Thessaloníki,S. Stegemann,FT,Match Finished,0,1,0.0,1.0,0,1
1299162,2024-10-03T19:00:00+00:00,1727982000,3,UEFA Europa League,2024,League Stage - 2,1393,Union St. Gilloise,327,Bodo/Glimt,Stade Roi Baudouin,Brussel,O. Berka,FT,Match Finished,0,0,0.0,0.0,0,0
1299165,2024-10-23T14:30:00+00:00,1729693800,3,UEFA Europa League,2024,League Stage - 3,217,SC Braga,327,Bodo/Glimt,Estádio Municipal de Braga,Braga,N. Minaković,FT,Match Finished,1,2,0.0,0.0,1,2
1299164,2024-10-23T14:30:00+00:00,1729693800,3,UEFA Europa League,2024,League Stage - 3,645,Galatasaray,372,IF Elfsborg,RAMS Park,İstanbul,M. Jug,FT,Match Finished,4,3,3.0,0.0,4,3
1299166,2024-10-24T16:45:00+00:00,1729788300,3,UEFA Europa League,2024,League Stage - 3,169,Eintracht Frankfurt,4160,Rīgas FS,Deutsche Bank Park,Frankfurt am Main,A. Lindhout,FT,Match Finished,1,0,0.0,0.0,1,0
1299167,2024-10-24T16:45:00+00:00,1729788300,3,UEFA Europa League,2024,League Stage - 3,397,FC Midtjylland,1393,Union St. Gilloise,MCH Arena,Herning,S. Gishamer,FT,Match Finished,1,0,1.0,0.0,1,0
1299172,2024-10-24T16:45:00+00:00,1729788300,3,UEFA Europa League,2024,League Stage - 3,497,AS Roma,572,Dynamo Kyiv,Stadio Olimpico,Roma,S. Gözübüyük,FT,Match Finished,1,0,1.0,0.0,1,0
1299171,2024-10-24T16:45:00+00:00,1729788300,3,UEFA Europa League,2024,League Stage - 3,556,Qarabag,194,Ajax,Tofiq Bəhramov adına Respublika stadionu,Baku,N. Walsh,FT,Match Finished,0,3,0.0,1.0,0,3
1299169,2024-10-24T16:45:00+00:00,1729788300,3,UEFA Europa League,2024,League Stage - 3,604,Maccabi Tel Aviv,548,Real Sociedad,Stadion Partizana,Beograd,R. Saggi,FT,Match Finished,1,2,0.0,1.0,1,2
1299170,2024-10-24T16:45:00+00:00,1729788300,3,UEFA Europa League,2024,League Stage - 3,619,PAOK,567,Plzen,Stadio Toumbas,Thessaloníki,U. Schnyder,FT,Match Finished,2,2,0.0,2.0,2,2
1299168,2024-10-24T16:45:00+00:00,1729788300,3,UEFA Europa League,2024,League Stage - 3,651,Ferencvarosi TC,84,Nice,Groupama Aréna,Budapest,A. Sidiropoulos,FT,Match Finished,1,0,1.0,0.0,1,0
1299181,2024-10-24T19:00:00+00:00,1729796400,3,UEFA Europa League,2024,League Stage - 3,47,Tottenham,201,AZ Alkmaar,Tottenham Hotspur Stadium,London,M. Lukjančukas,FT,Match Finished,1,0,0.0,0.0,1,0
1299177,2024-10-24T19:00:00+00:00,1729796400,3,UEFA Europa League,2024,League Stage - 3,80,Lyon,549,Besiktas,Groupama Stadium,Décines-Charpieu,H. Osmers,FT,Match Finished,0,1,0.0,0.0,0,1
1299174,2024-10-24T19:00:00+00:00,1729796400,3,UEFA Europa League,2024,League Stage - 3,212,FC Porto,167,1899 Hoffenheim,Estádio Do Dragão,Porto,D. Sylwestrzak,FT,Match Finished,2,0,1.0,0.0,2,0
1299179,2024-10-24T19:00:00+00:00,1729796400,3,UEFA Europa League,2024,League Stage - 3,257,Rangers,559,FCSB,Ibrox Stadium,Glasgow,M. Di Bello,FT,Match Finished,4,0,2.0,0.0,4,0
1299178,2024-10-24T19:00:00+00:00,1729796400,3,UEFA Europa League,2024,League Stage - 3,375,Malmo FF,553,Olympiakos Piraeus,Eleda Stadion,Malmö,S. Sozza,FT,Match Finished,0,1,0.0,1.0,0,1
1299175,2024-10-24T19:00:00+00:00,1729796400,3,UEFA Europa League,2024,League Stage - 3,415,Twente,487,Lazio,De Grolsch Veste,Enschede,N. Dabanović,FT,Match Finished,0,2,0.0,1.0,0,2
1299173,2024-10-24T19:00:00+00:00,1729796400,3,UEFA Europa League,2024,League Stage - 3,531,Athletic Club,560,Slavia Praha,San Mamés Barria,Bilbao,M. Krogh,FT,Match Finished,1,0,1.0,0.0,1,0
1299180,2024-10-24T19:00:00+00:00,1729796400,3,UEFA Europa League,2024,League Stage - 3,554,Anderlecht,566,Ludogorets,Lotto Park,Brussel,F. Glova,FT,Match Finished,2,0,0.0,0.0,2,0
1299176,2024-10-24T19:00:00+00:00,1729796400,3,UEFA Europa League,2024,League Stage - 3,611,Fenerbahce,33,Manchester United,Ülker Stadyumu Fenerbahçe Şükrü Saracoğlu Spor Kompleksi,İstanbul,C. Turpin,FT,Match Finished,1,1,0.0,1.0,1,1
1299182,2024-11-06T15:30:00+00:00,1730907000,3,UEFA Europa League,2024,League Stage - 4,549,Besiktas,375,Malmo FF,Tüpraş Stadyumu,İstanbul,S. Jablonski,FT,Match Finished,2,1,0.0,0.0,2,1
1299189,2024-11-07T17:45:00+00:00,1731001500,3,UEFA Europa League,2024,League Stage - 4,84,Nice,415,Twente,Allianz Riviera,Nice,B. Berke,FT,Match Finished,2,2,0.0,1.0,2,2
1299184,2024-11-07T17:45:00+00:00,1731001500,3,UEFA Europa League,2024,League Stage - 4,169,Eintracht Frankfurt,560,Slavia Praha,Deutsche Bank Park,Frankfurt am Main,C. Kavanagh,FT,Match Finished,1,0,0.0,0.0,1,0
1299183,2024-11-07T17:45:00+00:00,1731001500,3,UEFA Europa League,2024,League Stage - 4,327,Bodo/Glimt,556,Qarabag,Aspmyra Stadion,Bodø,Luís Godinho,FT,Match Finished,1,2,1.0,1.0,1,2
1299185,2024-11-07T17:45:00+00:00,1731001500,3,UEFA Europa League,2024,League Stage - 4,372,IF Elfsborg,217,SC Braga,Borås Arena,Borås,J. Xhaja,FT,Match Finished,1,1,0.0,0.0,1,1
1299190,2024-11-07T17:45:00+00:00,1731001500,3,UEFA Europa League,2024,League Stage - 4,553,Olympiakos Piraeus,257,Rangers,Stadio Georgios Karaiskáki,Piraeus,S. Stegemann,FT,Match Finished,1,1,0.0,0.0,1,1
1299186,2024-11-07T17:45:00+00:00,1731001500,3,UEFA Europa League,2024,League Stage - 4,559,FCSB,397,FC Midtjylland,Arena Naţională,Bucureşti,D. Strukan,FT,Match Finished,2,0,1.0,0.0,2,0
1299188,2024-11-07T17:45:00+00:00,1731001500,3,UEFA Europa League,2024,League Stage - 4,566,Ludogorets,531,Athletic Club,Huvepharma Arena,Razgrad,A. Papapetrou,FT,Match Finished,1,2,1.0,0.0,1,2
1299187,2024-11-07T17:45:00+00:00,1731001500,3,UEFA Europa League,2024,League Stage - 4,645,Galatasaray,47,Tottenham,RAMS Park,İstanbul,L. Visser,FT,Match Finished,3,2,3.0,1.0,3,2
1299191,2024-11-07T17:45:00+00:00,1731001500,3,UEFA Europa League,2024,League Stage - 4,1393,Union St. Gilloise,497,AS Roma,Stade Roi Baudouin,Brussel,J. Brisard,FT,Match Finished,1,1,0.0,0.0,1,1
1299196,2024-11-07T20:00:00+00:00,1731009600,3,UEFA Europa League,2024,League Stage - 4,33,Manchester United,619,PAOK,Old Trafford,Manchester,R. Petrescu,FT,Match Finished,2,0,0.0,0.0,2,0
1299198,2024-11-07T20:00:00+00:00,1731009600,3,UEFA Europa League,2024,League Stage - 4,167,1899 Hoffenheim,80,Lyon,PreZero Arena,Sinsheim,M. Barbu,FT,Match Finished,2,2,0.0,0.0,2,2
1299192,2024-11-07T20:00:00+00:00,1731009600,3,UEFA Europa League,2024,League Stage - 4,194,Ajax,604,Maccabi Tel Aviv,Johan Cruijff ArenA,Amsterdam,O. Berka,FT,Match Finished,5,0,3.0,0.0,5,0
1299193,2024-11-07T20:00:00+00:00,1731009600,3,UEFA Europa League,2024,League Stage - 4,201,AZ Alkmaar,611,Fenerbahce,AFAS Stadion,Alkmaar,J. Beaton,FT,Match Finished,3,1,0.0,0.0,3,1
1299195,2024-11-07T20:00:00+00:00,1731009600,3,UEFA Europa League,2024,League Stage - 4,487,Lazio,212,FC Porto,Stadio Olimpico,Roma,G. Kabakov,FT,Match Finished,2,1,1.0,0.0,2,1
1299199,2024-11-07T20:00:00+00:00,1731009600,3,UEFA Europa League,2024,League Stage - 4,567,Plzen,548,Real Sociedad,Doosan Aréna,Plzeň,A. Treimanis,FT,Match Finished,2,1,1.0,1.0,2,1
1299194,2024-11-07T20:00:00+00:00,1731009600,3,UEFA Europa League,2024,League Stage - 4,572,Dynamo Kyiv,651,Ferencvarosi TC,Volksparkstadion,Hamburg,M. Al Hakim,FT,Match Finished,0,4,0.0,0.0,0,4
1299197,2024-11-07T20:00:00+00:00,1731009600,3,UEFA Europa League,2024,League Stage - 4,4160,Rīgas FS,554,Anderlecht,Daugavas Stadionā,Riga,A. Stavrev,FT,Match Finished,1,1,0.0,0.0,1,1
1299201,2024-11-28T17:45:00+00:00,1732815900,3,UEFA Europa League,2024,League Stage - 5,201,AZ Alkmaar,645,Galatasaray,AFAS Stadion,Alkmaar,H. Feșnic,FT,Match Finished,1,1,1.0,1.0,1,1
1299204,2024-11-28T17:45:00+00:00,1732815900,3,UEFA Europa League,2024,League Stage - 5,487,Lazio,566,Ludogorets,Stadio Olimpico,Roma,D. Strukan,FT,Match Finished,0,0,0.0,0.0,0,0
1299200,2024-11-28T17:45:00+00:00,1732815900,3,UEFA Europa League,2024,League Stage - 5,531,Athletic Club,372,IF Elfsborg,San Mamés Barria,Bilbao,G. Kruashvili,FT,Match Finished,3,0,2.0,0.0,3,0
1299202,2024-11-28T17:45:00+00:00,1732815900,3,UEFA Europa League,2024,League Stage - 5,549,Besiktas,604,Maccabi Tel Aviv,Nagyerdei Stadion,Debrecen,S. Sozza,FT,Match Finished,1,3,1.0,2.0,1,3
1299207,2024-11-28T17:45:00+00:00,1732815900,3,UEFA Europa League,2024,League Stage - 5,554,Anderlecht,212,FC Porto,Lotto Park,Brussel,M. Krogh,FT,Match Finished,2,2,0.0,1.0,2,2
1299205,2024-11-28T17:45:00+00:00,1732815900,3,UEFA Europa League,2024,League Stage - 5,556,Qarabag,80,Lyon,Tofiq Bəhramov adına Respublika stadionu,Baku,N. Minaković,FT,Match Finished,1,4,0.0,1.0,1,4
1299203,2024-11-28T17:45:00+00:00,1732815900,3,UEFA Europa League,2024,League Stage - 5,572,Dynamo Kyiv,567,Plzen,Volksparkstadion,Hamburg,Luís Godinho,FT,Match Finished,1,2,0.0,0.0,1,2
1299206,2024-11-28T17:45:00+00:00,1732815900,3,UEFA Europa League,2024,League Stage - 5,4160,Rīgas FS,619,PAOK,Daugavas Stadionā,Riga,J. Weinberger,FT,Match Finished,0,2,0.0,1.0,0,2
1299212,2024-11-28T20:00:00+00:00,1732824000,3,UEFA Europa League,2024,League Stage - 5,33,Manchester United,327,Bodo/Glimt,Old Trafford,Manchester,L. Visser,FT,Match Finished,3,2,2.0,2.0,3,2
1299217,2024-11-28T20:00:00+00:00,1732824000,3,UEFA Europa League,2024,League Stage - 5,47,Tottenham,497,AS Roma,Tottenham Hotspur Stadium,London,G. Nyberg,FT,Match Finished,2,2,2.0,1.0,2,2
1299213,2024-11-28T20:00:00+00:00,1732824000,3,UEFA Europa League,2024,League Stage - 5,84,Nice,257,Rangers,Allianz Riviera,Nice,Ricardo De Burgos,FT,Match Finished,1,4,0.0,3.0,1,4
1299216,2024-11-28T20:00:00+00:00,1732824000,3,UEFA Europa League,2024,League Stage - 5,217,SC Braga,167,1899 Hoffenheim,Estádio Municipal de Braga,Braga,I. Pajač,FT,Match Finished,3,0,2.0,0.0,3,0
1299208,2024-11-28T20:00:00+00:00,1732824000,3,UEFA Europa League,2024,League Stage - 5,397,FC Midtjylland,169,Eintracht Frankfurt,MCH Arena,Herning,C. Pawson,FT,Match Finished,1,2,0.0,1.0,1,2
1299209,2024-11-28T20:00:00+00:00,1732824000,3,UEFA Europa League,2024,League Stage - 5,415,Twente,1393,Union St. Gilloise,De Grolsch Veste,Enschede,J. Beaton,FT,Match Finished,0,1,0.0,1.0,0,1
1299214,2024-11-28T20:00:00+00:00,1732824000,3,UEFA Europa League,2024,League Stage - 5,548,Real Sociedad,194,Ajax,Reale Arena,Donostia-San Sebastián,M. Jug,FT,Match Finished,2,0,0.0,0.0,2,0
1299210,2024-11-28T20:00:00+00:00,1732824000,3,UEFA Europa League,2024,League Stage - 5,559,FCSB,553,Olympiakos Piraeus,Arena Naţională,Bucureşti,S. Gishamer,FT,Match Finished,0,0,0.0,0.0,0,0
1299215,2024-11-28T20:00:00+00:00,1732824000,3,UEFA Europa League,2024,League Stage - 5,560,Slavia Praha,611,Fenerbahce,Fortuna Arena,Praha,S. Stegemann,FT,Match Finished,1,2,1.0,1.0,1,2
1299211,2024-11-28T20:00:00+00:00,1732824000,3,UEFA Europa League,2024,League Stage - 5,651,Ferencvarosi TC,375,Malmo FF,Groupama Aréna,Budapest,Ə. Ağayev,FT,Match Finished,4,1,2.0,1.0,4,1
1299218,2024-12-11T15:30:00+00:00,1733931000,3,UEFA Europa League,2024,League Stage - 6,611,Fenerbahce,531,Athletic Club,Ülker Stadyumu Fenerbahçe Şükrü Saracoğlu Spor Kompleksi,İstanbul,I. Peljto,FT,Match Finished,0,2,0.0,2.0,0,2
1299224,2024-12-12T17:45:00+00:00,1734025500,3,UEFA Europa League,2024,League Stage - 6,167,1899 Hoffenheim,559,FCSB,PreZero Arena,Sinsheim,J. Xhaja,FT,Match Finished,0,0,0.0,0.0,0,0
1299220,2024-12-12T17:45:00+00:00,1734025500,3,UEFA Europa League,2024,League Stage - 6,375,Malmo FF,645,Galatasaray,Eleda Stadion,Malmö,J. Brooks,FT,Match Finished,2,2,1.0,1.0,2,2
1299223,2024-12-12T17:45:00+00:00,1734025500,3,UEFA Europa League,2024,League Stage - 6,497,AS Roma,217,SC Braga,Stadio Olimpico,Roma,D. Siebert,FT,Match Finished,3,0,1.0,0.0,3,0
1299221,2024-12-12T17:45:00+00:00,1734025500,3,UEFA Europa League,2024,League Stage - 6,553,Olympiakos Piraeus,415,Twente,Stadio Georgios Karaiskáki,Piraeus,J. Brisard,FT,Match Finished,0,0,0.0,0.0,0,0
1299219,2024-12-12T17:45:00+00:00,1734025500,3,UEFA Europa League,2024,League Stage - 6,566,Ludogorets,201,AZ Alkmaar,Huvepharma Arena,Razgrad,K. Tohver,FT,Match Finished,2,2,0.0,2.0,2,2
1299226,2024-12-12T17:45:00+00:00,1734025500,3,UEFA Europa League,2024,League Stage - 6,567,Plzen,33,Manchester United,Doosan Aréna,Plzeň,M. Barbu,FT,Match Finished,1,2,0.0,0.0,1,2
1299222,2024-12-12T17:45:00+00:00,1734025500,3,UEFA Europa League,2024,League Stage - 6,619,PAOK,651,Ferencvarosi TC,Stadio Toumbas,Thessaloníki,Guillermo Cuadra,FT,Match Finished,5,0,2.0,0.0,5,0
1299225,2024-12-12T17:45:00+00:00,1734025500,3,UEFA Europa League,2024,League Stage - 6,1393,Union St. Gilloise,84,Nice,Stade Roi Baudouin,Brussel,C. Kavanagh,FT,Match Finished,2,1,1.0,1.0,2,1
1299231,2024-12-12T20:00:00+00:00,1734033600,3,UEFA Europa League,2024,League Stage - 6,80,Lyon,169,Eintracht Frankfurt,Groupama Stadium,Décines-Charpieu,A. Treimanis,FT,Match Finished,3,2,1.0,1.0,3,2
1299227,2024-12-12T20:00:00+00:00,1734033600,3,UEFA Europa League,2024,League Stage - 6,194,Ajax,487,Lazio,Johan Cruijff ArenA,Amsterdam,I. Kružliak,FT,Match Finished,1,3,0.0,1.0,1,3
1299230,2024-12-12T20:00:00+00:00,1734033600,3,UEFA Europa League,2024,League Stage - 6,212,FC Porto,397,FC Midtjylland,Estádio Do Dragão,Porto,A. Stavrev,FT,Match Finished,2,0,1.0,0.0,2,0
1299233,2024-12-12T20:00:00+00:00,1734033600,3,UEFA Europa League,2024,League Stage - 6,257,Rangers,47,Tottenham,Ibrox Stadium,Glasgow,S. Schärer,FT,Match Finished,1,1,0.0,0.0,1,1
1299228,2024-12-12T20:00:00+00:00,1734033600,3,UEFA Europa League,2024,League Stage - 6,327,Bodo/Glimt,549,Besiktas,Aspmyra Stadion,Bodø,F. Glova,FT,Match Finished,2,1,2.0,1.0,2,1
1299229,2024-12-12T20:00:00+00:00,1734033600,3,UEFA Europa League,2024,League Stage - 6,372,IF Elfsborg,556,Qarabag,Borås Arena,Borås,António Nobre,FT,Match Finished,1,0,0.0,0.0,1,0
1299234,2024-12-12T20:00:00+00:00,1734033600,3,UEFA Europa League,2024,League Stage - 6,548,Real Sociedad,572,Dynamo Kyiv,Reale Arena,Donostia-San Sebastián,H. Osmers,FT,Match Finished,3,0,3.0,0.0,3,0
1299235,2024-12-12T20:00:00+00:00,1734033600,3,UEFA Europa League,2024,League Stage - 6,560,Slavia Praha,554,Anderlecht,Fortuna Arena,Praha,A. Papapetrou,FT,Match Finished,1,2,0.0,2.0,1,2
1299232,2024-12-12T20:00:00+00:00,1734033600,3,UEFA Europa League,2024,League Stage - 6,604,Maccabi Tel Aviv,4160,Rīgas FS,Stadion Partizana,Beograd,T. Bognár,FT,Match Finished,2,1,1.0,0.0,2,1
1299236,2025-01-21T15:30:00+00:00,1737473400,3,UEFA Europa League,2024,League Stage - 7,645,Galatasaray,572,Dynamo Kyiv,RAMS Park,İstanbul,K. Tohver,FT,Match Finished,3,3,2.0,1.0,3,3
1299237,2025-01-22T15:30:00+00:00,1737559800,3,UEFA Europa League,2024,League Stage - 7,549,Besiktas,531,Athletic Club,Tüpraş Stadyumu,İstanbul,J. Weinberger,FT,Match Finished,4,1,1.0,1.0,4,1
1299244,2025-01-23T17:45:00+00:00,1737654300,3,UEFA Europa League,2024,League Stage - 7,167,1899 Hoffenheim,47,Tottenham,PreZero Arena,Sinsheim,M. Krogh,FT,Match Finished,2,3,0.0,2.0,2,3
1299238,2025-01-23T17:45:00+00:00,1737654300,3,UEFA Europa League,2024,League Stage - 7,201,AZ Alkmaar,497,AS Roma,AFAS Stadion,Alkmaar,I. Peljto,FT,Match Finished,1,0,0.0,0.0,1,0
1299240,2025-01-23T17:45:00+00:00,1737654300,3,UEFA Europa League,2024,League Stage - 7,212,FC Porto,553,Olympiakos Piraeus,Estádio Do Dragão,Porto,C. Turpin,FT,Match Finished,0,1,0.0,0.0,0,1
1299239,2025-01-23T17:45:00+00:00,1737654300,3,UEFA Europa League,2024,League Stage - 7,327,Bodo/Glimt,604,Maccabi Tel Aviv,Aspmyra Stadion,Bodø,Ricardo De Burgos,FT,Match Finished,3,1,1.0,1.0,3,1
1299242,2025-01-23T17:45:00+00:00,1737654300,3,UEFA Europa League,2024,League Stage - 7,375,Malmo FF,415,Twente,Eleda Stadion,Malmö,S. Stegemann,FT,Match Finished,2,3,1.0,1.0,2,3
1299243,2025-01-23T17:45:00+00:00,1737654300,3,UEFA Europa League,2024,League Stage - 7,556,Qarabag,559,FCSB,Tofiq Bəhramov adına Respublika stadionu,Baku,F. Glova,FT,Match Finished,2,3,2.0,2.0,2,3
1299245,2025-01-23T17:45:00+00:00,1737654300,3,UEFA Europa League,2024,League Stage - 7,567,Plzen,554,Anderlecht,Doosan Aréna,Plzeň,António Nobre,FT,Match Finished,2,0,2.0,0.0,2,0
1299241,2025-01-23T17:45:00+00:00,1737654300,3,UEFA Europa League,2024,League Stage - 7,611,Fenerbahce,80,Lyon,Ülker Stadyumu Fenerbahçe Şükrü Saracoğlu Spor Kompleksi,İstanbul,S. Sozza,FT,Match Finished,0,0,0.0,0.0,0,0
1299250,2025-01-23T20:00:00+00:00,1737662400,3,UEFA Europa League,2024,League Stage - 7,33,Manchester United,257,Rangers,Old Trafford,Manchester,E. Lambrechts,FT,Match Finished,2,1,0.0,0.0,2,1
1299246,2025-01-23T20:00:00+00:00,1737662400,3,UEFA Europa League,2024,League Stage - 7,169,Eintracht Frankfurt,651,Ferencvarosi TC,Deutsche Bank Park,Frankfurt am Main,E. Jorgji,FT,Match Finished,2,0,0.0,0.0,2,0
1299247,2025-01-23T20:00:00+00:00,1737662400,3,UEFA Europa League,2024,League Stage - 7,372,IF Elfsborg,84,Nice,Borås Arena,Borås,I. Pajač,FT,Match Finished,1,0,0.0,0.0,1,0
1299248,2025-01-23T20:00:00+00:00,1737662400,3,UEFA Europa League,2024,League Stage - 7,487,Lazio,548,Real Sociedad,Stadio Olimpico,Roma,L. Visser,FT,Match Finished,3,1,3.0,0.0,3,1
1299249,2025-01-23T20:00:00+00:00,1737662400,3,UEFA Europa League,2024,League Stage - 7,566,Ludogorets,397,FC Midtjylland,Huvepharma Arena,Razgrad,M. Al Hakim,FT,Match Finished,0,2,0.0,1.0,0,2
1299251,2025-01-23T20:00:00+00:00,1737662400,3,UEFA Europa League,2024,League Stage - 7,619,PAOK,560,Slavia Praha,Stadio Toumbas,Thessaloníki,M. Jug,FT,Match Finished,2,0,1.0,0.0,2,0
1299253,2025-01-23T20:00:00+00:00,1737662400,3,UEFA Europa League,2024,League Stage - 7,1393,Union St. Gilloise,217,SC Braga,Stade Roi Baudouin,Brussel,N. Walsh,FT,Match Finished,2,1,0.0,1.0,2,1
1299252,2025-01-23T20:00:00+00:00,1737662400,3,UEFA Europa League,2024,League Stage - 7,4160,Rīgas FS,194,Ajax,Daugavas Stadionā,Riga,M. Barbu,FT,Match Finished,1,0,0.0,0.0,1,0
1299271,2025-01-30T20:00:00+00:00,1738267200,3,UEFA Europa League,2024,League Stage - 8,47,Tottenham,372,IF Elfsborg,Tottenham Hotspur Stadium,London,S. Gishamer,FT,Match Finished,3,0,0.0,0.0,3,0
1299261,2025-01-30T20:00:00+00:00,1738267200,3,UEFA Europa League,2024,League Stage - 8,80,Lyon,566,Ludogorets,Groupama Stadium,Décines-Charpieu,A. Sidiropoulos,FT,Match Finished,1,1,0.0,0.0,1,1
1299263,2025-01-30T20:00:00+00:00,1738267200,3,UEFA Europa League,2024,League Stage - 8,84,Nice,327,Bodo/Glimt,Allianz Riviera,Nice,J. Xhaja,FT,Match Finished,1,1,0.0,0.0,1,1
1299254,2025-01-30T20:00:00+00:00,1738267200,3,UEFA Europa League,2024,League Stage - 8,194,Ajax,645,Galatasaray,Johan Cruijff ArenA,Amsterdam,Gil Manzano,FT,Match Finished,2,1,1.0,0.0,2,1
1299270,2025-01-30T20:00:00+00:00,1738267200,3,UEFA Europa League,2024,League Stage - 8,217,SC Braga,487,Lazio,Estádio Municipal de Braga,Braga,J. Brooks,FT,Match Finished,1,0,1.0,0.0,1,0
1299265,2025-01-30T20:00:00+00:00,1738267200,3,UEFA Europa League,2024,League Stage - 8,257,Rangers,1393,Union St. Gilloise,Ibrox Stadium,Glasgow,D. Sylwestrzak,FT,Match Finished,2,1,1.0,0.0,2,1
1299257,2025-01-30T20:00:00+00:00,1738267200,3,UEFA Europa League,2024,League Stage - 8,397,FC Midtjylland,611,Fenerbahce,MCH Arena,Herning,Luís Godinho,FT,Match Finished,2,2,1.0,1.0,2,2
1299258,2025-01-30T20:00:00+00:00,1738267200,3,UEFA Europa League,2024,League Stage - 8,415,Twente,549,Besiktas,De Grolsch Veste,Enschede,S. Marciniak,FT,Match Finished,1,0,0.0,0.0,1,0
1299267,2025-01-30T20:00:00+00:00,1738267200,3,UEFA Europa League,2024,League Stage - 8,497,AS Roma,169,Eintracht Frankfurt,Stadio Olimpico,Roma,R. Obrenović,FT,Match Finished,2,0,1.0,0.0,2,0
1299255,2025-01-30T20:00:00+00:00,1738267200,3,UEFA Europa League,2024,League Stage - 8,531,Athletic Club,567,Plzen,San Mamés Barria,Bilbao,M. Jug,FT,Match Finished,3,1,1.0,0.0,3,1
1299266,2025-01-30T20:00:00+00:00,1738267200,3,UEFA Europa League,2024,League Stage - 8,548,Real Sociedad,619,PAOK,Reale Arena,Donostia-San Sebastián,J. Beaton,FT,Match Finished,2,0,1.0,0.0,2,0
1299264,2025-01-30T20:00:00+00:00,1738267200,3,UEFA Europa League,2024,League Stage - 8,553,Olympiakos Piraeus,556,Qarabag,Stadio Georgios Karaiskáki,Piraeus,R. Petrescu,FT,Match Finished,3,0,0.0,0.0,3,0
1299268,2025-01-30T20:00:00+00:00,1738267200,3,UEFA Europa League,2024,League Stage - 8,554,Anderlecht,167,1899 Hoffenheim,Lotto Park,Brussel,G. Kruashvili,FT,Match Finished,3,4,1.0,1.0,3,4
1299259,2025-01-30T20:00:00+00:00,1738267200,3,UEFA Europa League,2024,League Stage - 8,559,FCSB,33,Manchester United,Arena Naţională,Bucureşti,H. Osmers,FT,Match Finished,0,2,0.0,0.0,0,2
1299269,2025-01-30T20:00:00+00:00,1738267200,3,UEFA Europa League,2024,League Stage - 8,560,Slavia Praha,375,Malmo FF,Fortuna Arena,Praha,A. Lindhout,FT,Match Finished,2,2,0.0,0.0,2,2
1299256,2025-01-30T20:00:00+00:00,1738267200,3,UEFA Europa League,2024,League Stage - 8,572,Dynamo Kyiv,4160,Rīgas FS,Volksparkstadion,Hamburg,O. Grinfeeld,FT,Match Finished,1,0,0.0,0.0,1,0
1299262,2025-01-30T20:00:00+00:00,1738267200,3,UEFA Europa League,2024,League Stage - 8,604,Maccabi Tel Aviv,212,FC Porto,Stadion Partizana,Beograd,N. Dabanović,FT,Match Finished,0,1,0.0,0.0,0,1
1299260,2025-01-30T20:00:00+00:00,1738267200,3,UEFA Europa League,2024,League Stage - 8,651,Ferencvarosi TC,201,AZ Alkmaar,Groupama Aréna,Budapest,N. Minaković,FT,Match Finished,4,3,3.0,0.0,4,3
1345755,2025-02-13T17:45:00+00:00,1739468700,3,UEFA Europa League,2024,Knockout Round Play-offs,397,FC Midtjylland,548,Real Sociedad,MCH Arena,Herning,O. Grinfeeld,FT,Match Finished,1,2,1.0,2.0,1,2
1345759,2025-02-13T17:45:00+00:00,1739468700,3,UEFA Europa League,2024,Knockout Round Play-offs,611,Fenerbahce,554,Anderlecht,Ülker Stadyumu Fenerbahçe Şükrü Saracoğlu Spor Kompleksi,İstanbul,N. Dabanović,FT,Match Finished,3,0,2.0,0.0,3,0
1345753,2025-02-13T17:45:00+00:00,1739468700,3,UEFA Europa League,2024,Knockout Round Play-offs,651,Ferencvarosi TC,567,Plzen,Groupama Aréna,Budapest,G. Kruashvili,FT,Match Finished,1,0,1.0,0.0,1,0
1345757,2025-02-13T17:45:00+00:00,1739468700,3,UEFA Europa League,2024,Knockout Round Play-offs,1393,Union St. Gilloise,194,Ajax,Stade Roi Baudouin,Brussel,D. Rumšas,FT,Match Finished,0,2,0.0,0.0,0,2
1345763,2025-02-13T20:00:00+00:00,1739476800,3,UEFA Europa League,2024,Knockout Round Play-offs,201,AZ Alkmaar,645,Galatasaray,AFAS Stadion,Alkmaar,João Pedro Pinheiro,FT,Match Finished,4,1,2.0,1.0,4,1
1345761,2025-02-13T20:00:00+00:00,1739476800,3,UEFA Europa League,2024,Knockout Round Play-offs,212,FC Porto,497,AS Roma,Estádio Do Dragão,Porto,T. Stieler,FT,Match Finished,1,1,0.0,1.0,1,1
1345767,2025-02-13T20:00:00+00:00,1739476800,3,UEFA Europa League,2024,Knockout Round Play-offs,415,Twente,327,Bodo/Glimt,De Grolsch Veste,Enschede,S. Gishamer,FT,Match Finished,2,1,1.0,0.0,2,1
1345765,2025-02-13T20:00:00+00:00,1739476800,3,UEFA Europa League,2024,Knockout Round Play-offs,619,PAOK,559,FCSB,Stadio Toumbas,Thessaloníki,L. Visser,FT,Match Finished,1,2,1.0,0.0,1,2
1345768,2025-02-20T17:45:00+00:00,1740073500,3,UEFA Europa League,2024,Knockout Round Play-offs,327,Bodo/Glimt,415,Twente,Aspmyra Stadion,Bodø,Alejandro Hernández,AET,Match Finished,5,2,0.0,1.0,3,2
1345762,2025-02-20T17:45:00+00:00,1740073500,3,UEFA Europa League,2024,Knockout Round Play-offs,497,AS Roma,212,FC Porto,Stadio Olimpico,Roma,F. Letexier,FT,Match Finished,3,2,2.0,1.0,3,2
1345766,2025-02-20T17:45:00+00:00,1740073500,3,UEFA Europa League,2024,Knockout Round Play-offs,559,FCSB,619,PAOK,Arena Naţională,Bucureşti,M. Jug,FT,Match Finished,2,0,1.0,0.0,2,0
1345764,2025-02-20T17:45:00+00:00,1740073500,3,UEFA Europa League,2024,Knockout Round Play-offs,645,Galatasaray,201,AZ Alkmaar,RAMS Park,İstanbul,A. Taylor,FT,Match Finished,2,2,0.0,1.0,2,2
1345758,2025-02-20T20:00:00+00:00,1740081600,3,UEFA Europa League,2024,Knockout Round Play-offs,194,Ajax,1393,Union St. Gilloise,Johan Cruijff ArenA,Amsterdam,C. Kavanagh,AET,Match Finished,1,2,0.0,2.0,0,2
1345756,2025-02-20T20:00:00+00:00,1740081600,3,UEFA Europa League,2024,Knockout Round Play-offs,548,Real Sociedad,397,FC Midtjylland,Reale Arena,Donostia-San Sebastián,S. Gözübüyük,FT,Match Finished,5,2,3.0,2.0,5,2
1345760,2025-02-20T20:00:00+00:00,1740081600,3,UEFA Europa League,2024,Knockout Round Play-offs,554,Anderlecht,611,Fenerbahce,Lotto Park,Brussel,S. Schärer,FT,Match Finished,2,2,1.0,1.0,2,2
1345754,2025-02-20T20:00:00+00:00,1740081600,3,UEFA Europa League,2024,Knockout Round Play-offs,567,Plzen,651,Ferencvarosi TC,Doosan Aréna,Plzeň,J. Brisard,FT,Match Finished,3,0,3.0,0.0,3,0
1353186,2025-03-06T17:45:00+00:00,1741283100,3,UEFA Europa League,2024,Round of 16,201,AZ Alkmaar,47,Tottenham,AFAS Stadion,Alkmaar,R. Obrenović,FT,Match Finished,1,0,1.0,0.0,1,0
1353192,2025-03-06T17:45:00+00:00,1741283100,3,UEFA Europa League,2024,Round of 16,548,Real Sociedad,33,Manchester United,Reale Arena,Donostia-San Sebastián,I. Kružliak,FT,Match Finished,1,1,0.0,0.0,1,1
1353190,2025-03-06T17:45:00+00:00,1741283100,3,UEFA Europa League,2024,Round of 16,559,FCSB,80,Lyon,Arena Naţională,Bucureşti,T. Stieler,FT,Match Finished,1,3,0.0,1.0,1,3
1353188,2025-03-06T17:45:00+00:00,1741283100,3,UEFA Europa League,2024,Round of 16,611,Fenerbahce,257,Rangers,Ülker Stadyumu Fenerbahçe Şükrü Saracoğlu Spor Kompleksi,İstanbul,Alejandro Hernández,FT,Match Finished,1,3,1.0,2.0,1,3
1353198,2025-03-06T20:00:00+00:00,1741291200,3,UEFA Europa League,2024,Round of 16,194,Ajax,169,Eintracht Frankfurt,Johan Cruijff ArenA,Amsterdam,S. Sozza,FT,Match Finished,1,2,1.0,1.0,1,2
1353196,2025-03-06T20:00:00+00:00,1741291200,3,UEFA Europa League,2024,Round of 16,327,Bodo/Glimt,553,Olympiakos Piraeus,Aspmyra Stadion,Bodø,M. Balakin,FT,Match Finished,3,0,2.0,0.0,3,0
1353200,2025-03-06T20:00:00+00:00,1741291200,3,UEFA Europa League,2024,Round of 16,497,AS Roma,531,Athletic Club,Stadio Olimpico,Roma,S. Schärer,FT,Match Finished,2,1,0.0,0.0,2,1
1353194,2025-03-06T20:00:00+00:00,1741291200,3,UEFA Europa League,2024,Round of 16,567,Plzen,487,Lazio,Doosan Aréna,Plzeň,D. Rumšas,FT,Match Finished,1,2,0.0,1.0,1,2
1353199,2025-03-13T17:45:00+00:00,1741887900,3,UEFA Europa League,2024,Round of 16,169,Eintracht Frankfurt,194,Ajax,Deutsche Bank Park,Frankfurt am Main,I. Peljto,FT,Match Finished,4,1,2.0,0.0,4,1
1353195,2025-03-13T17:45:00+00:00,1741887900,3,UEFA Europa League,2024,Round of 16,487,Lazio,567,Plzen,Stadio Olimpico,Roma,D. Makkelie,FT,Match Finished,1,1,0.0,0.0,1,1
1353201,2025-03-13T17:45:00+00:00,1741887900,3,UEFA Europa League,2024,Round of 16,531,Athletic Club,497,AS Roma,San Mamés Barria,Bilbao,C. Turpin,FT,Match Finished,3,1,1.0,0.0,3,1
1353197,2025-03-13T17:45:00+00:00,1741887900,3,UEFA Europa League,2024,Round of 16,553,Olympiakos Piraeus,327,Bodo/Glimt,Stadio Georgios Karaiskáki,Piraeus,F. Zwayer,FT,Match Finished,2,1,0.0,1.0,2,1
1353193,2025-03-13T20:00:00+00:00,1741896000,3,UEFA Europa League,2024,Round of 16,33,Manchester United,548,Real Sociedad,Old Trafford,Manchester,B. Bastien,FT,Match Finished,4,1,1.0,1.0,4,1
1353187,2025-03-13T20:00:00+00:00,1741896000,3,UEFA Europa League,2024,Round of 16,47,Tottenham,201,AZ Alkmaar,Tottenham Hotspur Stadium,London,João Pedro Pinheiro,FT,Match Finished,3,1,1.0,0.0,3,1
1353191,2025-03-13T20:00:00+00:00,1741896000,3,UEFA Europa League,2024,Round of 16,80,Lyon,559,FCSB,Groupama Stadium,Décines-Charpieu,A. Taylor,FT,Match Finished,4,0,2.0,0.0,4,0
1353189,2025-03-13T20:00:00+00:00,1741896000,3,UEFA Europa League,2024,Round of 16,257,Rangers,611,Fenerbahce,Ibrox Stadium,Glasgow,E. Eskås,PEN,Match Finished,0,2,0.0,1.0,0,2
1361276,2025-04-10T16:45:00+00:00,1744303500,3,UEFA Europa League,2024,Quarter-finals,327,Bodo/Glimt,487,Lazio,Aspmyra Stadion,Bodø,M. Oliver,FT,Match Finished,2,0,0.0,0.0,2,0
1361278,2025-04-10T19:00:00+00:00,1744311600,3,UEFA Europa League,2024,Quarter-finals,47,Tottenham,169,Eintracht Frankfurt,Tottenham Hotspur Stadium,London,S. Marciniak,FT,Match Finished,1,1,1.0,1.0,1,1
1361282,2025-04-10T19:00:00+00:00,1744311600,3,UEFA Europa League,2024,Quarter-finals,80,Lyon,33,Manchester United,Groupama Stadium,Décines-Charpieu,G. Nyberg,FT,Match Finished,2,2,1.0,1.0,2,2
1361280,2025-04-10T19:00:00+00:00,1744311600,3,UEFA Europa League,2024,Quarter-finals,257,Rangers,531,Athletic Club,Ibrox Stadium,Glasgow,I. Kovács,FT,Match Finished,0,0,0.0,0.0,0,0
1361283,2025-04-17T19:00:00+00:00,1744916400,3,UEFA Europa League,2024,Quarter-finals,33,Manchester United,80,Lyon,Old Trafford,Manchester,S. Schärer,AET,Match Finished,5,4,2.0,0.0,2,2
1361279,2025-04-17T19:00:00+00:00,1744916400,3,UEFA Europa League,2024,Quarter-finals,169,Eintracht Frankfurt,47,Tottenham,Deutsche Bank Park,Frankfurt am Main,D. Massa,FT,Match Finished,0,1,0.0,1.0,0,1
1361277,2025-04-17T19:00:00+00:00,1744916400,3,UEFA Europa League,2024,Quarter-finals,487,Lazio,327,Bodo/Glimt,Stadio Olimpico,Roma,D. Siebert,PEN,Match Finished,3,1,1.0,0.0,2,0
1361281,2025-04-17T19:00:00+00:00,1744916400,3,UEFA Europa League,2024,Quarter-finals,531,Athletic Club,257,Rangers,San Mamés Barria,Bilbao,I. Peljto,FT,Match Finished,2,0,1.0,0.0,2,0
1371990,2025-05-01T19:00:00+00:00,1746126000,3,UEFA Europa League,2024,Semi-finals,47,Tottenham,327,Bodo/Glimt,Tottenham Hotspur Stadium,London,José Sánchez,FT,Match Finished,3,1,2.0,0.0,3,1
1371992,2025-05-01T19:00:00+00:00,1746126000,3,UEFA Europa League,2024,Semi-finals,531,Athletic Club,33,Manchester United,San Mamés Barria,Bilbao,E. Eskås,FT,Match Finished,0,3,0.0,3.0,0,3
1371993,2025-05-08T19:00:00+00:00,1746730800,3,UEFA Europa League,2024,Semi-finals,33,Manchester United,531,Athletic Club,Old Trafford,Manchester,D. Siebert,FT,Match Finished,4,1,0.0,1.0,4,1
1371991,2025-05-08T19:00:00+00:00,1746730800,3,UEFA Europa League,2024,Semi-finals,327,Bodo/Glimt,47,Tottenham,Aspmyra Stadion,Bodø,M. Mariani,FT,Match Finished,0,2,0.0,0.0,0,2
1374897,2025-05-21T19:00:00+00:00,1747854000,3,UEFA Europa League,2024,Final,47,Tottenham,33,Manchester United,San Mamés Barria,Bilbao,F. Zwayer,FT,Match Finished,1,0,1.0,0.0,1,0
1208446,2024-07-10T18:00:00+00:00,1720634400,848,UEFA Europa Conference League,2024,1st Qualifying Round,3381,Velež,3342,Inter Club d'Escaldes,Stadion Grbavica,Sarajevo,J. Karlsen,FT,Match Finished,1,1,0.0,1.0,1,1
1208468,2024-07-10T19:00:00+00:00,1720638000,848,UEFA Europa Conference League,2024,1st Qualifying Round,4135,Auda,678,B36 Torshavn,Stadions Skonto,Riga,D. Kos,FT,Match Finished,2,0,1.0,0.0,2,0
1208443,2024-07-11T15:00:00+00:00,1720710000,848,UEFA Europa Conference League,2024,1st Qualifying Round,661,FK Liepaja,580,Vikingur Gota,Stadions Daugava,Liepāja,T. Owen,FT,Match Finished,1,1,0.0,1.0,1,1
1208452,2024-07-11T15:00:00+00:00,1720710000,848,UEFA Europa Conference League,2024,1st Qualifying Round,3870,Šiauliai,2273,FC Levadia Tallinn,Šiaulių m. savivaldybes stadionas,Šiauliai,M. Bejtullahu,FT,Match Finished,0,2,0.0,2.0,0,2
1208438,2024-07-11T15:00:00+00:00,1720710000,848,UEFA Europa Conference League,2024,1st Qualifying Round,4563,Aktobe,679,FK Sarajevo,Ortalyq stadıon,Aktobe,I. Torres Rocha,FT,Match Finished,0,1,0.0,0.0,0,1
1208462,2024-07-11T15:00:00+00:00,1720710000,848,UEFA Europa Conference League,2024,1st Qualifying Round,15576,Malisheva,579,Buducnost Podgorica,Stadiumi Zahir Pajaziti,"Besiana, Podujevo",M. Matoša,FT,Match Finished,1,0,0.0,0.0,1,0
1208474,2024-07-11T16:00:00+00:00,1720713600,848,UEFA Europa Conference League,2024,1st Qualifying Round,3684,FC Noah,609,Shkendija,Kotaik Stadium,Abovian,V. Shimusik,FT,Match Finished,2,0,0.0,0.0,2,0
1208440,2024-07-11T16:00:00+00:00,1720713600,848,UEFA Europa Conference League,2024,1st Qualifying Round,4359,Bravo,357,GAP Connah S Quay FC,Športni Park Šiška,Ljubljana,S. Amland,FT,Match Finished,0,1,0.0,0.0,0,1
1208460,2024-07-11T16:00:00+00:00,1720713600,848,UEFA Europa Conference League,2024,1st Qualifying Round,16135,Magpies,670,Derry City,Europa Point Stadium,Gibraltar,R. Jenkins,FT,Match Finished,2,0,0.0,0.0,2,0
1208464,2024-07-11T16:30:00+00:00,1720715400,848,UEFA Europa Conference League,2024,1st Qualifying Round,3345,Atlètic Club d'Escaldes,578,F91 Dudelange,Estadi Nacional,Andorra la Vella,P. McLaughlin,FT,Match Finished,0,1,0.0,1.0,0,1
1208456,2024-07-11T16:30:00+00:00,1720715400,848,UEFA Europa Conference League,2024,1st Qualifying Round,3529,Tallinna Kalev,2276,FC Urartu,Kadrioru staadion,Tallinn,D. Kubriak,FT,Match Finished,1,2,1.0,1.0,1,2
1208450,2024-07-11T17:00:00+00:00,1720717200,848,UEFA Europa Conference League,2024,1st Qualifying Round,385,Torpedo Zhodino,691,Milsami Orhei,Király Sportlétesítmény,Szombathely,M. Savović,FT,Match Finished,2,4,1.0,2.0,2,4
1208480,2024-07-11T17:00:00+00:00,1720717200,848,UEFA Europa Conference League,2024,1st Qualifying Round,650,VPS,586,FK Zalgiris Vilnius,Lemonsoft Stadion,Vaasa,J. Ellefsen,FT,Match Finished,1,2,0.0,1.0,1,2
1208470,2024-07-11T17:00:00+00:00,1720717200,848,UEFA Europa Conference League,2024,1st Qualifying Round,685,Torpedo Kutaisi,694,Tirana,Ramaz Shengelias Sakhelobis Stadioni,Kutaisi,Z. Hovhannisyan,FT,Match Finished,1,1,1.0,0.0,1,1
1208444,2024-07-11T17:00:00+00:00,1720717200,848,UEFA Europa Conference League,2024,1st Qualifying Round,2036,UNA Strassen,1165,KuPS,Stade Parc des Sports,Differdange,H. Jónasson,FT,Match Finished,0,0,0.0,0.0,0,0
1208448,2024-07-11T17:00:00+00:00,1720717200,848,UEFA Europa Conference League,2024,1st Qualifying Round,4625,Floriana,700,Tre Penne,Tony Bezzina Stadium,Paola,F. Lata,FT,Match Finished,3,1,0.0,0.0,3,1
1208434,2024-07-11T17:30:00+00:00,1720719000,848,UEFA Europa Conference League,2024,1st Qualifying Round,356,Caernarfon Town,697,Crusaders FC,Nantporth Stadium,Bangor,R. Harvey,FT,Match Finished,2,0,2.0,0.0,2,0
1208432,2024-07-11T18:00:00+00:00,1720720800,848,UEFA Europa Conference League,2024,1st Qualifying Round,352,Bala Town,3528,Paide,Park Hall Stadium,"Oswestry / Croesoswallt, Shropshire",M. McDermid,FT,Match Finished,1,2,0.0,0.0,1,2
1208467,2024-07-11T18:00:00+00:00,1720720800,848,UEFA Europa Conference League,2024,1st Qualifying Round,708,Partizani,14507,Marsaxlokk,Elbasan Arena,Elbasan,R. Jitari,FT,Match Finished,1,1,1.0,1.0,1,1
1208476,2024-07-11T18:30:00+00:00,1720722600,848,UEFA Europa Conference League,2024,1st Qualifying Round,4348,Tikveš,276,Breidablik,Toše Proeski Arena,Skopje,J. Muller,FT,Match Finished,3,2,0.0,2.0,3,2
1208455,2024-07-11T18:45:00+00:00,1720723500,848,UEFA Europa Conference League,2024,1st Qualifying Round,2249,La Fiorita,391,FC Isloch Minsk R.,Stadio Olimpico di Serravalle,Serravalle,J. Šabotić,FT,Match Finished,0,1,0.0,1.0,0,1
1208478,2024-07-11T18:45:00+00:00,1720723500,848,UEFA Europa Conference League,2024,1st Qualifying Round,3740,Mornar,2262,Dinamo Tbilisi,DG Arena,Podgorica,G. Ginchev,FT,Match Finished,2,1,2.0,0.0,2,1
1208472,2024-07-11T18:45:00+00:00,1720723500,848,UEFA Europa Conference League,2024,1st Qualifying Round,3854,Shelbourne,698,St Joseph S Fc,Tolka Park,Dublin,Luis Teixeira,FT,Match Finished,2,1,1.0,1.0,2,1
1208458,2024-07-11T19:00:00+00:00,1720724400,848,UEFA Europa Conference League,2024,1st Qualifying Round,274,Valur Reykjavik,3339,Vllaznia Shkodër,N1-völlurinn Hlíðarenda,Reykjavík,T. Marshall,FT,Match Finished,2,2,1.0,1.0,2,2
1208436,2024-07-11T19:00:00+00:00,1720724400,848,UEFA Europa Conference League,2024,1st Qualifying Round,275,Stjarnan,583,Linfield,Samsung völlurinn,Garðabær,I. Griffith,FT,Match Finished,2,0,1.0,0.0,2,0
1208469,2024-07-17T17:00:00+00:00,1721235600,848,UEFA Europa Conference League,2024,1st Qualifying Round,678,B36 Torshavn,4135,Auda,Tórsvøllur,"Tórshavn, Streymoy",O. Reitala,FT,Match Finished,0,1,0.0,0.0,0,1
1208435,2024-07-17T18:45:00+00:00,1721241900,848,UEFA Europa Conference League,2024,1st Qualifying Round,697,Crusaders FC,356,Caernarfon Town,Seaview,Belfast,H. Vidoy,PEN,Match Finished,3,1,0.0,1.0,3,1
1208445,2024-07-18T15:00:00+00:00,1721314800,848,UEFA Europa Conference League,2024,1st Qualifying Round,1165,KuPS,2036,UNA Strassen,Väre Areena,Kuopio,I. McNabb,FT,Match Finished,5,0,2.0,0.0,5,0
1208457,2024-07-18T15:00:00+00:00,1721314800,848,UEFA Europa Conference League,2024,1st Qualifying Round,2276,FC Urartu,3529,Tallinna Kalev,Urartu Stadium,Yerevan,P. Ilić,FT,Match Finished,2,0,1.0,0.0,2,0
1208481,2024-07-18T16:00:00+00:00,1721318400,848,UEFA Europa Conference League,2024,1st Qualifying Round,586,FK Zalgiris Vilnius,650,VPS,Vilniaus LFF stadionas,Vilnius,B. Şimşek,FT,Match Finished,1,0,1.0,0.0,1,0
1208451,2024-07-18T16:00:00+00:00,1721318400,848,UEFA Europa Conference League,2024,1st Qualifying Round,691,Milsami Orhei,385,Torpedo Zhodino,Complexul Sportiv Raional,Orhei,B. Csonka,FT,Match Finished,0,0,0.0,0.0,0,0
1208473,2024-07-18T16:00:00+00:00,1721318400,848,UEFA Europa Conference League,2024,1st Qualifying Round,698,St Joseph S Fc,3854,Shelbourne,Europa Point Stadium,Gibraltar,L. Szikszay,FT,Match Finished,1,1,1.0,1.0,1,1
1208453,2024-07-18T16:00:00+00:00,1721318400,848,UEFA Europa Conference League,2024,1st Qualifying Round,2273,FC Levadia Tallinn,3870,Šiauliai,A. Le Coq Arena,Tallinn,L. Kuźma,FT,Match Finished,0,0,0.0,0.0,0,0
1208447,2024-07-18T16:00:00+00:00,1721318400,848,UEFA Europa Conference League,2024,1st Qualifying Round,3342,Inter Club d'Escaldes,3381,Velež,Estadi Nacional,Andorra la Vella,A. Kijas,FT,Match Finished,5,1,2.0,0.0,5,1
1208433,2024-07-18T16:30:00+00:00,1721320200,848,UEFA Europa Conference League,2024,1st Qualifying Round,3528,Paide,352,Bala Town,Pärnu Rannastaadion,Pärnu,D. Nikolić,AET,Match Finished,1,1,0.0,1.0,0,1
1208465,2024-07-18T17:00:00+00:00,1721322000,848,UEFA Europa Conference League,2024,1st Qualifying Round,578,F91 Dudelange,3345,Atlètic Club d'Escaldes,Stade Jos Nosbaum,Dudelange,K. Sağlam,FT,Match Finished,2,0,0.0,0.0,2,0
1208479,2024-07-18T17:00:00+00:00,1721322000,848,UEFA Europa Conference League,2024,1st Qualifying Round,2262,Dinamo Tbilisi,3740,Mornar,Mikheil Meskhis sakhelobis Stadioni,Tbilisi,I. Orlic,FT,Match Finished,1,1,1.0,0.0,1,1
1208466,2024-07-18T17:00:00+00:00,1721322000,848,UEFA Europa Conference League,2024,1st Qualifying Round,14507,Marsaxlokk,708,Partizani,MFA Centenary Stadium,Ta'Qali,I. Stojchevski,FT,Match Finished,1,2,0.0,0.0,1,2
1208441,2024-07-18T17:30:00+00:00,1721323800,848,UEFA Europa Conference League,2024,1st Qualifying Round,357,GAP Connah S Quay FC,4359,Bravo,Nantporth Stadium,Bangor,B. McMaster,FT,Match Finished,0,2,0.0,0.0,0,1
1208454,2024-07-18T17:30:00+00:00,1721323800,848,UEFA Europa Conference League,2024,1st Qualifying Round,391,FC Isloch Minsk R.,2249,La Fiorita,Városi Stadion,Mezőkövesd,J. Kachevski,PEN,Match Finished,0,1,0.0,0.0,0,1
1208442,2024-07-18T18:00:00+00:00,1721325600,848,UEFA Europa Conference League,2024,1st Qualifying Round,580,Vikingur Gota,661,FK Liepaja,Við Djúpumýrar,"Klaksvík, Borðoy",J. Östling,FT,Match Finished,2,0,2.0,0.0,2,0
1208475,2024-07-18T18:00:00+00:00,1721325600,848,UEFA Europa Conference League,2024,1st Qualifying Round,609,Shkendija,3684,FC Noah,Toše Proeski Arena,Skopje,D. Starý,FT,Match Finished,1,2,0.0,1.0,1,2
1208471,2024-07-18T18:00:00+00:00,1721325600,848,UEFA Europa Conference League,2024,1st Qualifying Round,694,Tirana,685,Torpedo Kutaisi,Elbasan Arena,Elbasan,D. Černý,FT,Match Finished,0,1,0.0,1.0,0,1
1208459,2024-07-18T18:30:00+00:00,1721327400,848,UEFA Europa Conference League,2024,1st Qualifying Round,3339,Vllaznia Shkodër,274,Valur Reykjavik,Stadiumi Loro Boriçi,Shkodër,S. Sozza,FT,Match Finished,0,4,0.0,3.0,0,4
1208437,2024-07-18T18:45:00+00:00,1721328300,848,UEFA Europa Conference League,2024,1st Qualifying Round,583,Linfield,275,Stjarnan,Windsor Park,Belfast,G. Maqedonci,FT,Match Finished,3,2,1.0,0.0,3,2
1208461,2024-07-18T18:45:00+00:00,1721328300,848,UEFA Europa Conference League,2024,1st Qualifying Round,670,Derry City,16135,Magpies,The Ryan McBride Brandywell Stadium,Londonderry,Antoine Chiaramonti,AET,Match Finished,2,1,1.0,0.0,2,0
1208449,2024-07-18T18:45:00+00:00,1721328300,848,UEFA Europa Conference League,2024,1st Qualifying Round,700,Tre Penne,4625,Floriana,Stadio Olimpico di Serravalle,Serravalle,R. Omarov,FT,Match Finished,1,1,0.0,0.0,1,1
1208463,2024-07-18T19:00:00+00:00,1721329200,848,UEFA Europa Conference League,2024,1st Qualifying Round,579,Buducnost Podgorica,15576,Malisheva,Stadion Pod Goricom,Podgorica,M. Káprály,FT,Match Finished,3,0,1.0,0.0,3,0
1208439,2024-07-18T19:00:00+00:00,1721329200,848,UEFA Europa Conference League,2024,1st Qualifying Round,679,FK Sarajevo,4563,Aktobe,Olimpijski Stadion Asim Ferhatović Hase,Sarajevo,Z. Küçük,PEN,Match Finished,2,3,0.0,1.0,1,2
1208477,2024-07-18T19:15:00+00:00,1721330100,848,UEFA Europa Conference League,2024,1st Qualifying Round,276,Breidablik,4348,Tikveš,Kópavogsvöllur,Kópavogur,P. Simani,FT,Match Finished,3,1,1.0,1.0,3,1
1251920,2024-07-23T16:00:00+00:00,1721750400,848,UEFA Europa Conference League,2024,2nd Qualifying Round,12733,Ballkani,4626,Hamrun Spartans,Stadiumi Zahir Pajaziti,"Besiana, Podujevo",W. Altmann,FT,Match Finished,0,0,0.0,0.0,0,0
1251922,2024-07-23T17:00:00+00:00,1721754000,848,UEFA Europa Conference League,2024,2nd Qualifying Round,684,FC Differdange 03,692,Ordabasy,Stade Parc des Sports,Differdange,M. Aslam,FT,Match Finished,1,0,1.0,0.0,1,0
1251924,2024-07-23T19:00:00+00:00,1721761200,848,UEFA Europa Conference League,2024,2nd Qualifying Round,5308,Virtus,687,Flora Tallinn,Stadio Olimpico di Serravalle,Serravalle,D. Draganov,FT,Match Finished,0,0,0.0,0.0,0,0
1251926,2024-07-24T15:00:00+00:00,1721833200,848,UEFA Europa Conference League,2024,2nd Qualifying Round,4346,Struga,709,Pyunik Yerevan,Stadion Biljanini Izvori,Ohrid,Luis Teixeira,FT,Match Finished,2,1,1.0,1.0,2,1
1209267,2024-07-24T16:00:00+00:00,1721836800,848,UEFA Europa Conference League,2024,2nd Qualifying Round,10124,Riga,337,Slask Wroclaw,Stadions Skonto,Riga,C. Ciochirca,FT,Match Finished,1,0,1.0,0.0,1,0
1251928,2024-07-24T17:00:00+00:00,1721840400,848,UEFA Europa Conference League,2024,2nd Qualifying Round,705,Dinamo Batumi,3745,Dečić,Batumi Arena,Batumi,S. Karabayev,FT,Match Finished,0,2,0.0,0.0,0,2
1250954,2024-07-24T18:00:00+00:00,1721844000,848,UEFA Europa Conference League,2024,2nd Qualifying Round,575,AEK Athens FC,3342,Inter Club d'Escaldes,OPAP Arena,Athens,L. D'hondt,FT,Match Finished,4,3,3.0,0.0,4,3
1250496,2024-07-24T18:45:00+00:00,1721846700,848,UEFA Europa Conference League,2024,2nd Qualifying Round,2266,Cliftonville FC,4135,Auda,Solitude,Belfast,H. Jónasson,FT,Match Finished,1,2,1.0,1.0,1,2
1250984,2024-07-25T15:00:00+00:00,1721919600,848,UEFA Europa Conference League,2024,2nd Qualifying Round,1165,KuPS,325,Tromso,Väre Areena,Kuopio,I. Griffith,FT,Match Finished,0,1,0.0,0.0,0,1
1251932,2024-07-25T16:00:00+00:00,1721923200,848,UEFA Europa Conference League,2024,2nd Qualifying Round,586,FK Zalgiris Vilnius,3403,Pafos,Vilniaus LFF stadionas,Vilnius,K. Hagenes,FT,Match Finished,2,1,2.0,0.0,2,1
1209269,2024-07-25T16:00:00+00:00,1721923200,848,UEFA Europa Conference League,2024,2nd Qualifying Round,640,Mlada Boleslav,18878,TransINVEST Vilnius,Lokotrans Aréna,Mladá Boleslav,P. Kolarić,FT,Match Finished,2,0,2.0,0.0,2,0
1250982,2024-07-25T16:00:00+00:00,1721923200,848,UEFA Europa Conference League,2024,2nd Qualifying Round,691,Milsami Orhei,562,FC Astana,Complexul Sportiv Raional,Orhei,N. Popov,FT,Match Finished,1,1,0.0,0.0,1,1
1209255,2024-07-25T16:00:00+00:00,1721923200,848,UEFA Europa Conference League,2024,2nd Qualifying Round,1163,Ilves,601,Austria Vienna,Tammelan Stadion,Tampere,Alejandro Muñiz,FT,Match Finished,2,1,0.0,0.0,2,1
1250980,2024-07-25T16:00:00+00:00,1721923200,848,UEFA Europa Conference League,2024,2nd Qualifying Round,3502,Saburtalo,708,Partizani,Mikheil Meskhis sakhelobis Stadioni,Tbilisi,A. Chivulete,FT,Match Finished,2,0,1.0,0.0,2,0
1250976,2024-07-25T16:00:00+00:00,1721923200,848,UEFA Europa Conference League,2024,2nd Qualifying Round,3684,FC Noah,4628,Sliema Wanderers,Kotaik Stadium,Abovian,R. Jitari,FT,Match Finished,7,0,3.0,0.0,7,0
1209253,2024-07-25T16:00:00+00:00,1721923200,848,UEFA Europa Conference League,2024,2nd Qualifying Round,5503,Sumqayıt,610,Fehérvár FC,Mehdi Hüseynzadə adına Sumqayıt şəhər stadionu,Sumqayıt,F. Lata,FT,Match Finished,1,2,1.0,1.0,1,2
1250969,2024-07-25T16:00:00+00:00,1721923200,848,UEFA Europa Conference League,2024,2nd Qualifying Round,16135,Magpies,400,FC Copenhagen,Europa Point Stadium,Gibraltar,Cláudio Pereira,FT,Match Finished,0,3,0.0,1.0,0,3
1209249,2024-07-25T16:30:00+00:00,1721925000,848,UEFA Europa Conference League,2024,2nd Qualifying Round,410,GO Ahead Eagles,319,Brann,De Adelaarshorst,Deventer,D. Shurman,FT,Match Finished,0,0,0.0,0.0,0,0
1251930,2024-07-25T16:30:00+00:00,1721925000,848,UEFA Europa Conference League,2024,2nd Qualifying Round,648,Zira,2257,Dunajska Streda,Liv Bona Dea Arena,Baku,I. Torres Rocha,FT,Match Finished,4,0,2.0,0.0,4,0
1250960,2024-07-25T16:30:00+00:00,1721925000,848,UEFA Europa Conference League,2024,2nd Qualifying Round,3402,Omonia Nicosia,685,Torpedo Kutaisi,Neo GSP,Levkosía,M. Matoša,FT,Match Finished,3,1,1.0,0.0,3,1
1209273,2024-07-25T16:45:00+00:00,1721925900,848,UEFA Europa Conference League,2024,2nd Qualifying Round,4633,Zimbru,3683,Ararat-Armenia,Stadionul Zimbru,Chişinău,F. Jović,FT,Match Finished,0,3,0.0,1.0,0,3
1209261,2024-07-25T17:00:00+00:00,1721926800,848,UEFA Europa Conference League,2024,2nd Qualifying Round,364,Djurgardens IF,658,Progres Niederkorn,Tele2 Arena,Stockholm,A. Dudic,FT,Match Finished,3,0,2.0,0.0,3,0
1251934,2024-07-25T17:00:00+00:00,1721926800,848,UEFA Europa Conference League,2024,2nd Qualifying Round,407,Brondby,14395,Llapi,Brøndby Stadion,Brøndby,D. Dickinson,FT,Match Finished,6,0,4.0,0.0,6,0
1209263,2024-07-25T17:00:00+00:00,1721926800,848,UEFA Europa Conference League,2024,2nd Qualifying Round,563,Hapoel Beer Sheva,851,Cherno More Varna,Gradski stadion,Lovech,D. Sakhi,FT,Match Finished,0,0,0.0,0.0,0,0
1250956,2024-07-25T17:00:00+00:00,1721926800,848,UEFA Europa Conference League,2024,2nd Qualifying Round,578,F91 Dudelange,367,BK Hacken,Stade Jos Nosbaum,Dudelange,A. Bandić,FT,Match Finished,2,6,2.0,4.0,2,6
1209251,2024-07-25T17:00:00+00:00,1721926800,848,UEFA Europa Conference League,2024,2nd Qualifying Round,677,Olimpija Ljubljana,6496,Polessya,Stadion Stožice,Ljubljana,Javier Alberola,FT,Match Finished,2,0,0.0,0.0,2,0
1250992,2024-07-25T17:00:00+00:00,1721926800,848,UEFA Europa Conference League,2024,2nd Qualifying Round,783,FC Zurich,3854,Shelbourne,Stadion Letzigrund,Zürich,V. Kastrati,FT,Match Finished,3,0,2.0,0.0,3,0
1209259,2024-07-25T17:00:00+00:00,1721926800,848,UEFA Europa Conference League,2024,2nd Qualifying Round,3623,Dnipro-1,2391,Puskas Academy,Košická futbalová aréna,Košice,K. Athanasiou,FT,Match Finished,0,3,,,0,3
1250990,2024-07-25T17:00:00+00:00,1721926800,848,UEFA Europa Conference League,2024,2nd Qualifying Round,3713,Baník Ostrava,2276,FC Urartu,Městský stadion - Vítkovice Aréna,Ostrava,M. Bejtullahu,FT,Match Finished,5,1,3.0,0.0,5,1
1250988,2024-07-25T17:00:00+00:00,1721926800,848,UEFA Europa Conference League,2024,2nd Qualifying Round,4625,Floriana,224,Guimaraes,MFA Centenary Stadium,Ta'Qali,B. McMaster,FT,Match Finished,0,1,0.0,0.0,0,1
1209247,2024-07-25T17:15:00+00:00,1721927700,848,UEFA Europa Conference League,2024,2nd Qualifying Round,4195,Maccabi Haifa,13976,Sabah FA,Várkerti Stadion,Kisvárda,N. Verboomen,FT,Match Finished,0,3,0.0,0.0,0,3
1250966,2024-07-25T17:30:00+00:00,1721928600,848,UEFA Europa Conference League,2024,2nd Qualifying Round,1426,CSKA 1948,579,Buducnost Podgorica,Stadion Vasil Levski,Sofia,I. Kvirikashvili,FT,Match Finished,1,0,1.0,0.0,1,0
1209271,2024-07-25T17:30:00+00:00,1721928600,848,UEFA Europa Conference League,2024,2nd Qualifying Round,2246,CFR 1907 Cluj,387,Neman,Stadionul Dr. Constantin Rădulescu,Cluj-Napoca,M. Gigović,FT,Match Finished,0,0,0.0,0.0,0,0
1250970,2024-07-25T17:45:00+00:00,1721929500,848,UEFA Europa Conference League,2024,2nd Qualifying Round,564,Istanbul Basaksehir,2249,La Fiorita,Başakşehir Fatih Terim Stadyumu,İstanbul,M. Bošković,FT,Match Finished,6,1,4.0,0.0,6,1
1250964,2024-07-25T18:00:00+00:00,1721930400,848,UEFA Europa Conference League,2024,2nd Qualifying Round,616,NK Osijek,2273,FC Levadia Tallinn,Opus Arena,Osijek,J. Karlsen,FT,Match Finished,5,1,4.0,1.0,5,1
1250972,2024-07-25T18:00:00+00:00,1721930400,848,UEFA Europa Conference League,2024,2nd Qualifying Round,631,Gent,580,Vikingur Gota,Planet Group Arena,Gent,V. Thórarinsson,FT,Match Finished,4,1,1.0,1.0,4,1
1251938,2024-07-25T18:00:00+00:00,1721930400,848,UEFA Europa Conference League,2024,2nd Qualifying Round,1011,FC ST. Gallen,2259,FK Tobol Kostanay,kybunpark,St. Gallen,R. Harvey,FT,Match Finished,4,1,2.0,1.0,4,1
1251936,2024-07-25T18:00:00+00:00,1721930400,848,UEFA Europa Conference League,2024,2nd Qualifying Round,2390,Paks,614,AEK Larnaca,Paksi FC Stadion,Paks,D. Higler,FT,Match Finished,3,0,1.0,0.0,3,0
1250978,2024-07-25T18:00:00+00:00,1721930400,848,UEFA Europa Conference League,2024,2nd Qualifying Round,2644,Radnicki 1923,3740,Mornar,Gradski stadion Dubočica,Leskovac,I. Papadopoulos,FT,Match Finished,1,0,0.0,0.0,1,0
1251942,2024-07-25T18:15:00+00:00,1721931300,848,UEFA Europa Conference League,2024,2nd Qualifying Round,552,Maribor,632,Universitatea Craiova,Ljudski vrt,Maribor,M. Kristoffersen,FT,Match Finished,2,0,0.0,0.0,2,0
1250986,2024-07-25T18:45:00+00:00,1721933100,848,UEFA Europa Conference League,2024,2nd Qualifying Round,274,Valur Reykjavik,251,ST Mirren,N1-völlurinn Hlíðarenda,Reykjavík,D. Kos,FT,Match Finished,0,0,0.0,0.0,0,0
1251944,2024-07-25T18:45:00+00:00,1721933100,848,UEFA Europa Conference League,2024,2nd Qualifying Round,278,Vikingur Reykjavik,3327,Egnatia Rrogozhinë,Víkingsvöllur,Reykjavík,J. Ellefsen,FT,Match Finished,0,1,0.0,1.0,0,1
1250493,2024-07-25T18:45:00+00:00,1721933100,848,UEFA Europa Conference League,2024,2nd Qualifying Round,339,Legia Warszawa,356,Caernarfon Town,Stadion Miejski Legii Warszawa im. Marszałka Józefa Piłsudskiego,Warszawa,J. Frischer,FT,Match Finished,6,0,2.0,0.0,6,0
1209257,2024-07-25T18:45:00+00:00,1721933100,848,UEFA Europa Conference League,2024,2nd Qualifying Round,3843,St Patrick's Athl.,660,FC Vaduz,Richmond Park,Dublin,T. Owen,FT,Match Finished,3,1,2.0,0.0,3,1
1251940,2024-07-25T19:00:00+00:00,1721934000,848,UEFA Europa Conference League,2024,2nd Qualifying Round,275,Stjarnan,3528,Paide,Samsung völlurinn,Garðabær,J. Muller,FT,Match Finished,2,1,1.0,0.0,2,1
1250974,2024-07-25T19:00:00+00:00,1721934000,848,UEFA Europa Conference League,2024,2nd Qualifying Round,588,Zrinjski,4359,Bravo,Stadion Bijeli Brijeg,Mostar,L. Tschudi,FT,Match Finished,0,1,0.0,1.0,0,1
1209265,2024-07-25T19:00:00+00:00,1721934000,848,UEFA Europa Conference League,2024,2nd Qualifying Round,608,HNK Hajduk Split,4133,HB,Stadion Poljud,Split,M. De Gabriele,FT,Match Finished,2,0,2.0,0.0,2,0
1250958,2024-07-25T19:00:00+00:00,1721934000,848,UEFA Europa Conference League,2024,2nd Qualifying Round,679,FK Sarajevo,1120,Spartak Trnava,Olimpijski Stadion Asim Ferhatović Hase,Sarajevo,B. Van Driessche,FT,Match Finished,0,0,0.0,0.0,0,0
1250962,2024-07-25T19:15:00+00:00,1721934900,848,UEFA Europa Conference League,2024,2nd Qualifying Round,276,Breidablik,14281,Drita,Kópavogsvöllur,Kópavogur,J. Petřík,FT,Match Finished,1,2,0.0,2.0,1,2
1250963,2024-07-30T15:00:00+00:00,1722351600,848,UEFA Europa Conference League,2024,2nd Qualifying Round,14281,Drita,276,Breidablik,Stadiumi Zahir Pajaziti,"Besiana, Podujevo",K. Umudlu,FT,Match Finished,1,0,0.0,0.0,1,0
1251925,2024-07-30T16:00:00+00:00,1722355200,848,UEFA Europa Conference League,2024,2nd Qualifying Round,687,Flora Tallinn,5308,Virtus,A. Le Coq Arena,Tallinn,S. Levi,AET,Match Finished,5,2,1.0,0.0,2,2
1251927,2024-07-30T16:00:00+00:00,1722355200,848,UEFA Europa Conference League,2024,2nd Qualifying Round,709,Pyunik Yerevan,4346,Struga,Vazgen Sargsyan anvan Hanrapetakan Marzadasht,Yerevan,S. Kringstad,FT,Match Finished,3,1,2.0,1.0,3,1
1251921,2024-07-30T18:00:00+00:00,1722362400,848,UEFA Europa Conference League,2024,2nd Qualifying Round,4626,Hamrun Spartans,12733,Ballkani,Tony Bezzina Stadium,Paola,M. Beltrano,FT,Match Finished,0,2,0.0,0.0,0,2
1251929,2024-07-30T19:00:00+00:00,1722366000,848,UEFA Europa Conference League,2024,2nd Qualifying Round,3745,Dečić,705,Dinamo Batumi,Trening kamp FSCG Stari Aerodrom,Podgorica,J. Barcelo,FT,Match Finished,0,0,0.0,0.0,0,0
1250495,2024-07-31T15:00:00+00:00,1722438000,848,UEFA Europa Conference League,2024,2nd Qualifying Round,4135,Auda,2266,Cliftonville FC,Stadions Skonto,Riga,D. Starý,FT,Match Finished,2,0,0.0,0.0,2,0
1250957,2024-07-31T17:00:00+00:00,1722445200,848,UEFA Europa Conference League,2024,2nd Qualifying Round,367,BK Hacken,578,F91 Dudelange,Bravida Arena,Göteborg,I. Stojchevski,FT,Match Finished,6,1,3.0,1.0,6,1
1209254,2024-07-31T17:00:00+00:00,1722445200,848,UEFA Europa Conference League,2024,2nd Qualifying Round,610,Fehérvár FC,5503,Sumqayıt,MOL Aréna Sóstó,Székesfehérvár,K. Karlsson,FT,Match Finished,0,0,0.0,0.0,0,0
1209256,2024-07-31T18:30:00+00:00,1722450600,848,UEFA Europa Conference League,2024,2nd Qualifying Round,601,Austria Vienna,1163,Ilves,Generali Arena,Wien,I. McNabb,PEN,Match Finished,4,3,2.0,1.0,3,2
1250959,2024-07-31T18:30:00+00:00,1722450600,848,UEFA Europa Conference League,2024,2nd Qualifying Round,1120,Spartak Trnava,679,FK Sarajevo,CITY ARENA – Štadión Antona Malatinského,Trnava,S. Putros,FT,Match Finished,3,0,2.0,0.0,3,0
1250979,2024-07-31T18:45:00+00:00,1722451500,848,UEFA Europa Conference League,2024,2nd Qualifying Round,3740,Mornar,2644,Radnicki 1923,DG Arena,Podgorica,G. Laibuvitz,PEN,Match Finished,2,1,1.0,0.0,2,1
1250983,2024-08-01T14:00:00+00:00,1722520800,848,UEFA Europa Conference League,2024,2nd Qualifying Round,562,FC Astana,691,Milsami Orhei,Ortalyq stadıon,Almaty,R. Buquet,FT,Match Finished,1,0,0.0,0.0,1,0
1251923,2024-08-01T15:00:00+00:00,1722524400,848,UEFA Europa Conference League,2024,2nd Qualifying Round,692,Ordabasy,684,FC Differdange 03,Stadion Qajimuqan Muñaytpasov,Shymkent,M. Radina,PEN,Match Finished,4,3,1.0,1.0,3,2
1250991,2024-08-01T15:00:00+00:00,1722524400,848,UEFA Europa Conference League,2024,2nd Qualifying Round,2276,FC Urartu,3713,Baník Ostrava,Urartu Stadium,Yerevan,B. Saryev,FT,Match Finished,0,2,0.0,1.0,0,2
1209274,2024-08-01T15:00:00+00:00,1722524400,848,UEFA Europa Conference League,2024,2nd Qualifying Round,3683,Ararat-Armenia,4633,Zimbru,Yerevan Football Academy,Yerevan,A. Diamantopoulos,FT,Match Finished,3,1,1.0,0.0,3,1
1250975,2024-08-01T15:00:00+00:00,1722524400,848,UEFA Europa Conference League,2024,2nd Qualifying Round,4359,Bravo,588,Zrinjski,Športni Park Šiška,Ljubljana,J. Jaanovits,FT,Match Finished,1,3,1.0,1.0,1,3
1251935,2024-08-01T15:00:00+00:00,1722524400,848,UEFA Europa Conference League,2024,2nd Qualifying Round,14395,Llapi,407,Brondby,Stadiumi Zahir Pajaziti,"Besiana, Podujevo",O. Reitala,FT,Match Finished,2,2,1.0,0.0,2,2
1251937,2024-08-01T16:00:00+00:00,1722528000,848,UEFA Europa Conference League,2024,2nd Qualifying Round,614,AEK Larnaca,2390,Paks,AEK Arena - George Karapatakis,Larnaca,L. Cibelli,FT,Match Finished,0,2,0.0,2.0,0,2
1251939,2024-08-01T16:00:00+00:00,1722528000,848,UEFA Europa Conference League,2024,2nd Qualifying Round,2259,FK Tobol Kostanay,1011,FC ST. Gallen,Ortalyq stadıon,Kostanay,J. Hyytiä,FT,Match Finished,0,1,0.0,0.0,0,1
1250965,2024-08-01T16:00:00+00:00,1722528000,848,UEFA Europa Conference League,2024,2nd Qualifying Round,2273,FC Levadia Tallinn,616,NK Osijek,A. Le Coq Arena,Tallinn,M. Antoniou,FT,Match Finished,0,1,0.0,0.0,0,1
1251933,2024-08-01T16:00:00+00:00,1722528000,848,UEFA Europa Conference League,2024,2nd Qualifying Round,3403,Pafos,586,FK Zalgiris Vilnius,Alphamega Stadium,Kolossi,S. Ebner,AET,Match Finished,3,0,1.0,0.0,1,0
1209252,2024-08-01T16:00:00+00:00,1722528000,848,UEFA Europa Conference League,2024,2nd Qualifying Round,6496,Polessya,677,Olimpija Ljubljana,Stadion Miejski,Gliwice,M. Milanović,FT,Match Finished,1,2,1.0,1.0,1,2
1209248,2024-08-01T16:00:00+00:00,1722528000,848,UEFA Europa Conference League,2024,2nd Qualifying Round,13976,Sabah FA,4195,Maccabi Haifa,Bank Respublika Arena,Masazir,P. Kralovic,PEN,Match Finished,3,6,0.0,1.0,2,5
1209270,2024-08-01T16:00:00+00:00,1722528000,848,UEFA Europa Conference League,2024,2nd Qualifying Round,18878,TransINVEST Vilnius,640,Mlada Boleslav,Vilniaus LFF stadionas,Vilnius,M. McDermid,FT,Match Finished,0,1,0.0,0.0,0,1
1250955,2024-08-01T16:30:00+00:00,1722529800,848,UEFA Europa Conference League,2024,2nd Qualifying Round,3342,Inter Club d'Escaldes,575,AEK Athens FC,Estadi Nacional,Andorra la Vella,O. Berka,FT,Match Finished,0,4,0.0,1.0,0,4
1251941,2024-08-01T16:30:00+00:00,1722529800,848,UEFA Europa Conference League,2024,2nd Qualifying Round,3528,Paide,275,Stjarnan,Pärnu Rannastaadion,Pärnu,Antoine Chiaramonti,FT,Match Finished,4,0,1.0,0.0,4,0
1209250,2024-08-01T17:00:00+00:00,1722531600,848,UEFA Europa Conference League,2024,2nd Qualifying Round,319,Brann,410,GO Ahead Eagles,Brann Stadion,Bergen,E. Maļcevs,FT,Match Finished,2,1,1.0,1.0,2,1
1250985,2024-08-01T17:00:00+00:00,1722531600,848,UEFA Europa Conference League,2024,2nd Qualifying Round,325,Tromso,1165,KuPS,Romssa Arena,Tromsø,J. Vergoote,FT,Match Finished,1,0,1.0,0.0,1,0
1250494,2024-08-01T17:00:00+00:00,1722531600,848,UEFA Europa Conference League,2024,2nd Qualifying Round,356,Caernarfon Town,339,Legia Warszawa,Nantporth Stadium,Bangor,I. Kristjánsson,FT,Match Finished,0,5,0.0,0.0,0,5
1250968,2024-08-01T17:00:00+00:00,1722531600,848,UEFA Europa Conference League,2024,2nd Qualifying Round,400,FC Copenhagen,16135,Magpies,Parken,København,D. Muntean,FT,Match Finished,5,1,1.0,1.0,5,1
1251943,2024-08-01T17:00:00+00:00,1722531600,848,UEFA Europa Conference League,2024,2nd Qualifying Round,632,Universitatea Craiova,552,Maribor,Complex Sportiv Craiova,Craiova,J. Šabotić,FT,Match Finished,3,2,0.0,0.0,3,2
1209262,2024-08-01T17:00:00+00:00,1722531600,848,UEFA Europa Conference League,2024,2nd Qualifying Round,658,Progres Niederkorn,364,Djurgardens IF,Stade Parc des Sports,Differdange,G. Kikacheishvili,FT,Match Finished,1,0,1.0,0.0,1,0
1250961,2024-08-01T17:00:00+00:00,1722531600,848,UEFA Europa Conference League,2024,2nd Qualifying Round,685,Torpedo Kutaisi,3402,Omonia Nicosia,Ramaz Shengelias Sakhelobis Stadioni,Kutaisi,I. Barbara,FT,Match Finished,1,2,0.0,1.0,1,2
1250977,2024-08-01T17:00:00+00:00,1722531600,848,UEFA Europa Conference League,2024,2nd Qualifying Round,4628,Sliema Wanderers,3684,FC Noah,MFA Centenary Stadium,Ta'Qali,R. Jenkins,FT,Match Finished,0,0,0.0,0.0,0,0
1209258,2024-08-01T17:30:00+00:00,1722533400,848,UEFA Europa Conference League,2024,2nd Qualifying Round,660,FC Vaduz,3843,St Patrick's Athl.,Rheinpark Stadion,Vaduz,A. Ghaltakchyan,FT,Match Finished,2,2,1.0,1.0,2,2
1209264,2024-08-01T17:30:00+00:00,1722533400,848,UEFA Europa Conference League,2024,2nd Qualifying Round,851,Cherno More Varna,563,Hapoel Beer Sheva,Huvepharma Arena,Razgrad,D. Nikolić,FT,Match Finished,1,2,1.0,1.0,1,2
1209272,2024-08-01T18:00:00+00:00,1722535200,848,UEFA Europa Conference League,2024,2nd Qualifying Round,387,Neman,2246,CFR 1907 Cluj,Alcufer Stadion,Győr,A. Argyrou,FT,Match Finished,0,5,0.0,2.0,0,5
1250973,2024-08-01T18:00:00+00:00,1722535200,848,UEFA Europa Conference League,2024,2nd Qualifying Round,580,Vikingur Gota,631,Gent,Við Djúpumýrar,"Klaksvík, Borðoy",M. Káprály,FT,Match Finished,0,3,0.0,0.0,0,3
1250981,2024-08-01T18:00:00+00:00,1722535200,848,UEFA Europa Conference League,2024,2nd Qualifying Round,708,Partizani,3502,Saburtalo,Elbasan Arena,Elbasan,J. Robinson,FT,Match Finished,0,0,0.0,0.0,0,0
1251945,2024-08-01T18:00:00+00:00,1722535200,848,UEFA Europa Conference League,2024,2nd Qualifying Round,3327,Egnatia Rrogozhinë,278,Vikingur Reykjavik,Stadiumi Loro Boriçi,Shkodër,Fábio Veríssimo,FT,Match Finished,0,2,0.0,1.0,0,2
1209268,2024-08-01T18:30:00+00:00,1722537000,848,UEFA Europa Conference League,2024,2nd Qualifying Round,337,Slask Wroclaw,10124,Riga,Tarczyński Arena,Wrocław,G. Nuza,FT,Match Finished,3,1,1.0,1.0,3,1
1251931,2024-08-01T18:30:00+00:00,1722537000,848,UEFA Europa Conference League,2024,2nd Qualifying Round,2257,Dunajska Streda,648,Zira,MOL Aréna,Dunajská Streda,J. Kachevski,FT,Match Finished,1,2,1.0,1.0,1,2
1250987,2024-08-01T18:45:00+00:00,1722537900,848,UEFA Europa Conference League,2024,2nd Qualifying Round,251,ST Mirren,274,Valur Reykjavik,The SMISA Stadium,Paisley,M. Redder,FT,Match Finished,4,1,1.0,0.0,4,1
1250971,2024-08-01T18:45:00+00:00,1722537900,848,UEFA Europa Conference League,2024,2nd Qualifying Round,2249,La Fiorita,564,Istanbul Basaksehir,Stadio Olimpico di Serravalle,Serravalle,G. Maqedonci,FT,Match Finished,0,4,0.0,3.0,0,4
1250993,2024-08-01T18:45:00+00:00,1722537900,848,UEFA Europa Conference League,2024,2nd Qualifying Round,3854,Shelbourne,783,FC Zurich,Tolka Park,Dublin,R. Valikonis,FT,Match Finished,0,0,0.0,0.0,0,0
1250967,2024-08-01T19:00:00+00:00,1722538800,848,UEFA Europa Conference League,2024,2nd Qualifying Round,579,Buducnost Podgorica,1426,CSKA 1948,DG Arena,Podgorica,M. Očenáš,AET,Match Finished,1,1,0.0,0.0,1,0
1209260,2024-08-01T19:00:00+00:00,1722538800,848,UEFA Europa Conference League,2024,2nd Qualifying Round,2391,Puskas Academy,3623,Dnipro-1,Puskás Akadémia Pancho Aréna,Felcsút,,FT,Match Finished,3,0,,,3,0
1209266,2024-08-01T19:00:00+00:00,1722538800,848,UEFA Europa Conference League,2024,2nd Qualifying Round,4133,HB,608,HNK Hajduk Split,Tórsvøllur,"Tórshavn, Streymoy",T. Marshall,FT,Match Finished,0,0,0.0,0.0,0,0
1250989,2024-08-01T19:15:00+00:00,1722539700,848,UEFA Europa Conference League,2024,2nd Qualifying Round,224,Guimaraes,4625,Floriana,Estádio Dom Afonso Henriques,Guimarães,I. Orlic,FT,Match Finished,4,0,4.0,0.0,4,0
1274823,2024-08-06T16:00:00+00:00,1722960000,848,UEFA Europa Conference League,2024,3rd Qualifying Round,3684,FC Noah,575,AEK Athens FC,Kotaik Stadium,Abovian,V. Kastrati,FT,Match Finished,3,1,1.0,1.0,3,1
1274803,2024-08-07T17:00:00+00:00,1723050000,848,UEFA Europa Conference League,2024,3rd Qualifying Round,367,BK Hacken,3528,Paide,Bravida Arena,Göteborg,D. Sakhi,FT,Match Finished,6,1,3.0,1.0,6,1
1274793,2024-08-07T17:00:00+00:00,1723050000,848,UEFA Europa Conference League,2024,3rd Qualifying Round,400,FC Copenhagen,3713,Baník Ostrava,Parken,København,N. Verboomen,FT,Match Finished,1,0,0.0,0.0,1,0
1274801,2024-08-07T17:00:00+00:00,1723050000,848,UEFA Europa Conference League,2024,3rd Qualifying Round,2390,Paks,3740,Mornar,Paksi FC Stadion,Paks,D. Dmitriev,FT,Match Finished,3,0,0.0,0.0,3,0
1274835,2024-08-07T18:30:00+00:00,1723055400,848,UEFA Europa Conference League,2024,3rd Qualifying Round,1011,FC ST. Gallen,337,Slask Wroclaw,kybunpark,St. Gallen,J. Petřík,FT,Match Finished,2,0,2.0,0.0,2,0
1274845,2024-08-08T15:00:00+00:00,1723129200,848,UEFA Europa Conference League,2024,3rd Qualifying Round,692,Ordabasy,709,Pyunik Yerevan,Ortalyq stadıon,Almaty,O. Berka,FT,Match Finished,0,1,0.0,0.0,0,1
1274797,2024-08-08T15:00:00+00:00,1723129200,848,UEFA Europa Conference League,2024,3rd Qualifying Round,3683,Ararat-Armenia,2391,Puskas Academy,Vazgen Sargsyan anvan Hanrapetakan Marzadasht,Yerevan,K. Hagenes,FT,Match Finished,0,1,0.0,0.0,0,1
1273690,2024-08-08T15:00:00+00:00,1723129200,848,UEFA Europa Conference League,2024,3rd Qualifying Round,4135,Auda,14281,Drita,Stadions Skonto,Riga,D. Bel,FT,Match Finished,1,0,1.0,0.0,1,0
1274795,2024-08-08T16:00:00+00:00,1723132800,848,UEFA Europa Conference League,2024,3rd Qualifying Round,640,Mlada Boleslav,563,Hapoel Beer Sheva,Lokotrans Aréna,Mladá Boleslav,J. Hyytiä,FT,Match Finished,1,1,1.0,0.0,1,1
1271725,2024-08-08T16:00:00+00:00,1723132800,848,UEFA Europa Conference League,2024,3rd Qualifying Round,649,HJK helsinki,3745,Dečić,Bolt Arena,Helsinki,S. Putros,FT,Match Finished,1,0,0.0,0.0,1,0
1274817,2024-08-08T16:00:00+00:00,1723132800,848,UEFA Europa Conference League,2024,3rd Qualifying Round,1163,Ilves,364,Djurgardens IF,Tammelan Stadion,Tampere,E. Maļcevs,FT,Match Finished,1,1,0.0,0.0,1,1
1274825,2024-08-08T16:00:00+00:00,1723132800,848,UEFA Europa Conference League,2024,3rd Qualifying Round,3502,Saburtalo,564,Istanbul Basaksehir,Mikheil Meskhis sakhelobis Stadioni,Tbilisi,D. Dickinson,FT,Match Finished,0,1,0.0,0.0,0,1
1274831,2024-08-08T16:30:00+00:00,1723134600,848,UEFA Europa Conference League,2024,3rd Qualifying Round,2073,Silkeborg,631,Gent,JYSK park,Silkeborg,C. Ciochirca,FT,Match Finished,2,2,0.0,0.0,2,2
1274821,2024-08-08T16:30:00+00:00,1723134600,848,UEFA Europa Conference League,2024,3rd Qualifying Round,3549,Ružomberok,608,HNK Hajduk Split,Futbalový štadión MFK Ružomberok,Ružomberok,César Soto,FT,Match Finished,0,0,0.0,0.0,0,0
1274827,2024-08-08T17:00:00+00:00,1723136400,848,UEFA Europa Conference League,2024,3rd Qualifying Round,407,Brondby,339,Legia Warszawa,Brøndby Stadion,Brøndby,M. Dohál,FT,Match Finished,2,3,2.0,1.0,2,3
1274841,2024-08-08T17:00:00+00:00,1723136400,848,UEFA Europa Conference League,2024,3rd Qualifying Round,677,Olimpija Ljubljana,568,Sheriff Tiraspol,Stadion Stožice,Ljubljana,V. Fotias,FT,Match Finished,3,0,1.0,0.0,3,0
1274799,2024-08-08T17:00:00+00:00,1723136400,848,UEFA Europa Conference League,2024,3rd Qualifying Round,783,FC Zurich,224,Guimaraes,Stadion Letzigrund,Zürich,M. Barbu,FT,Match Finished,0,3,0.0,0.0,0,3
1274839,2024-08-08T17:00:00+00:00,1723136400,848,UEFA Europa Conference League,2024,3rd Qualifying Round,3402,Omonia Nicosia,610,Fehérvár FC,Neo GSP,Levkosía,L. Tschudi,FT,Match Finished,1,0,0.0,0.0,1,0
1274815,2024-08-08T17:30:00+00:00,1723138200,848,UEFA Europa Conference League,2024,3rd Qualifying Round,1426,CSKA 1948,3403,Pafos,Stadion Vasil Levski,Sofia,D. Shurman,FT,Match Finished,2,1,1.0,1.0,2,1
1274807,2024-08-08T18:00:00+00:00,1723140000,848,UEFA Europa Conference League,2024,3rd Qualifying Round,250,Kilmarnock,325,Tromso,The BBSP Stadium Rugby Park,Kilmarnock,M. Antoniou,FT,Match Finished,2,2,1.0,0.0,2,2
1274833,2024-08-08T18:00:00+00:00,1723140000,848,UEFA Europa Conference League,2024,3rd Qualifying Round,616,NK Osijek,648,Zira,Opus Arena,Osijek,A. Diamantopoulos,FT,Match Finished,1,1,1.0,0.0,1,1
1274837,2024-08-08T18:00:00+00:00,1723140000,848,UEFA Europa Conference League,2024,3rd Qualifying Round,634,Botev Plovdiv,588,Zrinjski,Stadion Hristo Botev,Plovdiv,Fábio Veríssimo,FT,Match Finished,2,1,1.0,0.0,2,1
1274829,2024-08-08T18:00:00+00:00,1723140000,848,UEFA Europa Conference League,2024,3rd Qualifying Round,4495,Maccabi Petah Tikva,2246,CFR 1907 Cluj,Vivacom Arena - Georgi Asparuhov,Sofia,P. Kolarić,FT,Match Finished,0,1,0.0,1.0,0,1
1271723,2024-08-08T18:00:00+00:00,1723140000,848,UEFA Europa Conference League,2024,3rd Qualifying Round,12733,Ballkani,5354,Larne,Stadiumi Fadil Vokrri,Pristina,J. Sundberg,FT,Match Finished,0,1,0.0,0.0,0,1
1274819,2024-08-08T18:00:00+00:00,1723140000,848,UEFA Europa Conference League,2024,3rd Qualifying Round,20034,Corvinul Hunedoara,562,FC Astana,Stadionul Municipal,Sibiu,I. Barbara,FT,Match Finished,1,2,1.0,0.0,1,2
1274843,2024-08-08T18:15:00+00:00,1723140900,848,UEFA Europa Conference League,2024,3rd Qualifying Round,278,Vikingur Reykjavik,687,Flora Tallinn,Víkingsvöllur,Reykjavík,A. Ghaltakchyan,FT,Match Finished,1,1,1.0,1.0,1,1
1274805,2024-08-08T18:15:00+00:00,1723140900,848,UEFA Europa Conference League,2024,3rd Qualifying Round,552,Maribor,702,Vojvodina,Ljudski vrt,Maribor,D. Stefanski,FT,Match Finished,2,1,0.0,0.0,2,1
1274809,2024-08-08T18:30:00+00:00,1723141800,848,UEFA Europa Conference League,2024,3rd Qualifying Round,1120,Spartak Trnava,338,Wisla Krakow,CITY ARENA – Štadión Antona Malatinského,Trnava,S. Karabayev,FT,Match Finished,3,1,0.0,1.0,3,1
1274813,2024-08-08T18:45:00+00:00,1723142700,848,UEFA Europa Conference League,2024,3rd Qualifying Round,251,ST Mirren,319,Brann,The SMISA Stadium,Paisley,M. De Gabriele,FT,Match Finished,1,1,0.0,0.0,1,1
1274811,2024-08-08T18:45:00+00:00,1723142700,848,UEFA Europa Conference League,2024,3rd Qualifying Round,3843,St Patrick's Athl.,13976,Sabah FA,Tallaght Stadium,Dublin,V. Thórarinsson,FT,Match Finished,1,0,1.0,0.0,1,0
1274804,2024-08-13T16:30:00+00:00,1723566600,848,UEFA Europa Conference League,2024,3rd Qualifying Round,3528,Paide,367,BK Hacken,A. Le Coq Arena,Tallinn,V. Chinkov,FT,Match Finished,1,1,1.0,1.0,1,1
1274802,2024-08-13T18:45:00+00:00,1723574700,848,UEFA Europa Conference League,2024,3rd Qualifying Round,3740,Mornar,2390,Paks,Stadion Kraj Bistrice,Nikšić,J. Vergoote,FT,Match Finished,2,2,1.0,1.0,2,2
1274820,2024-08-14T14:00:00+00:00,1723644000,848,UEFA Europa Conference League,2024,3rd Qualifying Round,562,FC Astana,20034,Corvinul Hunedoara,Ortalyq stadıon,Almaty,A. Karaoğlan,FT,Match Finished,6,1,1.0,0.0,6,1
1274840,2024-08-14T16:00:00+00:00,1723651200,848,UEFA Europa Conference League,2024,3rd Qualifying Round,610,Fehérvár FC,3402,Omonia Nicosia,MOL Aréna Sóstó,Székesfehérvár,J. Kehlet,FT,Match Finished,0,2,0.0,1.0,0,2
1274828,2024-08-15T16:00:00+00:00,1723737600,848,UEFA Europa Conference League,2024,3rd Qualifying Round,339,Legia Warszawa,407,Brondby,Stadion Miejski Legii Warszawa im. Marszałka Józefa Piłsudskiego,Warszawa,C. Theouli,FT,Match Finished,1,1,1.0,1.0,1,1
1274844,2024-08-15T16:00:00+00:00,1723737600,848,UEFA Europa Conference League,2024,3rd Qualifying Round,687,Flora Tallinn,278,Vikingur Reykjavik,A. Le Coq Arena,Tallinn,M. Očenáš,FT,Match Finished,1,2,0.0,2.0,1,2
1274846,2024-08-15T16:00:00+00:00,1723737600,848,UEFA Europa Conference League,2024,3rd Qualifying Round,709,Pyunik Yerevan,692,Ordabasy,Vazgen Sargsyan anvan Hanrapetakan Marzadasht,Yerevan,Miguel Nogueira,FT,Match Finished,1,0,0.0,0.0,1,0
1274812,2024-08-15T16:00:00+00:00,1723737600,848,UEFA Europa Conference League,2024,3rd Qualifying Round,13976,Sabah FA,3843,St Patrick's Athl.,Bank Respublika Arena,Masazir,M. Bîrsan,FT,Match Finished,0,1,0.0,0.0,0,1
1274834,2024-08-15T16:30:00+00:00,1723739400,848,UEFA Europa Conference League,2024,3rd Qualifying Round,648,Zira,616,NK Osijek,Liv Bona Dea Arena,Baku,J. Weinberger,PEN,Match Finished,2,2,0.0,1.0,2,2
1274814,2024-08-15T17:00:00+00:00,1723741200,848,UEFA Europa Conference League,2024,3rd Qualifying Round,319,Brann,251,ST Mirren,Brann Stadion,Bergen,R. Gidzhenov,FT,Match Finished,3,1,1.0,0.0,3,1
1274808,2024-08-15T17:00:00+00:00,1723741200,848,UEFA Europa Conference League,2024,3rd Qualifying Round,325,Tromso,250,Kilmarnock,Romssa Arena,Tromsø,A. Chivulete,FT,Match Finished,0,1,0.0,1.0,0,1
1274818,2024-08-15T17:00:00+00:00,1723741200,848,UEFA Europa Conference League,2024,3rd Qualifying Round,364,Djurgardens IF,1163,Ilves,Tele2 Arena,Stockholm,E. Məsiyev,FT,Match Finished,3,1,2.0,1.0,3,1
1274796,2024-08-15T17:00:00+00:00,1723741200,848,UEFA Europa Conference League,2024,3rd Qualifying Round,563,Hapoel Beer Sheva,640,Mlada Boleslav,Gradski stadion,Lovech,J. Jaanovits,FT,Match Finished,2,4,2.0,0.0,2,4
1274842,2024-08-15T17:00:00+00:00,1723741200,848,UEFA Europa Conference League,2024,3rd Qualifying Round,568,Sheriff Tiraspol,677,Olimpija Ljubljana,Bolshaya Sportivnaya Arena,Tiraspol,M. Mariani,FT,Match Finished,0,1,0.0,0.0,0,1
1274830,2024-08-15T17:00:00+00:00,1723741200,848,UEFA Europa Conference League,2024,3rd Qualifying Round,2246,CFR 1907 Cluj,4495,Maccabi Petah Tikva,Stadionul Dr. Constantin Rădulescu,Cluj-Napoca,T. Bognár,FT,Match Finished,1,0,0.0,0.0,1,0
1274816,2024-08-15T17:00:00+00:00,1723741200,848,UEFA Europa Conference League,2024,3rd Qualifying Round,3403,Pafos,1426,CSKA 1948,Alphamega Stadium,Kolossi,L. D'hondt,AET,Match Finished,4,0,0.0,0.0,1,0
1274794,2024-08-15T17:00:00+00:00,1723741200,848,UEFA Europa Conference League,2024,3rd Qualifying Round,3713,Baník Ostrava,400,FC Copenhagen,Městský stadion - Vítkovice Aréna,Ostrava,S. Attwell,PEN,Match Finished,1,0,1.0,0.0,1,0
1274824,2024-08-15T17:30:00+00:00,1723743000,848,UEFA Europa Conference League,2024,3rd Qualifying Round,575,AEK Athens FC,3684,FC Noah,OPAP Arena,Athens,R. Schröder,FT,Match Finished,1,0,0.0,0.0,1,0
1274826,2024-08-15T17:45:00+00:00,1723743900,848,UEFA Europa Conference League,2024,3rd Qualifying Round,564,Istanbul Basaksehir,3502,Saburtalo,Başakşehir Fatih Terim Stadyumu,İstanbul,P. Raczkowski,FT,Match Finished,2,0,0.0,0.0,2,0
1274838,2024-08-15T18:00:00+00:00,1723744800,848,UEFA Europa Conference League,2024,3rd Qualifying Round,588,Zrinjski,634,Botev Plovdiv,Stadion Bijeli Brijeg,Mostar,R. Hennessy,FT,Match Finished,2,0,1.0,0.0,2,0
1274806,2024-08-15T18:00:00+00:00,1723744800,848,UEFA Europa Conference League,2024,3rd Qualifying Round,702,Vojvodina,552,Maribor,TSC Arena,Bačka Topola,Gustavo Correia,PEN,Match Finished,1,0,1.0,0.0,1,0
1273691,2024-08-15T18:00:00+00:00,1723744800,848,UEFA Europa Conference League,2024,3rd Qualifying Round,14281,Drita,4135,Auda,Stadiumi Fadil Vokrri,Pristina,K. Karlsson,AET,Match Finished,3,1,0.0,0.0,1,0
1274836,2024-08-15T18:30:00+00:00,1723746600,848,UEFA Europa Conference League,2024,3rd Qualifying Round,337,Slask Wroclaw,1011,FC ST. Gallen,Tarczyński Arena,Wrocław,D. Strukan,FT,Match Finished,3,2,3.0,1.0,3,2
1274810,2024-08-15T18:30:00+00:00,1723746600,848,UEFA Europa Conference League,2024,3rd Qualifying Round,338,Wisla Krakow,1120,Spartak Trnava,Stadion Miejski im. Henryka Reymana,Kraków,D. Robertson,PEN,Match Finished,3,1,1.0,0.0,2,0
1274832,2024-08-15T18:30:00+00:00,1723746600,848,UEFA Europa Conference League,2024,3rd Qualifying Round,631,Gent,2073,Silkeborg,Planet Group Arena,Gent,José Munuera,AET,Match Finished,3,2,1.0,1.0,2,2
1274822,2024-08-15T19:00:00+00:00,1723748400,848,UEFA Europa Conference League,2024,3rd Qualifying Round,608,HNK Hajduk Split,3549,Ružomberok,Stadion Poljud,Split,L. Pairetto,FT,Match Finished,0,1,0.0,1.0,0,1
1274798,2024-08-15T19:00:00+00:00,1723748400,848,UEFA Europa Conference League,2024,3rd Qualifying Round,2391,Puskas Academy,3683,Ararat-Armenia,Puskás Akadémia Pancho Aréna,Felcsút,G. Nuza,FT,Match Finished,3,3,1.0,2.0,3,3
1271726,2024-08-15T19:00:00+00:00,1723748400,848,UEFA Europa Conference League,2024,3rd Qualifying Round,3745,Dečić,649,HJK helsinki,Stadion Kraj Bistrice,Nikšić,A. Ladebäck,PEN,Match Finished,2,1,1.0,1.0,2,1
1271724,2024-08-15T19:00:00+00:00,1723748400,848,UEFA Europa Conference League,2024,3rd Qualifying Round,5354,Larne,12733,Ballkani,Inver Park,Larne,R. Valikonis,PEN,Match Finished,0,1,0.0,1.0,0,1
1274800,2024-08-15T19:15:00+00:00,1723749300,848,UEFA Europa Conference League,2024,3rd Qualifying Round,224,Guimaraes,783,FC Zurich,Estádio Dom Afonso Henriques,Guimarães,O. Derevinskyi,FT,Match Finished,2,0,0.0,0.0,2,0
1287592,2024-08-20T16:00:00+00:00,1724169600,848,UEFA Europa Conference League,2024,Play-offs,3684,FC Noah,3549,Ružomberok,Kotaik Stadium,Abovian,J. Kooij,FT,Match Finished,3,0,1.0,0.0,3,0
1287560,2024-08-21T16:45:00+00:00,1724258700,848,UEFA Europa Conference League,2024,Play-offs,224,Guimaraes,588,Zrinjski,Estádio Dom Afonso Henriques,Guimarães,V. Fotias,FT,Match Finished,3,0,0.0,0.0,3,0
1287572,2024-08-22T16:00:00+00:00,1724342400,848,UEFA Europa Conference League,2024,Play-offs,339,Legia Warszawa,14281,Drita,Stadion Miejski Legii Warszawa im. Marszałka Józefa Piłsudskiego,Warszawa,C. Kavanagh,FT,Match Finished,2,0,0.0,0.0,2,0
1287574,2024-08-22T16:00:00+00:00,1724342400,848,UEFA Europa Conference League,2024,Play-offs,640,Mlada Boleslav,2390,Paks,Lokotrans Aréna,Mladá Boleslav,G. Kikacheishvili,FT,Match Finished,2,2,0.0,0.0,2,2
1287598,2024-08-22T16:00:00+00:00,1724342400,848,UEFA Europa Conference League,2024,Play-offs,709,Pyunik Yerevan,4360,Celje,Vazgen Sargsyan anvan Hanrapetakan Marzadasht,Yerevan,L. Bilbija,FT,Match Finished,1,0,0.0,0.0,1,0
1287594,2024-08-22T16:30:00+00:00,1724344200,848,UEFA Europa Conference League,2024,Play-offs,3874,Panevėžys,354,The New Saints,Vilniaus LFF stadionas,Vilnius,E. Hamiti,FT,Match Finished,0,3,0.0,0.0,0,3
1287566,2024-08-22T17:00:00+00:00,1724346000,848,UEFA Europa Conference League,2024,Play-offs,319,Brann,562,FC Astana,Brann Stadion,Bergen,D. Šmajc,FT,Match Finished,2,0,1.0,0.0,2,0
1287562,2024-08-22T17:00:00+00:00,1724346000,848,UEFA Europa Conference League,2024,Play-offs,364,Djurgardens IF,552,Maribor,Tele2 Arena,Stockholm,J. Vergoote,FT,Match Finished,1,0,0.0,0.0,1,0
1286260,2024-08-22T17:00:00+00:00,1724346000,848,UEFA Europa Conference League,2024,Play-offs,367,BK Hacken,180,1. FC Heidenheim,Bravida Arena,Göteborg,V. Kopiievskyi,FT,Match Finished,1,2,1.0,1.0,1,2
1287580,2024-08-22T17:00:00+00:00,1724346000,848,UEFA Europa Conference League,2024,Play-offs,400,FC Copenhagen,250,Kilmarnock,Parken,København,F. Maresca,FT,Match Finished,2,0,0.0,0.0,2,0
1287558,2024-08-22T17:00:00+00:00,1724346000,848,UEFA Europa Conference League,2024,Play-offs,3402,Omonia Nicosia,648,Zira,Neo GSP,Levkosía,J. Frischer,FT,Match Finished,6,0,3.0,0.0,6,0
1287586,2024-08-22T17:30:00+00:00,1724347800,848,UEFA Europa Conference League,2024,Play-offs,2246,CFR 1907 Cluj,3403,Pafos,Stadionul Dr. Constantin Rădulescu,Cluj-Napoca,N. Simović,FT,Match Finished,1,0,1.0,0.0,1,0
1287596,2024-08-22T18:00:00+00:00,1724349600,848,UEFA Europa Conference League,2024,Play-offs,278,Vikingur Reykjavik,703,UE Santa Coloma,Víkingsvöllur,Reykjavík,A. Čulina,FT,Match Finished,5,0,1.0,0.0,5,0
1287582,2024-08-22T18:00:00+00:00,1724349600,848,UEFA Europa Conference League,2024,Play-offs,502,Fiorentina,2391,Puskas Academy,Stadio Artemio Franchi,Firenze,W. Delajod,FT,Match Finished,3,3,1.0,2.0,3,3
1287576,2024-08-22T18:00:00+00:00,1724349600,848,UEFA Europa Conference League,2024,Play-offs,561,HNK Rijeka,677,Olimpija Ljubljana,Stadion HNK Rijeka,Rijeka,César Soto,FT,Match Finished,1,1,1.0,0.0,1,1
1287590,2024-08-22T18:00:00+00:00,1724349600,848,UEFA Europa Conference League,2024,Play-offs,6489,Kryvbas KR,543,Real Betis,Košická futbalová aréna,Košice,A. Kardeşler,FT,Match Finished,0,2,0.0,1.0,0,2
1287588,2024-08-22T18:15:00+00:00,1724350500,848,UEFA Europa Conference League,2024,Play-offs,573,FK Partizan,631,Gent,Stadion Partizana,Beograd,E. Məsiyev,FT,Match Finished,0,1,0.0,1.0,0,1
1287568,2024-08-22T18:30:00+00:00,1724351400,848,UEFA Europa Conference League,2024,Play-offs,338,Wisla Krakow,741,Cercle Brugge,Stadion Miejski im. Henryka Reymana,Kraków,P. Farrugia,FT,Match Finished,1,6,0.0,3.0,1,6
1287602,2024-08-22T18:45:00+00:00,1724352300,848,UEFA Europa Conference League,2024,Play-offs,701,KI Klaksvik,649,HJK helsinki,Tórsvøllur,"Tórshavn, Streymoy",L. Visser,FT,Match Finished,2,2,0.0,1.0,2,2
1287578,2024-08-22T18:45:00+00:00,1724352300,848,UEFA Europa Conference League,2024,Play-offs,3843,St Patrick's Athl.,564,Istanbul Basaksehir,Tallaght Stadium,Dublin,M. Al Emara,FT,Match Finished,0,0,0.0,0.0,0,0
1287584,2024-08-22T19:00:00+00:00,1724353200,848,UEFA Europa Conference League,2024,Play-offs,49,Chelsea,2184,Servette FC,Stamford Bridge,London,J. Pignard,FT,Match Finished,2,0,0.0,0.0,2,0
1287570,2024-08-22T19:00:00+00:00,1724353200,848,UEFA Europa Conference League,2024,Play-offs,116,Lens,617,Panathinaikos,Stade Bollaert-Delelis,Lens,G. Bogár,FT,Match Finished,2,1,2.0,0.0,2,1
1287600,2024-08-22T19:00:00+00:00,1724353200,848,UEFA Europa Conference League,2024,Play-offs,667,Lincoln Red Imps FC,5354,Larne,Estádio Do Algarve,Almancil,I. Barbara,FT,Match Finished,2,1,2.0,1.0,2,1
1287564,2024-08-22T19:00:00+00:00,1724353200,848,UEFA Europa Conference League,2024,Play-offs,1011,FC ST. Gallen,998,Trabzonspor,kybunpark,St. Gallen,Miguel Nogueira,FT,Match Finished,0,0,0.0,0.0,0,0
1287579,2024-08-28T16:00:00+00:00,1724860800,848,UEFA Europa Conference League,2024,Play-offs,564,Istanbul Basaksehir,3843,St Patrick's Athl.,Başakşehir Fatih Terim Stadyumu,İstanbul,B. Berke,FT,Match Finished,2,0,0.0,0.0,2,0
1287589,2024-08-28T16:00:00+00:00,1724860800,848,UEFA Europa Conference League,2024,Play-offs,631,Gent,573,FK Partizan,Planet Group Arena,Gent,F. Glova,FT,Match Finished,1,0,0.0,0.0,1,0
1287567,2024-08-29T14:00:00+00:00,1724940000,848,UEFA Europa Conference League,2024,Play-offs,562,FC Astana,319,Brann,Ortalyq stadıon,Almaty,A. Stavrev,FT,Match Finished,3,0,0.0,0.0,3,0
1287559,2024-08-29T16:00:00+00:00,1724947200,848,UEFA Europa Conference League,2024,Play-offs,648,Zira,3402,Omonia Nicosia,Liv Bona Dea Arena,Baku,V. Spasjoņņikovs,FT,Match Finished,1,0,0.0,0.0,1,0
1287603,2024-08-29T16:00:00+00:00,1724947200,848,UEFA Europa Conference League,2024,Play-offs,649,HJK helsinki,701,KI Klaksvik,Bolt Arena,Helsinki,D. Fuxman,FT,Match Finished,2,1,0.0,0.0,2,1
1287593,2024-08-29T16:30:00+00:00,1724949000,848,UEFA Europa Conference League,2024,Play-offs,3549,Ružomberok,3684,FC Noah,Futbalový štadión MFK Ružomberok,Ružomberok,J. Beaton,FT,Match Finished,3,1,2.0,0.0,3,1
1287577,2024-08-29T17:00:00+00:00,1724950800,848,UEFA Europa Conference League,2024,Play-offs,677,Olimpija Ljubljana,561,HNK Rijeka,Stadion Stožice,Ljubljana,U. Schnyder,FT,Match Finished,5,0,4.0,0.0,5,0
1287565,2024-08-29T17:00:00+00:00,1724950800,848,UEFA Europa Conference League,2024,Play-offs,998,Trabzonspor,1011,FC ST. Gallen,Papara Park,Trabzon,A. Treimanis,PEN,Match Finished,1,1,0.0,1.0,1,1
1287575,2024-08-29T17:00:00+00:00,1724950800,848,UEFA Europa Conference League,2024,Play-offs,2390,Paks,640,Mlada Boleslav,Paksi FC Stadion,Paks,L. Visser,FT,Match Finished,0,3,0.0,0.0,0,3
1287587,2024-08-29T17:00:00+00:00,1724950800,848,UEFA Europa Conference League,2024,Play-offs,3403,Pafos,2246,CFR 1907 Cluj,Alphamega Stadium,Kolossi,C. Pawson,FT,Match Finished,3,0,2.0,0.0,3,0
1287595,2024-08-29T17:30:00+00:00,1724952600,848,UEFA Europa Conference League,2024,Play-offs,354,The New Saints,3874,Panevėžys,Park Hall Stadium,"Oswestry / Croesoswallt, Shropshire",J. Sundberg,FT,Match Finished,0,0,0.0,0.0,0,0
1287581,2024-08-29T18:00:00+00:00,1724954400,848,UEFA Europa Conference League,2024,Play-offs,250,Kilmarnock,400,FC Copenhagen,The BBSP Stadium Rugby Park,Kilmarnock,R. Gidzhenov,FT,Match Finished,1,1,1.0,0.0,1,1
1287561,2024-08-29T18:00:00+00:00,1724954400,848,UEFA Europa Conference League,2024,Play-offs,588,Zrinjski,224,Guimaraes,Stadion Bijeli Brijeg,Mostar,R. Jones,FT,Match Finished,0,4,0.0,3.0,0,4
1287571,2024-08-29T18:00:00+00:00,1724954400,848,UEFA Europa Conference League,2024,Play-offs,617,Panathinaikos,116,Lens,Olympiako Stadio Spyros Louis,Athens,Juan Martínez,FT,Match Finished,2,0,0.0,0.0,2,0
1287597,2024-08-29T18:00:00+00:00,1724954400,848,UEFA Europa Conference League,2024,Play-offs,703,UE Santa Coloma,278,Vikingur Reykjavik,Estadi Nacional,Andorra la Vella,A. Karaoğlan,FT,Match Finished,0,0,0.0,0.0,0,0
1287569,2024-08-29T18:00:00+00:00,1724954400,848,UEFA Europa Conference League,2024,Play-offs,741,Cercle Brugge,338,Wisla Krakow,Jan Breydelstadion,Brugge,H. Feșnic,FT,Match Finished,1,4,0.0,2.0,1,4
1287573,2024-08-29T18:00:00+00:00,1724954400,848,UEFA Europa Conference League,2024,Play-offs,14281,Drita,339,Legia Warszawa,Stadiumi Fadil Vokrri,Pristina,D. Schlager,FT,Match Finished,0,1,0.0,0.0,0,1
1287563,2024-08-29T18:15:00+00:00,1724955300,848,UEFA Europa Conference League,2024,Play-offs,552,Maribor,364,Djurgardens IF,Ljudski vrt,Maribor,M. Lukjančukas,FT,Match Finished,0,1,0.0,1.0,0,1
1287599,2024-08-29T18:15:00+00:00,1724955300,848,UEFA Europa Conference League,2024,Play-offs,4360,Celje,709,Pyunik Yerevan,Stadion Z'dežele,Celje,C. Ciochirca,FT,Match Finished,4,1,2.0,0.0,4,1
1286261,2024-08-29T18:30:00+00:00,1724956200,848,UEFA Europa Conference League,2024,Play-offs,180,1. FC Heidenheim,367,BK Hacken,Voith-Arena,Heidenheim an der Brenz,G. Kruashvili,FT,Match Finished,3,2,1.0,0.0,3,2
1287585,2024-08-29T18:30:00+00:00,1724956200,848,UEFA Europa Conference League,2024,Play-offs,2184,Servette FC,49,Chelsea,Stade de Genève,Lancy,M. Di Bello,FT,Match Finished,2,1,1.0,1.0,2,1
1287591,2024-08-29T19:00:00+00:00,1724958000,848,UEFA Europa Conference League,2024,Play-offs,543,Real Betis,6489,Kryvbas KR,Estadio Benito Villamarín,Sevilla,I. Pajač,FT,Match Finished,3,0,3.0,0.0,3,0
1287583,2024-08-29T19:00:00+00:00,1724958000,848,UEFA Europa Conference League,2024,Play-offs,2391,Puskas Academy,502,Fiorentina,Puskás Akadémia Pancho Aréna,Felcsút,António Nobre,PEN,Match Finished,1,1,0.0,0.0,1,1
1287601,2024-08-29T19:00:00+00:00,1724958000,848,UEFA Europa Conference League,2024,Play-offs,5354,Larne,667,Lincoln Red Imps FC,Inver Park,Larne,L. Fähndrich,FT,Match Finished,3,1,2.0,1.0,3,1
1299294,2024-10-02T14:30:00+00:00,1727879400,848,UEFA Europa Conference League,2024,League Stage - 1,224,Guimaraes,4360,Celje,Estádio Dom Afonso Henriques,Guimarães,L. D'hondt,FT,Match Finished,3,1,2.0,0.0,3,1
1299293,2024-10-02T14:30:00+00:00,1727879400,848,UEFA Europa Conference League,2024,League Stage - 1,564,Istanbul Basaksehir,781,Rapid Vienna,Başakşehir Fatih Terim Stadyumu,İstanbul,A. Ladebäck,FT,Match Finished,1,2,1.0,1.0,1,2
1299295,2024-10-03T16:45:00+00:00,1727973900,848,UEFA Europa Conference League,2024,League Stage - 1,180,1. FC Heidenheim,677,Olimpija Ljubljana,Voith-Arena,Heidenheim an der Brenz,E. Jorgji,FT,Match Finished,2,1,1.0,0.0,2,1
1299301,2024-10-03T16:45:00+00:00,1727973900,848,UEFA Europa Conference League,2024,League Stage - 1,329,Molde,5354,Larne,Aker Stadion,Molde,D. Bel,FT,Match Finished,3,0,0.0,0.0,3,0
1299300,2024-10-03T16:45:00+00:00,1727973900,848,UEFA Europa Conference League,2024,League Stage - 1,339,Legia Warszawa,543,Real Betis,Stadion Miejski Legii Warszawa im. Marszałka Józefa Piłsudskiego,Warszawa,L. Pairetto,FT,Match Finished,1,0,1.0,0.0,1,0
1299298,2024-10-03T16:45:00+00:00,1727973900,848,UEFA Europa Conference League,2024,League Stage - 1,394,Dinamo Minsk,254,Heart Of Midlothian,Mehdi Hüseynzadə adına Sumqayıt şəhər stadionu,Sumqayıt,M. Al Hakim,FT,Match Finished,1,2,1.0,1.0,1,2
1299297,2024-10-03T16:45:00+00:00,1727973900,848,UEFA Europa Conference League,2024,League Stage - 1,562,FC Astana,2646,TSC Backa Topola,Ortalyq stadıon,Almaty,O. Reitala,FT,Match Finished,1,0,1.0,0.0,1,0
1299296,2024-10-03T16:45:00+00:00,1727973900,848,UEFA Europa Conference League,2024,League Stage - 1,741,Cercle Brugge,1011,FC ST. Gallen,Jan Breydelstadion,Brugge,A. Kardeşler,FT,Match Finished,6,2,3.0,0.0,6,2
1299302,2024-10-03T16:45:00+00:00,1727973900,848,UEFA Europa Conference League,2024,League Stage - 1,3402,Omonia Nicosia,278,Vikingur Reykjavik,Neo GSP,Levkosía,S. van der Eijk,FT,Match Finished,4,0,0.0,0.0,4,0
1299299,2024-10-03T16:45:00+00:00,1727973900,848,UEFA Europa Conference League,2024,League Stage - 1,3684,FC Noah,640,Mlada Boleslav,Vazgen Sargsyan anvan Hanrapetakan Marzadasht,Yerevan,R. Gidzhenov,FT,Match Finished,2,0,0.0,0.0,2,0
1299304,2024-10-03T19:00:00+00:00,1727982000,848,UEFA Europa Conference League,2024,League Stage - 1,49,Chelsea,631,Gent,Stamford Bridge,London,D. Schlager,FT,Match Finished,4,2,1.0,0.0,4,2
1299305,2024-10-03T19:00:00+00:00,1727982000,848,UEFA Europa Conference League,2024,League Stage - 1,400,FC Copenhagen,336,Jagiellonia,Parken,København,R. Harvey,FT,Match Finished,1,2,1.0,0.0,1,2
1299303,2024-10-03T19:00:00+00:00,1727982000,848,UEFA Europa Conference League,2024,League Stage - 1,502,Fiorentina,354,The New Saints,Stadio Artemio Franchi,Firenze,S. Gishamer,FT,Match Finished,2,0,0.0,0.0,2,0
1299306,2024-10-03T19:00:00+00:00,1727982000,848,UEFA Europa Conference League,2024,League Stage - 1,606,FC Lugano,649,HJK helsinki,Stockhorn Arena,Thun,D. Dickinson,FT,Match Finished,3,0,1.0,0.0,3,0
1299310,2024-10-03T19:00:00+00:00,1727982000,848,UEFA Europa Conference League,2024,League Stage - 1,652,Shamrock Rovers,2247,Apoel Nicosia,Tallaght Stadium,Dublin,J. Pignard,FT,Match Finished,1,1,0.0,0.0,1,1
1299309,2024-10-03T19:00:00+00:00,1727982000,848,UEFA Europa Conference League,2024,League Stage - 1,1026,Lask Linz,364,Djurgardens IF,Raiffeisen Arena,Linz,B. Saryev,FT,Match Finished,2,2,1.0,0.0,2,2
1299307,2024-10-03T19:00:00+00:00,1727982000,848,UEFA Europa Conference League,2024,League Stage - 1,2271,Petrocub,3403,Pafos,Stadionul Zimbru,Chişinău,M. Redder,FT,Match Finished,1,4,1.0,2.0,1,4
1299308,2024-10-03T19:00:00+00:00,1727982000,848,UEFA Europa Conference League,2024,League Stage - 1,3364,Borac Banja Luka,617,Panathinaikos,Gradski Stadion,Banja Luka,E. Məsiyev,FT,Match Finished,1,1,0.0,1.0,1,1
1299328,2024-10-24T14:30:00+00:00,1729780200,848,UEFA Europa Conference League,2024,League Stage - 2,278,Vikingur Reykjavik,741,Cercle Brugge,Kópavogsvöllur,Kópavogur,V. Spasjoņņikovs,FT,Match Finished,3,1,1.0,1.0,3,1
1299314,2024-10-24T16:45:00+00:00,1729788300,848,UEFA Europa Conference League,2024,League Stage - 2,254,Heart Of Midlothian,3402,Omonia Nicosia,Tynecastle Park,Edinburgh,M. Očenáš,FT,Match Finished,2,0,2.0,0.0,2,0
1299315,2024-10-24T16:45:00+00:00,1729788300,848,UEFA Europa Conference League,2024,League Stage - 2,336,Jagiellonia,2271,Petrocub,Chorten Arena,Białystok,D. Sakhi,FT,Match Finished,2,0,0.0,0.0,2,0
1299312,2024-10-24T16:45:00+00:00,1729788300,848,UEFA Europa Conference League,2024,League Stage - 2,364,Djurgardens IF,224,Guimaraes,Tele2 Arena,Stockholm,G. Nuza,FT,Match Finished,1,2,0.0,0.0,1,2
1299319,2024-10-24T16:45:00+00:00,1729788300,848,UEFA Europa Conference League,2024,League Stage - 2,617,Panathinaikos,49,Chelsea,Olympiako Stadio Spyros Louis,Athens,António Nobre,FT,Match Finished,1,4,0.0,1.0,1,4
1299316,2024-10-24T16:45:00+00:00,1729788300,848,UEFA Europa Conference League,2024,League Stage - 2,631,Gent,329,Molde,Planet Group Arena,Gent,G. Kikacheishvili,FT,Match Finished,2,1,1.0,0.0,2,1
1299320,2024-10-24T16:45:00+00:00,1729788300,848,UEFA Europa Conference League,2024,League Stage - 2,781,Rapid Vienna,3684,FC Noah,Allianz Stadion,Wien,K. Tohver,FT,Match Finished,1,0,1.0,0.0,1,0
1299313,2024-10-24T16:45:00+00:00,1729788300,848,UEFA Europa Conference League,2024,League Stage - 2,1011,FC ST. Gallen,502,Fiorentina,kybunpark,St. Gallen,I. Frid,FT,Match Finished,2,4,1.0,0.0,2,4
1299311,2024-10-24T16:45:00+00:00,1729788300,848,UEFA Europa Conference League,2024,League Stage - 2,2247,Apoel Nicosia,3364,Borac Banja Luka,Neo GSP,Levkosía,R. Jones,FT,Match Finished,0,1,0.0,0.0,0,1
1299318,2024-10-24T16:45:00+00:00,1729788300,848,UEFA Europa Conference League,2024,League Stage - 2,4360,Celje,564,Istanbul Basaksehir,Stadion Z'dežele,Celje,O. Derevinskyi,FT,Match Finished,5,1,3.0,0.0,5,1
1299317,2024-10-24T16:45:00+00:00,1729788300,848,UEFA Europa Conference League,2024,League Stage - 2,5354,Larne,652,Shamrock Rovers,Windsor Park,Belfast,V. Fotias,FT,Match Finished,1,4,0.0,3.0,1,4
1299327,2024-10-24T19:00:00+00:00,1729796400,848,UEFA Europa Conference League,2024,League Stage - 2,354,The New Saints,562,FC Astana,The Croud Meadow,"Shrewsbury, Shropshire",J. Frischer,FT,Match Finished,2,0,1.0,0.0,2,0
1299326,2024-10-24T19:00:00+00:00,1729796400,848,UEFA Europa Conference League,2024,League Stage - 2,543,Real Betis,400,FC Copenhagen,Estadio Benito Villamarín,Sevilla,W. Delajod,FT,Match Finished,1,1,1.0,0.0,1,1
1299321,2024-10-24T19:00:00+00:00,1729796400,848,UEFA Europa Conference League,2024,League Stage - 2,640,Mlada Boleslav,606,FC Lugano,Lokotrans Aréna,Mladá Boleslav,C. Theouli,FT,Match Finished,0,1,0.0,1.0,0,1
1299323,2024-10-24T19:00:00+00:00,1729796400,848,UEFA Europa Conference League,2024,League Stage - 2,649,HJK helsinki,394,Dinamo Minsk,Bolt Arena,Helsinki,H. Nalbandyan,FT,Match Finished,1,0,0.0,0.0,1,0
1299324,2024-10-24T19:00:00+00:00,1729796400,848,UEFA Europa Conference League,2024,League Stage - 2,677,Olimpija Ljubljana,1026,Lask Linz,Stadion Stožice,Ljubljana,D. Chiffi,FT,Match Finished,2,0,1.0,0.0,2,0
1299322,2024-10-24T19:00:00+00:00,1729796400,848,UEFA Europa Conference League,2024,League Stage - 2,2646,TSC Backa Topola,339,Legia Warszawa,TSC Arena,Bačka Topola,J. Weinberger,FT,Match Finished,0,3,0.0,1.0,0,3
1299325,2024-10-24T19:00:00+00:00,1729796400,848,UEFA Europa Conference League,2024,League Stage - 2,3403,Pafos,180,1. FC Heidenheim,Alphamega Stadium,Kolossi,J. Vergoote,FT,Match Finished,0,1,0.0,1.0,0,1
1299336,2024-11-07T14:30:00+00:00,1730989800,848,UEFA Europa Conference League,2024,League Stage - 3,278,Vikingur Reykjavik,3364,Borac Banja Luka,Kópavogsvöllur,Kópavogur,J. Petřík,FT,Match Finished,2,0,2.0,0.0,2,0
1299333,2024-11-07T17:45:00+00:00,1731001500,848,UEFA Europa Conference League,2024,League Stage - 3,339,Legia Warszawa,394,Dinamo Minsk,Stadion Miejski Legii Warszawa im. Marszałka Józefa Piłsudskiego,Warszawa,A. Karaoğlan,FT,Match Finished,4,0,1.0,0.0,4,0
1299332,2024-11-07T17:45:00+00:00,1731001500,848,UEFA Europa Conference League,2024,League Stage - 3,631,Gent,3402,Omonia Nicosia,Planet Group Arena,Gent,T. Bognár,FT,Match Finished,1,0,1.0,0.0,1,0
1299331,2024-11-07T17:45:00+00:00,1731001500,848,UEFA Europa Conference League,2024,League Stage - 3,649,HJK helsinki,677,Olimpija Ljubljana,Bolt Arena,Helsinki,R. Jones,FT,Match Finished,0,2,0.0,0.0,0,2
1299335,2024-11-07T17:45:00+00:00,1731001500,848,UEFA Europa Conference League,2024,League Stage - 3,652,Shamrock Rovers,354,The New Saints,Tallaght Stadium,Dublin,S. Levi,FT,Match Finished,2,1,2.0,1.0,2,1
1299329,2024-11-07T17:45:00+00:00,1731001500,848,UEFA Europa Conference League,2024,League Stage - 3,2271,Petrocub,781,Rapid Vienna,Stadionul Zimbru,Chişinău,A. Bandić,FT,Match Finished,0,3,0.0,1.0,0,3
1299330,2024-11-07T17:45:00+00:00,1731001500,848,UEFA Europa Conference League,2024,League Stage - 3,2646,TSC Backa Topola,606,FC Lugano,TSC Arena,Bačka Topola,J. Sundberg,FT,Match Finished,4,1,1.0,0.0,4,1
1299334,2024-11-07T17:45:00+00:00,1731001500,848,UEFA Europa Conference League,2024,League Stage - 3,3403,Pafos,562,FC Astana,Alphamega Stadium,Kolossi,D. Robertson,FT,Match Finished,1,0,0.0,0.0,1,0
1299338,2024-11-07T20:00:00+00:00,1731009600,848,UEFA Europa Conference League,2024,League Stage - 3,49,Chelsea,3684,FC Noah,Stamford Bridge,London,C. Ciochirca,FT,Match Finished,8,0,6.0,0.0,8,0
1299346,2024-11-07T20:00:00+00:00,1731009600,848,UEFA Europa Conference League,2024,League Stage - 3,224,Guimaraes,640,Mlada Boleslav,Estádio Dom Afonso Henriques,Guimarães,P. Raczkowski,FT,Match Finished,2,1,1.0,0.0,2,1
1299341,2024-11-07T20:00:00+00:00,1731009600,848,UEFA Europa Conference League,2024,League Stage - 3,254,Heart Of Midlothian,180,1. FC Heidenheim,Tynecastle Park,Edinburgh,K. Hagenes,FT,Match Finished,0,2,0.0,0.0,0,2
1299342,2024-11-07T20:00:00+00:00,1731009600,848,UEFA Europa Conference League,2024,League Stage - 3,336,Jagiellonia,329,Molde,Chorten Arena,Białystok,M. Milanović,FT,Match Finished,3,0,1.0,0.0,3,0
1299339,2024-11-07T20:00:00+00:00,1731009600,848,UEFA Europa Conference League,2024,League Stage - 3,364,Djurgardens IF,617,Panathinaikos,Tele2 Arena,Stockholm,I. Pajač,FT,Match Finished,2,1,0.0,1.0,2,1
1299340,2024-11-07T20:00:00+00:00,1731009600,848,UEFA Europa Conference League,2024,League Stage - 3,400,FC Copenhagen,564,Istanbul Basaksehir,Parken,København,J. Kooij,FT,Match Finished,2,2,0.0,1.0,2,2
1299345,2024-11-07T20:00:00+00:00,1731009600,848,UEFA Europa Conference League,2024,League Stage - 3,543,Real Betis,4360,Celje,Estadio Benito Villamarín,Sevilla,N. Simović,FT,Match Finished,2,1,0.0,0.0,2,1
1299344,2024-11-07T20:00:00+00:00,1731009600,848,UEFA Europa Conference League,2024,League Stage - 3,1026,Lask Linz,741,Cercle Brugge,Raiffeisen Arena,Linz,R. Gidzhenov,FT,Match Finished,0,0,0.0,0.0,0,0
1299337,2024-11-07T20:00:00+00:00,1731009600,848,UEFA Europa Conference League,2024,League Stage - 3,2247,Apoel Nicosia,502,Fiorentina,Neo GSP,Levkosía,F. Letexier,FT,Match Finished,2,1,2.0,0.0,2,1
1299343,2024-11-07T20:00:00+00:00,1731009600,848,UEFA Europa Conference League,2024,League Stage - 3,5354,Larne,1011,FC ST. Gallen,Windsor Park,Belfast,I. Barbara,FT,Match Finished,1,2,1.0,1.0,1,2
1299347,2024-11-27T15:30:00+00:00,1732721400,848,UEFA Europa Conference League,2024,League Stage - 4,564,Istanbul Basaksehir,2271,Petrocub,Başakşehir Fatih Terim Stadyumu,İstanbul,G. Nuza,FT,Match Finished,1,1,1.0,0.0,1,1
1299348,2024-11-28T15:30:00+00:00,1732807800,848,UEFA Europa Conference League,2024,League Stage - 4,562,FC Astana,224,Guimaraes,Ortalyq stadıon,Almaty,N. Dabanović,FT,Match Finished,1,1,1.0,0.0,1,1
1299349,2024-11-28T17:45:00+00:00,1732815900,848,UEFA Europa Conference League,2024,League Stage - 4,180,1. FC Heidenheim,49,Chelsea,Voith-Arena,Heidenheim an der Brenz,S. Gözübüyük,FT,Match Finished,0,2,0.0,0.0,0,2
1299355,2024-11-28T17:45:00+00:00,1732815900,848,UEFA Europa Conference League,2024,League Stage - 4,329,Molde,2247,Apoel Nicosia,Aker Stadion,Molde,D. Sylwestrzak,FT,Match Finished,0,1,0.0,1.0,0,1
1299358,2024-11-28T17:45:00+00:00,1732815900,848,UEFA Europa Conference League,2024,League Stage - 4,354,The New Saints,364,Djurgardens IF,The Croud Meadow,"Shrewsbury, Shropshire",P. Farrugia,FT,Match Finished,0,1,0.0,1.0,0,1
1299351,2024-11-28T17:45:00+00:00,1732815900,848,UEFA Europa Conference League,2024,League Stage - 4,394,Dinamo Minsk,400,FC Copenhagen,Mehdi Hüseynzadə adına Sumqayıt şəhər stadionu,Sumqayıt,M. Očenáš,FT,Match Finished,1,2,1.0,1.0,1,2
1299357,2024-11-28T17:45:00+00:00,1732815900,848,UEFA Europa Conference League,2024,League Stage - 4,617,Panathinaikos,649,HJK helsinki,Olympiako Stadio Spyros Louis,Athens,D. Rumšas,FT,Match Finished,1,0,1.0,0.0,1,0
1299350,2024-11-28T17:45:00+00:00,1732815900,848,UEFA Europa Conference League,2024,League Stage - 4,741,Cercle Brugge,254,Heart Of Midlothian,Jan Breydelstadion,Brugge,E. Məsiyev,FT,Match Finished,2,0,1.0,0.0,2,0
1299353,2024-11-28T17:45:00+00:00,1732815900,848,UEFA Europa Conference League,2024,League Stage - 4,1011,FC ST. Gallen,2646,TSC Backa Topola,kybunpark,St. Gallen,J. Pignard,FT,Match Finished,2,2,1.0,1.0,2,2
1299354,2024-11-28T17:45:00+00:00,1732815900,848,UEFA Europa Conference League,2024,League Stage - 4,3364,Borac Banja Luka,1026,Lask Linz,Gradski Stadion,Banja Luka,Gustavo Correia,FT,Match Finished,2,1,0.0,0.0,2,1
1299352,2024-11-28T17:45:00+00:00,1732815900,848,UEFA Europa Conference League,2024,League Stage - 4,3684,FC Noah,278,Vikingur Reykjavik,Vazgen Sargsyan anvan Hanrapetakan Marzadasht,Yerevan,M. Antoniou,FT,Match Finished,0,0,0.0,0.0,0,0
1299356,2024-11-28T17:45:00+00:00,1732815900,848,UEFA Europa Conference League,2024,League Stage - 4,4360,Celje,336,Jagiellonia,Stadion Z'dežele,Celje,A. Lindhout,FT,Match Finished,3,3,1.0,1.0,3,3
1299359,2024-11-28T20:00:00+00:00,1732824000,848,UEFA Europa Conference League,2024,League Stage - 4,502,Fiorentina,3403,Pafos,Stadio Artemio Franchi,Firenze,E. Eskås,FT,Match Finished,3,2,1.0,0.0,3,2
1299360,2024-11-28T20:00:00+00:00,1732824000,848,UEFA Europa Conference League,2024,League Stage - 4,606,FC Lugano,631,Gent,Stockhorn Arena,Thun,E. Jorgji,FT,Match Finished,2,0,1.0,0.0,2,0
1299361,2024-11-28T20:00:00+00:00,1732824000,848,UEFA Europa Conference League,2024,League Stage - 4,640,Mlada Boleslav,543,Real Betis,Lokotrans Aréna,Mladá Boleslav,D. Schlager,FT,Match Finished,2,1,0.0,1.0,2,1
1299362,2024-11-28T20:00:00+00:00,1732824000,848,UEFA Europa Conference League,2024,League Stage - 4,677,Olimpija Ljubljana,5354,Larne,Stadion Stožice,Ljubljana,S. van der Eijk,FT,Match Finished,1,0,0.0,0.0,1,0
1299364,2024-11-28T20:00:00+00:00,1732824000,848,UEFA Europa Conference League,2024,League Stage - 4,781,Rapid Vienna,652,Shamrock Rovers,Allianz Stadion,Wien,G. Bogár,FT,Match Finished,1,1,1.0,0.0,1,1
1299363,2024-11-28T20:00:00+00:00,1732824000,848,UEFA Europa Conference League,2024,League Stage - 4,3402,Omonia Nicosia,339,Legia Warszawa,Neo GSP,Levkosía,R. Gidzhenov,FT,Match Finished,0,3,0.0,1.0,0,3
1299382,2024-12-12T13:00:00+00:00,1734008400,848,UEFA Europa Conference League,2024,League Stage - 5,278,Vikingur Reykjavik,364,Djurgardens IF,Kópavogsvöllur,Kópavogur,L. Bilbija,FT,Match Finished,1,2,0.0,0.0,1,2
1299365,2024-12-12T15:30:00+00:00,1734017400,848,UEFA Europa Conference League,2024,League Stage - 5,562,FC Astana,49,Chelsea,Ortalyq stadıon,Almaty,S. Jablonski,FT,Match Finished,1,3,1.0,3.0,1,3
1299373,2024-12-12T17:45:00+00:00,1734025500,848,UEFA Europa Conference League,2024,League Stage - 5,339,Legia Warszawa,606,FC Lugano,Stadion Miejski Legii Warszawa im. Marszałka Józefa Piłsudskiego,Warszawa,Juan Martínez,FT,Match Finished,1,2,1.0,1.0,1,2
1299368,2024-12-12T17:45:00+00:00,1734025500,848,UEFA Europa Conference League,2024,League Stage - 5,394,Dinamo Minsk,5354,Larne,Mehdi Hüseynzadə adına Sumqayıt şəhər stadionu,Sumqayıt,S. Karabayev,FT,Match Finished,2,0,0.0,0.0,2,0
1299367,2024-12-12T17:45:00+00:00,1734025500,848,UEFA Europa Conference League,2024,League Stage - 5,400,FC Copenhagen,254,Heart Of Midlothian,Parken,København,A. Colombo,FT,Match Finished,2,0,0.0,0.0,2,0
1299366,2024-12-12T17:45:00+00:00,1734025500,848,UEFA Europa Conference League,2024,League Stage - 5,502,Fiorentina,1026,Lask Linz,Stadio Artemio Franchi,Firenze,B. Berke,FT,Match Finished,7,0,3.0,0.0,7,0
1299372,2024-12-12T17:45:00+00:00,1734025500,848,UEFA Europa Conference League,2024,League Stage - 5,564,Istanbul Basaksehir,180,1. FC Heidenheim,Başakşehir Fatih Terim Stadyumu,İstanbul,M. Guida,FT,Match Finished,3,1,2.0,0.0,3,1
1299371,2024-12-12T17:45:00+00:00,1734025500,848,UEFA Europa Conference League,2024,League Stage - 5,649,HJK helsinki,329,Molde,Bolt Arena,Helsinki,A. Karaoğlan,FT,Match Finished,2,2,1.0,2.0,2,2
1299374,2024-12-12T17:45:00+00:00,1734025500,848,UEFA Europa Conference League,2024,League Stage - 5,677,Olimpija Ljubljana,741,Cercle Brugge,Stadion Stožice,Ljubljana,A. Ladebäck,FT,Match Finished,1,4,1.0,2.0,1,4
1299370,2024-12-12T17:45:00+00:00,1734025500,848,UEFA Europa Conference League,2024,League Stage - 5,2271,Petrocub,543,Real Betis,Stadionul Zimbru,Chişinău,L. D'hondt,FT,Match Finished,0,1,0.0,0.0,0,1
1299369,2024-12-12T17:45:00+00:00,1734025500,848,UEFA Europa Conference League,2024,League Stage - 5,3684,FC Noah,2247,Apoel Nicosia,Vazgen Sargsyan anvan Hanrapetakan Marzadasht,Yerevan,M. Milanović,FT,Match Finished,1,3,1.0,1.0,1,3
1299381,2024-12-12T20:00:00+00:00,1734033600,848,UEFA Europa Conference League,2024,League Stage - 5,354,The New Saints,617,Panathinaikos,The Croud Meadow,"Shrewsbury, Shropshire",O. Reitala,FT,Match Finished,0,2,0.0,1.0,0,2
1299377,2024-12-12T20:00:00+00:00,1734033600,848,UEFA Europa Conference League,2024,League Stage - 5,631,Gent,2646,TSC Backa Topola,Planet Group Arena,Gent,A. Ghaltakchyan,FT,Match Finished,3,0,3.0,0.0,3,0
1299376,2024-12-12T20:00:00+00:00,1734033600,848,UEFA Europa Conference League,2024,League Stage - 5,640,Mlada Boleslav,336,Jagiellonia,Lokotrans Aréna,Mladá Boleslav,D. Dickinson,FT,Match Finished,1,0,0.0,0.0,1,0
1299380,2024-12-12T20:00:00+00:00,1734033600,848,UEFA Europa Conference League,2024,League Stage - 5,652,Shamrock Rovers,3364,Borac Banja Luka,Tallaght Stadium,Dublin,S. Ebner,FT,Match Finished,3,0,1.0,0.0,3,0
1299375,2024-12-12T20:00:00+00:00,1734033600,848,UEFA Europa Conference League,2024,League Stage - 5,1011,FC ST. Gallen,224,Guimaraes,kybunpark,St. Gallen,N. Walsh,FT,Match Finished,1,4,0.0,1.0,1,4
1299378,2024-12-12T20:00:00+00:00,1734033600,848,UEFA Europa Conference League,2024,League Stage - 5,3402,Omonia Nicosia,781,Rapid Vienna,Neo GSP,Levkosía,D. Stefanski,FT,Match Finished,3,1,0.0,0.0,3,1
1299379,2024-12-12T20:00:00+00:00,1734033600,848,UEFA Europa Conference League,2024,League Stage - 5,3403,Pafos,4360,Celje,Alphamega Stadium,Kolossi,P. Raczkowski,FT,Match Finished,2,0,0.0,0.0,2,0
1299386,2024-12-19T20:00:00+00:00,1734638400,848,UEFA Europa Conference League,2024,League Stage - 6,49,Chelsea,652,Shamrock Rovers,Stamford Bridge,London,W. Delajod,FT,Match Finished,5,1,4.0,1.0,5,1
1299383,2024-12-19T20:00:00+00:00,1734638400,848,UEFA Europa Conference League,2024,League Stage - 6,180,1. FC Heidenheim,1011,FC ST. Gallen,Voith-Arena,Heidenheim an der Brenz,Javier Alberola,FT,Match Finished,1,1,1.0,0.0,1,1
1299400,2024-12-19T20:00:00+00:00,1734638400,848,UEFA Europa Conference League,2024,League Stage - 6,224,Guimaraes,502,Fiorentina,Estádio Dom Afonso Henriques,Guimarães,J. Xhaja,FT,Match Finished,1,1,1.0,0.0,1,1
1299391,2024-12-19T20:00:00+00:00,1734638400,848,UEFA Europa Conference League,2024,League Stage - 6,254,Heart Of Midlothian,2271,Petrocub,Tynecastle Park,Edinburgh,O. Berka,FT,Match Finished,2,2,0.0,1.0,2,2
1299395,2024-12-19T20:00:00+00:00,1734638400,848,UEFA Europa Conference League,2024,League Stage - 6,329,Molde,640,Mlada Boleslav,Aker Stadion,Molde,V. Kastrati,FT,Match Finished,4,3,2.0,1.0,4,3
1299392,2024-12-19T20:00:00+00:00,1734638400,848,UEFA Europa Conference League,2024,League Stage - 6,336,Jagiellonia,677,Olimpija Ljubljana,Chorten Arena,Białystok,Luís Godinho,FT,Match Finished,0,0,0.0,0.0,0,0
1299387,2024-12-19T20:00:00+00:00,1734638400,848,UEFA Europa Conference League,2024,League Stage - 6,364,Djurgardens IF,339,Legia Warszawa,Tele2 Arena,Stockholm,D. Šmajc,FT,Match Finished,3,1,2.0,0.0,3,1
1299398,2024-12-19T20:00:00+00:00,1734638400,848,UEFA Europa Conference League,2024,League Stage - 6,543,Real Betis,649,HJK helsinki,Estadio Benito Villamarín,Sevilla,P. Kolarić,FT,Match Finished,1,0,1.0,0.0,1,0
1299388,2024-12-19T20:00:00+00:00,1734638400,848,UEFA Europa Conference League,2024,League Stage - 6,606,FC Lugano,3403,Pafos,Stockhorn Arena,Thun,N. Minaković,FT,Match Finished,2,2,2.0,1.0,2,2
1299397,2024-12-19T20:00:00+00:00,1734638400,848,UEFA Europa Conference League,2024,League Stage - 6,617,Panathinaikos,394,Dinamo Minsk,Olympiako Stadio Spyros Louis,Athens,R. Hennessy,FT,Match Finished,4,0,1.0,0.0,4,0
1299385,2024-12-19T20:00:00+00:00,1734638400,848,UEFA Europa Conference League,2024,League Stage - 6,741,Cercle Brugge,564,Istanbul Basaksehir,Jan Breydelstadion,Brugge,I. Vad II,FT,Match Finished,1,1,0.0,0.0,1,1
1299399,2024-12-19T20:00:00+00:00,1734638400,848,UEFA Europa Conference League,2024,League Stage - 6,781,Rapid Vienna,400,FC Copenhagen,Allianz Stadion,Wien,J. Beaton,FT,Match Finished,3,0,1.0,0.0,3,0
1299394,2024-12-19T20:00:00+00:00,1734638400,848,UEFA Europa Conference League,2024,League Stage - 6,1026,Lask Linz,278,Vikingur Reykjavik,Raiffeisen Arena,Linz,M. Al Emara,FT,Match Finished,1,1,1.0,1.0,1,1
1299384,2024-12-19T20:00:00+00:00,1734638400,848,UEFA Europa Conference League,2024,League Stage - 6,2247,Apoel Nicosia,562,FC Astana,Neo GSP,Levkosía,S. Gishamer,FT,Match Finished,1,1,0.0,0.0,1,1
1299390,2024-12-19T20:00:00+00:00,1734638400,848,UEFA Europa Conference League,2024,League Stage - 6,2646,TSC Backa Topola,3684,FC Noah,TSC Arena,Bačka Topola,M. Barbu,FT,Match Finished,4,3,1.0,2.0,4,3
1299389,2024-12-19T20:00:00+00:00,1734638400,848,UEFA Europa Conference League,2024,League Stage - 6,3364,Borac Banja Luka,3402,Omonia Nicosia,Gradski Stadion,Banja Luka,M. Al Hakim,FT,Match Finished,0,0,0.0,0.0,0,0
1299396,2024-12-19T20:00:00+00:00,1734638400,848,UEFA Europa Conference League,2024,League Stage - 6,4360,Celje,354,The New Saints,Stadion Z'dežele,Celje,L. Fähndrich,FT,Match Finished,3,2,2.0,2.0,3,2
1299393,2024-12-19T20:00:00+00:00,1734638400,848,UEFA Europa Conference League,2024,League Stage - 6,5354,Larne,631,Gent,Windsor Park,Belfast,S. Kringstad,FT,Match Finished,1,0,0.0,0.0,1,0
1325908,2025-02-13T17:45:00+00:00,1739468700,848,UEFA Europa Conference League,2024,Knockout Round Play-offs,278,Vikingur Reykjavik,617,Panathinaikos,Bolt Arena,Helsinki,R. Saggi,FT,Match Finished,2,1,1.0,0.0,2,1
1325910,2025-02-13T17:45:00+00:00,1739468700,848,UEFA Europa Conference League,2024,Knockout Round Play-offs,329,Molde,652,Shamrock Rovers,Aker Stadion,Molde,A. Treimanis,FT,Match Finished,0,1,0.0,0.0,0,1
1325906,2025-02-13T17:45:00+00:00,1739468700,848,UEFA Europa Conference League,2024,Knockout Round Play-offs,2646,TSC Backa Topola,336,Jagiellonia,TSC Arena,Bačka Topola,António Nobre,FT,Match Finished,1,3,1.0,1.0,1,3
1325900,2025-02-13T17:45:00+00:00,1739468700,848,UEFA Europa Conference League,2024,Knockout Round Play-offs,4360,Celje,2247,Apoel Nicosia,Stadion Z'dežele,Celje,M. Balakin,FT,Match Finished,2,2,1.0,1.0,2,2
1325902,2025-02-13T20:00:00+00:00,1739476800,848,UEFA Europa Conference League,2024,Knockout Round Play-offs,400,FC Copenhagen,180,1. FC Heidenheim,Parken,København,A. Tsakalidis,FT,Match Finished,1,2,1.0,0.0,1,2
1325898,2025-02-13T20:00:00+00:00,1739476800,848,UEFA Europa Conference League,2024,Knockout Round Play-offs,631,Gent,543,Real Betis,Planet Group Arena,Gent,H. Feșnic,FT,Match Finished,0,3,0.0,0.0,0,3
1325912,2025-02-13T20:00:00+00:00,1739476800,848,UEFA Europa Conference League,2024,Knockout Round Play-offs,3364,Borac Banja Luka,677,Olimpija Ljubljana,Gradski Stadion,Banja Luka,R. Petrescu,FT,Match Finished,1,0,0.0,0.0,1,0
1325904,2025-02-13T20:00:00+00:00,1739476800,848,UEFA Europa Conference League,2024,Knockout Round Play-offs,3402,Omonia Nicosia,3403,Pafos,Neo GSP,Levkosía,S. Sozza,FT,Match Finished,1,1,0.0,0.0,1,1
1325903,2025-02-20T17:45:00+00:00,1740073500,848,UEFA Europa Conference League,2024,Knockout Round Play-offs,180,1. FC Heidenheim,400,FC Copenhagen,Voith-Arena,Heidenheim an der Brenz,N. Dabanović,AET,Match Finished,1,3,0.0,1.0,1,2
1325899,2025-02-20T17:45:00+00:00,1740073500,848,UEFA Europa Conference League,2024,Knockout Round Play-offs,543,Real Betis,631,Gent,Estadio Benito Villamarín,Sevilla,D. Sylwestrzak,FT,Match Finished,0,1,0.0,0.0,0,1
1325913,2025-02-20T17:45:00+00:00,1740073500,848,UEFA Europa Conference League,2024,Knockout Round Play-offs,677,Olimpija Ljubljana,3364,Borac Banja Luka,Stadion Stožice,Ljubljana,M. Lukjančukas,FT,Match Finished,0,0,0.0,0.0,0,0
1325905,2025-02-20T17:45:00+00:00,1740073500,848,UEFA Europa Conference League,2024,Knockout Round Play-offs,3403,Pafos,3402,Omonia Nicosia,Alphamega Stadium,Kolossi,C. Turpin,FT,Match Finished,2,1,1.0,0.0,2,1
1325907,2025-02-20T20:00:00+00:00,1740081600,848,UEFA Europa Conference League,2024,Knockout Round Play-offs,336,Jagiellonia,2646,TSC Backa Topola,Chorten Arena,Białystok,A. Lindhout,FT,Match Finished,3,1,1.0,1.0,3,1
1325909,2025-02-20T20:00:00+00:00,1740081600,848,UEFA Europa Conference League,2024,Knockout Round Play-offs,617,Panathinaikos,278,Vikingur Reykjavik,Olympiako Stadio Spyros Louis,Athens,R. Obrenović,FT,Match Finished,2,0,0.0,0.0,2,0
1325911,2025-02-20T20:00:00+00:00,1740081600,848,UEFA Europa Conference League,2024,Knockout Round Play-offs,652,Shamrock Rovers,329,Molde,Tallaght Stadium,Dublin,A. Sidiropoulos,PEN,Match Finished,0,1,0.0,1.0,0,1
1325901,2025-02-20T20:00:00+00:00,1740081600,848,UEFA Europa Conference League,2024,Knockout Round Play-offs,2247,Apoel Nicosia,4360,Celje,Neo GSP,Levkosía,J. Beaton,FT,Match Finished,0,2,0.0,1.0,0,2
1353206,2025-03-06T17:45:00+00:00,1741283100,848,UEFA Europa Conference League,2024,Round of 16,329,Molde,339,Legia Warszawa,Aker Stadion,Molde,H. Feșnic,FT,Match Finished,3,2,3.0,0.0,3,2
1353208,2025-03-06T17:45:00+00:00,1741283100,848,UEFA Europa Conference League,2024,Round of 16,400,FC Copenhagen,49,Chelsea,Parken,København,G. Kabakov,FT,Match Finished,1,2,0.0,0.0,1,2
1353202,2025-03-06T17:45:00+00:00,1741283100,848,UEFA Europa Conference League,2024,Round of 16,543,Real Betis,224,Guimaraes,Estadio Benito Villamarín,Sevilla,N. Dabanović,FT,Match Finished,2,2,0.0,0.0,2,2
1353204,2025-03-06T17:45:00+00:00,1741283100,848,UEFA Europa Conference League,2024,Round of 16,617,Panathinaikos,502,Fiorentina,Olympiako Stadio Spyros Louis,Athens,E. Lambrechts,FT,Match Finished,3,2,2.0,2.0,3,2
1353210,2025-03-06T20:00:00+00:00,1741291200,848,UEFA Europa Conference League,2024,Round of 16,336,Jagiellonia,741,Cercle Brugge,Chorten Arena,Białystok,A. Sidiropoulos,FT,Match Finished,3,0,0.0,0.0,3,0
1353214,2025-03-06T20:00:00+00:00,1741291200,848,UEFA Europa Conference League,2024,Round of 16,3364,Borac Banja Luka,781,Rapid Vienna,Gradski Stadion,Banja Luka,J. Brisard,FT,Match Finished,1,1,0.0,1.0,1,1
1353216,2025-03-06T20:00:00+00:00,1741291200,848,UEFA Europa Conference League,2024,Round of 16,3403,Pafos,364,Djurgardens IF,Alphamega Stadium,Kolossi,G. Kruashvili,FT,Match Finished,1,0,0.0,0.0,1,0
1353212,2025-03-06T20:00:00+00:00,1741291200,848,UEFA Europa Conference League,2024,Round of 16,4360,Celje,606,FC Lugano,Stadion Z'dežele,Celje,António Nobre,FT,Match Finished,1,0,1.0,0.0,1,0
1353217,2025-03-13T17:45:00+00:00,1741887900,848,UEFA Europa Conference League,2024,Round of 16,364,Djurgardens IF,3403,Pafos,3Arena,Stockholm,S. Gishamer,FT,Match Finished,3,0,1.0,0.0,3,0
1353213,2025-03-13T17:45:00+00:00,1741887900,848,UEFA Europa Conference League,2024,Round of 16,606,FC Lugano,4360,Celje,Stockhorn Arena,Thun,A. Treimanis,PEN,Match Finished,5,4,3.0,1.0,4,3
1353211,2025-03-13T17:45:00+00:00,1741887900,848,UEFA Europa Conference League,2024,Round of 16,741,Cercle Brugge,336,Jagiellonia,Jan Breydelstadion,Brugge,M. Krogh,FT,Match Finished,2,0,1.0,0.0,2,0
1353215,2025-03-13T17:45:00+00:00,1741887900,848,UEFA Europa Conference League,2024,Round of 16,781,Rapid Vienna,3364,Borac Banja Luka,Allianz Stadion,Wien,A. Lindhout,AET,Match Finished,2,1,0.0,0.0,1,1
1353209,2025-03-13T20:00:00+00:00,1741896000,848,UEFA Europa Conference League,2024,Round of 16,49,Chelsea,400,FC Copenhagen,Stamford Bridge,London,R. Petrescu,FT,Match Finished,1,0,0.0,0.0,1,0
1353203,2025-03-13T20:00:00+00:00,1741896000,848,UEFA Europa Conference League,2024,Round of 16,224,Guimaraes,543,Real Betis,Estádio Dom Afonso Henriques,Guimarães,S. Gözübüyük,FT,Match Finished,0,4,0.0,2.0,0,4
1353207,2025-03-13T20:00:00+00:00,1741896000,848,UEFA Europa Conference League,2024,Round of 16,339,Legia Warszawa,329,Molde,Stadion Miejski Legii Warszawa im. Marszałka Józefa Piłsudskiego,Warszawa,M. Jug,AET,Match Finished,2,0,1.0,0.0,1,0
1353205,2025-03-13T20:00:00+00:00,1741896000,848,UEFA Europa Conference League,2024,Round of 16,502,Fiorentina,617,Panathinaikos,Stadio Artemio Franchi,Firenze,J. Beaton,FT,Match Finished,3,1,2.0,0.0,3,1
1361288,2025-04-10T16:45:00+00:00,1744303500,848,UEFA Europa Conference League,2024,Quarter-finals,339,Legia Warszawa,49,Chelsea,Stadion Miejski Legii Warszawa im. Marszałka Józefa Piłsudskiego,Warszawa,S. Gözübüyük,FT,Match Finished,0,3,0.0,0.0,0,3
1361290,2025-04-10T19:00:00+00:00,1744311600,848,UEFA Europa Conference League,2024,Quarter-finals,364,Djurgardens IF,781,Rapid Vienna,3Arena,Stockholm,T. Stieler,FT,Match Finished,0,1,0.0,0.0,0,1
1361284,2025-04-10T19:00:00+00:00,1744311600,848,UEFA Europa Conference League,2024,Quarter-finals,543,Real Betis,336,Jagiellonia,Estadio Benito Villamarín,Sevilla,A. Taylor,FT,Match Finished,2,0,2.0,0.0,2,0
1361286,2025-04-10T19:00:00+00:00,1744311600,848,UEFA Europa Conference League,2024,Quarter-finals,4360,Celje,502,Fiorentina,Stadion Z'dežele,Celje,F. Zwayer,FT,Match Finished,1,2,0.0,1.0,1,2
1361285,2025-04-17T16:45:00+00:00,1744908300,848,UEFA Europa Conference League,2024,Quarter-finals,336,Jagiellonia,543,Real Betis,Chorten Arena,Białystok,C. Turpin,FT,Match Finished,1,1,0.0,0.0,1,1
1361287,2025-04-17T16:45:00+00:00,1744908300,848,UEFA Europa Conference League,2024,Quarter-finals,502,Fiorentina,4360,Celje,Stadio Artemio Franchi,Firenze,João Pedro Pinheiro,FT,Match Finished,2,2,1.0,0.0,2,2
1361289,2025-04-17T19:00:00+00:00,1744916400,848,UEFA Europa Conference League,2024,Quarter-finals,49,Chelsea,339,Legia Warszawa,Stamford Bridge,London,Alejandro Hernández,FT,Match Finished,1,2,1.0,1.0,1,2
1361291,2025-04-17T19:00:00+00:00,1744916400,848,UEFA Europa Conference League,2024,Quarter-finals,781,Rapid Vienna,364,Djurgardens IF,Allianz Stadion,Wien,A. Taylor,AET,Match Finished,1,4,1.0,1.0,1,2
1371998,2025-05-01T19:00:00+00:00,1746126000,848,UEFA Europa Conference League,2024,Semi-finals,364,Djurgardens IF,49,Chelsea,3Arena,Stockholm,S. Schärer,FT,Match Finished,1,4,0.0,2.0,1,4
1371996,2025-05-01T19:00:00+00:00,1746126000,848,UEFA Europa Conference League,2024,Semi-finals,543,Real Betis,502,Fiorentina,Estadio Benito Villamarín,Sevilla,M. Oliver,FT,Match Finished,2,1,1.0,0.0,2,1
1371999,2025-05-08T19:00:00+00:00,1746730800,848,UEFA Europa Conference League,2024,Semi-finals,49,Chelsea,364,Djurgardens IF,Stamford Bridge,London,João Pedro Pinheiro,FT,Match Finished,1,0,1.0,0.0,1,0
1371997,2025-05-08T19:00:00+00:00,1746730800,848,UEFA Europa Conference League,2024,Semi-finals,502,Fiorentina,543,Real Betis,Stadio Artemio Franchi,Firenze,G. Nyberg,AET,Match Finished,2,2,2.0,1.0,2,1
1374899,2025-05-28T19:00:00+00:00,1748458800,848,UEFA Europa Conference League,2024,Final,543,Real Betis,49,Chelsea,Tarczyński Arena,Wrocław,I. Peljto,FT,Match Finished,1,4,1.0,0.0,1,4
1213441,2024-08-09T18:00:00+00:00,1723226400,88,Eredivisie,2024,Regular Season - 1,202,Groningen,203,NAC Breda,Euroborg,Groningen,M. Nagtegaal,FT,Match Finished,4,1,3.0,0.0,4,1
1213442,2024-08-10T14:30:00+00:00,1723300200,88,Eredivisie,2024,Regular Season - 1,209,Feyenoord,195,Willem II,Stadion Feijenoord,Rotterdam,D. Higler,FT,Match Finished,1,1,1.0,0.0,1,1
1213443,2024-08-10T16:45:00+00:00,1723308300,88,Eredivisie,2024,Regular Season - 1,413,NEC Nijmegen,415,Twente,Goffertstadion,Nijmegen,A. Lindhout,FT,Match Finished,1,2,1.0,1.0,1,2
1213444,2024-08-10T18:00:00+00:00,1723312800,88,Eredivisie,2024,Regular Season - 1,419,Almere City FC,201,AZ Alkmaar,Yanmar Stadion,Almere,M. van den Kerkhof,FT,Match Finished,0,1,0.0,1.0,0,1
1213445,2024-08-10T19:00:00+00:00,1723316400,88,Eredivisie,2024,Regular Season - 1,197,PSV Eindhoven,417,Waalwijk,Philips Stadion,Eindhoven,J. Kooij,FT,Match Finished,5,1,3.0,0.0,5,1
1213446,2024-08-11T10:15:00+00:00,1723371300,88,Eredivisie,2024,Regular Season - 1,426,Sparta Rotterdam,206,Heracles,Sparta-Stadion Het Kasteel,Rotterdam,S. van der Eijk,FT,Match Finished,0,0,0.0,0.0,0,0
1213447,2024-08-11T12:30:00+00:00,1723379400,88,Eredivisie,2024,Regular Season - 1,207,Utrecht,193,PEC Zwolle,Stadion Galgenwaard,Utrecht,J. van der Laan,FT,Match Finished,1,0,1.0,0.0,1,0
1213448,2024-08-11T12:30:00+00:00,1723379400,88,Eredivisie,2024,Regular Season - 1,410,GO Ahead Eagles,205,Fortuna Sittard,De Adelaarshorst,Deventer,A. Bos,FT,Match Finished,0,2,0.0,0.0,0,2
1213449,2024-08-11T14:45:00+00:00,1723387500,88,Eredivisie,2024,Regular Season - 1,194,Ajax,210,Heerenveen,Johan Cruijff ArenA,Amsterdam,B. Nijhuis,FT,Match Finished,1,0,1.0,0.0,1,0
1213450,2024-08-16T18:00:00+00:00,1723831200,88,Eredivisie,2024,Regular Season - 2,205,Fortuna Sittard,419,Almere City FC,Fortuna Sittard Stadion,Sittard,J. Kooij,FT,Match Finished,3,0,1.0,0.0,3,0
1213451,2024-08-17T14:30:00+00:00,1723905000,88,Eredivisie,2024,Regular Season - 2,210,Heerenveen,207,Utrecht,Abe Lenstra Stadion,Heerenveen,D. Makkelie,FT,Match Finished,1,1,0.0,1.0,1,1
1213452,2024-08-17T16:45:00+00:00,1723913100,88,Eredivisie,2024,Regular Season - 2,415,Twente,426,Sparta Rotterdam,De Grolsch Veste,Enschede,J. van der Laan,FT,Match Finished,1,1,0.0,0.0,1,1
1213453,2024-08-17T18:00:00+00:00,1723917600,88,Eredivisie,2024,Regular Season - 2,201,AZ Alkmaar,413,NEC Nijmegen,AFAS Stadion,Alkmaar,E. van de Graaf,FT,Match Finished,1,0,1.0,0.0,1,0
1213454,2024-08-17T19:00:00+00:00,1723921200,88,Eredivisie,2024,Regular Season - 2,417,Waalwijk,202,Groningen,Mandemakers Stadion,Waalwijk,R. Hensgens,FT,Match Finished,1,2,0.0,1.0,1,2
1213455,2024-08-18T10:15:00+00:00,1723976100,88,Eredivisie,2024,Regular Season - 2,206,Heracles,197,PSV Eindhoven,Asito Stadion,Almelo,M. van den Kerkhof,FT,Match Finished,1,3,1.0,0.0,1,3
1213456,2024-08-18T12:30:00+00:00,1723984200,88,Eredivisie,2024,Regular Season - 2,193,PEC Zwolle,209,Feyenoord,MAC³PARK Stadion,Zwolle,B. Nijhuis,FT,Match Finished,1,5,0.0,1.0,1,5
1213457,2024-08-18T12:30:00+00:00,1723984200,88,Eredivisie,2024,Regular Season - 2,195,Willem II,410,GO Ahead Eagles,Koning Willem II Stadion,Tilburg,I. Oostrom,FT,Match Finished,2,0,2.0,0.0,2,0
1213458,2024-08-18T14:45:00+00:00,1723992300,88,Eredivisie,2024,Regular Season - 2,203,NAC Breda,194,Ajax,Rat Verlegh Stadion,Breda,D. Higler,FT,Match Finished,2,1,0.0,0.0,2,1
1213459,2024-08-24T16:45:00+00:00,1724517900,88,Eredivisie,2024,Regular Season - 3,413,NEC Nijmegen,193,PEC Zwolle,Goffertstadion,Nijmegen,S. van der Eijk,FT,Match Finished,1,0,0.0,0.0,1,0
1213460,2024-08-24T18:00:00+00:00,1724522400,88,Eredivisie,2024,Regular Season - 3,419,Almere City FC,197,PSV Eindhoven,Yanmar Stadion,Almere,D. Makkelie,FT,Match Finished,1,7,0.0,2.0,1,7
1213461,2024-08-24T19:00:00+00:00,1724526000,88,Eredivisie,2024,Regular Season - 3,203,NAC Breda,207,Utrecht,Rat Verlegh Stadion,Breda,I. Oostrom,FT,Match Finished,1,2,1.0,0.0,1,2
1213464,2024-08-25T10:15:00+00:00,1724580900,88,Eredivisie,2024,Regular Season - 3,202,Groningen,201,AZ Alkmaar,Euroborg,Groningen,J. Manschot,FT,Match Finished,0,0,0.0,0.0,0,0
1213465,2024-08-25T12:30:00+00:00,1724589000,88,Eredivisie,2024,Regular Season - 3,206,Heracles,195,Willem II,Asito Stadion,Almelo,E. van de Graaf,FT,Match Finished,1,1,1.0,1.0,1,1
1213466,2024-08-25T12:30:00+00:00,1724589000,88,Eredivisie,2024,Regular Season - 3,426,Sparta Rotterdam,209,Feyenoord,Sparta-Stadion Het Kasteel,Rotterdam,A. Bos,FT,Match Finished,1,1,1.0,0.0,1,1
1213467,2024-08-25T14:45:00+00:00,1724597100,88,Eredivisie,2024,Regular Season - 3,410,GO Ahead Eagles,417,Waalwijk,De Adelaarshorst,Deventer,J. Kooij,FT,Match Finished,2,0,1.0,0.0,2,0
1213468,2024-08-30T18:00:00+00:00,1725040800,88,Eredivisie,2024,Regular Season - 4,417,Waalwijk,201,AZ Alkmaar,Mandemakers Stadion,Waalwijk,R. Dieperink,FT,Match Finished,0,3,0.0,2.0,0,3
1213469,2024-08-31T14:30:00+00:00,1725114600,88,Eredivisie,2024,Regular Season - 4,419,Almere City FC,202,Groningen,Yanmar Stadion,Almere,M. Vos,FT,Match Finished,1,1,1.0,0.0,1,1
1213470,2024-08-31T16:45:00+00:00,1725122700,88,Eredivisie,2024,Regular Season - 4,205,Fortuna Sittard,413,NEC Nijmegen,Fortuna Sittard Stadion,Sittard,J. Manschot,FT,Match Finished,0,3,0.0,2.0,0,3
1213471,2024-08-31T18:00:00+00:00,1725127200,88,Eredivisie,2024,Regular Season - 4,210,Heerenveen,203,NAC Breda,Abe Lenstra Stadion,Heerenveen,R. Hensgens,FT,Match Finished,4,0,0.0,0.0,4,0
1213472,2024-08-31T19:00:00+00:00,1725130800,88,Eredivisie,2024,Regular Season - 4,195,Willem II,426,Sparta Rotterdam,Koning Willem II Stadion,Tilburg,A. Lindhout,FT,Match Finished,1,2,0.0,0.0,1,2
1213473,2024-09-01T10:15:00+00:00,1725185700,88,Eredivisie,2024,Regular Season - 4,207,Utrecht,415,Twente,Stadion Galgenwaard,Utrecht,D. Higler,FT,Match Finished,2,1,1.0,1.0,2,1
1213475,2024-09-01T12:30:00+00:00,1725193800,88,Eredivisie,2024,Regular Season - 4,193,PEC Zwolle,206,Heracles,MAC³PARK Stadion,Zwolle,S. Gözübüyük,FT,Match Finished,3,0,1.0,0.0,3,0
1213476,2024-09-01T14:45:00+00:00,1725201900,88,Eredivisie,2024,Regular Season - 4,197,PSV Eindhoven,410,GO Ahead Eagles,Philips Stadion,Eindhoven,B. Nijhuis,FT,Match Finished,3,0,2.0,0.0,3,0
1213481,2024-09-14T14:30:00+00:00,1726324200,88,Eredivisie,2024,Regular Season - 5,197,PSV Eindhoven,413,NEC Nijmegen,Philips Stadion,Eindhoven,D. Higler,FT,Match Finished,2,0,2.0,0.0,2,0
1213477,2024-09-14T14:30:00+00:00,1726324200,88,Eredivisie,2024,Regular Season - 5,415,Twente,193,PEC Zwolle,De Grolsch Veste,Enschede,J. Kamphuis,FT,Match Finished,1,1,0.0,1.0,1,1
1213478,2024-09-14T16:45:00+00:00,1726332300,88,Eredivisie,2024,Regular Season - 5,202,Groningen,209,Feyenoord,Euroborg,Groningen,D. Makkelie,FT,Match Finished,2,2,0.0,1.0,2,2
1213479,2024-09-14T18:00:00+00:00,1726336800,88,Eredivisie,2024,Regular Season - 5,203,NAC Breda,205,Fortuna Sittard,Rat Verlegh Stadion,Breda,J. van der Laan,FT,Match Finished,1,0,0.0,0.0,1,0
1213480,2024-09-14T19:00:00+00:00,1726340400,88,Eredivisie,2024,Regular Season - 5,201,AZ Alkmaar,210,Heerenveen,AFAS Stadion,Alkmaar,S. van der Eijk,FT,Match Finished,9,1,2.0,1.0,9,1
1213482,2024-09-15T10:15:00+00:00,1726395300,88,Eredivisie,2024,Regular Season - 5,426,Sparta Rotterdam,410,GO Ahead Eagles,Sparta-Stadion Het Kasteel,Rotterdam,E. van de Graaf,FT,Match Finished,1,2,0.0,1.0,1,2
1213484,2024-09-15T12:30:00+00:00,1726403400,88,Eredivisie,2024,Regular Season - 5,195,Willem II,417,Waalwijk,Koning Willem II Stadion,Tilburg,B. Nijhuis,FT,Match Finished,3,0,2.0,0.0,3,0
1213485,2024-09-15T14:45:00+00:00,1726411500,88,Eredivisie,2024,Regular Season - 5,206,Heracles,419,Almere City FC,Asito Stadion,Almelo,A. Lindhout,FT,Match Finished,0,0,0.0,0.0,0,0
1213462,2024-09-17T18:00:00+00:00,1726596000,88,Eredivisie,2024,Regular Season - 3,415,Twente,210,Heerenveen,De Grolsch Veste,Enschede,S. Gözübüyük,FT,Match Finished,2,0,2.0,0.0,2,0
1213463,2024-09-18T18:00:00+00:00,1726682400,88,Eredivisie,2024,Regular Season - 3,194,Ajax,205,Fortuna Sittard,Johan Cruijff ArenA,Amsterdam,M. van den Kerkhof,FT,Match Finished,5,0,2.0,0.0,5,0
1213486,2024-09-20T18:00:00+00:00,1726855200,88,Eredivisie,2024,Regular Season - 6,193,PEC Zwolle,201,AZ Alkmaar,MAC³PARK Stadion,Zwolle,I. Oostrom,FT,Match Finished,1,2,0.0,1.0,1,2
1213487,2024-09-21T14:30:00+00:00,1726929000,88,Eredivisie,2024,Regular Season - 6,207,Utrecht,195,Willem II,Stadion Galgenwaard,Utrecht,J. Kooij,FT,Match Finished,3,2,2.0,2.0,3,2
1213488,2024-09-21T16:45:00+00:00,1726937100,88,Eredivisie,2024,Regular Season - 6,417,Waalwijk,426,Sparta Rotterdam,Mandemakers Stadion,Waalwijk,J. Manschot,FT,Match Finished,1,2,0.0,1.0,1,2
1213489,2024-09-21T18:00:00+00:00,1726941600,88,Eredivisie,2024,Regular Season - 6,410,GO Ahead Eagles,194,Ajax,De Adelaarshorst,Deventer,M. Nagtegaal,FT,Match Finished,1,1,0.0,0.0,1,1
1213490,2024-09-21T19:00:00+00:00,1726945200,88,Eredivisie,2024,Regular Season - 6,413,NEC Nijmegen,206,Heracles,Goffertstadion,Nijmegen,J. Kamphuis,FT,Match Finished,1,2,1.0,2.0,1,2
1213491,2024-09-22T10:15:00+00:00,1727000100,88,Eredivisie,2024,Regular Season - 6,210,Heerenveen,202,Groningen,Abe Lenstra Stadion,Heerenveen,D. Higler,FT,Match Finished,2,1,1.0,1.0,2,1
1213493,2024-09-22T12:30:00+00:00,1727008200,88,Eredivisie,2024,Regular Season - 6,209,Feyenoord,203,NAC Breda,Stadion Feijenoord,Rotterdam,S. van der Eijk,FT,Match Finished,2,0,1.0,0.0,2,0
1213492,2024-09-22T12:30:00+00:00,1727008200,88,Eredivisie,2024,Regular Season - 6,419,Almere City FC,415,Twente,Yanmar Stadion,Almere,R. Martens,FT,Match Finished,0,5,0.0,2.0,0,5
1213494,2024-09-22T14:45:00+00:00,1727016300,88,Eredivisie,2024,Regular Season - 6,205,Fortuna Sittard,197,PSV Eindhoven,Fortuna Sittard Stadion,Sittard,A. Lindhout,FT,Match Finished,1,3,1.0,1.0,1,3
1213495,2024-09-27T18:00:00+00:00,1727460000,88,Eredivisie,2024,Regular Season - 7,206,Heracles,210,Heerenveen,Asito Stadion,Almelo,E. Blank,FT,Match Finished,2,1,1.0,0.0,2,1
1213499,2024-09-28T14:30:00+00:00,1727533800,88,Eredivisie,2024,Regular Season - 7,195,Willem II,197,PSV Eindhoven,Koning Willem II Stadion,Tilburg,S. Gözübüyük,FT,Match Finished,0,2,0.0,0.0,0,2
1213497,2024-09-28T16:45:00+00:00,1727541900,88,Eredivisie,2024,Regular Season - 7,413,NEC Nijmegen,209,Feyenoord,Goffertstadion,Nijmegen,B. Nijhuis,FT,Match Finished,1,1,1.0,0.0,1,1
1213498,2024-09-28T19:00:00+00:00,1727550000,88,Eredivisie,2024,Regular Season - 7,426,Sparta Rotterdam,205,Fortuna Sittard,Sparta-Stadion Het Kasteel,Rotterdam,R. Hensgens,FT,Match Finished,1,1,1.0,1.0,1,1
1213500,2024-09-29T10:15:00+00:00,1727604900,88,Eredivisie,2024,Regular Season - 7,193,PEC Zwolle,419,Almere City FC,MAC³PARK Stadion,Zwolle,S. van der Eijk,FT,Match Finished,1,0,0.0,0.0,1,0
1213501,2024-09-29T12:30:00+00:00,1727613000,88,Eredivisie,2024,Regular Season - 7,202,Groningen,410,GO Ahead Eagles,Euroborg,Groningen,R. Dieperink,FT,Match Finished,0,1,0.0,0.0,0,1
1213496,2024-09-29T12:30:00+00:00,1727613000,88,Eredivisie,2024,Regular Season - 7,415,Twente,203,NAC Breda,De Grolsch Veste,Enschede,M. van den Kerkhof,FT,Match Finished,1,0,0.0,0.0,1,0
1213502,2024-09-29T14:45:00+00:00,1727621100,88,Eredivisie,2024,Regular Season - 7,417,Waalwijk,194,Ajax,Mandemakers Stadion,Waalwijk,J. Kamphuis,FT,Match Finished,0,2,0.0,0.0,0,2
1213503,2024-09-29T18:00:00+00:00,1727632800,88,Eredivisie,2024,Regular Season - 7,201,AZ Alkmaar,207,Utrecht,AFAS Stadion,Alkmaar,D. Makkelie,FT,Match Finished,1,2,1.0,1.0,1,2
1213504,2024-10-04T18:00:00+00:00,1728064800,88,Eredivisie,2024,Regular Season - 8,419,Almere City FC,195,Willem II,Yanmar Stadion,Almere,J. van der Laan,FT,Match Finished,0,1,0.0,0.0,0,1
1213506,2024-10-05T16:45:00+00:00,1728146700,88,Eredivisie,2024,Regular Season - 8,203,NAC Breda,413,NEC Nijmegen,Rat Verlegh Stadion,Breda,I. Oostrom,FT,Match Finished,1,0,0.0,0.0,1,0
1213507,2024-10-05T18:00:00+00:00,1728151200,88,Eredivisie,2024,Regular Season - 8,197,PSV Eindhoven,426,Sparta Rotterdam,Philips Stadion,Eindhoven,D. Makkelie,FT,Match Finished,2,1,2.0,1.0,2,1
1213508,2024-10-05T19:00:00+00:00,1728154800,88,Eredivisie,2024,Regular Season - 8,207,Utrecht,417,Waalwijk,Stadion Galgenwaard,Utrecht,A. Bos,FT,Match Finished,3,2,1.0,1.0,3,2
1213511,2024-10-06T10:15:00+00:00,1728209700,88,Eredivisie,2024,Regular Season - 8,410,GO Ahead Eagles,206,Heracles,De Adelaarshorst,Deventer,J. Manschot,FT,Match Finished,4,1,0.0,1.0,4,1
1213509,2024-10-06T12:30:00+00:00,1728217800,88,Eredivisie,2024,Regular Season - 8,209,Feyenoord,415,Twente,Stadion Feijenoord,Rotterdam,S. Gözübüyük,FT,Match Finished,2,1,2.0,0.0,2,1
1213505,2024-10-06T12:30:00+00:00,1728217800,88,Eredivisie,2024,Regular Season - 8,210,Heerenveen,193,PEC Zwolle,Abe Lenstra Stadion,Heerenveen,J. Kooij,FT,Match Finished,1,1,1.0,1.0,1,1
1213510,2024-10-06T14:45:00+00:00,1728225900,88,Eredivisie,2024,Regular Season - 8,194,Ajax,202,Groningen,Johan Cruijff ArenA,Amsterdam,A. Lindhout,FT,Match Finished,3,1,1.0,0.0,3,1
1213512,2024-10-06T18:00:00+00:00,1728237600,88,Eredivisie,2024,Regular Season - 8,205,Fortuna Sittard,201,AZ Alkmaar,Fortuna Sittard Stadion,Sittard,J. Kamphuis,FT,Match Finished,1,0,0.0,0.0,1,0
1213513,2024-10-19T14:30:00+00:00,1729348200,88,Eredivisie,2024,Regular Season - 9,426,Sparta Rotterdam,419,Almere City FC,Sparta-Stadion Het Kasteel,Rotterdam,D. Higler,FT,Match Finished,2,2,0.0,2.0,2,2
1213514,2024-10-19T16:45:00+00:00,1729356300,88,Eredivisie,2024,Regular Season - 9,201,AZ Alkmaar,197,PSV Eindhoven,AFAS Stadion,Alkmaar,A. Lindhout,FT,Match Finished,1,2,0.0,2.0,1,2
1213515,2024-10-19T18:00:00+00:00,1729360800,88,Eredivisie,2024,Regular Season - 9,413,NEC Nijmegen,210,Heerenveen,Goffertstadion,Nijmegen,M. Nagtegaal,FT,Match Finished,3,0,1.0,0.0,3,0
1213516,2024-10-19T18:00:00+00:00,1729360800,88,Eredivisie,2024,Regular Season - 9,417,Waalwijk,415,Twente,Mandemakers Stadion,Waalwijk,D. Makkelie,FT,Match Finished,2,2,1.0,1.0,2,2
1213517,2024-10-19T19:00:00+00:00,1729364400,88,Eredivisie,2024,Regular Season - 9,410,GO Ahead Eagles,209,Feyenoord,De Adelaarshorst,Deventer,M. van den Kerkhof,FT,Match Finished,1,5,0.0,3.0,1,5
1213518,2024-10-20T10:15:00+00:00,1729419300,88,Eredivisie,2024,Regular Season - 9,195,Willem II,205,Fortuna Sittard,Koning Willem II Stadion,Tilburg,R. Dieperink,FT,Match Finished,0,0,0.0,0.0,0,0
1213519,2024-10-20T12:30:00+00:00,1729427400,88,Eredivisie,2024,Regular Season - 9,202,Groningen,207,Utrecht,Euroborg,Groningen,S. Gözübüyük,FT,Match Finished,0,1,0.0,1.0,0,1
1213520,2024-10-20T12:30:00+00:00,1729427400,88,Eredivisie,2024,Regular Season - 9,206,Heracles,194,Ajax,Asito Stadion,Almelo,E. van de Graaf,FT,Match Finished,3,4,2.0,2.0,3,4
1213521,2024-10-20T14:45:00+00:00,1729435500,88,Eredivisie,2024,Regular Season - 9,193,PEC Zwolle,203,NAC Breda,MAC³PARK Stadion,Zwolle,J. Manschot,FT,Match Finished,1,2,0.0,0.0,1,2
1213522,2024-10-25T18:00:00+00:00,1729879200,88,Eredivisie,2024,Regular Season - 10,419,Almere City FC,413,NEC Nijmegen,Yanmar Stadion,Almere,A. Bos,FT,Match Finished,1,0,0.0,0.0,1,0
1213523,2024-10-26T14:30:00+00:00,1729953000,88,Eredivisie,2024,Regular Season - 10,205,Fortuna Sittard,202,Groningen,Fortuna Sittard Stadion,Sittard,E. Blank,FT,Match Finished,1,0,0.0,0.0,1,0
1213525,2024-10-26T16:45:00+00:00,1729961100,88,Eredivisie,2024,Regular Season - 10,197,PSV Eindhoven,193,PEC Zwolle,Philips Stadion,Eindhoven,R. Dieperink,FT,Match Finished,6,0,2.0,0.0,6,0
1213524,2024-10-26T18:00:00+00:00,1729965600,88,Eredivisie,2024,Regular Season - 10,203,NAC Breda,417,Waalwijk,Rat Verlegh Stadion,Breda,J. Kooij,FT,Match Finished,4,1,2.0,1.0,4,1
1213526,2024-10-26T19:00:00+00:00,1729969200,88,Eredivisie,2024,Regular Season - 10,210,Heerenveen,426,Sparta Rotterdam,Abe Lenstra Stadion,Heerenveen,J. van der Laan,FT,Match Finished,2,0,1.0,0.0,2,0
1213527,2024-10-27T11:15:00+00:00,1730027700,88,Eredivisie,2024,Regular Season - 10,207,Utrecht,209,Feyenoord,Stadion Galgenwaard,Utrecht,A. Lindhout,FT,Match Finished,0,2,0.0,1.0,0,2
1213529,2024-10-27T13:30:00+00:00,1730035800,88,Eredivisie,2024,Regular Season - 10,415,Twente,206,Heracles,De Grolsch Veste,Enschede,D. Higler,FT,Match Finished,5,0,2.0,0.0,5,0
1213530,2024-10-27T15:45:00+00:00,1730043900,88,Eredivisie,2024,Regular Season - 10,194,Ajax,195,Willem II,Johan Cruijff ArenA,Amsterdam,B. Nijhuis,FT,Match Finished,1,0,1.0,0.0,1,0
1213528,2024-10-27T19:00:00+00:00,1730055600,88,Eredivisie,2024,Regular Season - 10,201,AZ Alkmaar,410,GO Ahead Eagles,AFAS Stadion,Alkmaar,R. Martens,FT,Match Finished,2,2,1.0,0.0,2,2
1213474,2024-10-30T17:00:00+00:00,1730307600,88,Eredivisie,2024,Regular Season - 4,209,Feyenoord,194,Ajax,Stadion Feijenoord,Rotterdam,D. Makkelie,FT,Match Finished,0,2,0.0,2.0,0,2
1213533,2024-11-02T15:30:00+00:00,1730561400,88,Eredivisie,2024,Regular Season - 11,195,Willem II,415,Twente,Koning Willem II Stadion,Tilburg,I. Oostrom,FT,Match Finished,0,1,0.0,0.0,0,1
1213534,2024-11-02T17:45:00+00:00,1730569500,88,Eredivisie,2024,Regular Season - 11,194,Ajax,197,PSV Eindhoven,Johan Cruijff ArenA,Amsterdam,S. Gözübüyük,FT,Match Finished,3,2,1.0,1.0,3,2
1213532,2024-11-02T17:45:00+00:00,1730569500,88,Eredivisie,2024,Regular Season - 11,206,Heracles,203,NAC Breda,Asito Stadion,Almelo,J. Kamphuis,FT,Match Finished,2,0,1.0,0.0,2,0
1213535,2024-11-02T20:00:00+00:00,1730577600,88,Eredivisie,2024,Regular Season - 11,205,Fortuna Sittard,210,Heerenveen,Fortuna Sittard Stadion,Sittard,D. Makkelie,FT,Match Finished,3,0,1.0,0.0,3,0
1213531,2024-11-02T20:00:00+00:00,1730577600,88,Eredivisie,2024,Regular Season - 11,209,Feyenoord,201,AZ Alkmaar,Stadion Feijenoord,Rotterdam,D. Higler,FT,Match Finished,3,2,0.0,1.0,3,2
1213536,2024-11-03T11:15:00+00:00,1730632500,88,Eredivisie,2024,Regular Season - 11,410,GO Ahead Eagles,193,PEC Zwolle,De Adelaarshorst,Deventer,B. Nijhuis,FT,Match Finished,2,2,0.0,2.0,2,2
1213537,2024-11-03T13:30:00+00:00,1730640600,88,Eredivisie,2024,Regular Season - 11,413,NEC Nijmegen,202,Groningen,Goffertstadion,Nijmegen,M. Vos,FT,Match Finished,6,0,3.0,0.0,6,0
1213538,2024-11-03T13:30:00+00:00,1730640600,88,Eredivisie,2024,Regular Season - 11,426,Sparta Rotterdam,207,Utrecht,Sparta-Stadion Het Kasteel,Rotterdam,J. Kooij,FT,Match Finished,1,4,0.0,1.0,1,4
1213539,2024-11-03T15:45:00+00:00,1730648700,88,Eredivisie,2024,Regular Season - 11,417,Waalwijk,419,Almere City FC,Mandemakers Stadion,Waalwijk,J. Manschot,FT,Match Finished,2,0,1.0,0.0,2,0
1213540,2024-11-08T19:00:00+00:00,1731092400,88,Eredivisie,2024,Regular Season - 12,207,Utrecht,206,Heracles,Stadion Galgenwaard,Utrecht,R. Hensgens,FT,Match Finished,1,0,0.0,0.0,1,0
1213541,2024-11-09T15:30:00+00:00,1731166200,88,Eredivisie,2024,Regular Season - 12,202,Groningen,426,Sparta Rotterdam,Euroborg,Groningen,D. Makkelie,FT,Match Finished,1,0,1.0,0.0,1,0
1213542,2024-11-09T17:45:00+00:00,1731174300,88,Eredivisie,2024,Regular Season - 12,193,PEC Zwolle,205,Fortuna Sittard,MAC³PARK Stadion,Zwolle,E. van de Graaf,FT,Match Finished,3,1,0.0,1.0,3,1
1213543,2024-11-09T19:00:00+00:00,1731178800,88,Eredivisie,2024,Regular Season - 12,203,NAC Breda,197,PSV Eindhoven,Rat Verlegh Stadion,Breda,S. van der Eijk,FT,Match Finished,0,3,0.0,2.0,0,3
1213544,2024-11-09T20:00:00+00:00,1731182400,88,Eredivisie,2024,Regular Season - 12,417,Waalwijk,413,NEC Nijmegen,Mandemakers Stadion,Waalwijk,E. Blank,FT,Match Finished,0,3,0.0,0.0,0,3
1213545,2024-11-10T11:15:00+00:00,1731237300,88,Eredivisie,2024,Regular Season - 12,419,Almere City FC,209,Feyenoord,Yanmar Stadion,Almere,M. Nagtegaal,FT,Match Finished,1,4,1.0,2.0,1,4
1213547,2024-11-10T13:30:00+00:00,1731245400,88,Eredivisie,2024,Regular Season - 12,210,Heerenveen,410,GO Ahead Eagles,Abe Lenstra Stadion,Heerenveen,S. Gözübüyük,FT,Match Finished,1,0,1.0,0.0,1,0
1213546,2024-11-10T13:30:00+00:00,1731245400,88,Eredivisie,2024,Regular Season - 12,415,Twente,194,Ajax,De Grolsch Veste,Enschede,A. Lindhout,FT,Match Finished,2,2,1.0,0.0,2,2
1213548,2024-11-10T15:45:00+00:00,1731253500,88,Eredivisie,2024,Regular Season - 12,201,AZ Alkmaar,195,Willem II,AFAS Stadion,Alkmaar,J. Kooij,FT,Match Finished,1,2,0.0,2.0,1,2
1213550,2024-11-23T15:30:00+00:00,1732375800,88,Eredivisie,2024,Regular Season - 13,410,GO Ahead Eagles,419,Almere City FC,De Adelaarshorst,Deventer,D. Makkelie,FT,Match Finished,3,0,2.0,0.0,3,0
1213552,2024-11-23T17:45:00+00:00,1732383900,88,Eredivisie,2024,Regular Season - 13,206,Heracles,417,Waalwijk,Asito Stadion,Almelo,S. van der Eijk,FT,Match Finished,2,2,1.0,0.0,2,2
1213551,2024-11-23T17:45:00+00:00,1732383900,88,Eredivisie,2024,Regular Season - 13,209,Feyenoord,210,Heerenveen,Stadion Feijenoord,Rotterdam,J. Manschot,FT,Match Finished,3,0,2.0,0.0,3,0
1213549,2024-11-23T20:00:00+00:00,1732392000,88,Eredivisie,2024,Regular Season - 13,197,PSV Eindhoven,202,Groningen,Philips Stadion,Eindhoven,J. Kooij,FT,Match Finished,5,0,2.0,0.0,5,0
1213553,2024-11-23T20:00:00+00:00,1732392000,88,Eredivisie,2024,Regular Season - 13,205,Fortuna Sittard,415,Twente,Fortuna Sittard Stadion,Sittard,S. Gözübüyük,FT,Match Finished,1,2,0.0,1.0,1,2
1213554,2024-11-24T11:15:00+00:00,1732446900,88,Eredivisie,2024,Regular Season - 13,413,NEC Nijmegen,207,Utrecht,Goffertstadion,Nijmegen,B. Nijhuis,FT,Match Finished,1,2,0.0,1.0,1,2
1213556,2024-11-24T13:30:00+00:00,1732455000,88,Eredivisie,2024,Regular Season - 13,195,Willem II,203,NAC Breda,Koning Willem II Stadion,Tilburg,A. Lindhout,FT,Match Finished,2,2,0.0,1.0,2,2
1213555,2024-11-24T13:30:00+00:00,1732455000,88,Eredivisie,2024,Regular Season - 13,426,Sparta Rotterdam,201,AZ Alkmaar,Sparta-Stadion Het Kasteel,Rotterdam,J. van der Laan,FT,Match Finished,1,2,1.0,1.0,1,2
1213557,2024-11-24T15:45:00+00:00,1732463100,88,Eredivisie,2024,Regular Season - 13,194,Ajax,193,PEC Zwolle,Johan Cruijff ArenA,Amsterdam,A. Bos,FT,Match Finished,2,0,1.0,0.0,2,0
1213558,2024-11-29T19:00:00+00:00,1732906800,88,Eredivisie,2024,Regular Season - 14,210,Heerenveen,417,Waalwijk,Abe Lenstra Stadion,Heerenveen,E. van de Graaf,FT,Match Finished,1,1,1.0,0.0,1,1
1213559,2024-11-30T15:30:00+00:00,1732980600,88,Eredivisie,2024,Regular Season - 14,203,NAC Breda,419,Almere City FC,Rat Verlegh Stadion,Breda,M. van den Kerkhof,FT,Match Finished,1,0,1.0,0.0,1,0
1213560,2024-11-30T17:45:00+00:00,1732988700,88,Eredivisie,2024,Regular Season - 14,202,Groningen,195,Willem II,Euroborg,Groningen,M. Nagtegaal,FT,Match Finished,2,0,1.0,0.0,2,0
1213561,2024-11-30T19:00:00+00:00,1732993200,88,Eredivisie,2024,Regular Season - 14,209,Feyenoord,205,Fortuna Sittard,Stadion Feijenoord,Rotterdam,J. van der Laan,FT,Match Finished,1,1,0.0,1.0,1,1
1213562,2024-11-30T20:00:00+00:00,1732996800,88,Eredivisie,2024,Regular Season - 14,193,PEC Zwolle,426,Sparta Rotterdam,MAC³PARK Stadion,Zwolle,I. Oostrom,FT,Match Finished,1,0,0.0,0.0,1,0
1213563,2024-12-01T11:15:00+00:00,1733051700,88,Eredivisie,2024,Regular Season - 14,207,Utrecht,197,PSV Eindhoven,Stadion Galgenwaard,Utrecht,D. Makkelie,FT,Match Finished,2,5,1.0,1.0,2,5
1213564,2024-12-01T13:30:00+00:00,1733059800,88,Eredivisie,2024,Regular Season - 14,201,AZ Alkmaar,206,Heracles,AFAS Stadion,Alkmaar,E. Blank,FT,Match Finished,1,0,0.0,0.0,1,0
1213565,2024-12-01T13:30:00+00:00,1733059800,88,Eredivisie,2024,Regular Season - 14,415,Twente,410,GO Ahead Eagles,De Grolsch Veste,Enschede,J. Manschot,FT,Match Finished,3,2,1.0,2.0,3,2
1213566,2024-12-01T15:45:00+00:00,1733067900,88,Eredivisie,2024,Regular Season - 14,413,NEC Nijmegen,194,Ajax,Goffertstadion,Nijmegen,J. Kooij,FT,Match Finished,1,2,1.0,1.0,1,2
1213483,2024-12-04T19:00:00+00:00,1733338800,88,Eredivisie,2024,Regular Season - 5,194,Ajax,207,Utrecht,Johan Cruijff ArenA,Amsterdam,S. Gözübüyük,FT,Match Finished,2,2,2.0,1.0,2,2
1213572,2024-12-06T19:00:00+00:00,1733511600,88,Eredivisie,2024,Regular Season - 15,197,PSV Eindhoven,415,Twente,Philips Stadion,Eindhoven,S. van der Eijk,FT,Match Finished,6,1,3.0,1.0,6,1
1213570,2024-12-07T15:30:00+00:00,1733585400,88,Eredivisie,2024,Regular Season - 15,410,GO Ahead Eagles,413,NEC Nijmegen,De Adelaarshorst,Deventer,A. Bos,FT,Match Finished,5,0,4.0,0.0,5,0
1213574,2024-12-07T17:45:00+00:00,1733593500,88,Eredivisie,2024,Regular Season - 15,426,Sparta Rotterdam,203,NAC Breda,Sparta-Stadion Het Kasteel,Rotterdam,S. Gözübüyük,FT,Match Finished,0,2,0.0,1.0,0,2
1213573,2024-12-07T19:00:00+00:00,1733598000,88,Eredivisie,2024,Regular Season - 15,417,Waalwijk,209,Feyenoord,Mandemakers Stadion,Waalwijk,B. Nijhuis,FT,Match Finished,2,3,1.0,1.0,2,3
1213571,2024-12-07T20:00:00+00:00,1733601600,88,Eredivisie,2024,Regular Season - 15,206,Heracles,205,Fortuna Sittard,Asito Stadion,Almelo,R. Martens,FT,Match Finished,2,2,1.0,2.0,2,2
1213569,2024-12-08T11:15:00+00:00,1733656500,88,Eredivisie,2024,Regular Season - 15,202,Groningen,193,PEC Zwolle,Euroborg,Groningen,J. Manschot,FT,Match Finished,0,0,0.0,0.0,0,0
1213575,2024-12-08T13:30:00+00:00,1733664600,88,Eredivisie,2024,Regular Season - 15,195,Willem II,210,Heerenveen,Koning Willem II Stadion,Tilburg,R. Hensgens,FT,Match Finished,1,2,0.0,0.0,1,2
1213568,2024-12-08T13:30:00+00:00,1733664600,88,Eredivisie,2024,Regular Season - 15,201,AZ Alkmaar,194,Ajax,AFAS Stadion,Alkmaar,M. Nagtegaal,FT,Match Finished,2,1,0.0,0.0,2,1
1213567,2024-12-08T15:45:00+00:00,1733672700,88,Eredivisie,2024,Regular Season - 15,419,Almere City FC,207,Utrecht,Yanmar Stadion,Almere,A. Lindhout,FT,Match Finished,1,3,0.0,2.0,1,3
1213583,2024-12-13T19:00:00+00:00,1734116400,88,Eredivisie,2024,Regular Season - 16,193,PEC Zwolle,195,Willem II,MAC³PARK Stadion,Zwolle,J. Kooij,FT,Match Finished,0,1,0.0,1.0,0,1
1213584,2024-12-14T17:45:00+00:00,1734198300,88,Eredivisie,2024,Regular Season - 16,210,Heerenveen,197,PSV Eindhoven,Abe Lenstra Stadion,Heerenveen,B. Nijhuis,FT,Match Finished,1,0,0.0,0.0,1,0
1213580,2024-12-14T19:00:00+00:00,1734202800,88,Eredivisie,2024,Regular Season - 16,205,Fortuna Sittard,417,Waalwijk,Fortuna Sittard Stadion,Sittard,M. Nagtegaal,FT,Match Finished,3,2,3.0,1.0,3,2
1213579,2024-12-14T20:00:00+00:00,1734206400,88,Eredivisie,2024,Regular Season - 16,209,Feyenoord,206,Heracles,Stadion Feijenoord,Rotterdam,D. Makkelie,FT,Match Finished,5,2,3.0,1.0,5,2
1213578,2024-12-15T11:15:00+00:00,1734261300,88,Eredivisie,2024,Regular Season - 16,207,Utrecht,410,GO Ahead Eagles,Stadion Galgenwaard,Utrecht,S. van der Eijk,FT,Match Finished,3,3,1.0,1.0,3,3
1213581,2024-12-15T13:30:00+00:00,1734269400,88,Eredivisie,2024,Regular Season - 16,413,NEC Nijmegen,426,Sparta Rotterdam,Goffertstadion,Nijmegen,M. van den Kerkhof,FT,Match Finished,1,1,0.0,0.0,1,1
1213577,2024-12-15T13:30:00+00:00,1734269400,88,Eredivisie,2024,Regular Season - 16,415,Twente,202,Groningen,De Grolsch Veste,Enschede,A. Bos,FT,Match Finished,2,0,1.0,0.0,2,0
1213576,2024-12-15T15:45:00+00:00,1734277500,88,Eredivisie,2024,Regular Season - 16,194,Ajax,419,Almere City FC,Johan Cruijff ArenA,Amsterdam,J. Manschot,FT,Match Finished,3,0,2.0,0.0,3,0
1213582,2024-12-15T19:00:00+00:00,1734289200,88,Eredivisie,2024,Regular Season - 16,203,NAC Breda,201,AZ Alkmaar,Rat Verlegh Stadion,Breda,E. van de Graaf,FT,Match Finished,1,2,1.0,0.0,1,2
1213591,2024-12-20T19:00:00+00:00,1734721200,88,Eredivisie,2024,Regular Season - 17,417,Waalwijk,193,PEC Zwolle,Mandemakers Stadion,Waalwijk,E. van de Graaf,FT,Match Finished,1,1,1.0,1.0,1,1
1213588,2024-12-21T15:30:00+00:00,1734795000,88,Eredivisie,2024,Regular Season - 17,410,GO Ahead Eagles,203,NAC Breda,De Adelaarshorst,Deventer,B. Nijhuis,FT,Match Finished,2,1,0.0,1.0,2,1
1213585,2024-12-21T17:45:00+00:00,1734803100,88,Eredivisie,2024,Regular Season - 17,419,Almere City FC,210,Heerenveen,Yanmar Stadion,Almere,M. Vos,FT,Match Finished,3,0,0.0,0.0,3,0
1213586,2024-12-21T19:00:00+00:00,1734807600,88,Eredivisie,2024,Regular Season - 17,201,AZ Alkmaar,415,Twente,AFAS Stadion,Alkmaar,J. Kooij,FT,Match Finished,1,0,0.0,0.0,1,0
1213592,2024-12-22T11:15:00+00:00,1734866100,88,Eredivisie,2024,Regular Season - 17,426,Sparta Rotterdam,194,Ajax,Sparta-Stadion Het Kasteel,Rotterdam,A. Lindhout,FT,Match Finished,0,2,0.0,0.0,0,2
1213590,2024-12-22T13:30:00+00:00,1734874200,88,Eredivisie,2024,Regular Season - 17,197,PSV Eindhoven,209,Feyenoord,Philips Stadion,Eindhoven,S. Gözübüyük,FT,Match Finished,3,0,2.0,0.0,3,0
1213587,2024-12-22T13:30:00+00:00,1734874200,88,Eredivisie,2024,Regular Season - 17,207,Utrecht,205,Fortuna Sittard,Stadion Galgenwaard,Utrecht,A. Bos,FT,Match Finished,2,5,1.0,0.0,2,5
1213593,2024-12-22T15:45:00+00:00,1734882300,88,Eredivisie,2024,Regular Season - 17,195,Willem II,413,NEC Nijmegen,Koning Willem II Stadion,Tilburg,R. Martens,FT,Match Finished,4,1,2.0,1.0,4,1
1213598,2025-01-10T19:00:00+00:00,1736535600,88,Eredivisie,2024,Regular Season - 18,205,Fortuna Sittard,410,GO Ahead Eagles,Fortuna Sittard Stadion,Sittard,R. Dieperink,FT,Match Finished,0,3,0.0,1.0,0,3
1213599,2025-01-11T15:30:00+00:00,1736609400,88,Eredivisie,2024,Regular Season - 18,206,Heracles,426,Sparta Rotterdam,Asito Stadion,Almelo,S. Gözübüyük,FT,Match Finished,1,1,0.0,0.0,1,1
1213594,2025-01-11T17:45:00+00:00,1736617500,88,Eredivisie,2024,Regular Season - 18,194,Ajax,417,Waalwijk,Johan Cruijff ArenA,Amsterdam,A. Bos,FT,Match Finished,2,1,2.0,0.0,2,1
1213601,2025-01-11T19:00:00+00:00,1736622000,88,Eredivisie,2024,Regular Season - 18,193,PEC Zwolle,413,NEC Nijmegen,MAC³PARK Stadion,Zwolle,D. Higler,FT,Match Finished,0,1,0.0,1.0,0,1
1213602,2025-01-11T20:00:00+00:00,1736625600,88,Eredivisie,2024,Regular Season - 18,197,PSV Eindhoven,201,AZ Alkmaar,Philips Stadion,Eindhoven,D. Makkelie,FT,Match Finished,2,2,0.0,1.0,2,2
1213596,2025-01-12T11:15:00+00:00,1736680500,88,Eredivisie,2024,Regular Season - 18,415,Twente,195,Willem II,De Grolsch Veste,Enschede,J. Manschot,FT,Match Finished,6,2,2.0,2.0,6,2
1213595,2025-01-12T13:30:00+00:00,1736688600,88,Eredivisie,2024,Regular Season - 18,202,Groningen,419,Almere City FC,Euroborg,Groningen,E. Blank,FT,Match Finished,0,0,0.0,0.0,0,0
1213597,2025-01-12T13:30:00+00:00,1736688600,88,Eredivisie,2024,Regular Season - 18,209,Feyenoord,207,Utrecht,Stadion Feijenoord,Rotterdam,B. Nijhuis,FT,Match Finished,1,2,0.0,0.0,1,2
1213600,2025-01-12T15:45:00+00:00,1736696700,88,Eredivisie,2024,Regular Season - 18,203,NAC Breda,210,Heerenveen,Rat Verlegh Stadion,Breda,S. van der Eijk,FT,Match Finished,2,4,1.0,3.0,2,4
1213608,2025-01-18T15:30:00+00:00,1737214200,88,Eredivisie,2024,Regular Season - 19,193,PEC Zwolle,197,PSV Eindhoven,MAC³PARK Stadion,Zwolle,J. Manschot,FT,Match Finished,3,1,2.0,1.0,3,1
1213604,2025-01-18T17:45:00+00:00,1737222300,88,Eredivisie,2024,Regular Season - 19,207,Utrecht,201,AZ Alkmaar,Stadion Galgenwaard,Utrecht,D. Higler,FT,Match Finished,0,0,0.0,0.0,0,0
1213611,2025-01-18T19:00:00+00:00,1737226800,88,Eredivisie,2024,Regular Season - 19,195,Willem II,209,Feyenoord,Koning Willem II Stadion,Tilburg,D. Makkelie,FT,Match Finished,1,1,0.0,1.0,1,1
1213605,2025-01-18T20:00:00+00:00,1737230400,88,Eredivisie,2024,Regular Season - 19,410,GO Ahead Eagles,202,Groningen,De Adelaarshorst,Deventer,S. Gözübüyük,FT,Match Finished,2,1,1.0,1.0,2,1
1213607,2025-01-19T11:15:00+00:00,1737285300,88,Eredivisie,2024,Regular Season - 19,203,NAC Breda,415,Twente,Rat Verlegh Stadion,Breda,R. Dieperink,FT,Match Finished,2,1,2.0,0.0,2,1
1213609,2025-01-19T13:30:00+00:00,1737293400,88,Eredivisie,2024,Regular Season - 19,210,Heerenveen,194,Ajax,Abe Lenstra Stadion,Heerenveen,J. Kooij,FT,Match Finished,0,2,0.0,1.0,0,2
1213603,2025-01-19T13:30:00+00:00,1737293400,88,Eredivisie,2024,Regular Season - 19,419,Almere City FC,206,Heracles,Yanmar Stadion,Almere,I. Oostrom,FT,Match Finished,0,2,0.0,1.0,0,2
1213606,2025-01-19T15:45:00+00:00,1737301500,88,Eredivisie,2024,Regular Season - 19,413,NEC Nijmegen,205,Fortuna Sittard,Goffertstadion,Nijmegen,M. Nagtegaal,FT,Match Finished,4,1,1.0,1.0,4,1
1213610,2025-01-19T19:00:00+00:00,1737313200,88,Eredivisie,2024,Regular Season - 19,426,Sparta Rotterdam,417,Waalwijk,Sparta-Stadion Het Kasteel,Rotterdam,P. van Boekel,FT,Match Finished,1,1,1.0,1.0,1,1
1213618,2025-01-24T19:00:00+00:00,1737745200,88,Eredivisie,2024,Regular Season - 20,206,Heracles,207,Utrecht,Asito Stadion,Almelo,A. Lindhout,FT,Match Finished,1,1,0.0,0.0,1,1
1213619,2025-01-25T17:45:00+00:00,1737827100,88,Eredivisie,2024,Regular Season - 20,197,PSV Eindhoven,203,NAC Breda,Philips Stadion,Eindhoven,D. Higler,FT,Match Finished,3,2,2.0,1.0,3,2
1213614,2025-01-25T20:00:00+00:00,1737835200,88,Eredivisie,2024,Regular Season - 20,202,Groningen,210,Heerenveen,Euroborg,Groningen,D. Makkelie,FT,Match Finished,1,0,0.0,0.0,1,0
1213617,2025-01-26T11:15:00+00:00,1737890100,88,Eredivisie,2024,Regular Season - 20,205,Fortuna Sittard,193,PEC Zwolle,Fortuna Sittard Stadion,Sittard,P. van Boekel,FT,Match Finished,1,4,0.0,2.0,1,4
1213620,2025-01-26T13:30:00+00:00,1737898200,88,Eredivisie,2024,Regular Season - 20,417,Waalwijk,195,Willem II,Mandemakers Stadion,Waalwijk,J. Manschot,FT,Match Finished,2,0,1.0,0.0,2,0
1213613,2025-01-26T15:45:00+00:00,1737906300,88,Eredivisie,2024,Regular Season - 20,201,AZ Alkmaar,426,Sparta Rotterdam,AFAS Stadion,Alkmaar,R. Dieperink,FT,Match Finished,1,2,0.0,0.0,1,2
1213589,2025-01-28T19:00:00+00:00,1738090800,88,Eredivisie,2024,Regular Season - 17,206,Heracles,202,Groningen,Asito Stadion,Almelo,S. van der Eijk,FT,Match Finished,1,1,1.0,0.0,1,1
1213625,2025-01-31T19:00:00+00:00,1738350000,88,Eredivisie,2024,Regular Season - 21,203,NAC Breda,206,Heracles,Rat Verlegh Stadion,Breda,M. van den Kerkhof,FT,Match Finished,1,1,1.0,0.0,1,1
1213626,2025-02-01T17:45:00+00:00,1738431900,88,Eredivisie,2024,Regular Season - 21,193,PEC Zwolle,207,Utrecht,MAC³PARK Stadion,Zwolle,J. Kooij,FT,Match Finished,3,3,2.0,0.0,3,3
1213627,2025-02-01T19:00:00+00:00,1738436400,88,Eredivisie,2024,Regular Season - 21,210,Heerenveen,205,Fortuna Sittard,Abe Lenstra Stadion,Heerenveen,E. Blank,FT,Match Finished,2,2,1.0,1.0,2,2
1213624,2025-02-01T20:00:00+00:00,1738440000,88,Eredivisie,2024,Regular Season - 21,413,NEC Nijmegen,197,PSV Eindhoven,Goffertstadion,Nijmegen,S. Gözübüyük,FT,Match Finished,3,3,0.0,0.0,3,3
1213622,2025-02-02T11:15:00+00:00,1738494900,88,Eredivisie,2024,Regular Season - 21,419,Almere City FC,417,Waalwijk,Yanmar Stadion,Almere,A. Lindhout,FT,Match Finished,1,4,1.0,0.0,1,4
1213621,2025-02-02T13:30:00+00:00,1738503000,88,Eredivisie,2024,Regular Season - 21,194,Ajax,209,Feyenoord,Johan Cruijff ArenA,Amsterdam,D. Makkelie,FT,Match Finished,2,1,1.0,0.0,2,1
1213623,2025-02-02T13:30:00+00:00,1738503000,88,Eredivisie,2024,Regular Season - 21,410,GO Ahead Eagles,415,Twente,De Adelaarshorst,Deventer,D. Higler,FT,Match Finished,2,2,1.0,0.0,2,2
1213628,2025-02-02T15:45:00+00:00,1738511100,88,Eredivisie,2024,Regular Season - 21,426,Sparta Rotterdam,202,Groningen,Sparta-Stadion Het Kasteel,Rotterdam,A. Bos,FT,Match Finished,1,0,0.0,0.0,1,0
1213629,2025-02-02T19:00:00+00:00,1738522800,88,Eredivisie,2024,Regular Season - 21,195,Willem II,201,AZ Alkmaar,Koning Willem II Stadion,Tilburg,M. Nagtegaal,FT,Match Finished,0,2,0.0,2.0,0,2
1213635,2025-02-08T15:30:00+00:00,1739028600,88,Eredivisie,2024,Regular Season - 22,206,Heracles,410,GO Ahead Eagles,Asito Stadion,Almelo,D. Makkelie,FT,Match Finished,4,2,1.0,1.0,4,2
1213636,2025-02-08T17:45:00+00:00,1739036700,88,Eredivisie,2024,Regular Season - 22,197,PSV Eindhoven,195,Willem II,Philips Stadion,Eindhoven,A. Lindhout,FT,Match Finished,1,1,0.0,0.0,1,1
1213631,2025-02-08T19:00:00+00:00,1739041200,88,Eredivisie,2024,Regular Season - 22,202,Groningen,413,NEC Nijmegen,Euroborg,Groningen,M. van den Kerkhof,FT,Match Finished,2,1,2.0,0.0,2,1
1213633,2025-02-08T20:00:00+00:00,1739044800,88,Eredivisie,2024,Regular Season - 22,209,Feyenoord,426,Sparta Rotterdam,Stadion Feijenoord,Rotterdam,S. Gözübüyük,FT,Match Finished,3,0,1.0,0.0,3,0
1213632,2025-02-09T11:15:00+00:00,1739099700,88,Eredivisie,2024,Regular Season - 22,207,Utrecht,419,Almere City FC,Stadion Galgenwaard,Utrecht,R. Hensgens,FT,Match Finished,0,1,0.0,1.0,0,1
1213634,2025-02-09T13:30:00+00:00,1739107800,88,Eredivisie,2024,Regular Season - 22,205,Fortuna Sittard,194,Ajax,Fortuna Sittard Stadion,Sittard,D. Higler,FT,Match Finished,0,2,0.0,0.0,0,2
1213637,2025-02-09T13:30:00+00:00,1739107800,88,Eredivisie,2024,Regular Season - 22,417,Waalwijk,203,NAC Breda,Mandemakers Stadion,Waalwijk,B. Nijhuis,FT,Match Finished,5,0,3.0,0.0,5,0
1213630,2025-02-09T15:45:00+00:00,1739115900,88,Eredivisie,2024,Regular Season - 22,201,AZ Alkmaar,193,PEC Zwolle,AFAS Stadion,Alkmaar,S. van der Eijk,FT,Match Finished,2,0,1.0,0.0,2,0
1213638,2025-02-09T15:45:00+00:00,1739115900,88,Eredivisie,2024,Regular Season - 22,210,Heerenveen,415,Twente,Abe Lenstra Stadion,Heerenveen,J. Manschot,FT,Match Finished,3,3,1.0,2.0,3,3
1213642,2025-02-14T19:00:00+00:00,1739559600,88,Eredivisie,2024,Regular Season - 23,410,GO Ahead Eagles,426,Sparta Rotterdam,De Adelaarshorst,Deventer,A. Lindhout,FT,Match Finished,1,0,1.0,0.0,1,0
1213646,2025-02-15T15:30:00+00:00,1739633400,88,Eredivisie,2024,Regular Season - 23,197,PSV Eindhoven,207,Utrecht,Philips Stadion,Eindhoven,S. Gözübüyük,FT,Match Finished,2,2,1.0,1.0,2,2
1213644,2025-02-15T17:45:00+00:00,1739641500,88,Eredivisie,2024,Regular Season - 23,203,NAC Breda,209,Feyenoord,Rat Verlegh Stadion,Breda,D. Higler,FT,Match Finished,0,0,0.0,0.0,0,0
1213647,2025-02-15T20:00:00+00:00,1739649600,88,Eredivisie,2024,Regular Season - 23,195,Willem II,202,Groningen,Koning Willem II Stadion,Tilburg,B. Nijhuis,FT,Match Finished,1,3,0.0,3.0,1,3
1213643,2025-02-16T11:15:00+00:00,1739704500,88,Eredivisie,2024,Regular Season - 23,413,NEC Nijmegen,419,Almere City FC,Goffertstadion,Nijmegen,E. van de Graaf,FT,Match Finished,2,2,1.0,1.0,2,2
1213645,2025-02-16T13:30:00+00:00,1739712600,88,Eredivisie,2024,Regular Season - 23,193,PEC Zwolle,210,Heerenveen,MAC³PARK Stadion,Zwolle,I. Oostrom,FT,Match Finished,1,1,1.0,0.0,1,1
1213641,2025-02-16T13:30:00+00:00,1739712600,88,Eredivisie,2024,Regular Season - 23,415,Twente,417,Waalwijk,De Grolsch Veste,Enschede,P. van Boekel,FT,Match Finished,2,0,1.0,0.0,2,0
1213639,2025-02-16T15:45:00+00:00,1739720700,88,Eredivisie,2024,Regular Season - 23,194,Ajax,206,Heracles,Johan Cruijff ArenA,Amsterdam,M. Nagtegaal,FT,Match Finished,4,0,2.0,0.0,4,0
1213616,2025-02-22T19:00:00+00:00,1740250800,88,Eredivisie,2024,Regular Season - 20,209,Feyenoord,419,Almere City FC,Stadion Feijenoord,Rotterdam,J. Manschot,FT,Match Finished,2,1,1.0,1.0,2,1
1213612,2025-02-23T13:30:00+00:00,1740317400,88,Eredivisie,2024,Regular Season - 20,194,Ajax,410,GO Ahead Eagles,Johan Cruijff ArenA,Amsterdam,J. Kooij,FT,Match Finished,2,0,0.0,0.0,2,0
1213615,2025-02-23T13:30:00+00:00,1740317400,88,Eredivisie,2024,Regular Season - 20,415,Twente,413,NEC Nijmegen,De Grolsch Veste,Enschede,D. Makkelie,FT,Match Finished,2,0,1.0,0.0,2,0
1213640,2025-02-23T15:45:00+00:00,1740325500,88,Eredivisie,2024,Regular Season - 23,201,AZ Alkmaar,205,Fortuna Sittard,AFAS Stadion,Alkmaar,J. van der Laan,FT,Match Finished,1,0,0.0,0.0,1,0
1213654,2025-02-28T19:00:00+00:00,1740769200,88,Eredivisie,2024,Regular Season - 24,417,Waalwijk,205,Fortuna Sittard,Mandemakers Stadion,Waalwijk,M. van den Kerkhof,FT,Match Finished,1,2,0.0,1.0,1,2
1213650,2025-03-01T15:30:00+00:00,1740843000,88,Eredivisie,2024,Regular Season - 24,207,Utrecht,203,NAC Breda,Stadion Galgenwaard,Utrecht,E. Blank,FT,Match Finished,1,0,0.0,0.0,1,0
1213652,2025-03-01T17:45:00+00:00,1740851100,88,Eredivisie,2024,Regular Season - 24,410,GO Ahead Eagles,197,PSV Eindhoven,De Adelaarshorst,Deventer,P. van Boekel,FT,Match Finished,3,2,1.0,2.0,3,2
1213649,2025-03-01T19:00:00+00:00,1740855600,88,Eredivisie,2024,Regular Season - 24,202,Groningen,415,Twente,Euroborg,Groningen,D. Higler,FT,Match Finished,1,1,1.0,1.0,1,1
1213651,2025-03-01T20:00:00+00:00,1740859200,88,Eredivisie,2024,Regular Season - 24,209,Feyenoord,413,NEC Nijmegen,Stadion Feijenoord,Rotterdam,R. Dieperink,FT,Match Finished,0,0,0.0,0.0,0,0
1213655,2025-03-02T11:15:00+00:00,1740914100,88,Eredivisie,2024,Regular Season - 24,210,Heerenveen,201,AZ Alkmaar,Abe Lenstra Stadion,Heerenveen,A. Bos,FT,Match Finished,3,1,1.0,0.0,3,1
1213653,2025-03-02T13:30:00+00:00,1740922200,88,Eredivisie,2024,Regular Season - 24,206,Heracles,193,PEC Zwolle,Asito Stadion,Almelo,M. Vos,FT,Match Finished,4,2,2.0,2.0,4,2
1213648,2025-03-02T13:30:00+00:00,1740922200,88,Eredivisie,2024,Regular Season - 24,419,Almere City FC,194,Ajax,Yanmar Stadion,Almere,S. Gözübüyük,FT,Match Finished,0,1,0.0,1.0,0,1
1213656,2025-03-02T15:45:00+00:00,1740930300,88,Eredivisie,2024,Regular Season - 24,426,Sparta Rotterdam,195,Willem II,Sparta-Stadion Het Kasteel,Rotterdam,D. Makkelie,FT,Match Finished,4,0,1.0,0.0,4,0
1213662,2025-03-07T19:00:00+00:00,1741374000,88,Eredivisie,2024,Regular Season - 25,203,NAC Breda,426,Sparta Rotterdam,Rat Verlegh Stadion,Breda,S. Gözübüyük,FT,Match Finished,1,1,0.0,1.0,1,1
1213660,2025-03-08T15:30:00+00:00,1741447800,88,Eredivisie,2024,Regular Season - 25,205,Fortuna Sittard,206,Heracles,Fortuna Sittard Stadion,Sittard,J. Kooij,FT,Match Finished,1,0,0.0,0.0,1,0
1213664,2025-03-08T19:00:00+00:00,1741460400,88,Eredivisie,2024,Regular Season - 25,197,PSV Eindhoven,210,Heerenveen,Philips Stadion,Eindhoven,D. Makkelie,FT,Match Finished,2,1,1.0,0.0,2,1
1213665,2025-03-09T11:15:00+00:00,1741518900,88,Eredivisie,2024,Regular Season - 25,195,Willem II,207,Utrecht,Koning Willem II Stadion,Tilburg,A. Lindhout,FT,Match Finished,2,3,1.0,0.0,2,3
1213663,2025-03-09T13:30:00+00:00,1741527000,88,Eredivisie,2024,Regular Season - 25,193,PEC Zwolle,194,Ajax,MAC³PARK Stadion,Zwolle,B. Nijhuis,FT,Match Finished,0,1,0.0,0.0,0,1
1213661,2025-03-09T13:30:00+00:00,1741527000,88,Eredivisie,2024,Regular Season - 25,413,NEC Nijmegen,410,GO Ahead Eagles,Goffertstadion,Nijmegen,S. van der Eijk,FT,Match Finished,2,3,0.0,1.0,2,3
1213658,2025-03-09T15:45:00+00:00,1741535100,88,Eredivisie,2024,Regular Season - 25,415,Twente,419,Almere City FC,De Grolsch Veste,Enschede,M. Nagtegaal,FT,Match Finished,1,0,1.0,0.0,1,0
1213667,2025-03-14T19:00:00+00:00,1741978800,88,Eredivisie,2024,Regular Season - 26,419,Almere City FC,203,NAC Breda,Yanmar Stadion,Almere,B. Nijhuis,FT,Match Finished,1,1,1.0,1.0,1,1
1213670,2025-03-15T15:30:00+00:00,1742052600,88,Eredivisie,2024,Regular Season - 26,207,Utrecht,413,NEC Nijmegen,Stadion Galgenwaard,Utrecht,M. van den Kerkhof,FT,Match Finished,0,1,0.0,0.0,0,1
1213674,2025-03-15T17:45:00+00:00,1742060700,88,Eredivisie,2024,Regular Season - 26,426,Sparta Rotterdam,193,PEC Zwolle,Sparta-Stadion Het Kasteel,Rotterdam,R. Dieperink,FT,Match Finished,1,1,0.0,0.0,1,1
1213672,2025-03-15T19:00:00+00:00,1742065200,88,Eredivisie,2024,Regular Season - 26,417,Waalwijk,197,PSV Eindhoven,Mandemakers Stadion,Waalwijk,J. Manschot,FT,Match Finished,0,3,0.0,2.0,0,3
1213673,2025-03-15T20:00:00+00:00,1742068800,88,Eredivisie,2024,Regular Season - 26,210,Heerenveen,206,Heracles,Abe Lenstra Stadion,Heerenveen,E. van de Graaf,FT,Match Finished,1,1,1.0,1.0,1,1
1213671,2025-03-16T11:15:00+00:00,1742123700,88,Eredivisie,2024,Regular Season - 26,410,GO Ahead Eagles,195,Willem II,De Adelaarshorst,Deventer,R. Hensgens,FT,Match Finished,1,0,0.0,0.0,1,0
1213668,2025-03-16T13:30:00+00:00,1742131800,88,Eredivisie,2024,Regular Season - 26,202,Groningen,205,Fortuna Sittard,Euroborg,Groningen,A. Lindhout,FT,Match Finished,1,0,0.0,0.0,1,0
1213669,2025-03-16T13:30:00+00:00,1742131800,88,Eredivisie,2024,Regular Season - 26,415,Twente,209,Feyenoord,De Grolsch Veste,Enschede,S. Gözübüyük,FT,Match Finished,2,6,1.0,3.0,2,6
1213666,2025-03-16T15:45:00+00:00,1742139900,88,Eredivisie,2024,Regular Season - 26,194,Ajax,201,AZ Alkmaar,Johan Cruijff ArenA,Amsterdam,D. Higler,FT,Match Finished,2,2,0.0,0.0,2,2
1213680,2025-03-29T15:30:00+00:00,1743262200,88,Eredivisie,2024,Regular Season - 27,203,NAC Breda,202,Groningen,Rat Verlegh Stadion,Breda,A. Bos,FT,Match Finished,1,1,0.0,0.0,1,1
1213683,2025-03-29T17:45:00+00:00,1743270300,88,Eredivisie,2024,Regular Season - 27,195,Willem II,419,Almere City FC,Koning Willem II Stadion,Tilburg,S. van der Eijk,FT,Match Finished,0,2,0.0,1.0,0,2
1213677,2025-03-29T17:45:00+00:00,1743270300,88,Eredivisie,2024,Regular Season - 27,205,Fortuna Sittard,426,Sparta Rotterdam,Fortuna Sittard Stadion,Sittard,I. Oostrom,FT,Match Finished,0,3,0.0,2.0,0,3
1213681,2025-03-29T20:00:00+00:00,1743278400,88,Eredivisie,2024,Regular Season - 27,193,PEC Zwolle,417,Waalwijk,MAC³PARK Stadion,Zwolle,D. Makkelie,FT,Match Finished,2,0,0.0,0.0,2,0
1213679,2025-03-29T20:00:00+00:00,1743278400,88,Eredivisie,2024,Regular Season - 27,413,NEC Nijmegen,201,AZ Alkmaar,Goffertstadion,Nijmegen,E. Blank,FT,Match Finished,3,3,1.0,2.0,3,3
1213675,2025-03-30T10:15:00+00:00,1743329700,88,Eredivisie,2024,Regular Season - 27,207,Utrecht,210,Heerenveen,Stadion Galgenwaard,Utrecht,J. van der Laan,FT,Match Finished,2,0,1.0,0.0,2,0
1213682,2025-03-30T12:30:00+00:00,1743337800,88,Eredivisie,2024,Regular Season - 27,197,PSV Eindhoven,194,Ajax,Philips Stadion,Eindhoven,S. Gözübüyük,FT,Match Finished,0,2,0.0,1.0,0,2
1213678,2025-03-30T12:30:00+00:00,1743337800,88,Eredivisie,2024,Regular Season - 27,206,Heracles,415,Twente,Asito Stadion,Almelo,J. Manschot,FT,Match Finished,2,1,1.0,0.0,2,1
1213676,2025-03-30T14:45:00+00:00,1743345900,88,Eredivisie,2024,Regular Season - 27,209,Feyenoord,410,GO Ahead Eagles,Stadion Feijenoord,Rotterdam,B. Nijhuis,FT,Match Finished,3,2,1.0,1.0,3,2
1213657,2025-04-01T18:00:00+00:00,1743530400,88,Eredivisie,2024,Regular Season - 25,201,AZ Alkmaar,417,Waalwijk,AFAS Stadion,Alkmaar,R. Dieperink,FT,Match Finished,2,2,1.0,0.0,2,2
1213659,2025-04-02T18:00:00+00:00,1743616800,88,Eredivisie,2024,Regular Season - 25,209,Feyenoord,202,Groningen,Stadion Feijenoord,Rotterdam,M. Nagtegaal,FT,Match Finished,4,1,2.0,1.0,4,1
1213691,2025-04-04T18:00:00+00:00,1743789600,88,Eredivisie,2024,Regular Season - 28,210,Heerenveen,195,Willem II,Abe Lenstra Stadion,Heerenveen,M. van den Kerkhof,FT,Match Finished,3,1,2.0,0.0,3,1
1213686,2025-04-05T14:30:00+00:00,1743863400,88,Eredivisie,2024,Regular Season - 28,201,AZ Alkmaar,209,Feyenoord,AFAS Stadion,Alkmaar,J. Manschot,FT,Match Finished,0,1,0.0,1.0,0,1
1213688,2025-04-05T16:45:00+00:00,1743871500,88,Eredivisie,2024,Regular Season - 28,415,Twente,205,Fortuna Sittard,De Grolsch Veste,Enschede,J. van der Laan,FT,Match Finished,1,1,1.0,0.0,1,1
1213687,2025-04-05T18:00:00+00:00,1743876000,88,Eredivisie,2024,Regular Season - 28,202,Groningen,197,PSV Eindhoven,Euroborg,Groningen,B. Nijhuis,FT,Match Finished,1,3,1.0,2.0,1,3
1213685,2025-04-05T19:00:00+00:00,1743879600,88,Eredivisie,2024,Regular Season - 28,419,Almere City FC,193,PEC Zwolle,Yanmar Stadion,Almere,J. Kooij,FT,Match Finished,2,2,0.0,2.0,2,2
1213690,2025-04-06T10:15:00+00:00,1743934500,88,Eredivisie,2024,Regular Season - 28,417,Waalwijk,206,Heracles,Mandemakers Stadion,Waalwijk,M. Nagtegaal,FT,Match Finished,0,0,0.0,0.0,0,0
1213689,2025-04-06T12:30:00+00:00,1743942600,88,Eredivisie,2024,Regular Season - 28,410,GO Ahead Eagles,207,Utrecht,De Adelaarshorst,Deventer,S. Gözübüyük,FT,Match Finished,2,2,2.0,2.0,2,2
1213692,2025-04-06T12:30:00+00:00,1743942600,88,Eredivisie,2024,Regular Season - 28,426,Sparta Rotterdam,413,NEC Nijmegen,Sparta-Stadion Het Kasteel,Rotterdam,R. Hensgens,FT,Match Finished,2,0,1.0,0.0,2,0
1213684,2025-04-06T14:45:00+00:00,1743950700,88,Eredivisie,2024,Regular Season - 28,194,Ajax,203,NAC Breda,Johan Cruijff ArenA,Amsterdam,D. Makkelie,FT,Match Finished,3,1,2.0,1.0,3,1
1213696,2025-04-11T18:00:00+00:00,1744394400,88,Eredivisie,2024,Regular Season - 29,413,NEC Nijmegen,417,Waalwijk,Goffertstadion,Nijmegen,D. Higler,FT,Match Finished,2,1,0.0,0.0,2,1
1213694,2025-04-12T14:30:00+00:00,1744468200,88,Eredivisie,2024,Regular Season - 29,205,Fortuna Sittard,209,Feyenoord,Fortuna Sittard Stadion,Sittard,A. Bos,FT,Match Finished,0,2,0.0,0.0,0,2
1213700,2025-04-12T16:45:00+00:00,1744476300,88,Eredivisie,2024,Regular Season - 29,426,Sparta Rotterdam,210,Heerenveen,Sparta-Stadion Het Kasteel,Rotterdam,S. van der Eijk,FT,Match Finished,3,1,1.0,0.0,3,1
1213699,2025-04-12T18:00:00+00:00,1744480800,88,Eredivisie,2024,Regular Season - 29,197,PSV Eindhoven,419,Almere City FC,Philips Stadion,Eindhoven,A. Lindhout,FT,Match Finished,5,0,4.0,0.0,5,0
1213697,2025-04-12T19:00:00+00:00,1744484400,88,Eredivisie,2024,Regular Season - 29,203,NAC Breda,410,GO Ahead Eagles,Rat Verlegh Stadion,Breda,J. Kooij,FT,Match Finished,1,1,0.0,1.0,1,1
1213693,2025-04-13T10:15:00+00:00,1744539300,88,Eredivisie,2024,Regular Season - 29,207,Utrecht,202,Groningen,Stadion Galgenwaard,Utrecht,E. van de Graaf,FT,Match Finished,3,1,3.0,1.0,3,1
1213698,2025-04-13T12:30:00+00:00,1744547400,88,Eredivisie,2024,Regular Season - 29,193,PEC Zwolle,415,Twente,MAC³PARK Stadion,Zwolle,E. Blank,FT,Match Finished,1,1,0.0,0.0,1,1
1213695,2025-04-13T12:30:00+00:00,1744547400,88,Eredivisie,2024,Regular Season - 29,206,Heracles,201,AZ Alkmaar,Asito Stadion,Almelo,S. Gözübüyük,FT,Match Finished,1,0,0.0,0.0,1,0
1213701,2025-04-13T14:45:00+00:00,1744555500,88,Eredivisie,2024,Regular Season - 29,195,Willem II,194,Ajax,Koning Willem II Stadion,Tilburg,M. Nagtegaal,FT,Match Finished,1,2,1.0,0.0,1,2
1213712,2025-04-19T18:00:00+00:00,1745085600,88,Eredivisie,2024,Regular Season - 31,210,Heerenveen,419,Almere City FC,Abe Lenstra Stadion,Heerenveen,R. Hensgens,FT,Match Finished,2,1,2.0,1.0,2,1
1213711,2025-04-20T10:15:00+00:00,1745144100,88,Eredivisie,2024,Regular Season - 31,207,Utrecht,194,Ajax,Stadion Galgenwaard,Utrecht,B. Nijhuis,FT,Match Finished,4,0,1.0,0.0,4,0
1213705,2025-04-23T18:00:00+00:00,1745431200,88,Eredivisie,2024,Regular Season - 30,202,Groningen,206,Heracles,Euroborg,Groningen,I. Oostrom,FT,Match Finished,4,1,2.0,1.0,4,1
1213704,2025-04-24T16:45:00+00:00,1745513100,88,Eredivisie,2024,Regular Season - 30,201,AZ Alkmaar,203,NAC Breda,AFAS Stadion,Alkmaar,M. van den Kerkhof,FT,Match Finished,1,1,0.0,0.0,1,1
1213706,2025-04-24T19:00:00+00:00,1745521200,88,Eredivisie,2024,Regular Season - 30,415,Twente,197,PSV Eindhoven,De Grolsch Veste,Enschede,D. Makkelie,FT,Match Finished,1,3,1.0,1.0,1,3
1213709,2025-04-25T16:45:00+00:00,1745599500,88,Eredivisie,2024,Regular Season - 30,417,Waalwijk,207,Utrecht,Mandemakers Stadion,Waalwijk,A. Lindhout,FT,Match Finished,0,4,0.0,3.0,0,4
1213707,2025-04-25T19:00:00+00:00,1745607600,88,Eredivisie,2024,Regular Season - 30,209,Feyenoord,193,PEC Zwolle,Stadion Feijenoord,Rotterdam,D. Higler,FT,Match Finished,4,0,3.0,0.0,4,0
1213708,2025-04-27T10:15:00+00:00,1745748900,88,Eredivisie,2024,Regular Season - 30,205,Fortuna Sittard,195,Willem II,Fortuna Sittard Stadion,Sittard,S. Gözübüyük,FT,Match Finished,1,0,0.0,0.0,1,0
1213702,2025-04-27T12:30:00+00:00,1745757000,88,Eredivisie,2024,Regular Season - 30,194,Ajax,426,Sparta Rotterdam,Johan Cruijff ArenA,Amsterdam,R. Dieperink,FT,Match Finished,1,1,0.0,0.0,1,1
1213710,2025-04-27T12:30:00+00:00,1745757000,88,Eredivisie,2024,Regular Season - 30,210,Heerenveen,413,NEC Nijmegen,Abe Lenstra Stadion,Heerenveen,J. van der Laan,FT,Match Finished,1,0,0.0,0.0,1,0
1213703,2025-04-27T14:45:00+00:00,1745765100,88,Eredivisie,2024,Regular Season - 30,419,Almere City FC,410,GO Ahead Eagles,Yanmar Stadion,Almere,J. Manschot,FT,Match Finished,0,0,0.0,0.0,0,0
1213719,2025-05-03T14:30:00+00:00,1746282600,88,Eredivisie,2024,Regular Season - 31,413,NEC Nijmegen,195,Willem II,Goffertstadion,Nijmegen,D. Makkelie,FT,Match Finished,1,1,0.0,1.0,1,1
1213715,2025-05-03T16:45:00+00:00,1746290700,88,Eredivisie,2024,Regular Season - 31,206,Heracles,209,Feyenoord,Asito Stadion,Almelo,A. Lindhout,FT,Match Finished,1,4,0.0,3.0,1,4
1213718,2025-05-03T18:00:00+00:00,1746295200,88,Eredivisie,2024,Regular Season - 31,202,Groningen,417,Waalwijk,Euroborg,Groningen,S. Gözübüyük,FT,Match Finished,6,1,2.0,0.0,6,1
1213716,2025-05-03T19:00:00+00:00,1746298800,88,Eredivisie,2024,Regular Season - 31,197,PSV Eindhoven,205,Fortuna Sittard,Philips Stadion,Eindhoven,R. Dieperink,FT,Match Finished,4,1,2.0,0.0,4,1
1213717,2025-05-04T10:15:00+00:00,1746353700,88,Eredivisie,2024,Regular Season - 31,203,NAC Breda,193,PEC Zwolle,Rat Verlegh Stadion,Breda,M. Nagtegaal,FT,Match Finished,1,3,0.0,0.0,1,3
1213713,2025-05-04T12:30:00+00:00,1746361800,88,Eredivisie,2024,Regular Season - 31,410,GO Ahead Eagles,201,AZ Alkmaar,De Adelaarshorst,Deventer,B. Nijhuis,FT,Match Finished,0,3,0.0,2.0,0,3
1213714,2025-05-04T12:30:00+00:00,1746361800,88,Eredivisie,2024,Regular Season - 31,426,Sparta Rotterdam,415,Twente,Sparta-Stadion Het Kasteel,Rotterdam,J. Kooij,FT,Match Finished,0,2,0.0,2.0,0,2
1213728,2025-05-09T18:00:00+00:00,1746813600,88,Eredivisie,2024,Regular Season - 32,195,Willem II,206,Heracles,Koning Willem II Stadion,Tilburg,J. Manschot,FT,Match Finished,1,2,0.0,1.0,1,2
1213727,2025-05-10T14:30:00+00:00,1746887400,88,Eredivisie,2024,Regular Season - 32,417,Waalwijk,210,Heerenveen,Mandemakers Stadion,Waalwijk,E. van de Graaf,FT,Match Finished,3,1,1.0,1.0,3,1
1213725,2025-05-10T16:45:00+00:00,1746895500,88,Eredivisie,2024,Regular Season - 32,205,Fortuna Sittard,203,NAC Breda,Fortuna Sittard Stadion,Sittard,D. Higler,FT,Match Finished,1,0,1.0,0.0,1,0
1213721,2025-05-10T19:00:00+00:00,1746903600,88,Eredivisie,2024,Regular Season - 32,419,Almere City FC,426,Sparta Rotterdam,Yanmar Stadion,Almere,A. Lindhout,FT,Match Finished,0,3,0.0,0.0,0,3
1213726,2025-05-11T10:15:00+00:00,1746958500,88,Eredivisie,2024,Regular Season - 32,193,PEC Zwolle,410,GO Ahead Eagles,MAC³PARK Stadion,Zwolle,J. Kooij,FT,Match Finished,1,1,0.0,0.0,1,1
1213724,2025-05-11T12:30:00+00:00,1746966600,88,Eredivisie,2024,Regular Season - 32,209,Feyenoord,197,PSV Eindhoven,Stadion Feijenoord,Rotterdam,D. Makkelie,FT,Match Finished,2,3,2.0,0.0,2,3
1213723,2025-05-11T12:30:00+00:00,1746966600,88,Eredivisie,2024,Regular Season - 32,415,Twente,207,Utrecht,De Grolsch Veste,Enschede,M. Nagtegaal,FT,Match Finished,2,0,1.0,0.0,2,0
1213720,2025-05-11T14:45:00+00:00,1746974700,88,Eredivisie,2024,Regular Season - 32,194,Ajax,413,NEC Nijmegen,Johan Cruijff ArenA,Amsterdam,S. Gözübüyük,FT,Match Finished,0,3,0.0,0.0,0,3
1213722,2025-05-11T14:45:00+00:00,1746974700,88,Eredivisie,2024,Regular Season - 32,201,AZ Alkmaar,202,Groningen,AFAS Stadion,Alkmaar,S. van der Eijk,FT,Match Finished,3,0,2.0,0.0,3,0
1375152,2025-05-12T18:00:00+00:00,1747072800,88,Eredivisie,2024,Relegation Round,421,Den Bosch,420,Cambuur,Stadion De Vliert,'s-Hertogenbosch,A. Bos,FT,Match Finished,1,0,1.0,0.0,1,0
1375154,2025-05-13T16:45:00+00:00,1747154700,88,Eredivisie,2024,Relegation Round,427,Telstar,198,ADO Den Haag,711 Stadion,Velsen-Zuid,R. Dieperink,FT,Match Finished,2,0,2.0,0.0,2,0
1375156,2025-05-13T19:00:00+00:00,1747162800,88,Eredivisie,2024,Relegation Round,199,De Graafschap,409,Dordrecht,Stadion De Vijverberg,Doetinchem,M. Vos,FT,Match Finished,0,0,0.0,0.0,0,0
1213737,2025-05-14T18:00:00+00:00,1747245600,88,Eredivisie,2024,Regular Season - 33,195,Willem II,193,PEC Zwolle,Koning Willem II Stadion,Tilburg,S. Gözübüyük,FT,Match Finished,1,2,0.0,1.0,1,2
1213736,2025-05-14T18:00:00+00:00,1747245600,88,Eredivisie,2024,Regular Season - 33,197,PSV Eindhoven,206,Heracles,Philips Stadion,Eindhoven,B. Nijhuis,FT,Match Finished,4,1,4.0,0.0,4,1
1213730,2025-05-14T18:00:00+00:00,1747245600,88,Eredivisie,2024,Regular Season - 33,202,Groningen,194,Ajax,Euroborg,Groningen,J. Manschot,FT,Match Finished,2,2,0.0,1.0,2,2
1213732,2025-05-14T18:00:00+00:00,1747245600,88,Eredivisie,2024,Regular Season - 33,207,Utrecht,426,Sparta Rotterdam,Stadion Galgenwaard,Utrecht,D. Higler,FT,Match Finished,1,1,1.0,1.0,1,1
1213733,2025-05-14T18:00:00+00:00,1747245600,88,Eredivisie,2024,Regular Season - 33,209,Feyenoord,417,Waalwijk,Stadion Feijenoord,Rotterdam,M. Nagtegaal,FT,Match Finished,2,0,1.0,0.0,2,0
1213734,2025-05-14T18:00:00+00:00,1747245600,88,Eredivisie,2024,Regular Season - 33,410,GO Ahead Eagles,210,Heerenveen,De Adelaarshorst,Deventer,R. Hensgens,FT,Match Finished,1,0,0.0,0.0,1,0
1213735,2025-05-14T18:00:00+00:00,1747245600,88,Eredivisie,2024,Regular Season - 33,413,NEC Nijmegen,203,NAC Breda,Goffertstadion,Nijmegen,E. Blank,FT,Match Finished,3,0,1.0,0.0,3,0
1213731,2025-05-14T18:00:00+00:00,1747245600,88,Eredivisie,2024,Regular Season - 33,415,Twente,201,AZ Alkmaar,De Grolsch Veste,Enschede,A. Lindhout,FT,Match Finished,2,3,2.0,2.0,2,3
1213729,2025-05-14T18:00:00+00:00,1747245600,88,Eredivisie,2024,Regular Season - 33,419,Almere City FC,205,Fortuna Sittard,Yanmar Stadion,Almere,D. Makkelie,FT,Match Finished,1,1,1.0,0.0,1,1
1375153,2025-05-16T18:00:00+00:00,1747418400,88,Eredivisie,2024,Relegation Round,420,Cambuur,421,Den Bosch,Kooi Stadion,Leeuwarden,J. van der Laan,AET,Match Finished,1,1,0.0,0.0,1,0
1375155,2025-05-17T14:30:00+00:00,1747492200,88,Eredivisie,2024,Relegation Round,198,ADO Den Haag,427,Telstar,Bingoal Stadion,‘s-Gravenhage,M. Nagtegaal,FT,Match Finished,0,1,0.0,0.0,0,1
1375157,2025-05-17T18:00:00+00:00,1747504800,88,Eredivisie,2024,Relegation Round,409,Dordrecht,199,De Graafschap,M-Scores Stadion,Dordrecht,R. Hensgens,FT,Match Finished,2,0,0.0,0.0,2,0
1213743,2025-05-18T12:30:00+00:00,1747571400,88,Eredivisie,2024,Regular Season - 34,193,PEC Zwolle,202,Groningen,MAC³PARK Stadion,Zwolle,B. Nijhuis,FT,Match Finished,2,0,1.0,0.0,2,0
1213738,2025-05-18T12:30:00+00:00,1747571400,88,Eredivisie,2024,Regular Season - 34,194,Ajax,415,Twente,Johan Cruijff ArenA,Amsterdam,D. Makkelie,FT,Match Finished,2,0,1.0,0.0,2,0
1213739,2025-05-18T12:30:00+00:00,1747571400,88,Eredivisie,2024,Regular Season - 34,201,AZ Alkmaar,419,Almere City FC,AFAS Stadion,Alkmaar,I. Oostrom,FT,Match Finished,1,1,0.0,1.0,1,1
1213742,2025-05-18T12:30:00+00:00,1747571400,88,Eredivisie,2024,Regular Season - 34,203,NAC Breda,195,Willem II,Rat Verlegh Stadion,Breda,S. van der Eijk,FT,Match Finished,1,1,1.0,1.0,1,1
1213740,2025-05-18T12:30:00+00:00,1747571400,88,Eredivisie,2024,Regular Season - 34,205,Fortuna Sittard,207,Utrecht,Fortuna Sittard Stadion,Sittard,M. Vos,FT,Match Finished,0,0,0.0,0.0,0,0
1213741,2025-05-18T12:30:00+00:00,1747571400,88,Eredivisie,2024,Regular Season - 34,206,Heracles,413,NEC Nijmegen,Asito Stadion,Almelo,M. van den Kerkhof,FT,Match Finished,1,2,0.0,0.0,1,2
1213745,2025-05-18T12:30:00+00:00,1747571400,88,Eredivisie,2024,Regular Season - 34,210,Heerenveen,209,Feyenoord,Abe Lenstra Stadion,Heerenveen,J. Manschot,FT,Match Finished,2,0,2.0,0.0,2,0
1213744,2025-05-18T12:30:00+00:00,1747571400,88,Eredivisie,2024,Regular Season - 34,417,Waalwijk,410,GO Ahead Eagles,Mandemakers Stadion,Waalwijk,A. Bos,FT,Match Finished,5,3,1.0,1.0,5,3
1213746,2025-05-18T12:30:00+00:00,1747571400,88,Eredivisie,2024,Regular Season - 34,426,Sparta Rotterdam,197,PSV Eindhoven,Sparta-Stadion Het Kasteel,Rotterdam,S. Gözübüyük,FT,Match Finished,1,3,0.0,1.0,1,3
1375804,2025-05-20T18:00:00+00:00,1747764000,88,Eredivisie,2024,Relegation Round,421,Den Bosch,427,Telstar,Stadion De Vliert,'s-Hertogenbosch,A. Lindhout,FT,Match Finished,0,0,0.0,0.0,0,0
1375841,2025-05-21T16:45:00+00:00,1747845900,88,Eredivisie,2024,Relegation Round,409,Dordrecht,195,Willem II,M-Scores Stadion,Dordrecht,R. Dieperink,FT,Match Finished,2,1,2.0,1.0,2,1
1375839,2025-05-22T16:45:00+00:00,1747932300,88,Eredivisie,2024,Conference League Play-offs - Semi-finals,201,AZ Alkmaar,210,Heerenveen,AFAS Stadion,Alkmaar,M. Nagtegaal,FT,Match Finished,4,1,3.0,0.0,4,1
1375840,2025-05-22T19:00:00+00:00,1747940400,88,Eredivisie,2024,Conference League Play-offs - Semi-finals,415,Twente,413,NEC Nijmegen,De Grolsch Veste,Enschede,S. van der Eijk,AET,Match Finished,3,2,1.0,0.0,2,2
1375803,2025-05-23T18:00:00+00:00,1748023200,88,Eredivisie,2024,Relegation Round,427,Telstar,421,Den Bosch,711 Stadion,Velsen-Zuid,B. Nijhuis,AET,Match Finished,2,1,1.0,1.0,1,1
1375842,2025-05-24T18:00:00+00:00,1748109600,88,Eredivisie,2024,Relegation Round,195,Willem II,409,Dordrecht,Koning Willem II Stadion,Tilburg,D. Higler,PEN,Match Finished,3,2,3.0,1.0,3,2
1376257,2025-05-25T16:00:00+00:00,1748188800,88,Eredivisie,2024,Conference League Play-offs - Final,201,AZ Alkmaar,415,Twente,AFAS Stadion,Alkmaar,S. Gözübüyük,FT,Match Finished,3,2,1.0,2.0,3,2
1376436,2025-05-29T18:00:00+00:00,1748541600,88,Eredivisie,2024,Relegation Round,427,Telstar,195,Willem II,711 Stadion,Velsen-Zuid,J. Manschot,FT,Match Finished,2,2,0.0,1.0,2,2
1376437,2025-06-01T16:00:00+00:00,1748793600,88,Eredivisie,2024,Relegation Round,195,Willem II,427,Telstar,Koning Willem II Stadion,Tilburg,D. Makkelie,FT,Match Finished,1,3,1.0,2.0,1,3
1231733,2024-08-09T19:15:00+00:00,1723230900,94,Primeira Liga,2024,Regular Season - 1,228,Sporting CP,226,Rio Ave,Estádio José Alvalade,Lisboa,João Ferreira,FT,Match Finished,3,1,2.0,0.0,3,1
1231737,2024-08-10T14:30:00+00:00,1723300200,94,Primeira Liga,2024,Regular Season - 1,21595,AVS,225,Nacional,Estádio Clube Desportivo das Aves,Vila das Aves,André Narciso,FT,Match Finished,1,1,0.0,1.0,1,1
1231732,2024-08-10T17:00:00+00:00,1723309200,94,Primeira Liga,2024,Regular Season - 1,4716,Casa Pia,222,Boavista,Estádio Municipal de Rio Maior,Rio Maior,Pedro Ramalho,FT,Match Finished,0,1,0.0,0.0,0,1
1231729,2024-08-10T19:30:00+00:00,1723318200,94,Primeira Liga,2024,Regular Season - 1,212,FC Porto,762,GIL Vicente,Estádio Do Dragão,Porto,Cláudio Pereira,FT,Match Finished,3,0,1.0,0.0,3,0
1231730,2024-08-11T14:30:00+00:00,1723386600,94,Primeira Liga,2024,Regular Season - 1,230,Estoril,227,Santa Clara,Estádio António Coimbra da Mota,Estoril,João Pedro Pinheiro,FT,Match Finished,1,4,1.0,1.0,1,4
1231736,2024-08-11T17:00:00+00:00,1723395600,94,Primeira Liga,2024,Regular Season - 1,231,Farense,215,Moreirense,Estádio de São Lúis,Faro,Miguel Nogueira,FT,Match Finished,1,2,0.0,1.0,1,2
1231735,2024-08-11T17:00:00+00:00,1723395600,94,Primeira Liga,2024,Regular Season - 1,242,Famalicao,211,Benfica,Estádio Municipal 22 de Junho,Vila Nova de Famalicão,Fábio Veríssimo,FT,Match Finished,2,0,1.0,0.0,2,0
1231731,2024-08-11T19:30:00+00:00,1723404600,94,Primeira Liga,2024,Regular Season - 1,217,SC Braga,15130,Estrela,Estádio Municipal de Braga,Braga,Ricardo Baixinho,FT,Match Finished,1,1,0.0,0.0,1,1
1231734,2024-08-12T19:15:00+00:00,1723490100,94,Primeira Liga,2024,Regular Season - 1,240,Arouca,224,Guimaraes,Estádio Municipal de Arouca,Arouca,Gustavo Correia,FT,Match Finished,0,1,0.0,1.0,0,1
1231744,2024-08-16T16:00:00+00:00,1723824000,94,Primeira Liga,2024,Regular Season - 2,227,Santa Clara,212,FC Porto,Estádio de São Miguel,"Ponta Delgada, Ilha de São Miguel, Açores",Fábio Veríssimo,FT,Match Finished,0,2,0.0,2.0,0,2
1231740,2024-08-16T19:15:00+00:00,1723835700,94,Primeira Liga,2024,Regular Season - 2,762,GIL Vicente,21595,AVS,Estádio Cidade de Barcelos,Barcelos,Bruno Pires Costa,FT,Match Finished,4,2,2.0,2.0,4,2
1231739,2024-08-17T14:30:00+00:00,1723905000,94,Primeira Liga,2024,Regular Season - 2,226,Rio Ave,231,Farense,Estádio do Rio Ave Futebol Clube,Vila do Conde,Carlos Macedo,FT,Match Finished,1,0,1.0,0.0,1,0
1231746,2024-08-17T17:00:00+00:00,1723914000,94,Primeira Liga,2024,Regular Season - 2,225,Nacional,228,Sporting CP,Estádio da Madeira,Ilha da Madeira,Luís Godinho,FT,Match Finished,1,6,1.0,2.0,1,6
1231743,2024-08-17T19:30:00+00:00,1723923000,94,Primeira Liga,2024,Regular Season - 2,211,Benfica,4716,Casa Pia,Estádio do Sport Lisboa e Benfica,Lisboa,Iancu Vasilica,FT,Match Finished,3,0,0.0,0.0,3,0
1231741,2024-08-18T14:30:00+00:00,1723991400,94,Primeira Liga,2024,Regular Season - 2,215,Moreirense,240,Arouca,Parque Desportivo Comendador Joaquim de Almeida Freitas,Moreira de Cónegos,João Ferreira,FT,Match Finished,3,1,2.0,1.0,3,1
1231738,2024-08-18T17:00:00+00:00,1724000400,94,Primeira Liga,2024,Regular Season - 2,224,Guimaraes,230,Estoril,Estádio Dom Afonso Henriques,Guimarães,André Narciso,FT,Match Finished,1,0,1.0,0.0,1,0
1231742,2024-08-18T19:30:00+00:00,1724009400,94,Primeira Liga,2024,Regular Season - 2,222,Boavista,217,SC Braga,Estádio do Bessa Século XXI,Porto,António Nobre,FT,Match Finished,0,1,0.0,1.0,0,1
1231745,2024-08-19T19:15:00+00:00,1724094900,94,Primeira Liga,2024,Regular Season - 2,15130,Estrela,242,Famalicao,Estádio José Gomes,Amadora,Bruno Vieira,FT,Match Finished,0,3,0.0,1.0,0,3
1231749,2024-08-23T19:15:00+00:00,1724440500,94,Primeira Liga,2024,Regular Season - 3,231,Farense,228,Sporting CP,Estádio Do Algarve,Almancil,Tiago Martins,FT,Match Finished,0,5,0.0,2.0,0,5
1231750,2024-08-24T14:30:00+00:00,1724509800,94,Primeira Liga,2024,Regular Season - 3,4716,Casa Pia,227,Santa Clara,Estádio Municipal de Rio Maior,Rio Maior,Ricardo Baixinho,FT,Match Finished,0,2,0.0,0.0,0,2
1231751,2024-08-24T17:00:00+00:00,1724518800,94,Primeira Liga,2024,Regular Season - 3,212,FC Porto,226,Rio Ave,Estádio Do Dragão,Porto,Iancu Vasilica,FT,Match Finished,2,0,2.0,0.0,2,0
1231754,2024-08-24T19:30:00+00:00,1724527800,94,Primeira Liga,2024,Regular Season - 3,211,Benfica,15130,Estrela,Estádio do Sport Lisboa e Benfica,Lisboa,Hélder Malheiro,FT,Match Finished,1,0,1.0,0.0,1,0
1231748,2024-08-24T19:30:00+00:00,1724527800,94,Primeira Liga,2024,Regular Season - 3,242,Famalicao,222,Boavista,Estádio Municipal 22 de Junho,Vila Nova de Famalicão,David Silva,FT,Match Finished,1,0,1.0,0.0,1,0
1231755,2024-08-25T14:30:00+00:00,1724596200,94,Primeira Liga,2024,Regular Season - 3,240,Arouca,225,Nacional,Estádio Municipal de Arouca,Arouca,Sérgio Guelho,FT,Match Finished,1,0,1.0,0.0,1,0
1231752,2024-08-25T17:00:00+00:00,1724605200,94,Primeira Liga,2024,Regular Season - 3,230,Estoril,762,GIL Vicente,Estádio António Coimbra da Mota,Estoril,Anzhony Rodrigues,FT,Match Finished,0,0,0.0,0.0,0,0
1231753,2024-08-25T19:30:00+00:00,1724614200,94,Primeira Liga,2024,Regular Season - 3,217,SC Braga,215,Moreirense,Estádio Municipal de Braga,Braga,Nuno Almeida,FT,Match Finished,3,1,1.0,0.0,3,1
1231747,2024-08-25T19:30:00+00:00,1724614200,94,Primeira Liga,2024,Regular Season - 3,21595,AVS,224,Guimaraes,Estádio Clube Desportivo das Aves,Vila das Aves,João Pedro Pinheiro,FT,Match Finished,1,0,0.0,0.0,1,0
1231762,2024-08-30T19:15:00+00:00,1725045300,94,Primeira Liga,2024,Regular Season - 4,215,Moreirense,211,Benfica,Parque Desportivo Comendador Joaquim de Almeida Freitas,Moreira de Cónegos,André Narciso,FT,Match Finished,1,1,0.0,0.0,1,1
1231759,2024-08-31T14:30:00+00:00,1725114600,94,Primeira Liga,2024,Regular Season - 4,227,Santa Clara,21595,AVS,Estádio de São Miguel,"Ponta Delgada, Ilha de São Miguel, Açores",Miguel Nogueira,FT,Match Finished,2,1,1.0,1.0,2,1
1231763,2024-08-31T17:00:00+00:00,1725123600,94,Primeira Liga,2024,Regular Season - 4,222,Boavista,230,Estoril,Estádio do Bessa Século XXI,Porto,Gustavo Correia,FT,Match Finished,0,0,0.0,0.0,0,0
1231756,2024-08-31T17:00:00+00:00,1725123600,94,Primeira Liga,2024,Regular Season - 4,15130,Estrela,4716,Casa Pia,Estádio José Gomes,Amadora,Hélder Carvalho,FT,Match Finished,0,1,0.0,0.0,0,1
1231764,2024-08-31T19:30:00+00:00,1725132600,94,Primeira Liga,2024,Regular Season - 4,228,Sporting CP,212,FC Porto,Estádio José Alvalade,Lisboa,Luís Godinho,FT,Match Finished,2,0,0.0,0.0,2,0
1231757,2024-09-01T14:30:00+00:00,1725201000,94,Primeira Liga,2024,Regular Season - 4,225,Nacional,231,Farense,Estádio da Madeira,Ilha da Madeira,Cláudio Pereira,FT,Match Finished,2,0,1.0,0.0,2,0
1231760,2024-09-01T17:00:00+00:00,1725210000,94,Primeira Liga,2024,Regular Season - 4,226,Rio Ave,240,Arouca,Estádio do Rio Ave Futebol Clube,Vila do Conde,Bruno Pires Costa,FT,Match Finished,1,0,1.0,0.0,1,0
1231758,2024-09-01T19:30:00+00:00,1725219000,94,Primeira Liga,2024,Regular Season - 4,224,Guimaraes,242,Famalicao,Estádio Dom Afonso Henriques,Guimarães,João Ferreira,FT,Match Finished,2,1,1.0,1.0,2,1
1231761,2024-09-01T19:30:00+00:00,1725219000,94,Primeira Liga,2024,Regular Season - 4,762,GIL Vicente,217,SC Braga,Estádio Cidade de Barcelos,Barcelos,Fábio Veríssimo,FT,Match Finished,0,0,0.0,0.0,0,0
1231771,2024-09-13T19:15:00+00:00,1726254900,94,Primeira Liga,2024,Regular Season - 5,240,Arouca,228,Sporting CP,Estádio Municipal de Arouca,Arouca,João Pedro Pinheiro,FT,Match Finished,0,3,0.0,1.0,0,3
1231773,2024-09-14T14:30:00+00:00,1726324200,94,Primeira Liga,2024,Regular Season - 5,4716,Casa Pia,215,Moreirense,Estádio Municipal de Rio Maior,Rio Maior,David Silva,FT,Match Finished,3,1,0.0,1.0,3,1
1231765,2024-09-14T17:00:00+00:00,1726333200,94,Primeira Liga,2024,Regular Season - 5,21595,AVS,226,Rio Ave,Estádio Clube Desportivo das Aves,Vila das Aves,António Nobre,FT,Match Finished,1,0,0.0,0.0,1,0
1231772,2024-09-14T19:30:00+00:00,1726342200,94,Primeira Liga,2024,Regular Season - 5,211,Benfica,227,Santa Clara,Estádio do Sport Lisboa e Benfica,Lisboa,Cláudio Pereira,FT,Match Finished,4,1,2.0,1.0,4,1
1231768,2024-09-14T19:30:00+00:00,1726342200,94,Primeira Liga,2024,Regular Season - 5,242,Famalicao,762,GIL Vicente,Estádio Municipal 22 de Junho,Vila Nova de Famalicão,Hélder Malheiro,FT,Match Finished,1,1,1.0,0.0,1,1
1231767,2024-09-15T14:30:00+00:00,1726410600,94,Primeira Liga,2024,Regular Season - 5,212,FC Porto,231,Farense,Estádio Do Dragão,Porto,Nuno Almeida,FT,Match Finished,2,1,0.0,0.0,2,1
1231770,2024-09-15T17:00:00+00:00,1726419600,94,Primeira Liga,2024,Regular Season - 5,230,Estoril,225,Nacional,Estádio António Coimbra da Mota,Estoril,Bruno Vieira,FT,Match Finished,1,0,1.0,0.0,1,0
1231769,2024-09-15T19:30:00+00:00,1726428600,94,Primeira Liga,2024,Regular Season - 5,217,SC Braga,224,Guimaraes,Estádio Municipal de Braga,Braga,Luís Godinho,FT,Match Finished,0,2,0.0,0.0,0,2
1231766,2024-09-16T19:15:00+00:00,1726514100,94,Primeira Liga,2024,Regular Season - 5,15130,Estrela,222,Boavista,Estádio José Gomes,Amadora,Tiago Martins,FT,Match Finished,2,2,1.0,2.0,2,2
1231779,2024-09-20T19:15:00+00:00,1726859700,94,Primeira Liga,2024,Regular Season - 6,225,Nacional,217,SC Braga,Estádio da Madeira,Ilha da Madeira,Hélder Malheiro,FT,Match Finished,0,3,0.0,0.0,0,3
1231775,2024-09-21T14:30:00+00:00,1726929000,94,Primeira Liga,2024,Regular Season - 6,226,Rio Ave,230,Estoril,Estádio do Rio Ave Futebol Clube,Vila do Conde,José Bessa,FT,Match Finished,2,2,1.0,0.0,2,2
1231780,2024-09-21T14:30:00+00:00,1726929000,94,Primeira Liga,2024,Regular Season - 6,227,Santa Clara,15130,Estrela,Estádio de São Miguel,"Ponta Delgada, Ilha de São Miguel, Açores",João Ferreira,FT,Match Finished,1,0,0.0,0.0,1,0
1231781,2024-09-21T17:00:00+00:00,1726938000,94,Primeira Liga,2024,Regular Season - 6,224,Guimaraes,212,FC Porto,Estádio Dom Afonso Henriques,Guimarães,Fábio Veríssimo,FT,Match Finished,0,3,0.0,0.0,0,3
1231776,2024-09-21T19:30:00+00:00,1726947000,94,Primeira Liga,2024,Regular Season - 6,215,Moreirense,242,Famalicao,Parque Desportivo Comendador Joaquim de Almeida Freitas,Moreira de Cónegos,António Nobre,FT,Match Finished,0,0,0.0,0.0,0,0
1231774,2024-09-22T14:30:00+00:00,1727015400,94,Primeira Liga,2024,Regular Season - 6,762,GIL Vicente,4716,Casa Pia,Estádio Cidade de Barcelos,Barcelos,Gustavo Correia,FT,Match Finished,1,1,1.0,0.0,1,1
1231778,2024-09-22T17:00:00+00:00,1727024400,94,Primeira Liga,2024,Regular Season - 6,231,Farense,240,Arouca,Estádio de São Lúis,Faro,Luís Godinho,FT,Match Finished,0,1,0.0,1.0,0,1
1231777,2024-09-22T19:30:00+00:00,1727033400,94,Primeira Liga,2024,Regular Season - 6,228,Sporting CP,21595,AVS,Estádio José Alvalade,Lisboa,Ricardo Baixinho,FT,Match Finished,3,0,2.0,0.0,3,0
1231782,2024-09-23T19:15:00+00:00,1727118900,94,Primeira Liga,2024,Regular Season - 6,222,Boavista,211,Benfica,Estádio do Bessa Século XXI,Porto,João Pedro Pinheiro,FT,Match Finished,0,3,0.0,2.0,0,3
1231788,2024-09-27T19:15:00+00:00,1727464500,94,Primeira Liga,2024,Regular Season - 7,230,Estoril,228,Sporting CP,Estádio António Coimbra da Mota,Estoril,João Ferreira,FT,Match Finished,0,3,0.0,2.0,0,3
1231787,2024-09-28T14:30:00+00:00,1727533800,94,Primeira Liga,2024,Regular Season - 7,15130,Estrela,215,Moreirense,Estádio José Gomes,Amadora,Miguel Fonseca,FT,Match Finished,2,1,2.0,0.0,2,1
1231791,2024-09-28T17:00:00+00:00,1727542800,94,Primeira Liga,2024,Regular Season - 7,4716,Casa Pia,224,Guimaraes,Estádio Municipal de Rio Maior,Rio Maior,Carlos Macedo,FT,Match Finished,1,1,1.0,0.0,1,1
1231790,2024-09-28T19:30:00+00:00,1727551800,94,Primeira Liga,2024,Regular Season - 7,211,Benfica,762,GIL Vicente,Estádio do Sport Lisboa e Benfica,Lisboa,Miguel Nogueira,FT,Match Finished,5,1,2.0,1.0,5,1
1231783,2024-09-29T14:30:00+00:00,1727620200,94,Primeira Liga,2024,Regular Season - 7,242,Famalicao,225,Nacional,Estádio Municipal 22 de Junho,Vila Nova de Famalicão,Hélder Carvalho,FT,Match Finished,0,0,0.0,0.0,0,0
1231785,2024-09-29T17:00:00+00:00,1727629200,94,Primeira Liga,2024,Regular Season - 7,212,FC Porto,240,Arouca,Estádio Do Dragão,Porto,André Narciso,FT,Match Finished,4,0,0.0,0.0,4,0
1231789,2024-09-29T19:30:00+00:00,1727638200,94,Primeira Liga,2024,Regular Season - 7,217,SC Braga,226,Rio Ave,Estádio Municipal de Braga,Braga,Cláudio Pereira,FT,Match Finished,4,0,2.0,0.0,4,0
1231786,2024-09-29T19:30:00+00:00,1727638200,94,Primeira Liga,2024,Regular Season - 7,227,Santa Clara,222,Boavista,Estádio de São Miguel,"Ponta Delgada, Ilha de São Miguel, Açores",Bruno Vieira,FT,Match Finished,1,0,1.0,0.0,1,0
1231784,2024-09-30T19:15:00+00:00,1727723700,94,Primeira Liga,2024,Regular Season - 7,21595,AVS,231,Farense,Estádio Clube Desportivo das Aves,Vila das Aves,Fábio Veríssimo,FT,Match Finished,0,0,0.0,0.0,0,0
1231794,2024-10-04T19:15:00+00:00,1728069300,94,Primeira Liga,2024,Regular Season - 8,226,Rio Ave,242,Famalicao,Estádio do Rio Ave Futebol Clube,Vila do Conde,João Ferreira,FT,Match Finished,1,1,0.0,0.0,1,1
1231795,2024-10-05T14:30:00+00:00,1728138600,94,Primeira Liga,2024,Regular Season - 8,215,Moreirense,227,Santa Clara,Parque Desportivo Comendador Joaquim de Almeida Freitas,Moreira de Cónegos,Nuno Almeida,FT,Match Finished,1,0,0.0,0.0,1,0
1231793,2024-10-05T14:30:00+00:00,1728138600,94,Primeira Liga,2024,Regular Season - 8,762,GIL Vicente,15130,Estrela,Estádio Cidade de Barcelos,Barcelos,Iancu Vasilica,FT,Match Finished,3,0,2.0,0.0,3,0
1231799,2024-10-05T17:00:00+00:00,1728147600,94,Primeira Liga,2024,Regular Season - 8,240,Arouca,21595,AVS,Estádio Municipal de Arouca,Arouca,David Silva,FT,Match Finished,1,1,1.0,0.0,1,1
1231796,2024-10-05T19:30:00+00:00,1728156600,94,Primeira Liga,2024,Regular Season - 8,228,Sporting CP,4716,Casa Pia,Estádio José Alvalade,Lisboa,Miguel Nogueira,FT,Match Finished,2,0,1.0,0.0,2,0
1231797,2024-10-06T14:30:00+00:00,1728225000,94,Primeira Liga,2024,Regular Season - 8,224,Guimaraes,222,Boavista,Estádio Dom Afonso Henriques,Guimarães,Luís Godinho,FT,Match Finished,2,2,1.0,0.0,2,2
1231792,2024-10-06T14:30:00+00:00,1728225000,94,Primeira Liga,2024,Regular Season - 8,231,Farense,230,Estoril,Estádio de São Lúis,Faro,António Nobre,FT,Match Finished,1,0,0.0,0.0,1,0
1231800,2024-10-06T19:30:00+00:00,1728243000,94,Primeira Liga,2024,Regular Season - 8,212,FC Porto,217,SC Braga,Estádio Do Dragão,Porto,João Pedro Pinheiro,FT,Match Finished,2,1,1.0,0.0,2,1
1231809,2024-10-25T17:45:00+00:00,1729878300,94,Primeira Liga,2024,Regular Season - 9,4716,Casa Pia,225,Nacional,Estádio Municipal de Rio Maior,Rio Maior,David Silva,FT,Match Finished,1,0,1.0,0.0,1,0
1231802,2024-10-25T19:45:00+00:00,1729885500,94,Primeira Liga,2024,Regular Season - 9,227,Santa Clara,762,GIL Vicente,Estádio de São Miguel,"Ponta Delgada, Ilha de São Miguel, Açores",Anzhony Rodrigues,FT,Match Finished,2,1,2.0,1.0,2,1
1231803,2024-10-26T14:30:00+00:00,1729953000,94,Primeira Liga,2024,Regular Season - 9,230,Estoril,240,Arouca,Estádio António Coimbra da Mota,Estoril,Carlos Macedo,FT,Match Finished,4,1,2.0,1.0,4,1
1231807,2024-10-26T17:00:00+00:00,1729962000,94,Primeira Liga,2024,Regular Season - 9,222,Boavista,215,Moreirense,Estádio do Bessa Século XXI,Porto,André Narciso,FT,Match Finished,0,2,0.0,1.0,0,2
1231804,2024-10-26T19:30:00+00:00,1729971000,94,Primeira Liga,2024,Regular Season - 9,242,Famalicao,228,Sporting CP,Estádio Municipal 22 de Junho,Vila Nova de Famalicão,Fábio Veríssimo,FT,Match Finished,0,3,0.0,0.0,0,3
1231805,2024-10-27T15:30:00+00:00,1730043000,94,Primeira Liga,2024,Regular Season - 9,217,SC Braga,231,Farense,Estádio Municipal de Braga,Braga,João Ferreira,FT,Match Finished,2,0,1.0,0.0,2,0
1231808,2024-10-27T18:00:00+00:00,1730052000,94,Primeira Liga,2024,Regular Season - 9,211,Benfica,226,Rio Ave,Estádio do Sport Lisboa e Benfica,Lisboa,Tiago Martins,FT,Match Finished,5,0,3.0,0.0,5,0
1231806,2024-10-27T20:30:00+00:00,1730061000,94,Primeira Liga,2024,Regular Season - 9,15130,Estrela,224,Guimaraes,Estádio José Gomes,Amadora,António Nobre,FT,Match Finished,2,2,1.0,1.0,2,2
1231801,2024-10-28T20:15:00+00:00,1730146500,94,Primeira Liga,2024,Regular Season - 9,21595,AVS,212,FC Porto,Estádio Clube Desportivo das Aves,Vila das Aves,Miguel Nogueira,FT,Match Finished,0,5,0.0,4.0,0,5
1231812,2024-11-01T20:15:00+00:00,1730492100,94,Primeira Liga,2024,Regular Season - 10,228,Sporting CP,15130,Estrela,Estádio José Alvalade,Lisboa,Bruno Vieira,FT,Match Finished,5,1,3.0,1.0,5,1
1231810,2024-11-02T15:30:00+00:00,1730561400,94,Primeira Liga,2024,Regular Season - 10,226,Rio Ave,4716,Casa Pia,Estádio do Rio Ave Futebol Clube,Vila do Conde,António Nobre,FT,Match Finished,2,2,2.0,2.0,2,2
1231815,2024-11-02T18:00:00+00:00,1730570400,94,Primeira Liga,2024,Regular Season - 10,231,Farense,211,Benfica,Estádio Do Algarve,Almancil,Cláudio Pereira,FT,Match Finished,1,2,1.0,1.0,1,2
1231814,2024-11-02T20:30:00+00:00,1730579400,94,Primeira Liga,2024,Regular Season - 10,762,GIL Vicente,222,Boavista,Estádio Cidade de Barcelos,Barcelos,Sérgio Guelho,FT,Match Finished,1,2,0.0,0.0,1,2
1231818,2024-11-03T15:30:00+00:00,1730647800,94,Primeira Liga,2024,Regular Season - 10,21595,AVS,242,Famalicao,Estádio Clube Desportivo das Aves,Vila das Aves,Luís Godinho,FT,Match Finished,2,3,2.0,2.0,2,3
1231816,2024-11-03T18:00:00+00:00,1730656800,94,Primeira Liga,2024,Regular Season - 10,224,Guimaraes,215,Moreirense,Estádio Dom Afonso Henriques,Guimarães,Miguel Nogueira,FT,Match Finished,1,0,0.0,0.0,1,0
1231817,2024-11-03T18:00:00+00:00,1730656800,94,Primeira Liga,2024,Regular Season - 10,240,Arouca,217,SC Braga,Estádio Municipal de Arouca,Arouca,Ricardo Baixinho,FT,Match Finished,1,2,0.0,1.0,1,2
1231811,2024-11-03T20:30:00+00:00,1730665800,94,Primeira Liga,2024,Regular Season - 10,212,FC Porto,230,Estoril,Estádio Do Dragão,Porto,David Silva,FT,Match Finished,4,0,2.0,0.0,4,0
1231813,2024-11-04T20:15:00+00:00,1730751300,94,Primeira Liga,2024,Regular Season - 10,225,Nacional,227,Santa Clara,Estádio da Madeira,Ilha da Madeira,Fábio Veríssimo,FT,Match Finished,2,0,2.0,0.0,2,0
1231821,2024-11-08T20:15:00+00:00,1731096900,94,Primeira Liga,2024,Regular Season - 11,215,Moreirense,762,GIL Vicente,Parque Desportivo Comendador Joaquim de Almeida Freitas,Moreira de Cónegos,Ricardo Baixinho,FT,Match Finished,3,2,0.0,1.0,3,2
1231822,2024-11-09T15:30:00+00:00,1731166200,94,Primeira Liga,2024,Regular Season - 11,230,Estoril,21595,AVS,Estádio António Coimbra da Mota,Estoril,Gonçalo Neves,FT,Match Finished,0,0,0.0,0.0,0,0
1231824,2024-11-09T15:30:00+00:00,1731166200,94,Primeira Liga,2024,Regular Season - 11,4716,Casa Pia,231,Farense,Estádio Municipal de Rio Maior,Rio Maior,Carlos Macedo,FT,Match Finished,1,1,1.0,1.0,1,1
1231820,2024-11-09T18:00:00+00:00,1731175200,94,Primeira Liga,2024,Regular Season - 11,242,Famalicao,240,Arouca,Estádio Municipal 22 de Junho,Vila Nova de Famalicão,Miguel Nogueira,FT,Match Finished,0,0,0.0,0.0,0,0
1231827,2024-11-09T20:30:00+00:00,1731184200,94,Primeira Liga,2024,Regular Season - 11,222,Boavista,226,Rio Ave,Estádio do Bessa Século XXI,Porto,João Ferreira,FT,Match Finished,0,2,0.0,1.0,0,2
1231823,2024-11-10T15:30:00+00:00,1731252600,94,Primeira Liga,2024,Regular Season - 11,15130,Estrela,225,Nacional,Estádio José Gomes,Amadora,Bruno Pires Costa,FT,Match Finished,2,0,0.0,0.0,2,0
1231819,2024-11-10T16:30:00+00:00,1731256200,94,Primeira Liga,2024,Regular Season - 11,227,Santa Clara,224,Guimaraes,Estádio de São Miguel,"Ponta Delgada, Ilha de São Miguel, Açores",Gustavo Correia,FT,Match Finished,1,0,0.0,0.0,1,0
1231825,2024-11-10T18:45:00+00:00,1731264300,94,Primeira Liga,2024,Regular Season - 11,217,SC Braga,228,Sporting CP,Estádio Municipal de Braga,Braga,Luís Godinho,FT,Match Finished,2,4,2.0,0.0,2,4
1231826,2024-11-10T20:45:00+00:00,1731271500,94,Primeira Liga,2024,Regular Season - 11,211,Benfica,212,FC Porto,Estádio do Sport Lisboa e Benfica,Lisboa,Jose Antonio De Almeida Pinheiro,FT,Match Finished,4,1,1.0,1.0,4,1
1231829,2024-11-29T20:15:00+00:00,1732911300,94,Primeira Liga,2024,Regular Season - 12,231,Farense,15130,Estrela,Estádio de São Lúis,Faro,João Pedro Pinheiro,FT,Match Finished,1,0,1.0,0.0,1,0
1231830,2024-11-30T15:30:00+00:00,1732980600,94,Primeira Liga,2024,Regular Season - 12,226,Rio Ave,215,Moreirense,Estádio do Rio Ave Futebol Clube,Vila do Conde,Carlos Macedo,FT,Match Finished,3,2,1.0,0.0,3,2
1231832,2024-11-30T18:00:00+00:00,1732989600,94,Primeira Liga,2024,Regular Season - 12,225,Nacional,222,Boavista,Estádio da Madeira,Ilha da Madeira,Iancu Vasilica,FT,Match Finished,0,0,0.0,0.0,0,0
1231831,2024-11-30T20:30:00+00:00,1732998600,94,Primeira Liga,2024,Regular Season - 12,228,Sporting CP,227,Santa Clara,Estádio José Alvalade,Lisboa,Cláudio Pereira,FT,Match Finished,0,1,0.0,1.0,0,1
1231836,2024-12-01T15:30:00+00:00,1733067000,94,Primeira Liga,2024,Regular Season - 12,230,Estoril,242,Famalicao,Estádio António Coimbra da Mota,Estoril,João Ferreira,FT,Match Finished,2,1,2.0,1.0,2,1
1231835,2024-12-01T18:00:00+00:00,1733076000,94,Primeira Liga,2024,Regular Season - 12,240,Arouca,211,Benfica,Estádio Municipal de Arouca,Arouca,Luís Godinho,FT,Match Finished,0,2,0.0,1.0,0,2
1231833,2024-12-01T20:30:00+00:00,1733085000,94,Primeira Liga,2024,Regular Season - 12,21595,AVS,217,SC Braga,Estádio Clube Desportivo das Aves,Vila das Aves,António Nobre,FT,Match Finished,0,1,0.0,0.0,0,1
1231834,2024-12-02T18:45:00+00:00,1733165100,94,Primeira Liga,2024,Regular Season - 12,224,Guimaraes,762,GIL Vicente,Estádio Dom Afonso Henriques,Guimarães,Tiago Martins,FT,Match Finished,4,0,1.0,0.0,4,0
1231828,2024-12-02T20:45:00+00:00,1733172300,94,Primeira Liga,2024,Regular Season - 12,212,FC Porto,4716,Casa Pia,Estádio Do Dragão,Porto,Hélder Malheiro,FT,Match Finished,2,0,0.0,0.0,2,0
1231841,2024-12-05T20:15:00+00:00,1733429700,94,Primeira Liga,2024,Regular Season - 13,215,Moreirense,228,Sporting CP,Parque Desportivo Comendador Joaquim de Almeida Freitas,Moreira de Cónegos,António Nobre,FT,Match Finished,2,1,2.0,1.0,2,1
1231843,2024-12-06T20:15:00+00:00,1733516100,94,Primeira Liga,2024,Regular Season - 13,217,SC Braga,230,Estoril,Estádio Municipal de Braga,Braga,Bruno Vieira,FT,Match Finished,2,2,1.0,0.0,2,2
1231842,2024-12-07T15:30:00+00:00,1733585400,94,Primeira Liga,2024,Regular Season - 13,762,GIL Vicente,225,Nacional,Estádio Cidade de Barcelos,Barcelos,Pedro Ramalho,FT,Match Finished,2,1,1.0,0.0,2,1
1231844,2024-12-07T18:00:00+00:00,1733594400,94,Primeira Liga,2024,Regular Season - 13,211,Benfica,224,Guimaraes,Estádio do Sport Lisboa e Benfica,Lisboa,Miguel Nogueira,FT,Match Finished,1,0,1.0,0.0,1,0
1231838,2024-12-07T18:00:00+00:00,1733594400,94,Primeira Liga,2024,Regular Season - 13,227,Santa Clara,226,Rio Ave,Estádio de São Miguel,"Ponta Delgada, Ilha de São Miguel, Açores",João Pedro Pinheiro,FT,Match Finished,1,0,1.0,0.0,1,0
1231837,2024-12-07T20:30:00+00:00,1733603400,94,Primeira Liga,2024,Regular Season - 13,242,Famalicao,212,FC Porto,Estádio Municipal 22 de Junho,Vila Nova de Famalicão,Luís Godinho,FT,Match Finished,1,1,1.0,0.0,1,1
1231845,2024-12-08T15:30:00+00:00,1733671800,94,Primeira Liga,2024,Regular Season - 13,222,Boavista,231,Farense,Estádio do Bessa Século XXI,Porto,David Silva,FT,Match Finished,1,1,0.0,0.0,1,1
1231840,2024-12-08T18:00:00+00:00,1733680800,94,Primeira Liga,2024,Regular Season - 13,4716,Casa Pia,21595,AVS,Estádio Municipal de Rio Maior,Rio Maior,Bruno Pires Costa,FT,Match Finished,1,1,1.0,0.0,1,1
1231839,2024-12-09T20:15:00+00:00,1733775300,94,Primeira Liga,2024,Regular Season - 13,15130,Estrela,240,Arouca,Estádio José Gomes,Amadora,Fábio Veríssimo,FT,Match Finished,2,1,0.0,1.0,2,1
1231854,2024-12-14T15:30:00+00:00,1734190200,94,Primeira Liga,2024,Regular Season - 14,231,Farense,762,GIL Vicente,Estádio de São Lúis,Faro,Bruno Pires Costa,FT,Match Finished,0,1,0.0,0.0,0,1
1231849,2024-12-14T18:00:00+00:00,1734199200,94,Primeira Liga,2024,Regular Season - 14,225,Nacional,215,Moreirense,Estádio da Madeira,Ilha da Madeira,Sérgio Guelho,FT,Match Finished,1,0,0.0,0.0,1,0
1231846,2024-12-14T20:30:00+00:00,1734208200,94,Primeira Liga,2024,Regular Season - 14,228,Sporting CP,222,Boavista,Estádio José Alvalade,Lisboa,Fábio Veríssimo,FT,Match Finished,3,2,1.0,1.0,3,2
1231852,2024-12-15T15:30:00+00:00,1734276600,94,Primeira Liga,2024,Regular Season - 14,240,Arouca,227,Santa Clara,Estádio Municipal de Arouca,Arouca,André Narciso,FT,Match Finished,1,0,0.0,0.0,1,0
1231851,2024-12-15T18:00:00+00:00,1734285600,94,Primeira Liga,2024,Regular Season - 14,21595,AVS,211,Benfica,Estádio Clube Desportivo das Aves,Vila das Aves,João Ferreira,FT,Match Finished,1,1,0.0,1.0,1,1
1231847,2024-12-15T20:30:00+00:00,1734294600,94,Primeira Liga,2024,Regular Season - 14,230,Estoril,4716,Casa Pia,Estádio António Coimbra da Mota,Estoril,Tiago Martins,FT,Match Finished,0,2,0.0,0.0,0,2
1231853,2024-12-16T18:45:00+00:00,1734374700,94,Primeira Liga,2024,Regular Season - 14,217,SC Braga,242,Famalicao,Estádio Municipal de Braga,Braga,Hélder Malheiro,FT,Match Finished,3,3,0.0,1.0,3,3
1231848,2024-12-16T20:15:00+00:00,1734380100,94,Primeira Liga,2024,Regular Season - 14,212,FC Porto,15130,Estrela,Estádio Do Dragão,Porto,Miguel Nogueira,FT,Match Finished,2,0,1.0,0.0,2,0
1231850,2024-12-16T20:45:00+00:00,1734381900,94,Primeira Liga,2024,Regular Season - 14,226,Rio Ave,224,Guimaraes,Estádio do Rio Ave Futebol Clube,Vila do Conde,António Nobre,FT,Match Finished,2,2,2.0,0.0,2,2
1231798,2024-12-19T17:00:00+00:00,1734627600,94,Primeira Liga,2024,Regular Season - 8,225,Nacional,211,Benfica,Estádio da Madeira,Ilha da Madeira,Gustavo Correia,FT,Match Finished,0,2,0.0,0.0,0,2
1231857,2024-12-20T20:15:00+00:00,1734725700,94,Primeira Liga,2024,Regular Season - 15,4716,Casa Pia,240,Arouca,Estádio Municipal de Rio Maior,Rio Maior,Anzhony Rodrigues,FT,Match Finished,3,1,2.0,0.0,3,1
1231855,2024-12-21T15:30:00+00:00,1734795000,94,Primeira Liga,2024,Regular Season - 15,242,Famalicao,231,Farense,Estádio Municipal 22 de Junho,Vila Nova de Famalicão,Miguel Nogueira,FT,Match Finished,1,2,0.0,1.0,1,2
1231858,2024-12-21T18:00:00+00:00,1734804000,94,Primeira Liga,2024,Regular Season - 15,222,Boavista,21595,AVS,Estádio do Bessa Século XXI,Porto,Cláudio Pereira,FT,Match Finished,0,0,0.0,0.0,0,0
1231859,2024-12-21T20:30:00+00:00,1734813000,94,Primeira Liga,2024,Regular Season - 15,215,Moreirense,212,FC Porto,Parque Desportivo Comendador Joaquim de Almeida Freitas,Moreira de Cónegos,Fábio Veríssimo,FT,Match Finished,0,3,0.0,1.0,0,3
1231856,2024-12-22T17:00:00+00:00,1734886800,94,Primeira Liga,2024,Regular Season - 15,227,Santa Clara,217,SC Braga,Estádio de São Miguel,"Ponta Delgada, Ilha de São Miguel, Açores",Tiago Martins,FT,Match Finished,0,2,0.0,0.0,0,2
1231863,2024-12-22T20:30:00+00:00,1734899400,94,Primeira Liga,2024,Regular Season - 15,762,GIL Vicente,228,Sporting CP,Estádio Cidade de Barcelos,Barcelos,André Narciso,FT,Match Finished,0,0,0.0,0.0,0,0
1231862,2024-12-23T18:45:00+00:00,1734979500,94,Primeira Liga,2024,Regular Season - 15,211,Benfica,230,Estoril,Estádio do Sport Lisboa e Benfica,Lisboa,António Nobre,FT,Match Finished,3,0,1.0,0.0,3,0
1231861,2024-12-23T18:45:00+00:00,1734979500,94,Primeira Liga,2024,Regular Season - 15,224,Guimaraes,225,Nacional,Estádio Dom Afonso Henriques,Guimarães,João Pedro Pinheiro,FT,Match Finished,2,2,1.0,1.0,2,2
1231860,2024-12-23T20:45:00+00:00,1734986700,94,Primeira Liga,2024,Regular Season - 15,15130,Estrela,226,Rio Ave,Estádio José Gomes,Amadora,Iancu Vasilica,FT,Match Finished,1,0,1.0,0.0,1,0
1231870,2024-12-27T20:15:00+00:00,1735330500,94,Primeira Liga,2024,Regular Season - 16,240,Arouca,762,GIL Vicente,Estádio Municipal de Arouca,Arouca,Cláudio Pereira,FT,Match Finished,1,1,0.0,0.0,1,1
1231868,2024-12-28T15:30:00+00:00,1735399800,94,Primeira Liga,2024,Regular Season - 16,21595,AVS,15130,Estrela,Estádio Clube Desportivo das Aves,Vila das Aves,Pedro Ramalho,FT,Match Finished,1,1,0.0,1.0,1,1
1231872,2024-12-28T18:00:00+00:00,1735408800,94,Primeira Liga,2024,Regular Season - 16,230,Estoril,215,Moreirense,Estádio António Coimbra da Mota,Estoril,Bruno Pires Costa,FT,Match Finished,2,2,2.0,1.0,2,2
1231865,2024-12-28T20:30:00+00:00,1735417800,94,Primeira Liga,2024,Regular Season - 16,212,FC Porto,222,Boavista,Estádio Do Dragão,Porto,João Ferreira,FT,Match Finished,4,0,1.0,0.0,4,0
1231866,2024-12-29T15:30:00+00:00,1735486200,94,Primeira Liga,2024,Regular Season - 16,226,Rio Ave,225,Nacional,Estádio do Rio Ave Futebol Clube,Vila do Conde,Gonçalo Neves,FT,Match Finished,2,1,1.0,1.0,2,1
1231869,2024-12-29T15:30:00+00:00,1735486200,94,Primeira Liga,2024,Regular Season - 16,231,Farense,224,Guimaraes,Estádio de São Lúis,Faro,Bruno Vieira,FT,Match Finished,2,2,1.0,0.0,2,2
1231871,2024-12-29T18:00:00+00:00,1735495200,94,Primeira Liga,2024,Regular Season - 16,217,SC Braga,4716,Casa Pia,Estádio Municipal de Braga,Braga,David Silva,FT,Match Finished,1,2,1.0,1.0,1,2
1231864,2024-12-29T20:30:00+00:00,1735504200,94,Primeira Liga,2024,Regular Season - 16,228,Sporting CP,211,Benfica,Estádio José Alvalade,Lisboa,Fábio Veríssimo,FT,Match Finished,1,0,1.0,0.0,1,0
1231867,2024-12-30T20:15:00+00:00,1735589700,94,Primeira Liga,2024,Regular Season - 16,242,Famalicao,227,Santa Clara,Estádio Municipal 22 de Junho,Vila Nova de Famalicão,Carlos Macedo,FT,Match Finished,1,2,0.0,1.0,1,2
1231879,2025-01-03T20:15:00+00:00,1735935300,94,Primeira Liga,2024,Regular Season - 17,224,Guimaraes,228,Sporting CP,Estádio Dom Afonso Henriques,Guimarães,João Ferreira,FT,Match Finished,4,4,1.0,2.0,4,4
1231877,2025-01-04T15:30:00+00:00,1736004600,94,Primeira Liga,2024,Regular Season - 17,215,Moreirense,21595,AVS,Parque Desportivo Comendador Joaquim de Almeida Freitas,Moreira de Cónegos,Hélder Malheiro,FT,Match Finished,1,1,1.0,1.0,1,1
1231880,2025-01-04T18:00:00+00:00,1736013600,94,Primeira Liga,2024,Regular Season - 17,211,Benfica,217,SC Braga,Estádio do Sport Lisboa e Benfica,Lisboa,Luís Godinho,FT,Match Finished,1,2,0.0,2.0,1,2
1231875,2025-01-04T20:30:00+00:00,1736022600,94,Primeira Liga,2024,Regular Season - 17,222,Boavista,240,Arouca,Estádio do Bessa Século XXI,Porto,Gustavo Correia,FT,Match Finished,1,3,0.0,1.0,1,3
1231874,2025-01-05T15:30:00+00:00,1736091000,94,Primeira Liga,2024,Regular Season - 17,227,Santa Clara,231,Farense,Estádio de São Miguel,"Ponta Delgada, Ilha de São Miguel, Açores",António Nobre,FT,Match Finished,0,0,0.0,0.0,0,0
1231881,2025-01-05T18:00:00+00:00,1736100000,94,Primeira Liga,2024,Regular Season - 17,4716,Casa Pia,242,Famalicao,Estádio Municipal de Rio Maior,Rio Maior,André Narciso,FT,Match Finished,1,1,1.0,1.0,1,1
1231876,2025-01-05T20:30:00+00:00,1736109000,94,Primeira Liga,2024,Regular Season - 17,15130,Estrela,230,Estoril,Estádio José Gomes,Amadora,Anzhony Rodrigues,FT,Match Finished,2,4,0.0,3.0,2,4
1231878,2025-01-06T20:15:00+00:00,1736194500,94,Primeira Liga,2024,Regular Season - 17,762,GIL Vicente,226,Rio Ave,Estádio Cidade de Barcelos,Barcelos,David Silva,FT,Match Finished,1,1,1.0,0.0,1,1
1231873,2025-01-12T15:30:00+00:00,1736695800,94,Primeira Liga,2024,Regular Season - 17,225,Nacional,212,FC Porto,Estádio da Madeira,Ilha da Madeira,Tiago Martins,FT,Match Finished,2,0,2.0,0.0,2,0
1231886,2025-01-17T20:15:00+00:00,1737144900,94,Primeira Liga,2024,Regular Season - 18,211,Benfica,242,Famalicao,Estádio do Sport Lisboa e Benfica,Lisboa,João Ferreira,FT,Match Finished,4,0,2.0,0.0,4,0
1231884,2025-01-18T15:30:00+00:00,1737214200,94,Primeira Liga,2024,Regular Season - 18,227,Santa Clara,230,Estoril,Estádio de São Miguel,"Ponta Delgada, Ilha de São Miguel, Açores",Miguel Fonseca,FT,Match Finished,2,3,1.0,2.0,2,3
1231882,2025-01-18T18:00:00+00:00,1737223200,94,Primeira Liga,2024,Regular Season - 18,226,Rio Ave,228,Sporting CP,Estádio do Rio Ave Futebol Clube,Vila do Conde,Luís Godinho,FT,Match Finished,0,3,0.0,2.0,0,3
1231889,2025-01-18T20:30:00+00:00,1737232200,94,Primeira Liga,2024,Regular Season - 18,224,Guimaraes,240,Arouca,Estádio Dom Afonso Henriques,Guimarães,Miguel Nogueira,FT,Match Finished,2,2,2.0,0.0,2,2
1231888,2025-01-19T15:30:00+00:00,1737300600,94,Primeira Liga,2024,Regular Season - 18,215,Moreirense,231,Farense,Parque Desportivo Comendador Joaquim de Almeida Freitas,Moreira de Cónegos,Sérgio Guelho,FT,Match Finished,0,0,0.0,0.0,0,0
1231890,2025-01-19T15:30:00+00:00,1737300600,94,Primeira Liga,2024,Regular Season - 18,225,Nacional,21595,AVS,Estádio da Madeira,Ilha da Madeira,Hélder Carvalho,FT,Match Finished,3,1,3.0,1.0,3,1
1231887,2025-01-19T18:00:00+00:00,1737309600,94,Primeira Liga,2024,Regular Season - 18,15130,Estrela,217,SC Braga,Estádio José Gomes,Amadora,Iancu Vasilica,FT,Match Finished,0,1,0.0,0.0,0,1
1231883,2025-01-19T20:30:00+00:00,1737318600,94,Primeira Liga,2024,Regular Season - 18,762,GIL Vicente,212,FC Porto,Estádio Cidade de Barcelos,Barcelos,Fábio Veríssimo,FT,Match Finished,3,1,1.0,0.0,3,1
1231885,2025-01-20T20:15:00+00:00,1737404100,94,Primeira Liga,2024,Regular Season - 18,222,Boavista,4716,Casa Pia,Estádio do Bessa Século XXI,Porto,Pedro Ramalho,FT,Match Finished,2,3,1.0,2.0,2,3
1231894,2025-01-24T20:15:00+00:00,1737749700,94,Primeira Liga,2024,Regular Season - 19,240,Arouca,215,Moreirense,Estádio Municipal de Arouca,Arouca,Carlos Macedo,FT,Match Finished,1,0,0.0,0.0,1,0
1231892,2025-01-25T15:30:00+00:00,1737819000,94,Primeira Liga,2024,Regular Season - 19,231,Farense,226,Rio Ave,Estádio de São Lúis,Faro,João Pedro Pinheiro,FT,Match Finished,1,2,0.0,1.0,1,2
1231897,2025-01-25T15:30:00+00:00,1737819000,94,Primeira Liga,2024,Regular Season - 19,242,Famalicao,15130,Estrela,Estádio Municipal 22 de Junho,Vila Nova de Famalicão,Cláudio Pereira,FT,Match Finished,0,0,0.0,0.0,0,0
1231896,2025-01-25T18:00:00+00:00,1737828000,94,Primeira Liga,2024,Regular Season - 19,4716,Casa Pia,211,Benfica,Estádio Municipal de Rio Maior,Rio Maior,António Nobre,FT,Match Finished,3,1,1.0,1.0,3,1
1231899,2025-01-25T20:30:00+00:00,1737837000,94,Primeira Liga,2024,Regular Season - 19,228,Sporting CP,225,Nacional,Estádio José Alvalade,Lisboa,Iancu Vasilica,FT,Match Finished,2,0,1.0,0.0,2,0
1231891,2025-01-26T15:30:00+00:00,1737905400,94,Primeira Liga,2024,Regular Season - 19,230,Estoril,224,Guimaraes,Estádio António Coimbra da Mota,Estoril,Luís Godinho,FT,Match Finished,1,0,0.0,0.0,1,0
1231895,2025-01-26T18:00:00+00:00,1737914400,94,Primeira Liga,2024,Regular Season - 19,212,FC Porto,227,Santa Clara,Estádio Do Dragão,Porto,André Narciso,FT,Match Finished,1,1,0.0,1.0,1,1
1231898,2025-01-26T20:30:00+00:00,1737923400,94,Primeira Liga,2024,Regular Season - 19,217,SC Braga,222,Boavista,Estádio Municipal de Braga,Braga,Hélder Malheiro,FT,Match Finished,3,0,2.0,0.0,3,0
1231893,2025-01-27T20:15:00+00:00,1738008900,94,Primeira Liga,2024,Regular Season - 19,21595,AVS,762,GIL Vicente,Estádio Clube Desportivo das Aves,Vila das Aves,Anzhony Rodrigues,FT,Match Finished,1,0,0.0,0.0,1,0
1231901,2025-01-31T20:15:00+00:00,1738354500,94,Primeira Liga,2024,Regular Season - 20,222,Boavista,242,Famalicao,Estádio do Bessa Século XXI,Porto,David Silva,FT,Match Finished,0,2,0.0,1.0,0,2
1231908,2025-02-01T15:30:00+00:00,1738423800,94,Primeira Liga,2024,Regular Season - 20,225,Nacional,240,Arouca,Estádio da Madeira,Ilha da Madeira,Pedro Ramalho,FT,Match Finished,1,2,1.0,2.0,1,2
1231902,2025-02-01T15:30:00+00:00,1738423800,94,Primeira Liga,2024,Regular Season - 20,227,Santa Clara,4716,Casa Pia,Estádio de São Miguel,"Ponta Delgada, Ilha de São Miguel, Açores",Miguel Nogueira,FT,Match Finished,2,1,0.0,1.0,2,1
1231904,2025-02-01T18:00:00+00:00,1738432800,94,Primeira Liga,2024,Regular Season - 20,762,GIL Vicente,230,Estoril,Estádio Cidade de Barcelos,Barcelos,Iancu Vasilica,FT,Match Finished,1,2,1.0,1.0,1,2
1231900,2025-02-01T20:30:00+00:00,1738441800,94,Primeira Liga,2024,Regular Season - 20,224,Guimaraes,21595,AVS,Estádio Dom Afonso Henriques,Guimarães,Hélder Malheiro,FT,Match Finished,2,0,0.0,0.0,2,0
1231903,2025-02-02T18:00:00+00:00,1738519200,94,Primeira Liga,2024,Regular Season - 20,228,Sporting CP,231,Farense,Estádio José Alvalade,Lisboa,António Nobre,FT,Match Finished,3,1,2.0,1.0,3,1
1231905,2025-02-02T20:30:00+00:00,1738528200,94,Primeira Liga,2024,Regular Season - 20,15130,Estrela,211,Benfica,Estádio José Gomes,Amadora,João Pedro Pinheiro,FT,Match Finished,2,3,1.0,3.0,2,3
1231906,2025-02-03T18:45:00+00:00,1738608300,94,Primeira Liga,2024,Regular Season - 20,215,Moreirense,217,SC Braga,Parque Desportivo Comendador Joaquim de Almeida Freitas,Moreira de Cónegos,Cláudio Pereira,FT,Match Finished,1,2,1.0,0.0,1,2
1231907,2025-02-03T20:45:00+00:00,1738615500,94,Primeira Liga,2024,Regular Season - 20,226,Rio Ave,212,FC Porto,Estádio do Rio Ave Futebol Clube,Vila do Conde,Gustavo Correia,FT,Match Finished,2,2,1.0,0.0,2,2
1231917,2025-02-07T20:15:00+00:00,1738959300,94,Primeira Liga,2024,Regular Season - 21,212,FC Porto,228,Sporting CP,Estádio Do Dragão,Porto,João Pedro Pinheiro,FT,Match Finished,1,1,0.0,1.0,1,1
1231913,2025-02-08T15:30:00+00:00,1739028600,94,Primeira Liga,2024,Regular Season - 21,21595,AVS,227,Santa Clara,Estádio Clube Desportivo das Aves,Vila das Aves,Sérgio Guelho,FT,Match Finished,1,2,0.0,0.0,1,2
1231915,2025-02-08T18:00:00+00:00,1739037600,94,Primeira Liga,2024,Regular Season - 21,211,Benfica,215,Moreirense,Estádio do Sport Lisboa e Benfica,Lisboa,Bruno Pires Costa,FT,Match Finished,3,2,3.0,1.0,3,2
1231911,2025-02-08T20:30:00+00:00,1739046600,94,Primeira Liga,2024,Regular Season - 21,242,Famalicao,224,Guimaraes,Estádio Municipal 22 de Junho,Vila Nova de Famalicão,André Narciso,FT,Match Finished,0,0,0.0,0.0,0,0
1231916,2025-02-09T15:30:00+00:00,1739115000,94,Primeira Liga,2024,Regular Season - 21,230,Estoril,222,Boavista,Estádio António Coimbra da Mota,Estoril,Hélder Carvalho,FT,Match Finished,2,1,1.0,0.0,2,1
1231910,2025-02-09T15:30:00+00:00,1739115000,94,Primeira Liga,2024,Regular Season - 21,231,Farense,225,Nacional,Estádio de São Lúis,Faro,Luís Godinho,FT,Match Finished,0,2,0.0,0.0,0,2
1231914,2025-02-09T18:00:00+00:00,1739124000,94,Primeira Liga,2024,Regular Season - 21,217,SC Braga,762,GIL Vicente,Estádio Municipal de Braga,Braga,António Nobre,FT,Match Finished,2,0,1.0,0.0,2,0
1231909,2025-02-09T20:30:00+00:00,1739133000,94,Primeira Liga,2024,Regular Season - 21,4716,Casa Pia,15130,Estrela,Estádio Municipal de Rio Maior,Rio Maior,Hélder Malheiro,FT,Match Finished,1,0,1.0,0.0,1,0
1231912,2025-02-10T20:15:00+00:00,1739218500,94,Primeira Liga,2024,Regular Season - 21,240,Arouca,226,Rio Ave,Estádio Municipal de Arouca,Arouca,Iancu Vasilica,FT,Match Finished,1,1,0.0,0.0,1,1
1231919,2025-02-14T20:15:00+00:00,1739564100,94,Primeira Liga,2024,Regular Season - 22,222,Boavista,15130,Estrela,Estádio do Bessa Século XXI,Porto,Luís Godinho,FT,Match Finished,0,1,0.0,1.0,0,1
1231926,2025-02-15T15:30:00+00:00,1739633400,94,Primeira Liga,2024,Regular Season - 22,215,Moreirense,4716,Casa Pia,Parque Desportivo Comendador Joaquim de Almeida Freitas,Moreira de Cónegos,João Pedro Pinheiro,FT,Match Finished,3,2,3.0,0.0,3,2
1231922,2025-02-15T17:00:00+00:00,1739638800,94,Primeira Liga,2024,Regular Season - 22,225,Nacional,230,Estoril,Estádio da Madeira,Ilha da Madeira,Miguel Fonseca,FT,Match Finished,2,2,1.0,1.0,2,2
1231923,2025-02-15T18:00:00+00:00,1739642400,94,Primeira Liga,2024,Regular Season - 22,227,Santa Clara,211,Benfica,Estádio de São Miguel,"Ponta Delgada, Ilha de São Miguel, Açores",Hélder Malheiro,FT,Match Finished,0,1,0.0,0.0,0,1
1231924,2025-02-15T20:30:00+00:00,1739651400,94,Primeira Liga,2024,Regular Season - 22,228,Sporting CP,240,Arouca,Estádio José Alvalade,Lisboa,Miguel Nogueira,FT,Match Finished,2,2,1.0,2.0,2,2
1231918,2025-02-16T15:30:00+00:00,1739719800,94,Primeira Liga,2024,Regular Season - 22,226,Rio Ave,21595,AVS,Estádio do Rio Ave Futebol Clube,Vila do Conde,David Silva,FT,Match Finished,1,1,0.0,1.0,1,1
1231920,2025-02-16T18:00:00+00:00,1739728800,94,Primeira Liga,2024,Regular Season - 22,231,Farense,212,FC Porto,Estádio Do Algarve,Almancil,Tiago Martins,FT,Match Finished,0,1,0.0,0.0,0,1
1231925,2025-02-16T20:30:00+00:00,1739737800,94,Primeira Liga,2024,Regular Season - 22,224,Guimaraes,217,SC Braga,Estádio Dom Afonso Henriques,Guimarães,João Ferreira,FT,Match Finished,0,0,0.0,0.0,0,0
1231921,2025-02-17T20:15:00+00:00,1739823300,94,Primeira Liga,2024,Regular Season - 22,762,GIL Vicente,242,Famalicao,Estádio Cidade de Barcelos,Barcelos,Anzhony Rodrigues,FT,Match Finished,0,2,0.0,1.0,0,2
1231932,2025-02-21T20:15:00+00:00,1740168900,94,Primeira Liga,2024,Regular Season - 23,217,SC Braga,225,Nacional,Estádio Municipal de Braga,Braga,Cláudio Pereira,FT,Match Finished,1,0,1.0,0.0,1,0
1231927,2025-02-22T15:30:00+00:00,1740238200,94,Primeira Liga,2024,Regular Season - 23,4716,Casa Pia,762,GIL Vicente,Estádio Municipal de Rio Maior,Rio Maior,Bruno Pires Costa,FT,Match Finished,1,0,0.0,0.0,1,0
1231935,2025-02-22T18:00:00+00:00,1740247200,94,Primeira Liga,2024,Regular Season - 23,211,Benfica,222,Boavista,Estádio do Sport Lisboa e Benfica,Lisboa,José Bessa,FT,Match Finished,3,0,1.0,0.0,3,0
1231928,2025-02-22T20:30:00+00:00,1740256200,94,Primeira Liga,2024,Regular Season - 23,230,Estoril,226,Rio Ave,Estádio António Coimbra da Mota,Estoril,Sérgio Guelho,FT,Match Finished,2,1,0.0,0.0,2,1
1231930,2025-02-23T15:30:00+00:00,1740324600,94,Primeira Liga,2024,Regular Season - 23,240,Arouca,231,Farense,Estádio Municipal de Arouca,Arouca,André Narciso,FT,Match Finished,2,2,0.0,1.0,2,2
1231933,2025-02-23T15:30:00+00:00,1740324600,94,Primeira Liga,2024,Regular Season - 23,15130,Estrela,227,Santa Clara,Estádio José Gomes,Amadora,Miguel Nogueira,FT,Match Finished,0,0,0.0,0.0,0,0
1231931,2025-02-23T18:00:00+00:00,1740333600,94,Primeira Liga,2024,Regular Season - 23,21595,AVS,228,Sporting CP,Estádio Clube Desportivo das Aves,Vila das Aves,Fábio Veríssimo,FT,Match Finished,2,2,0.0,2.0,2,2
1231929,2025-02-23T20:30:00+00:00,1740342600,94,Primeira Liga,2024,Regular Season - 23,242,Famalicao,215,Moreirense,Estádio Municipal 22 de Junho,Vila Nova de Famalicão,Luís Godinho,FT,Match Finished,2,0,0.0,0.0,2,0
1231934,2025-02-24T20:15:00+00:00,1740428100,94,Primeira Liga,2024,Regular Season - 23,212,FC Porto,224,Guimaraes,Estádio Do Dragão,Porto,António Nobre,FT,Match Finished,1,1,0.0,0.0,1,1
1231936,2025-03-01T15:30:00+00:00,1740843000,94,Primeira Liga,2024,Regular Season - 24,225,Nacional,242,Famalicao,Estádio da Madeira,Ilha da Madeira,Gustavo Correia,FT,Match Finished,2,1,1.0,0.0,2,1
1231938,2025-03-01T18:00:00+00:00,1740852000,94,Primeira Liga,2024,Regular Season - 24,240,Arouca,212,FC Porto,Estádio Municipal de Arouca,Arouca,João Ferreira,FT,Match Finished,0,2,0.0,1.0,0,2
1231944,2025-03-01T20:30:00+00:00,1740861000,94,Primeira Liga,2024,Regular Season - 24,224,Guimaraes,4716,Casa Pia,Estádio Dom Afonso Henriques,Guimarães,André Narciso,FT,Match Finished,1,0,0.0,0.0,1,0
1231939,2025-03-02T15:30:00+00:00,1740929400,94,Primeira Liga,2024,Regular Season - 24,215,Moreirense,15130,Estrela,Parque Desportivo Comendador Joaquim de Almeida Freitas,Moreira de Cónegos,José Bessa,FT,Match Finished,1,1,0.0,0.0,1,1
1231940,2025-03-02T15:30:00+00:00,1740929400,94,Primeira Liga,2024,Regular Season - 24,222,Boavista,227,Santa Clara,Estádio do Bessa Século XXI,Porto,Bruno Vieira,FT,Match Finished,1,0,0.0,0.0,1,0
1231937,2025-03-02T18:00:00+00:00,1740938400,94,Primeira Liga,2024,Regular Season - 24,231,Farense,21595,AVS,Estádio de São Lúis,Faro,David Silva,FT,Match Finished,0,1,0.0,0.0,0,1
1231942,2025-03-02T20:30:00+00:00,1740947400,94,Primeira Liga,2024,Regular Season - 24,226,Rio Ave,217,SC Braga,Estádio do Rio Ave Futebol Clube,Vila do Conde,Fábio Veríssimo,FT,Match Finished,2,1,1.0,1.0,2,1
1231941,2025-03-03T20:15:00+00:00,1741032900,94,Primeira Liga,2024,Regular Season - 24,228,Sporting CP,230,Estoril,Estádio José Alvalade,Lisboa,Hélder Carvalho,FT,Match Finished,3,1,2.0,0.0,3,1
1231946,2025-03-07T20:15:00+00:00,1741378500,94,Primeira Liga,2024,Regular Season - 25,15130,Estrela,762,GIL Vicente,Estádio José Gomes,Amadora,João Ferreira,FT,Match Finished,1,1,0.0,0.0,1,1
1231952,2025-03-08T15:30:00+00:00,1741447800,94,Primeira Liga,2024,Regular Season - 25,21595,AVS,240,Arouca,Estádio Clube Desportivo das Aves,Vila das Aves,Miguel Nogueira,FT,Match Finished,0,1,0.0,0.0,0,1
1231951,2025-03-08T18:00:00+00:00,1741456800,94,Primeira Liga,2024,Regular Season - 25,211,Benfica,225,Nacional,Estádio do Sport Lisboa e Benfica,Lisboa,André Narciso,FT,Match Finished,3,0,2.0,0.0,3,0
1231945,2025-03-08T18:00:00+00:00,1741456800,94,Primeira Liga,2024,Regular Season - 25,230,Estoril,231,Farense,Estádio António Coimbra da Mota,Estoril,António Nobre,FT,Match Finished,2,2,0.0,0.0,2,2
1231953,2025-03-08T20:30:00+00:00,1741465800,94,Primeira Liga,2024,Regular Season - 25,217,SC Braga,212,FC Porto,Estádio Municipal de Braga,Braga,Luís Godinho,FT,Match Finished,1,0,1.0,0.0,1,0
1231948,2025-03-09T15:30:00+00:00,1741534200,94,Primeira Liga,2024,Regular Season - 25,227,Santa Clara,215,Moreirense,Estádio de São Miguel,"Ponta Delgada, Ilha de São Miguel, Açores",Bruno Pires Costa,FT,Match Finished,1,1,0.0,0.0,1,1
1231949,2025-03-09T18:00:00+00:00,1741543200,94,Primeira Liga,2024,Regular Season - 25,4716,Casa Pia,228,Sporting CP,Estádio Municipal de Rio Maior,Rio Maior,Hélder Malheiro,FT,Match Finished,1,3,1.0,2.0,1,3
1231950,2025-03-09T20:30:00+00:00,1741552200,94,Primeira Liga,2024,Regular Season - 25,222,Boavista,224,Guimaraes,Estádio do Bessa Século XXI,Porto,João Pedro Pinheiro,FT,Match Finished,1,2,1.0,0.0,1,2
1231947,2025-03-10T20:15:00+00:00,1741637700,94,Primeira Liga,2024,Regular Season - 25,242,Famalicao,226,Rio Ave,Estádio Municipal 22 de Junho,Vila Nova de Famalicão,Carlos Macedo,FT,Match Finished,1,0,1.0,0.0,1,0
1231960,2025-03-15T15:30:00+00:00,1742052600,94,Primeira Liga,2024,Regular Season - 26,231,Farense,217,SC Braga,Estádio de São Lúis,Faro,Gustavo Correia,FT,Match Finished,0,1,0.0,0.0,0,1
1231956,2025-03-15T15:30:00+00:00,1742052600,94,Primeira Liga,2024,Regular Season - 26,762,GIL Vicente,227,Santa Clara,Estádio Cidade de Barcelos,Barcelos,Iancu Vasilica,FT,Match Finished,0,1,0.0,1.0,0,1
1231954,2025-03-15T18:00:00+00:00,1742061600,94,Primeira Liga,2024,Regular Season - 26,212,FC Porto,21595,AVS,Estádio Do Dragão,Porto,Fábio Veríssimo,FT,Match Finished,2,0,1.0,0.0,2,0
1231955,2025-03-15T20:30:00+00:00,1742070600,94,Primeira Liga,2024,Regular Season - 26,228,Sporting CP,242,Famalicao,Estádio José Alvalade,Lisboa,Miguel Nogueira,FT,Match Finished,3,1,1.0,1.0,3,1
1231962,2025-03-16T15:30:00+00:00,1742139000,94,Primeira Liga,2024,Regular Season - 26,225,Nacional,4716,Casa Pia,Estádio da Madeira,Ilha da Madeira,Sérgio Guelho,FT,Match Finished,3,1,1.0,0.0,3,1
1231957,2025-03-16T15:30:00+00:00,1742139000,94,Primeira Liga,2024,Regular Season - 26,240,Arouca,230,Estoril,Estádio Municipal de Arouca,Arouca,Anzhony Rodrigues,FT,Match Finished,1,1,1.0,0.0,1,1
1231961,2025-03-16T18:00:00+00:00,1742148000,94,Primeira Liga,2024,Regular Season - 26,226,Rio Ave,211,Benfica,Estádio do Rio Ave Futebol Clube,Vila do Conde,João Ferreira,FT,Match Finished,2,3,0.0,1.0,2,3
1231958,2025-03-16T20:30:00+00:00,1742157000,94,Primeira Liga,2024,Regular Season - 26,215,Moreirense,222,Boavista,Parque Desportivo Comendador Joaquim de Almeida Freitas,Moreira de Cónegos,Ricardo Baixinho,FT,Match Finished,1,0,1.0,0.0,1,0
1231959,2025-03-16T20:30:00+00:00,1742157000,94,Primeira Liga,2024,Regular Season - 26,224,Guimaraes,15130,Estrela,Estádio Dom Afonso Henriques,Guimarães,António Nobre,FT,Match Finished,2,0,1.0,0.0,2,0
1231943,2025-03-28T20:15:00+00:00,1743192900,94,Primeira Liga,2024,Regular Season - 24,762,GIL Vicente,211,Benfica,Estádio Cidade de Barcelos,Barcelos,Miguel Nogueira,FT,Match Finished,0,3,0.0,1.0,0,3
1231966,2025-03-29T15:30:00+00:00,1743262200,94,Primeira Liga,2024,Regular Season - 27,4716,Casa Pia,226,Rio Ave,Estádio Municipal de Rio Maior,Rio Maior,Catarina Ferreira,FT,Match Finished,2,1,1.0,1.0,2,1
1231964,2025-03-29T18:00:00+00:00,1743271200,94,Primeira Liga,2024,Regular Season - 27,15130,Estrela,228,Sporting CP,Estádio José Gomes,Amadora,Gustavo Correia,FT,Match Finished,0,3,0.0,0.0,0,3
1231968,2025-03-29T20:30:00+00:00,1743280200,94,Primeira Liga,2024,Regular Season - 27,217,SC Braga,240,Arouca,Estádio Municipal de Braga,Braga,Bruno Pires Costa,FT,Match Finished,2,1,2.0,0.0,2,1
1231965,2025-03-30T14:30:00+00:00,1743345000,94,Primeira Liga,2024,Regular Season - 27,227,Santa Clara,225,Nacional,Estádio de São Miguel,"Ponta Delgada, Ilha de São Miguel, Açores",Miguel Fonseca,FT,Match Finished,1,0,1.0,0.0,1,0
1231969,2025-03-30T14:30:00+00:00,1743345000,94,Primeira Liga,2024,Regular Season - 27,242,Famalicao,21595,AVS,Estádio Municipal 22 de Junho,Vila Nova de Famalicão,José Bessa,FT,Match Finished,4,1,0.0,0.0,4,1
1231963,2025-03-30T17:00:00+00:00,1743354000,94,Primeira Liga,2024,Regular Season - 27,230,Estoril,212,FC Porto,Estádio António Coimbra da Mota,Estoril,Hélder Malheiro,FT,Match Finished,1,2,1.0,1.0,1,2
1231970,2025-03-30T19:30:00+00:00,1743363000,94,Primeira Liga,2024,Regular Season - 27,215,Moreirense,224,Guimaraes,Parque Desportivo Comendador Joaquim de Almeida Freitas,Moreira de Cónegos,Cláudio Pereira,FT,Match Finished,2,2,1.0,1.0,2,2
1231967,2025-04-01T19:15:00+00:00,1743534900,94,Primeira Liga,2024,Regular Season - 27,222,Boavista,762,GIL Vicente,Estádio do Bessa Século XXI,Porto,Carlos Macedo,FT,Match Finished,1,3,0.0,0.0,1,3
1231971,2025-04-02T19:15:00+00:00,1743621300,94,Primeira Liga,2024,Regular Season - 27,211,Benfica,231,Farense,Estádio do Sport Lisboa e Benfica,Lisboa,Hélder Carvalho,FT,Match Finished,3,2,2.0,1.0,3,2
1231974,2025-04-04T19:15:00+00:00,1743794100,94,Primeira Liga,2024,Regular Season - 28,21595,AVS,230,Estoril,Estádio Clube Desportivo das Aves,Vila das Aves,André Narciso,FT,Match Finished,0,3,0.0,2.0,0,3
1231972,2025-04-05T17:00:00+00:00,1743872400,94,Primeira Liga,2024,Regular Season - 28,240,Arouca,242,Famalicao,Estádio Municipal de Arouca,Arouca,Gonçalo Neves,FT,Match Finished,1,2,0.0,1.0,1,2
1231975,2025-04-05T19:30:00+00:00,1743881400,94,Primeira Liga,2024,Regular Season - 28,224,Guimaraes,227,Santa Clara,Estádio Dom Afonso Henriques,Guimarães,Hélder Carvalho,FT,Match Finished,2,0,1.0,0.0,2,0
1231973,2025-04-06T14:30:00+00:00,1743949800,94,Primeira Liga,2024,Regular Season - 28,762,GIL Vicente,215,Moreirense,Estádio Cidade de Barcelos,Barcelos,José Bessa,FT,Match Finished,0,1,0.0,0.0,0,1
1231976,2025-04-06T17:00:00+00:00,1743958800,94,Primeira Liga,2024,Regular Season - 28,225,Nacional,15130,Estrela,Estádio da Madeira,Ilha da Madeira,Hélder Malheiro,FT,Match Finished,0,1,0.0,0.0,0,1
1231977,2025-04-06T19:30:00+00:00,1743967800,94,Primeira Liga,2024,Regular Season - 28,212,FC Porto,211,Benfica,Estádio Do Dragão,Porto,João Pedro Pinheiro,FT,Match Finished,1,4,0.0,2.0,1,4
1231980,2025-04-07T17:45:00+00:00,1744047900,94,Primeira Liga,2024,Regular Season - 28,231,Farense,4716,Casa Pia,Estádio de São Lúis,Faro,Iancu Vasilica,FT,Match Finished,0,0,0.0,0.0,0,0
1231978,2025-04-07T19:15:00+00:00,1744053300,94,Primeira Liga,2024,Regular Season - 28,226,Rio Ave,222,Boavista,Estádio do Rio Ave Futebol Clube,Vila do Conde,Cláudio Pereira,FT,Match Finished,0,2,0.0,1.0,0,2
1231979,2025-04-07T19:45:00+00:00,1744055100,94,Primeira Liga,2024,Regular Season - 28,228,Sporting CP,217,SC Braga,Estádio José Alvalade,Lisboa,Luís Godinho,FT,Match Finished,1,1,1.0,0.0,1,1
1231988,2025-04-11T19:15:00+00:00,1744398900,94,Primeira Liga,2024,Regular Season - 29,762,GIL Vicente,224,Guimaraes,Estádio Cidade de Barcelos,Barcelos,Ricardo Baixinho,FT,Match Finished,0,1,0.0,0.0,0,1
1231985,2025-04-12T14:30:00+00:00,1744468200,94,Primeira Liga,2024,Regular Season - 29,222,Boavista,225,Nacional,Estádio do Bessa Século XXI,Porto,David Silva,FT,Match Finished,0,1,0.0,1.0,0,1
1231987,2025-04-12T14:30:00+00:00,1744468200,94,Primeira Liga,2024,Regular Season - 29,242,Famalicao,230,Estoril,Estádio Municipal 22 de Junho,Vila Nova de Famalicão,Miguel Fonseca,FT,Match Finished,3,0,0.0,0.0,3,0
1231983,2025-04-12T17:00:00+00:00,1744477200,94,Primeira Liga,2024,Regular Season - 29,227,Santa Clara,228,Sporting CP,Estádio de São Miguel,"Ponta Delgada, Ilha de São Miguel, Açores",Cláudio Pereira,FT,Match Finished,0,1,0.0,0.0,0,1
1231984,2025-04-12T19:30:00+00:00,1744486200,94,Primeira Liga,2024,Regular Season - 29,4716,Casa Pia,212,FC Porto,Estádio Municipal de Rio Maior,Rio Maior,Hélder Carvalho,FT,Match Finished,0,1,0.0,1.0,0,1
1231981,2025-04-13T14:30:00+00:00,1744554600,94,Primeira Liga,2024,Regular Season - 29,15130,Estrela,231,Farense,Estádio José Gomes,Amadora,Fábio Veríssimo,FT,Match Finished,0,1,0.0,0.0,0,1
1231986,2025-04-13T17:00:00+00:00,1744563600,94,Primeira Liga,2024,Regular Season - 29,211,Benfica,240,Arouca,Estádio do Sport Lisboa e Benfica,Lisboa,António Nobre,FT,Match Finished,2,2,0.0,0.0,2,2
1231989,2025-04-13T17:00:00+00:00,1744563600,94,Primeira Liga,2024,Regular Season - 29,217,SC Braga,21595,AVS,Estádio Municipal de Braga,Braga,Tiago Martins,FT,Match Finished,4,1,3.0,1.0,4,1
1231982,2025-04-13T19:30:00+00:00,1744572600,94,Primeira Liga,2024,Regular Season - 29,215,Moreirense,226,Rio Ave,Parque Desportivo Comendador Joaquim de Almeida Freitas,Moreira de Cónegos,Bruno Pires Costa,FT,Match Finished,0,2,0.0,0.0,0,2
1231994,2025-04-18T14:30:00+00:00,1744986600,94,Primeira Liga,2024,Regular Season - 30,226,Rio Ave,227,Santa Clara,Estádio da Capital do Móvel,Paços de Ferreira,Sérgio Guelho,FT,Match Finished,1,1,1.0,0.0,1,1
1231998,2025-04-18T14:30:00+00:00,1744986600,94,Primeira Liga,2024,Regular Season - 30,231,Farense,222,Boavista,Estádio de São Lúis,Faro,Luís Godinho,FT,Match Finished,0,1,0.0,0.0,0,1
1231990,2025-04-18T17:00:00+00:00,1744995600,94,Primeira Liga,2024,Regular Season - 30,212,FC Porto,242,Famalicao,Estádio Do Dragão,Porto,Miguel Nogueira,FT,Match Finished,2,1,1.0,0.0,2,1
1231993,2025-04-18T19:30:00+00:00,1745004600,94,Primeira Liga,2024,Regular Season - 30,228,Sporting CP,215,Moreirense,Estádio José Alvalade,Lisboa,Fábio Veríssimo,FT,Match Finished,3,1,2.0,0.0,3,1
1231995,2025-04-19T14:30:00+00:00,1745073000,94,Primeira Liga,2024,Regular Season - 30,225,Nacional,762,GIL Vicente,Estádio da Madeira,Ilha da Madeira,Iancu Vasilica,FT,Match Finished,0,3,0.0,1.0,0,3
1231992,2025-04-19T14:30:00+00:00,1745073000,94,Primeira Liga,2024,Regular Season - 30,21595,AVS,4716,Casa Pia,Estádio Clube Desportivo das Aves,Vila das Aves,Pedro Ramalho,FT,Match Finished,1,1,1.0,0.0,1,1
1231996,2025-04-19T17:00:00+00:00,1745082000,94,Primeira Liga,2024,Regular Season - 30,230,Estoril,217,SC Braga,Estádio António Coimbra da Mota,Estoril,João Pedro Pinheiro,FT,Match Finished,0,2,0.0,2.0,0,2
1231991,2025-04-19T17:00:00+00:00,1745082000,94,Primeira Liga,2024,Regular Season - 30,240,Arouca,15130,Estrela,Estádio Municipal de Arouca,Arouca,Bruno Vieira,FT,Match Finished,1,0,0.0,0.0,1,0
1231997,2025-04-19T19:30:00+00:00,1745091000,94,Primeira Liga,2024,Regular Season - 30,224,Guimaraes,211,Benfica,Estádio Dom Afonso Henriques,Guimarães,Gustavo Correia,FT,Match Finished,0,3,0.0,1.0,0,3
1232004,2025-04-25T19:30:00+00:00,1745609400,94,Primeira Liga,2024,Regular Season - 31,242,Famalicao,217,SC Braga,Estádio Municipal 22 de Junho,Vila Nova de Famalicão,João Ferreira,FT,Match Finished,1,1,1.0,0.0,1,1
1232006,2025-04-26T14:30:00+00:00,1745677800,94,Primeira Liga,2024,Regular Season - 31,227,Santa Clara,240,Arouca,Estádio de São Miguel,"Ponta Delgada, Ilha de São Miguel, Açores",Ricardo Baixinho,FT,Match Finished,2,0,2.0,0.0,2,0
1232005,2025-04-26T17:00:00+00:00,1745686800,94,Primeira Liga,2024,Regular Season - 31,762,GIL Vicente,231,Farense,Estádio Cidade de Barcelos,Barcelos,Gustavo Correia,FT,Match Finished,1,0,0.0,0.0,1,0
1232000,2025-04-26T19:30:00+00:00,1745695800,94,Primeira Liga,2024,Regular Season - 31,15130,Estrela,212,FC Porto,Estádio José Gomes,Amadora,David Silva,FT,Match Finished,2,0,1.0,0.0,2,0
1232001,2025-04-27T14:30:00+00:00,1745764200,94,Primeira Liga,2024,Regular Season - 31,215,Moreirense,225,Nacional,Parque Desportivo Comendador Joaquim de Almeida Freitas,Moreira de Cónegos,Bruno Vieira,FT,Match Finished,1,1,0.0,0.0,1,1
1232007,2025-04-27T17:00:00+00:00,1745773200,94,Primeira Liga,2024,Regular Season - 31,211,Benfica,21595,AVS,Estádio do Sport Lisboa e Benfica,Lisboa,Carlos Macedo,FT,Match Finished,6,0,4.0,0.0,6,0
1232003,2025-04-27T17:00:00+00:00,1745773200,94,Primeira Liga,2024,Regular Season - 31,224,Guimaraes,226,Rio Ave,Estádio Dom Afonso Henriques,Guimarães,José Bessa,FT,Match Finished,3,0,3.0,0.0,3,0
1232002,2025-04-27T19:30:00+00:00,1745782200,94,Primeira Liga,2024,Regular Season - 31,222,Boavista,228,Sporting CP,Estádio do Bessa Século XXI,Porto,Miguel Nogueira,FT,Match Finished,0,5,0.0,2.0,0,5
1231999,2025-04-29T19:30:00+00:00,1745955000,94,Primeira Liga,2024,Regular Season - 31,4716,Casa Pia,230,Estoril,Estádio Municipal de Rio Maior,Rio Maior,Gonçalo Neves,FT,Match Finished,1,3,1.0,1.0,1,3
1232011,2025-05-02T19:15:00+00:00,1746213300,94,Primeira Liga,2024,Regular Season - 32,212,FC Porto,215,Moreirense,Estádio Do Dragão,Porto,Gustavo Correia,FT,Match Finished,3,1,1.0,1.0,3,1
1232014,2025-05-03T14:30:00+00:00,1746282600,94,Primeira Liga,2024,Regular Season - 32,225,Nacional,224,Guimaraes,Estádio da Madeira,Ilha da Madeira,Sérgio Guelho,FT,Match Finished,1,2,0.0,1.0,1,2
1232008,2025-05-03T14:30:00+00:00,1746282600,94,Primeira Liga,2024,Regular Season - 32,231,Farense,242,Famalicao,Estádio de São Lúis,Faro,André Narciso,FT,Match Finished,2,1,1.0,1.0,2,1
1232012,2025-05-03T17:00:00+00:00,1746291600,94,Primeira Liga,2024,Regular Season - 32,217,SC Braga,227,Santa Clara,Estádio Municipal de Braga,Braga,António Nobre,FT,Match Finished,1,1,0.0,1.0,1,1
1232015,2025-05-03T19:30:00+00:00,1746300600,94,Primeira Liga,2024,Regular Season - 32,230,Estoril,211,Benfica,Estádio António Coimbra da Mota,Estoril,João Ferreira,FT,Match Finished,1,2,0.0,2.0,1,2
1232009,2025-05-04T17:00:00+00:00,1746378000,94,Primeira Liga,2024,Regular Season - 32,240,Arouca,4716,Casa Pia,Estádio Municipal de Arouca,Arouca,Iancu Vasilica,FT,Match Finished,0,0,0.0,0.0,0,0
1232016,2025-05-04T19:30:00+00:00,1746387000,94,Primeira Liga,2024,Regular Season - 32,228,Sporting CP,762,GIL Vicente,Estádio José Alvalade,Lisboa,Tiago Martins,FT,Match Finished,2,1,0.0,1.0,2,1
1232013,2025-05-05T18:30:00+00:00,1746469800,94,Primeira Liga,2024,Regular Season - 32,226,Rio Ave,15130,Estrela,Estádio do Rio Ave Futebol Clube,Vila do Conde,Pedro Ramalho,FT,Match Finished,2,0,0.0,0.0,2,0
1232010,2025-05-05T19:15:00+00:00,1746472500,94,Primeira Liga,2024,Regular Season - 32,21595,AVS,222,Boavista,Estádio Clube Desportivo das Aves,Vila das Aves,Fábio Veríssimo,FT,Match Finished,1,2,0.0,0.0,1,2
1232018,2025-05-10T14:30:00+00:00,1746887400,94,Primeira Liga,2024,Regular Season - 33,225,Nacional,226,Rio Ave,Estádio da Madeira,Ilha da Madeira,Bruno Pires Costa,FT,Match Finished,3,3,0.0,3.0,3,3
1232019,2025-05-10T14:30:00+00:00,1746887400,94,Primeira Liga,2024,Regular Season - 33,227,Santa Clara,242,Famalicao,Estádio de São Miguel,"Ponta Delgada, Ilha de São Miguel, Açores",José Bessa,FT,Match Finished,2,1,1.0,0.0,2,1
1232017,2025-05-10T17:00:00+00:00,1746896400,94,Primeira Liga,2024,Regular Season - 33,211,Benfica,228,Sporting CP,Estádio do Sport Lisboa e Benfica,Lisboa,João Pedro Pinheiro,FT,Match Finished,1,1,0.0,1.0,1,1
1232023,2025-05-10T19:30:00+00:00,1746905400,94,Primeira Liga,2024,Regular Season - 33,762,GIL Vicente,240,Arouca,Estádio Cidade de Barcelos,Barcelos,Carlos Macedo,FT,Match Finished,1,1,0.0,0.0,1,1
1232024,2025-05-10T19:30:00+00:00,1746905400,94,Primeira Liga,2024,Regular Season - 33,4716,Casa Pia,217,SC Braga,Estádio Municipal de Rio Maior,Rio Maior,Luís Godinho,FT,Match Finished,2,1,1.0,1.0,2,1
1232020,2025-05-11T14:30:00+00:00,1746973800,94,Primeira Liga,2024,Regular Season - 33,15130,Estrela,21595,AVS,Estádio José Gomes,Amadora,Tiago Martins,FT,Match Finished,0,1,0.0,0.0,0,1
1232025,2025-05-11T17:00:00+00:00,1746982800,94,Primeira Liga,2024,Regular Season - 33,215,Moreirense,230,Estoril,Parque Desportivo Comendador Joaquim de Almeida Freitas,Moreira de Cónegos,Miguel Fonseca,FT,Match Finished,2,2,1.0,0.0,2,2
1232022,2025-05-11T17:00:00+00:00,1746982800,94,Primeira Liga,2024,Regular Season - 33,224,Guimaraes,231,Farense,Estádio Dom Afonso Henriques,Guimarães,David Silva,FT,Match Finished,1,2,0.0,1.0,1,2
1232021,2025-05-11T19:30:00+00:00,1746991800,94,Primeira Liga,2024,Regular Season - 33,222,Boavista,212,FC Porto,Estádio do Bessa Século XXI,Porto,Cláudio Pereira,FT,Match Finished,1,2,1.0,2.0,1,2
1232033,2025-05-16T18:00:00+00:00,1747418400,94,Primeira Liga,2024,Regular Season - 34,226,Rio Ave,762,GIL Vicente,Estádio da Capital do Móvel,Paços de Ferreira,Bruno Vieira,FT,Match Finished,1,1,1.0,1.0,1,1
1232030,2025-05-16T18:00:00+00:00,1747418400,94,Primeira Liga,2024,Regular Season - 34,242,Famalicao,4716,Casa Pia,Estádio Municipal 22 de Junho,Vila Nova de Famalicão,Bruno Pires Costa,FT,Match Finished,2,1,1.0,0.0,2,1
1232029,2025-05-17T17:00:00+00:00,1747501200,94,Primeira Liga,2024,Regular Season - 34,212,FC Porto,225,Nacional,Estádio Do Dragão,Porto,José Bessa,FT,Match Finished,3,0,1.0,0.0,3,0
1232031,2025-05-17T17:00:00+00:00,1747501200,94,Primeira Liga,2024,Regular Season - 34,217,SC Braga,211,Benfica,Estádio Municipal de Braga,Braga,Miguel Nogueira,FT,Match Finished,1,1,1.0,0.0,1,1
1232032,2025-05-17T17:00:00+00:00,1747501200,94,Primeira Liga,2024,Regular Season - 34,228,Sporting CP,224,Guimaraes,Estádio José Alvalade,Lisboa,Fábio Veríssimo,FT,Match Finished,2,0,0.0,0.0,2,0
1232034,2025-05-17T17:00:00+00:00,1747501200,94,Primeira Liga,2024,Regular Season - 34,230,Estoril,15130,Estrela,Estádio António Coimbra da Mota,Estoril,Gustavo Correia,FT,Match Finished,4,0,4.0,0.0,4,0
1232026,2025-05-17T17:00:00+00:00,1747501200,94,Primeira Liga,2024,Regular Season - 34,231,Farense,227,Santa Clara,Estádio de São Lúis,Faro,Cláudio Pereira,FT,Match Finished,1,2,1.0,1.0,1,2
1232027,2025-05-17T17:00:00+00:00,1747501200,94,Primeira Liga,2024,Regular Season - 34,240,Arouca,222,Boavista,Estádio Municipal de Arouca,Arouca,André Narciso,FT,Match Finished,4,1,3.0,1.0,4,1
1232028,2025-05-17T17:00:00+00:00,1747501200,94,Primeira Liga,2024,Regular Season - 34,21595,AVS,215,Moreirense,Estádio Clube Desportivo das Aves,Vila das Aves,João Ferreira,FT,Match Finished,0,3,0.0,2.0,0,3
1376468,2025-05-24T18:45:00+00:00,1748112300,94,Primeira Liga,2024,Relegation Round,21595,AVS,810,Vizela,Estádio Clube Desportivo das Aves,Vila das Aves,Gustavo Correia,FT,Match Finished,3,0,0.0,0.0,3,0
1376469,2025-06-01T18:45:00+00:00,1748803500,94,Primeira Liga,2024,Relegation Round,810,Vizela,21595,AVS,Estádio Do Vizela,Caldas de Vizela,Miguel Nogueira,FT,Match Finished,2,2,1.0,1.0,2,2
