team_id,team_name,league_id,league_name,season,matches_played_home,matches_played_away,matches_played_total,wins_home,wins_away,wins_total,draws_home,draws_away,draws_total,losses_home,losses_away,losses_total,goals_for_home,goals_for_away,goals_for_total,goals_for_avg_home,goals_for_avg_away,goals_for_avg_total,goals_against_home,goals_against_away,goals_against_total,goals_against_avg_home,goals_against_avg_away,goals_against_avg_total,clean_sheets_home,clean_sheets_away,clean_sheets_total,failed_to_score_home,failed_to_score_away,failed_to_score_total,form,biggest_streak_wins,biggest_streak_draws,biggest_streak_loses,biggest_wins_home,biggest_wins_away,biggest_loses_home,biggest_loses_away
33,Manchester United,39,Premier League,2018,19,19,38,10,9,19,6,3,9,3,7,10,33,32,65,1.7,1.7,1.7,25,29,54,1.3,1.5,1.4,2,5,7,5,2,7,WLLWWDLWDWWLDDDWLWWWWWWDWWDWWLWLWLLDDL,6,3,2,4-1,1-5,0-3,4-0
34,Newcastle,39,Premier League,2018,19,19,38,8,4,12,1,8,9,10,7,17,24,18,42,1.3,0.9,1.1,25,23,48,1.3,1.2,1.3,5,6,11,6,7,13,LDLLLDLLLDWWWLDLWDLDLLWWLDWWLWDLLWWDLW,3,1,3,3-0,0-4,0-3,4-0
35,Bournemouth,39,Premier League,2018,19,19,38,8,5,13,5,1,6,6,13,19,30,26,56,1.6,1.4,1.5,25,45,70,1.3,2.4,1.8,6,4,10,4,8,12,WWDLWLWWDWLLLLWLLWLLDLWWLLDLLWDLLWLDWL,2,1,4,4-0,0-5,0-4,5-0
36,Fulham,39,Premier League,2018,19,19,38,6,1,7,3,2,5,10,16,26,22,12,34,1.2,0.6,0.9,36,45,81,1.9,2.4,2.1,3,2,5,6,9,15,LLWDLDLLLLLLWLDLLDDWLLLWLLLLLLLLLWWWLL,3,2,9,4-2,0-1,1-5,4-1
37,Huddersfield,39,Premier League,2018,19,19,38,2,1,3,3,4,7,14,14,28,10,12,22,0.5,0.6,0.6,31,45,76,1.6,2.4,2.0,3,2,5,9,10,19,LLDDLLLDLLWDWLLLLLLLLDLLLLLWLLLLLLLLDD,1,2,8,1-0,0-2,1-4,6-1
38,Watford,39,Premier League,2018,19,19,38,8,6,14,3,5,8,8,8,16,26,26,52,1.4,1.4,1.4,28,31,59,1.5,1.6,1.6,4,3,7,4,6,10,WWWWLDLLWWLDLLLDWWLDDWDLDWWLWLLWLWDLLL,4,2,3,4-1,1-5,0-4,5-0
39,Wolves,39,Premier League,2018,19,19,38,10,6,16,4,5,9,5,8,13,28,19,47,1.5,1.0,1.2,21,25,46,1.1,1.3,1.2,7,2,9,5,6,11,DLDWWDWWLLLDLLWWWLDWLLWWWDDLWDLWLDWWWL,3,2,3,3-0,1-3,0-2,3-0
40,Liverpool,39,Premier League,2018,19,19,38,17,13,30,2,5,7,0,1,1,55,34,89,2.9,1.8,2.3,10,12,22,0.5,0.6,0.6,12,9,21,1,2,3,WWWWWWDDWWDWWWWWWWWWLWWDDWDWDWWWWWWWWW,9,2,1,5-0,0-4,,2-1
41,Southampton,39,Premier League,2018,19,19,38,5,4,9,8,4,12,6,11,17,27,18,45,1.4,0.9,1.2,30,35,65,1.6,1.8,1.7,3,4,7,3,7,10,DLLWDLLLDDLDLDLLWWLLDWWDDLLWLWWLWLDDLD,2,2,3,3-1,1-3,0-3,6-1
42,Arsenal,39,Premier League,2018,19,19,38,14,7,21,3,4,7,2,8,10,42,31,73,2.2,1.6,1.9,16,35,51,0.8,1.8,1.3,7,1,8,1,3,4,LLWWWWWWWDDDWWDWLWDLWLWWLWWWDWWLWLLLDW,7,3,3,5-1,1-5,0-2,5-1
43,Cardiff,39,Premier League,2018,19,19,38,6,4,10,2,2,4,11,13,24,21,13,34,1.1,0.7,0.9,38,31,69,2.0,1.6,1.8,5,5,10,7,10,17,LDDLLLLLWLLWLWLWLLDWLDLLWWLLLWLLLWLLLW,2,2,5,4-2,0-2,0-5,4-1
44,Burnley,39,Premier League,2018,19,19,38,7,4,11,2,5,7,10,10,20,24,21,45,1.3,1.1,1.2,32,36,68,1.7,1.9,1.8,5,3,8,3,9,12,DLLLLWWDLLLDLLLWLLLWWWDDDWWLLLLWWWDLLL,3,3,4,4-0,1-3,1-5,5-0
45,Everton,39,Premier League,2018,19,19,38,10,5,15,4,5,9,5,9,14,30,24,54,1.6,1.3,1.4,21,25,46,1.1,1.3,1.2,9,5,14,3,7,10,DWDDLLWWWLWDWLDDLLWLLWLWLLLWDLWWWLWDWD,3,2,3,4-0,1-5,2-6,3-1
46,Leicester,39,Premier League,2018,19,19,38,8,7,15,3,4,7,8,8,16,24,27,51,1.3,1.4,1.3,20,28,48,1.1,1.5,1.3,6,4,10,6,2,8,LWWLLWWLLDWDDWDLLWWLWLLDLLLWLWWWWLDWLD,4,2,3,3-0,1-4,1-4,4-2
47,Tottenham,39,Premier League,2018,19,19,38,12,11,23,2,0,2,5,8,13,34,33,67,1.8,1.7,1.8,16,23,39,0.8,1.2,1.0,7,6,13,3,3,6,WWWLLWWWWLWWWLWWWWWLWLWWWWLLDLLWWLWLLD,5,1,2,5-0,2-6,1-3,4-2
48,West Ham,39,Premier League,2018,19,19,38,9,6,15,4,3,7,6,10,16,32,20,52,1.7,1.1,1.4,27,28,55,1.4,1.5,1.4,4,3,7,6,8,14,LLLLWDWLLDWDLWWWWLWLDWLLDDWLWLWLLLDWWW,4,2,4,3-0,1-4,0-4,4-0
49,Chelsea,39,Premier League,2018,19,19,38,12,9,21,6,3,9,1,7,8,39,24,63,2.1,1.3,1.7,12,27,39,0.6,1.4,1.0,10,6,16,3,7,10,WWWWWDDWDWWDLWLWWLWWDWLLWLWWDLWWWLDDWD,5,2,2,5-0,0-4,0-1,6-0
50,Manchester City,39,Premier League,2018,19,19,38,18,14,32,0,2,2,1,3,4,57,38,95,3.0,2.0,2.5,12,11,23,0.6,0.6,0.6,9,11,20,0,2,2,WWDWWWWDWWWWWWWLWLLWWWWLWWWWWWWWWWWWWW,7,1,2,6-0,0-5,2-3,2-0
51,Brighton,39,Premier League,2018,19,19,38,6,3,9,5,4,9,8,12,20,19,16,35,1.0,0.8,0.9,28,32,60,1.5,1.7,1.6,5,2,7,5,8,13,LWLDDLLWWWLLDWWLLLDWDLLLDLLWWLLLLDLDDL,3,2,4,3-1,1-2,0-5,3-0
52,Crystal Palace,39,Premier League,2018,19,19,38,5,9,14,5,2,7,9,8,17,19,32,51,1.0,1.7,1.3,23,30,53,1.2,1.6,1.4,7,5,12,8,3,11,WLLLWDLLLDLLDWLLWWDLWLLDWDWLWLWLWLWDWW,2,1,3,5-3,1-4,1-3,3-1
33,Manchester United,39,Premier League,2019,19,19,38,10,8,18,7,5,12,2,6,8,40,26,66,2.1,1.4,1.7,17,19,36,0.9,1.0,0.9,7,6,13,2,6,8,WDLDWLDLDWLWDDWWDLWWLWLLDWWDWDWWWWDWDW,4,2,2,4-0,0-3,0-2,2-0
34,Newcastle,39,Premier League,2019,19,19,38,6,5,11,8,3,11,5,11,16,20,18,38,1.1,0.9,1.0,21,37,58,1.1,1.9,1.5,7,4,11,5,8,13,LLWDLDLWLDWWLDWWLWLLLDWDDLLDWWDWDLLLDL,2,2,3,3-0,1-4,0-3,5-0
35,Bournemouth,39,Premier League,2019,19,19,38,5,4,9,6,1,7,8,14,22,22,18,40,1.2,0.9,1.1,30,35,65,1.6,1.8,1.7,3,2,5,7,8,15,DWLLWWDLDDWLLLLLWLDLLLLWWLLDLLLLLDWLLW,2,2,5,4-1,1-3,1-4,4-0
38,Watford,39,Premier League,2019,19,19,38,6,2,8,6,4,10,7,13,20,22,14,36,1.2,0.7,0.9,27,37,64,1.4,1.9,1.7,7,2,9,7,9,16,LLLDDLLDDDLWLLLDLWDWWWDLLDLWLDLLLWWLLL,3,3,3,3-0,0-3,0-4,8-0
39,Wolves,39,Premier League,2019,19,19,38,8,7,15,7,7,14,4,5,9,27,24,51,1.4,1.3,1.3,19,21,40,1.0,1.1,1.1,8,5,13,3,5,8,DDDLLDWWDDDWWDWDLWWLLDWLDDWWDWWWLLWDWL,3,3,2,3-0,0-2,2-5,2-0
40,Liverpool,39,Premier League,2019,19,19,38,18,14,32,1,2,3,0,3,3,52,33,85,2.7,1.7,2.2,16,17,33,0.8,0.9,0.9,7,8,15,0,3,3,WWWWWWWWDWWWWWWWWWWWWWWWWWWLWDWLWWDLWW,18,1,1,4-0,0-4,,4-0
41,Southampton,39,Premier League,2019,19,19,38,6,9,15,3,4,7,10,6,16,21,30,51,1.1,1.6,1.3,35,25,60,1.8,1.3,1.6,3,6,9,4,2,6,LLWDWLLLDLLLDWWLLWWDWWLWLLWLLWLWWDDDWW,2,3,3,3-1,0-3,0-9,4-0
42,Arsenal,39,Premier League,2019,19,19,38,10,4,14,6,8,14,3,7,10,36,20,56,1.9,1.1,1.5,24,24,48,1.3,1.3,1.3,5,5,10,1,6,7,WWLDDWDWLDDLDDLWLDDLWDDDDWWWLLWWWDLWLW,3,4,2,4-0,1-3,0-3,3-0
44,Burnley,39,Premier League,2019,19,19,38,8,7,15,4,5,9,7,7,14,24,19,43,1.3,1.0,1.1,23,27,50,1.2,1.4,1.3,8,7,15,4,6,10,WLDLDWDWLLLWWLLLWWLLLLWWDWWDDLWWDWDDWL,2,2,4,3-0,0-3,1-4,5-0
45,Everton,39,Premier League,2019,19,19,38,8,5,13,7,3,10,4,11,15,24,20,44,1.3,1.1,1.2,21,35,56,1.1,1.8,1.5,6,3,9,4,6,10,DWLWLLLLWLDWLLLWDDWWLWDDWWLDLDWWLDLDWL,2,2,4,3-1,2-3,1-3,4-0
46,Leicester,39,Premier League,2019,19,19,38,11,7,18,4,4,8,4,8,12,35,32,67,1.8,1.7,1.8,17,24,41,0.9,1.3,1.1,8,5,13,5,4,9,DDWWLWWLWWWWWWWWDLLWWLLWDDLLWDDLWDLWLL,8,2,2,5-0,0-9,0-4,4-1
47,Tottenham,39,Premier League,2019,19,19,38,12,4,16,3,8,11,4,7,11,36,25,61,1.9,1.3,1.6,17,30,47,0.9,1.6,1.2,6,2,8,3,4,7,WDLDWLWLDLDDWWLWWLWDLLDWWWLLDDWLWDWWWD,3,2,2,5-0,1-3,0-2,3-0
48,West Ham,39,Premier League,2019,19,19,38,6,4,10,4,5,9,9,10,19,30,19,49,1.6,1.0,1.3,33,29,62,1.7,1.5,1.6,3,4,7,4,8,12,LDWWDWDLLDLLLWLLWLLWLDLLDLLWLLLWDLWWDD,2,1,3,4-0,0-4,0-5,4-1
49,Chelsea,39,Premier League,2019,19,19,38,11,9,20,3,3,6,5,7,12,30,39,69,1.6,2.1,1.8,16,38,54,0.8,2.0,1.4,8,1,9,4,3,7,LDWDWLWWWWWWLLWLLWLWDWLDDLWDWWWLWWLWLW,6,2,2,4-0,2-5,0-2,4-0
50,Manchester City,39,Premier League,2019,19,19,38,15,11,26,2,1,3,2,7,9,57,45,102,3.0,2.4,2.7,13,22,35,0.7,1.2,0.9,10,7,17,1,3,4,WDWWLWWLWWWLWDWLWWLWWWDWLWWLWWLWLWWWWW,3,1,1,8-0,1-6,0-2,3-1
51,Brighton,39,Premier League,2019,19,19,38,5,4,9,7,7,14,7,8,15,20,19,39,1.1,1.0,1.0,27,27,54,1.4,1.4,1.4,4,5,9,7,6,13,WDLLDDLWLWWLLLWDDLLWDLDLDDDLDWDLWLLDDW,2,3,3,3-0,0-3,0-5,4-0
52,Crystal Palace,39,Premier League,2019,19,19,38,6,5,11,5,5,10,8,9,17,15,16,31,0.8,0.8,0.8,20,30,50,1.1,1.6,1.3,6,4,10,7,9,16,DLWWLDWWLDLLLWWDDLWDDDDLLLWWWWLLLLLLLD,4,4,7,2-0,0-2,0-2,4-0
62,Sheffield Utd,39,Premier League,2019,19,19,38,10,4,14,3,9,12,6,6,12,24,15,39,1.3,0.8,1.0,15,24,39,0.8,1.3,1.0,8,5,13,5,7,12,DWLDLWLDWDWDDDLWWWDLLWDLWWDWDLLWDWWLLL,3,3,2,3-0,0-2,0-2,3-0
66,Aston Villa,39,Premier League,2019,19,19,38,7,2,9,3,5,8,9,12,21,22,19,41,1.2,1.0,1.1,30,37,67,1.6,1.9,1.8,7,0,7,4,7,11,LLWLDLDWWLLLWDLLLLWLWLDWLLLLDLDLLLWDWD,2,1,4,2-0,1-5,1-6,4-0
71,Norwich,39,Premier League,2019,19,19,38,4,1,5,3,3,6,12,15,27,19,7,26,1.0,0.4,0.7,37,38,75,1.9,2.0,2.0,2,3,5,7,13,20,LWLLWLLLDLLLWDLLDLLDDLWLDLLWLLLLLLLLLL,1,2,3,3-1,0-2,1-5,5-0
33,Manchester United,39,Premier League,2020,19,19,38,9,12,21,4,7,11,6,0,6,38,35,73,2.0,1.8,1.9,28,16,44,1.5,0.8,1.2,6,7,13,3,5,8,LWLWDLWWWWDWWDWWWDWLDWDDWDDWWWWWDWLLDW,5,2,2,9-0,1-4,1-6,
34,Newcastle,39,Premier League,2020,19,19,38,6,6,12,5,4,9,8,9,17,26,20,46,1.4,1.1,1.2,33,29,62,1.7,1.5,1.6,2,5,7,4,8,12,WLDWLDWLLWWLDLDLLLLLWLWLLDDDLDWWDLWLWW,2,3,5,3-1,2-4,1-4,5-2
36,Fulham,39,Premier League,2020,19,19,38,2,3,5,4,9,13,13,7,20,9,18,27,0.5,0.9,0.7,28,25,53,1.5,1.3,1.4,5,4,9,12,6,18,LLLLDLWLLWLDDDDDLLDDLDWDWDLWLLLLDLLLDL,1,5,4,2-0,0-2,0-3,3-1
39,Wolves,39,Premier League,2020,19,19,38,7,5,12,4,5,9,8,9,17,21,15,36,1.1,0.8,0.9,25,27,52,1.3,1.4,1.4,5,5,10,4,9,13,WLLWWDWLDWLLWLDLDLLDLWDWWDLDLLWWLDWLLL,2,1,2,2-0,0-2,0-4,4-0
40,Liverpool,39,Premier League,2020,19,19,38,10,10,20,3,6,9,6,3,9,29,39,68,1.5,2.1,1.8,20,22,42,1.1,1.2,1.1,5,7,12,6,2,8,WWWLDWWDWDWDWWDDLDLWWLLLLWLLWWWDDWWWWW,3,2,4,4-0,0-7,1-4,7-2
41,Southampton,39,Premier League,2020,19,19,38,8,4,12,3,4,7,8,11,19,28,19,47,1.5,1.0,1.2,25,43,68,1.3,2.3,1.8,6,3,9,4,9,13,LLWWDWWWDLWWDLDDWLLLLLLDLLWLLWLLDLWWLL,3,2,6,3-0,0-2,2-5,9-0
42,Arsenal,39,Premier League,2020,19,19,38,8,10,18,4,3,7,7,6,13,24,31,55,1.3,1.6,1.4,21,18,39,1.1,0.9,1.0,4,8,12,8,4,12,WWLWLLWLDLLLDLWWWDWWDLLWLWDWDLWDLWWWWW,3,1,3,3-0,0-4,0-3,3-1
44,Burnley,39,Premier League,2020,19,19,38,4,6,10,6,3,9,9,10,19,14,19,33,0.7,1.0,0.9,27,28,55,1.4,1.5,1.4,3,8,11,8,9,17,LLLDLLDWLDWDWLWLLWWLLDWDDLDDWLLLWLWLLL,2,2,3,3-2,0-4,0-4,5-0
45,Everton,39,Premier League,2020,19,19,38,6,11,17,4,4,8,9,4,13,24,23,47,1.3,1.2,1.2,28,20,48,1.5,1.1,1.3,3,9,12,5,5,10,WWWWDLLLWLDWWWWLWDLWDLLWWWLLDDDWLWDLWL,4,3,3,5-2,0-2,1-3,5-0
46,Leicester,39,Premier League,2020,19,19,38,9,11,20,1,5,6,9,3,12,34,34,68,1.8,1.8,1.8,30,20,50,1.6,1.1,1.3,6,5,11,4,2,6,WWWLLWWWLLWWLWDDWWWDLWDWWLDWWLLWWDLWLL,3,2,2,5-0,2-5,0-3,3-0
47,Tottenham,39,Premier League,2020,19,19,38,10,8,18,3,5,8,6,6,12,35,33,68,1.8,1.7,1.8,20,25,45,1.1,1.3,1.2,7,5,12,3,3,6,LWDWDWWWWDWDLLDWDWLLLWLLWWWLWDLDWWLWLW,4,1,3,4-0,1-6,1-3,3-0
48,West Ham,39,Premier League,2020,19,19,38,10,9,19,4,4,8,5,6,11,32,30,62,1.7,1.6,1.6,22,25,47,1.2,1.3,1.2,6,5,11,3,4,7,LLWWDDLWWWLWDLDDWWWWLWDWWLWLDWWLLWLDWW,4,2,2,4-0,0-3,1-3,3-0
49,Chelsea,39,Premier League,2020,19,19,38,9,10,19,6,4,10,4,5,9,31,27,58,1.6,1.4,1.5,18,18,36,0.9,0.9,0.9,10,8,18,6,4,10,WLDWDDWWWDWLLWLDLWLDWWWWDDWWDLWDWWWLWL,4,2,2,4-0,1-4,2-5,3-1
50,Manchester City,39,Premier League,2020,19,19,38,13,14,27,2,3,5,4,2,6,43,40,83,2.3,2.1,2.2,17,15,32,0.9,0.8,0.8,10,9,19,1,2,3,WLDWDWDLWWDDWWWWWWWWWWWWWWWLWWWLWWLWLW,15,2,1,5-0,0-5,2-5,2-0
51,Brighton,39,Premier League,2020,19,19,38,4,5,9,9,5,14,6,9,15,22,18,40,1.2,0.9,1.1,22,24,46,1.2,1.3,1.2,7,5,12,5,7,12,LWLLDDLDWDLLDDDLDLWDWWDDLLLWWLDDLWLDWL,2,3,3,3-0,0-3,1-3,3-0
52,Crystal Palace,39,Premier League,2020,19,19,38,6,6,12,5,3,8,8,10,18,20,21,41,1.1,1.1,1.1,32,34,66,1.7,1.8,1.7,6,2,8,6,8,14,WWLLDWLWLLWDDLLDWDLLWWLLWDDLWDLLLWLWLL,2,2,3,4-1,1-5,0-7,4-0
60,West Brom,39,Premier League,2020,19,19,38,3,2,5,6,5,11,10,12,22,15,20,35,0.8,1.1,0.9,39,37,76,2.1,1.9,2.0,5,1,6,9,7,16,LLDLDDLLLWLLDLDLLWLLDLLDDWLDLWWLDDLLLL,2,2,3,3-0,2-5,0-5,5-2
62,Sheffield Utd,39,Premier League,2020,19,19,38,5,2,7,1,1,2,13,16,29,12,8,20,0.6,0.4,0.5,27,36,63,1.4,1.9,1.7,4,1,5,9,12,21,LLLLDLLLLLLLLDLLLWLWLWLLLLWLLLLLWLLWLW,1,1,8,2-1,1-2,0-3,5-0
63,Leeds,39,Premier League,2020,19,19,38,8,10,18,5,0,5,6,9,15,28,34,62,1.5,1.8,1.6,21,33,54,1.1,1.7,1.4,6,6,12,6,4,10,LWWDLWLLDWLLWLWWLLWWLWLLWLLDWWWDDLWWWW,3,2,2,5-2,0-5,1-4,6-2
66,Aston Villa,39,Premier League,2020,19,19,38,7,9,16,4,3,7,8,7,15,29,26,55,1.5,1.4,1.4,27,19,46,1.4,1.0,1.2,7,8,15,5,3,8,WWWWLLWLLWDWWDLLWLWLWDLWLDDLWLLDWLDLWW,4,2,2,7-2,0-3,0-3,2-0
33,Manchester United,39,Premier League,2021,19,19,38,10,6,16,5,5,10,4,8,12,32,25,57,1.7,1.3,1.5,22,35,57,1.2,1.8,1.5,5,3,8,5,4,9,WDWWWLDLLWLLDWWWDWLDWWDDWWDLWDLWLLDWLL,3,2,2,5-1,0-3,0-5,4-0
34,Newcastle,39,Premier League,2021,19,19,38,8,5,13,6,4,10,5,10,15,26,18,44,1.4,0.9,1.2,27,35,62,1.4,1.8,1.6,5,3,8,3,6,9,LLDLDDLLDLDDLDWLLLDDWWWDWWWLLLWWWWLLWW,4,2,3,3-1,0-3,0-4,5-0
38,Watford,39,Premier League,2021,19,19,38,2,4,6,2,3,5,15,12,27,17,17,34,0.9,0.9,0.9,46,31,77,2.4,1.6,2.0,1,3,4,8,10,18,WLLLWDLLWLLWLLLLLLDLDLLWLDLLWLLLLLLDLL,1,1,6,4-1,2-5,0-5,5-1
39,Wolves,39,Premier League,2021,19,19,38,7,8,15,3,3,6,9,8,17,20,18,38,1.1,0.9,1.0,25,18,43,1.3,0.9,1.1,4,7,11,9,7,16,LLLWLWWWDWLWDDLLWDWWWLWWLLLWWLWLLLDLDL,3,2,3,4-0,0-2,1-5,3-1
40,Liverpool,39,Premier League,2021,19,19,38,15,13,28,4,4,8,0,2,2,49,45,94,2.6,2.4,2.5,9,17,26,0.5,0.9,0.7,12,9,21,0,1,1,WWDWWDDWWDLWWWWWWDLDWWWWWWWWWWDWWWDWWW,10,2,1,6-0,0-5,,3-2
41,Southampton,39,Premier League,2021,19,19,38,6,3,9,7,6,13,6,10,16,23,20,43,1.2,1.1,1.1,24,43,67,1.3,2.3,1.8,6,2,8,3,6,9,LDDDDLLWDWWLLDDLDWDWLDWDWWLLLDLWLDLLLL,2,4,3,4-1,2-3,0-6,4-0
42,Arsenal,39,Premier League,2021,19,19,38,13,9,22,2,1,3,4,9,13,35,26,61,1.8,1.4,1.6,17,31,48,0.9,1.6,1.3,7,6,13,3,8,11,LLLWWWDDWWWLWLLWWWWLDWWWWWLWLLLWWWWLLW,5,2,3,5-1,0-5,0-2,5-0
44,Burnley,39,Premier League,2021,19,19,38,5,2,7,6,8,14,8,9,17,18,16,34,0.9,0.8,0.9,25,28,53,1.3,1.5,1.4,6,3,9,8,8,16,LLDLLDDLDWDDDLDLLDDDLWWDLLLLWLDWWWLLDL,3,3,4,3-1,0-3,0-4,3-1
45,Everton,39,Premier League,2021,19,19,38,9,2,11,2,4,6,8,13,21,27,16,43,1.4,0.8,1.1,25,41,66,1.3,2.2,1.7,6,2,8,5,7,12,WDWWLWDLLLDLLLWLDLLLLWLLLLWLLWDLWWDLWL,2,1,4,3-0,0-2,2-5,5-0
46,Leicester,39,Premier League,2021,19,19,38,10,4,14,4,6,10,5,9,14,34,28,62,1.8,1.5,1.6,23,36,59,1.2,1.9,1.6,6,1,7,4,2,6,WLWLLDDWWLDLWDLWLWLDLDLWWLWDWLDDLLWWDW,2,2,2,4-0,1-5,0-3,6-3
47,Tottenham,39,Premier League,2021,19,19,38,13,9,22,1,4,5,5,6,11,38,31,69,2.0,1.6,1.8,19,21,40,1.0,1.1,1.1,8,8,16,4,6,10,WWWLLLWWLLDWWWDWDWWLLLWLWWLWWWWLDWDWWW,4,1,3,5-0,0-5,0-3,3-0
48,West Ham,39,Premier League,2021,19,19,38,9,7,16,5,3,8,5,9,14,33,27,60,1.7,1.4,1.6,26,25,51,1.4,1.3,1.3,4,4,8,0,8,8,WWDDLWLWWWWLLDWDLLWWWLLWDDWLWLWLDLLWDL,4,2,2,4-1,0-4,2-3,3-1
49,Chelsea,39,Premier League,2021,19,19,38,9,12,21,7,4,11,3,3,6,37,39,76,1.9,2.1,2.0,22,11,33,1.2,0.6,0.9,6,10,16,1,3,4,WWDWWLWWWWDWDWLWDDWDDLDWWWWWLWLWDLDWDW,5,2,1,7-0,0-6,1-4,3-2
50,Manchester City,39,Premier League,2021,19,19,38,15,14,29,2,4,6,2,1,3,58,41,99,3.1,2.2,2.6,15,11,26,0.8,0.6,0.7,11,10,21,2,2,4,LWWWDWDWWLWWWWWWWWWWWWDWWLWWDWDWWWWWDW,12,1,1,7-0,1-5,0-2,1-0
51,Brighton,39,Premier League,2021,19,19,38,5,7,12,7,8,15,7,4,11,19,23,42,1.0,1.2,1.1,23,21,44,1.2,1.1,1.2,6,5,11,9,4,13,WWLWWDDDLDDLDDDLWDWDDDWLLLLLLDWWLDWWDW,2,3,6,4-0,0-3,1-4,3-0
52,Crystal Palace,39,Premier League,2021,19,19,38,7,4,11,8,7,15,4,8,12,27,23,50,1.4,1.2,1.3,17,29,46,0.9,1.5,1.2,9,3,12,4,7,11,LDDWLDDDDWWDLLLWDLWLDLDDLWDWDWLLDWWDLW,2,4,3,3-0,1-4,1-3,3-0
55,Brentford,39,Premier League,2021,19,19,38,7,6,13,3,4,7,9,9,18,22,26,48,1.2,1.4,1.3,21,35,56,1.1,1.8,1.5,7,2,9,6,6,12,WDDLWDWLLLLDWLDWLLWLLLLLDLLWWLWWWDLWWL,3,2,5,3-0,1-4,1-3,4-1
63,Leeds,39,Premier League,2021,19,19,38,4,5,9,6,5,11,9,9,18,19,23,42,1.0,1.2,1.1,38,41,79,2.0,2.2,2.1,2,3,5,6,7,13,LDDLDLWLDWDLDWDLLLWWLDLLLLLLWWDWDLLLDW,2,2,6,3-1,0-3,0-4,7-0
66,Aston Villa,39,Premier League,2021,19,19,38,6,7,13,5,1,6,8,11,19,29,23,52,1.5,1.2,1.4,29,25,54,1.5,1.3,1.4,5,6,11,3,5,8,LWDLWWLLLLLWWLWLWLLDWDLLWWWLLLLDWWLDDL,3,2,5,4-0,0-3,0-4,3-0
71,Norwich,39,Premier League,2021,19,19,38,3,2,5,3,4,7,13,13,26,12,11,23,0.6,0.6,0.6,43,41,84,2.3,2.2,2.2,3,3,6,10,12,22,LLLLLLDDLLWWDDLLLLLLWWDLLLLLLDWLLLLLDL,2,2,6,2-0,0-3,0-5,7-0
33,Manchester United,39,Premier League,2022,19,19,38,15,8,23,3,3,6,1,8,9,36,22,58,1.9,1.2,1.5,10,33,43,0.5,1.7,1.1,11,6,17,2,5,7,LLWWWWLWDWDWLWWWWWDLWDWWLDLWWWDWLLWWWW,5,1,2,4-1,0-2,1-2,7-0
34,Newcastle,39,Premier League,2022,19,19,38,11,8,19,6,8,14,2,3,5,36,32,68,1.9,1.7,1.8,14,19,33,0.7,1.0,0.9,9,5,14,5,6,11,WDDDLDDWWDWWWWWWDDWDDDLLWWWWWLWWWLDWDD,6,3,2,6-1,1-5,0-2,3-0
35,Bournemouth,39,Premier League,2022,19,19,38,6,5,11,4,2,6,9,12,21,20,17,37,1.1,0.9,1.0,28,43,71,1.5,2.3,1.9,5,3,8,8,10,18,WLLLDWDDWDLLLLWLLLLDLDWLLWLWLWWLWWLLLL,2,2,4,4-1,2-3,0-4,9-0
36,Fulham,39,Premier League,2022,19,19,38,8,7,15,5,2,7,6,10,16,31,24,55,1.6,1.3,1.4,29,24,53,1.5,1.3,1.4,3,6,9,4,5,9,DDWLWLWLLDWWDLLWWWWLLDWWDLLLLWWLLLWWDL,4,2,4,3-0,0-3,1-4,3-1
39,Wolves,39,Premier League,2022,19,19,38,9,2,11,3,5,8,7,12,19,19,12,31,1.0,0.6,0.8,20,38,58,1.1,2.0,1.5,10,1,11,6,9,15,LDLDDWLLLWLLDLLWLDWLWWLDLWLLDWWLWLWLDL,2,2,3,3-0,1-2,0-4,6-0
40,Liverpool,39,Premier League,2022,19,19,38,13,6,19,5,5,10,1,8,9,46,29,75,2.4,1.5,2.0,17,30,47,0.9,1.6,1.2,9,5,14,1,7,8,DDLWWDDLWWLLWWWWLLDLWWDWWLLDDWWWWWWWDD,7,2,2,9-0,1-6,1-2,4-1
41,Southampton,39,Premier League,2022,19,19,38,2,4,6,5,2,7,12,13,25,19,17,36,1.0,0.9,0.9,37,36,73,1.9,1.9,1.9,1,3,4,7,8,15,LDWLWLLLLDWDLLLLLLWLLLWLWDLDLLLDLLLLLD,1,1,6,2-1,1-2,1-4,4-0
42,Arsenal,39,Premier League,2022,19,19,38,14,12,26,3,3,6,2,4,6,53,35,88,2.8,1.8,2.3,25,18,43,1.3,0.9,1.1,4,10,14,2,2,4,WWWWWLWWWWDWWWWWDWWLDLWWWWWWWDDDLWWLLW,7,3,2,5-0,0-3,0-3,4-1
45,Everton,39,Premier League,2022,19,19,38,6,2,8,3,9,12,10,8,18,16,18,34,0.8,0.9,0.9,27,30,57,1.4,1.6,1.5,7,2,9,5,9,14,LLDDDDWWLLLWDLLLDLLLWLWLLDWDDLLDLDWLDW,2,4,3,3-0,1-5,1-4,4-0
46,Leicester,39,Premier League,2022,19,19,38,5,4,9,4,3,7,10,12,22,23,28,51,1.2,1.5,1.3,27,41,68,1.4,2.2,1.8,3,4,7,8,4,12,DLLLLLLWLDWWLWWLLLLDWWLLLLDLLLLWDDLLDW,2,2,6,4-0,0-4,0-3,6-2
47,Tottenham,39,Premier League,2022,19,19,38,12,6,18,1,5,6,6,8,14,37,33,70,1.9,1.7,1.8,25,38,63,1.3,2.0,1.7,6,4,10,2,2,4,WDWWDWWLWWLLWLWDLWLLWWLWWLWDDWLLDLWLLW,2,2,2,6-2,0-4,1-3,6-1
48,West Ham,39,Premier League,2022,19,19,38,8,3,11,4,3,7,7,13,20,26,16,42,1.4,0.8,1.1,24,31,55,1.3,1.6,1.4,6,3,9,4,9,13,LLLWDLLWWDLWLLLLLDLWDDLWLDWLWDWLLLWLWL,2,2,5,4-0,0-4,1-5,4-0
49,Chelsea,39,Premier League,2022,19,19,38,6,5,11,7,4,11,6,10,16,20,18,38,1.1,0.9,1.0,19,28,47,1.0,1.5,1.2,6,4,10,7,7,14,WDLWLWWWWDDLLLWDLLWDDDLLWWDLDLLLLWDLLD,4,3,4,3-0,1-3,0-2,4-1
50,Manchester City,39,Premier League,2022,19,19,38,17,11,28,1,4,5,1,4,5,60,34,94,3.2,1.8,2.5,17,16,33,0.9,0.8,0.9,7,6,13,0,3,3,WWDWWDWWWLWWWLWDWLWWLWWDWWWWWWWWWWWWDL,12,1,1,6-0,1-4,1-2,2-1
51,Brighton,39,Premier League,2022,19,19,38,10,8,18,4,4,8,5,7,12,37,35,72,1.9,1.8,1.9,21,32,53,1.1,1.7,1.4,9,3,12,4,1,5,WDWWLWDLLDLWWLWLWWDWDLWDWDWLWLWWLWLWDL,2,1,2,6-0,1-4,1-5,4-1
52,Crystal Palace,39,Premier League,2022,19,19,38,7,4,11,7,5,12,5,10,15,21,19,40,1.1,1.0,1.1,23,26,49,1.2,1.4,1.3,5,4,9,7,9,16,LDWLDDLWDWLWWLLWLLDDLDDDLLLLWWWDLWLWDD,3,3,4,3-1,1-5,0-4,4-1
55,Brentford,39,Premier League,2022,19,19,38,10,5,15,7,7,14,2,7,9,35,23,58,1.8,1.2,1.5,18,28,46,0.9,1.5,1.2,7,5,12,2,7,9,DWLDDWLDLWDLDDWDWWWDWDDWLWDDLLLDWWLWWW,3,2,3,4-0,1-3,0-3,5-1
63,Leeds,39,Premier League,2022,19,19,38,5,2,7,7,3,10,7,14,21,26,22,48,1.4,1.2,1.3,37,41,78,1.9,2.2,2.1,4,1,5,4,6,10,WDWLDLDLLLLWWLLDDLDLDLLWLDWLWLLLDLLDLL,2,2,4,3-0,2-4,1-6,5-2
65,Nottingham Forest,39,Premier League,2022,19,19,38,8,1,9,6,5,11,5,13,18,27,11,38,1.4,0.6,1.0,24,44,68,1.3,2.3,1.8,6,2,8,2,10,12,LWDLLLLLDLDWLDWLDWWDWLDLDLLDLLLLWLWDWD,2,1,5,3-1,0-1,0-2,6-0
66,Aston Villa,39,Premier League,2022,19,19,38,12,6,18,2,5,7,5,8,13,33,18,51,1.7,0.9,1.3,21,25,46,1.1,1.3,1.2,7,5,12,2,6,8,LWLLLDWDDLLWLWWLWDWWLLLWWDWWWWWDWLLWDW,5,2,3,4-0,0-2,2-4,4-0
33,Manchester United,39,Premier League,2023,19,19,38,10,8,18,3,3,6,6,8,14,31,26,57,1.6,1.4,1.5,28,30,58,1.5,1.6,1.5,4,5,9,4,5,9,WLWLLWLWWLWWWLWLDLWLDWWWWLLWDLDDWDLLWW,4,2,2,3-0,0-3,0-3,4-0
34,Newcastle,39,Premier League,2023,19,19,38,12,6,18,4,2,6,3,11,14,49,36,85,2.6,1.9,2.2,22,40,62,1.2,2.1,1.6,8,2,10,0,5,5,WLLLWWWDWDWLWWLLWLLLLWDWDLWLWDWWLWWDLW,3,1,4,5-1,0-8,1-3,4-1
35,Bournemouth,39,Premier League,2023,19,19,38,7,6,13,6,3,9,6,10,16,27,27,54,1.4,1.4,1.4,28,39,67,1.5,2.1,1.8,5,4,9,5,2,7,DLLDDLLLLWLWWDWWWWLLDDLDLWDWWWLDLWWLLL,4,2,4,3-0,0-3,0-4,6-1
36,Fulham,39,Premier League,2023,19,19,38,9,4,13,2,6,8,8,9,17,31,24,55,1.6,1.3,1.4,24,37,61,1.3,1.9,1.6,6,4,10,7,6,13,WLDLWDLWLDLLWLWWLLLWLDDWLWWLWDLLWLDDLW,2,2,3,5-0,2-4,0-4,5-1
39,Wolves,39,Premier League,2023,19,19,38,8,5,13,3,4,7,8,10,18,26,24,50,1.4,1.3,1.3,30,35,65,1.6,1.8,1.7,3,2,5,3,6,9,LLWLLDWDWDLWLLWDLWWWDLWLWWLWLDLDLLWLLL,3,1,2,3-0,1-4,1-4,5-1
40,Liverpool,39,Premier League,2023,19,19,38,15,9,24,3,7,10,1,3,4,49,37,86,2.6,1.9,2.3,17,24,41,0.9,1.3,1.1,6,4,10,2,1,3,DWWWWWLDWWDWDWWWDDWWWWLWWWWDWWDLWLDWDW,5,2,1,4-1,0-4,0-1,3-1
42,Arsenal,39,Premier League,2023,19,19,38,15,13,28,2,3,5,2,3,5,48,43,91,2.5,2.3,2.4,16,13,29,0.8,0.7,0.8,7,11,18,2,3,5,WWDWWDWWDWLWWWWLWDLLWWWWWWWWDWWLWWWWWW,8,1,2,5-0,0-6,0-2,2-1
44,Burnley,39,Premier League,2023,19,19,38,2,3,5,4,5,9,13,11,24,19,22,41,1.0,1.2,1.1,43,35,78,2.3,1.8,2.1,1,1,2,7,5,12,LLLDLLWLLLLLLWLDLWLLDLDLLLLDWDDLDWDLLL,1,2,6,5-0,1-4,0-5,3-0
45,Everton,39,Premier League,2023,19,19,38,8,5,13,4,5,9,7,9,16,22,18,40,1.2,0.9,1.1,18,33,51,0.9,1.7,1.3,9,4,13,5,7,12,LLLDLWLWLWDWLWWWWLLLDDDLDDLLLDWLWWWDWL,4,3,3,3-0,1-3,0-3,6-0
47,Tottenham,39,Premier League,2023,19,19,38,13,7,20,0,6,6,6,6,12,38,36,74,2.0,1.9,1.9,27,34,61,1.4,1.8,1.6,2,5,7,1,3,4,DWWWWDWWWWLLLDLWWWLWDWDWLWWLWDWLLLLWLW,4,1,4,4-1,0-4,1-4,4-0
48,West Ham,39,Premier League,2023,19,19,38,7,7,14,8,2,10,4,10,14,31,29,60,1.6,1.5,1.6,28,46,74,1.5,2.4,1.9,4,1,5,4,4,8,DWWWLLWDLLLWWDWLWWWDDDLLLWWDDLDWLLDLWL,3,3,3,3-0,1-3,0-6,5-0
49,Chelsea,39,Premier League,2023,19,19,38,11,7,18,4,5,9,4,7,11,44,33,77,2.3,1.7,2.0,26,37,63,1.4,1.9,1.7,6,2,8,3,3,6,DLWLDLWWDLWDLWLLWLWWWLLWDDWDWDWLDWWWWW,3,2,2,6-0,1-4,2-4,5-0
50,Manchester City,39,Premier League,2023,19,19,38,14,14,28,5,2,7,0,3,3,51,45,96,2.7,2.4,2.5,16,18,34,0.8,0.9,0.9,6,7,13,1,2,3,WWWWWWLLWWWDDDLWDWWWWWWDWWWDDWWWWWWWWW,6,3,2,6-1,0-4,,2-1
51,Brighton,39,Premier League,2023,19,19,38,8,4,12,6,6,12,5,9,14,30,25,55,1.6,1.3,1.4,27,35,62,1.4,1.8,1.6,3,3,6,4,6,10,WWLWWWLDLDDDWLWDLDWDDLWLWDLWLDLDLLWDLL,3,3,2,4-1,0-5,0-4,6-1
52,Crystal Palace,39,Premier League,2023,19,19,38,8,5,13,4,6,10,7,8,15,37,20,57,1.9,1.1,1.5,26,32,58,1.4,1.7,1.5,6,4,10,4,3,7,WLDWLDWDLLWLLDLLDDLWLWLLDWLDDLLWWWDWWW,3,2,2,5-0,1-3,2-4,5-0
55,Brentford,39,Premier League,2023,19,19,38,5,5,10,7,2,9,7,12,19,29,27,56,1.5,1.4,1.5,34,31,65,1.8,1.6,1.7,4,3,7,3,5,8,DWDDLLDLWWWLLWLLLLLWLLWLLLDLLDDDWWLDWL,3,3,5,3-0,1-5,1-4,3-0
62,Sheffield Utd,39,Premier League,2023,19,19,38,2,1,3,4,3,7,13,15,28,19,16,35,1.0,0.8,0.9,57,47,104,3.0,2.5,2.7,1,0,1,7,8,15,LLLDLLLLLLWDLLLWLDLLDLLWLLLDDLDLLLLLLL,1,2,6,2-1,1-3,0-8,5-0
65,Nottingham Forest,39,Premier League,2023,19,19,38,5,4,9,5,4,9,9,11,20,27,22,49,1.4,1.2,1.3,30,37,67,1.6,1.9,1.8,2,2,4,4,6,10,LWLWDLDDDLWLLLLDLLWWLLDLWLLLDDWLDLLWLW,2,3,4,3-1,1-3,0-2,5-0
66,Aston Villa,39,Premier League,2023,19,19,38,12,8,20,4,4,8,3,7,10,48,28,76,2.5,1.5,2.0,28,33,61,1.5,1.7,1.6,4,4,8,1,5,6,LWWLWWWDWWLWWDWWWDLWDLWLWWWLDWLDWWDLDL,3,1,1,6-1,0-5,0-4,5-0
1359,Luton,39,Premier League,2023,19,19,38,4,2,6,4,4,8,11,13,24,28,24,52,1.5,1.3,1.4,37,48,85,1.9,2.5,2.2,2,0,2,1,4,5,LLLLDWLLDLDLWLLLWWLDWDLLLLDLDLLWLLLDLL,2,1,4,4-0,2-3,1-5,5-1
529,Barcelona,140,La Liga,2018,19,19,38,15,11,26,3,6,9,1,2,3,51,39,90,2.7,2.1,2.4,17,19,36,0.9,1.0,0.9,9,8,17,0,3,3,WWWWDLDDWWWLDWWWWWWWWDDWWWWWWDWDWWWLWD,8,2,1,8-2,0-5,3-4,2-0
530,Atletico Madrid,140,La Liga,2018,19,19,38,15,7,22,3,7,10,1,5,6,32,23,55,1.7,1.2,1.4,10,19,29,0.5,1.0,0.8,13,7,20,0,6,6,DWLDWWDWDWDWDDWWWDWWWLLWWWWLWWLWWWWLDD,4,2,2,3-0,0-4,1-3,3-0
531,Athletic Club,140,La Liga,2018,19,19,38,9,4,13,8,6,14,2,9,11,26,15,41,1.4,0.8,1.1,19,26,45,1.0,1.4,1.2,7,3,10,3,8,11,WDDDLDLDDDLLDLWDDWWDWLDWWLDWWWLWLWDLWL,3,3,2,3-1,1-2,0-3,3-0
532,Valencia,140,La Liga,2018,19,19,38,7,8,15,10,6,16,2,5,7,24,27,51,1.3,1.4,1.3,12,23,35,0.6,1.2,0.9,7,6,13,6,5,11,DLDDDDWDDDLWWLDDWLDWWDDDDWWDWWLWWLLWWW,2,4,2,3-0,2-6,0-1,2-0
533,Villarreal,140,La Liga,2018,19,19,38,5,5,10,8,6,14,6,8,14,28,21,49,1.5,1.1,1.3,26,26,52,1.4,1.4,1.4,3,8,11,3,6,9,LDLWDWLLDLDDWLLDDDLDLDDWLLWWLDLWWWDLWD,3,3,2,3-0,0-3,2-3,3-0
536,Sevilla,140,La Liga,2018,19,19,38,12,5,17,3,5,8,4,9,13,39,23,62,2.1,1.2,1.6,20,27,47,1.1,1.4,1.2,8,3,11,4,8,12,WDLLWWWWLWDWWDDWDDLLWLDLLLWWLWWWLWLLDW,4,2,3,5-0,2-6,0-3,3-0
537,Leganes,140,La Liga,2018,19,19,38,7,4,11,8,4,12,4,11,15,19,18,37,1.0,0.9,1.0,16,27,43,0.8,1.4,1.1,7,4,11,5,8,13,LDLLLWLWDLDDWWDDDLWLDWWLDWLLWWDDLLDWLL,2,3,3,3-0,0-3,0-2,4-1
538,Celta Vigo,140,La Liga,2018,19,19,38,8,2,10,5,6,11,6,11,17,31,22,53,1.6,1.2,1.4,25,37,62,1.3,1.9,1.6,6,2,8,3,6,9,DWWLDDDLLWDLLWWDLLLLLWLLDLLLWDWLWDDWLD,2,3,5,4-0,2-3,1-4,4-2
539,Levante,140,La Liga,2018,19,19,38,6,5,11,7,4,11,6,10,16,34,25,59,1.8,1.3,1.6,34,32,66,1.8,1.7,1.7,5,2,7,3,6,9,WLDLLLWWWWDLDWDLLDLWLDLWLLLDDLDLDWLWWD,4,2,3,4-0,1-4,0-5,5-0
540,Espanyol,140,La Liga,2018,19,19,38,11,3,14,3,8,11,5,8,13,28,20,48,1.5,1.1,1.3,22,28,50,1.2,1.5,1.3,7,3,10,2,6,8,DWLWLWDWWDWLLLLLLWLLLDWDDWDLLDWWDDDWWW,2,3,6,3-0,0-2,0-4,3-0
541,Real Madrid,140,La Liga,2018,19,19,38,13,8,21,1,4,5,5,7,12,32,31,63,1.7,1.6,1.7,15,31,46,0.8,1.6,1.2,10,2,12,4,5,9,WWWDWLDLLLWWLWWWDLWWWWWLWLWWWLWDWDLWLL,5,1,3,4-1,1-4,0-2,5-1
542,Alaves,140,La Liga,2018,19,19,38,7,6,13,8,3,11,4,10,14,19,20,39,1.0,1.1,1.0,19,31,50,1.0,1.6,1.3,5,3,8,7,6,13,LDWWWDLWWWLWLDLDWWDLLLWDDWDWLLDLDLDLLW,3,2,3,2-0,1-5,0-4,4-0
543,Real Betis,140,La Liga,2018,19,19,38,8,6,14,5,3,8,6,10,16,25,19,44,1.3,1.0,1.2,26,26,52,1.4,1.4,1.4,5,6,11,2,8,10,LDWDDWWLLLDWLWWWDLLWLWLDWLWLDLWLLLDLWW,3,2,3,2-0,1-3,1-4,4-0
545,Eibar,140,La Liga,2018,19,19,38,9,2,11,6,8,14,4,9,13,31,15,46,1.6,0.8,1.2,21,29,50,1.1,1.5,1.3,7,2,9,2,9,11,LLWDWLLWDLWDWLDDDDLWDWDDLWDLDWLDLLWWLD,2,4,2,3-0,2-3,1-3,4-0
546,Getafe,140,La Liga,2018,19,19,38,11,4,15,3,11,14,5,4,9,28,20,48,1.5,1.1,1.3,13,22,35,0.7,1.2,0.9,10,3,13,6,5,11,LWDWLDDLWWDLDWDWDLWWLDWDWWWDLDWDWDLWLD,3,2,1,4-0,0-2,0-2,2-0
547,Girona,140,La Liga,2018,19,19,38,3,6,9,6,4,10,10,9,19,17,20,37,0.9,1.1,1.0,28,25,53,1.5,1.3,1.4,4,5,9,7,7,14,DLWWDLDLDWWDWDLLDDDLLLLWDWLWLLLLLLWLLL,2,3,6,3-2,1-3,1-4,3-0
548,Real Sociedad,140,La Liga,2018,19,19,38,7,6,13,6,5,11,6,8,14,23,22,45,1.2,1.2,1.2,20,26,46,1.1,1.4,1.2,4,5,9,7,6,13,WDLLWDLWDLDWWLLLLWWDDWDWDLLDDWLDLLWWWL,3,2,4,3-0,1-3,0-2,5-2
720,Valladolid,140,La Liga,2018,19,19,38,5,5,10,5,6,11,9,8,17,16,16,32,0.8,0.8,0.8,26,25,51,1.4,1.3,1.3,5,4,9,8,9,17,DLDLDWWWWDLDLLWLDLDLWLDLLLLWDLLDDWLWWL,4,2,4,2-1,1-2,1-4,4-0
726,Huesca,140,La Liga,2018,19,19,38,5,2,7,6,6,12,8,11,19,24,19,43,1.3,1.0,1.1,30,35,65,1.6,1.8,1.7,3,3,6,7,6,13,WDLLLLDLLLDLDLLDLWLLDWWLDWLLLDDDDWDLLW,2,4,4,4-0,0-2,2-6,8-2
728,Rayo Vallecano,140,La Liga,2018,19,19,38,5,3,8,6,2,8,8,14,22,25,16,41,1.3,0.8,1.1,32,38,70,1.7,2.0,1.8,4,3,7,3,6,9,LLWLDDLLDLLDLWLLWWWDWLLLLLLLDLWLDLWLLD,3,2,7,4-2,0-1,1-5,5-0
529,Barcelona,140,La Liga,2019,19,19,38,16,9,25,2,5,7,1,5,6,52,34,86,2.7,1.8,2.3,16,22,38,0.8,1.2,1.0,8,7,15,1,5,6,LWDWLWWWWWLWWWWDDWDWLWWWWLWWWDWDDWWWLW,5,2,1,5-0,0-5,1-2,3-1
530,Atletico Madrid,140,La Liga,2019,19,19,38,12,6,18,6,10,16,1,3,4,28,23,51,1.5,1.2,1.3,11,16,27,0.6,0.8,0.7,10,7,17,4,5,9,WWWLDWDDDWDDWDLDWWWLDLWDWDDDWWWWDWDWWD,4,3,1,3-0,0-5,0-1,2-0
531,Athletic Club,140,La Liga,2019,19,19,38,9,4,13,4,8,12,6,7,13,21,20,41,1.1,1.1,1.1,14,24,38,0.7,1.3,1.0,8,4,12,6,7,13,WDWDWDLLDLWDWWWLDDDDDLLLLWWDDWLWWLLWLL,3,5,4,3-0,1-4,0-2,4-0
532,Valencia,140,La Liga,2019,19,19,38,11,3,14,7,4,11,1,12,13,29,17,46,1.5,0.9,1.2,16,37,53,0.8,1.9,1.4,7,1,8,1,8,9,DLWLDDWWDLDWWLWWDDWLWWLDLWDDLWLLLDWLWL,2,2,3,2-0,2-4,0-2,5-2
533,Villarreal,140,La Liga,2019,19,19,38,9,9,18,5,1,6,5,9,14,37,26,63,1.9,1.4,1.7,25,24,49,1.3,1.3,1.3,7,5,12,2,1,3,DLDWWLWLWWLDLLLDWWWLWWDWLLLWWWDWWLWLLW,3,1,3,5-1,0-3,1-4,3-1
536,Sevilla,140,La Liga,2019,19,19,38,10,9,19,7,6,13,2,4,6,26,28,54,1.4,1.5,1.4,14,20,34,0.7,1.1,0.9,9,8,17,2,2,4,WWDWLLWLWWDDWWWDLWDLWDLDWWDWDDDDWWWWDW,4,4,2,2-0,0-3,1-2,4-0
537,Leganes,140,La Liga,2019,19,19,38,5,3,8,5,7,12,9,9,18,17,13,30,0.9,0.7,0.8,26,25,51,1.4,1.3,1.3,5,4,9,7,9,16,LLLLDDLLLWLLDLLWDWDLDWLDLDWLLDDLLWDWWD,2,2,4,2-0,0-2,0-3,5-0
538,Celta Vigo,140,La Liga,2019,19,19,38,5,2,7,8,8,16,6,9,15,22,15,37,1.2,0.8,1.0,20,29,49,1.1,1.5,1.3,6,6,12,6,8,14,LWDLDDLWLLLLLWDLDLDDDLWDWDDLDWWDLDDLLD,2,3,5,6-0,1-3,1-3,5-1
539,Levante,140,La Liga,2019,19,19,38,9,5,14,5,2,7,5,12,17,27,20,47,1.4,1.1,1.2,19,34,53,1.0,1.8,1.4,5,1,6,4,7,11,LWWLDLDWLLWWLWLLWWLLLLWLWLDDDWLWDDLLWW,2,3,4,4-2,1-3,2-4,4-0
540,Espanyol,140,La Liga,2019,19,19,38,2,3,5,6,4,10,11,12,23,15,12,27,0.8,0.6,0.7,31,27,58,1.6,1.4,1.5,3,3,6,8,10,18,LDLWLDLLLWLLLDLLDLDWDLWDLDLWDLLLLLLLLD,1,1,8,2-0,1-2,0-3,3-0
541,Real Madrid,140,La Liga,2019,19,19,38,15,11,26,4,5,9,0,3,3,40,30,70,2.1,1.6,1.8,11,14,25,0.6,0.7,0.7,11,8,19,2,4,6,WDDWWWDWLWDWWWWDDDWWWWWDLWLWWWWWWWWWWD,10,3,1,5-0,0-4,,2-1
542,Alaves,140,La Liga,2019,19,19,38,7,3,10,6,3,9,6,13,19,20,14,34,1.1,0.7,0.9,19,40,59,1.0,2.1,1.6,7,2,9,6,8,14,WDDLLLWLWLDLWWLLDLDWLDWLWDDLWLLLLLLDWL,2,2,6,3-0,0-2,0-5,6-0
543,Real Betis,140,La Liga,2019,19,19,38,9,1,10,4,7,11,6,11,17,34,14,48,1.8,0.7,1.3,27,33,60,1.4,1.7,1.6,3,3,6,1,9,10,LLWDDWLDLLWDLWWWDLDWLDLDDLWLDLWLLDWLLL,3,2,2,3-0,1-2,0-2,5-1
545,Eibar,140,La Liga,2019,19,19,38,8,3,11,3,6,9,8,10,18,25,14,39,1.3,0.7,1.0,25,31,56,1.3,1.6,1.5,6,5,11,6,9,15,LDLLDWWDLLWWLLLLDWLWDDLLWLLLDDWWLLDWWL,2,2,4,3-0,0-2,0-4,5-0
546,Getafe,140,La Liga,2019,19,19,38,8,6,14,6,6,12,5,7,12,25,18,43,1.3,0.9,1.1,20,17,37,1.1,0.9,1.0,8,7,15,7,7,14,LDDDWDLWWLWWDDWWWLLWWWWLLWDLDDDWLDLDLL,4,3,2,4-0,0-3,0-3,2-0
548,Real Sociedad,140,La Liga,2019,19,19,38,9,7,16,4,4,8,6,8,14,33,23,56,1.7,1.2,1.5,20,28,48,1.1,1.5,1.3,6,3,9,2,5,7,DWLWWWLLWWLWDLWDDWLLWLWWWLWDLLLLWDLWDD,3,2,4,4-1,1-3,2-3,3-0
715,Granada CF,140,La Liga,2019,19,19,38,10,6,16,3,5,8,6,8,14,26,26,52,1.4,1.4,1.4,16,29,45,0.8,1.5,1.2,8,5,13,3,7,10,DLWWWDWLWWLLLDLWLLWLLWLWWDDWDLDLWDWLWW,3,2,3,4-0,0-3,1-2,3-0
720,Valladolid,140,La Liga,2019,19,19,38,5,4,9,10,5,15,4,10,14,18,14,32,0.9,0.7,0.8,15,28,43,0.8,1.5,1.1,8,4,12,7,8,15,WDLDLDWDDWLWLLDDLDDDLWDLWLLWDLDDDWLLLW,1,3,3,3-0,0-2,1-4,5-1
727,Osasuna,140,La Liga,2019,19,19,38,7,6,13,7,6,13,5,7,12,26,20,46,1.4,1.1,1.2,29,25,54,1.5,1.3,1.4,6,5,11,6,6,12,WDDDDLDWLWDWDLWDLLDDWLLWLLWDLLWWWDLWWD,3,4,2,4-2,2-4,0-5,3-0
798,Mallorca,140,La Liga,2019,19,19,38,8,1,9,3,3,6,8,15,23,25,15,40,1.3,0.8,1.1,22,43,65,1.2,2.3,1.7,5,0,5,7,11,18,WLLDLLLWWLDLWLLLDLLWLLLWDLWLLDLLWLWLLD,2,1,3,5-1,1-2,0-4,5-2
529,Barcelona,140,La Liga,2020,19,19,38,11,13,24,5,2,7,3,4,7,44,41,85,2.3,2.2,2.2,20,18,38,1.1,0.9,1.0,6,8,14,1,2,3,WWDLLDWLWLWWDWDWWWWWWWDWWWWWWLWWLWDDLW,7,2,2,5-1,1-6,1-3,2-1
530,Atletico Madrid,140,La Liga,2020,19,19,38,15,11,26,3,5,8,1,3,4,41,26,67,2.2,1.4,1.8,11,14,25,0.6,0.7,0.7,10,8,18,2,5,7,WDDWWWWWWWLWWWWWWWWDWDLWDWDWLDWWLWDWWW,8,2,1,6-1,2-4,0-2,2-0
531,Athletic Club,140,La Liga,2020,19,19,38,8,3,11,6,7,13,5,9,14,29,17,46,1.5,0.9,1.2,19,23,42,1.0,1.2,1.1,5,4,9,5,7,12,LWLLWLWLWDLDLWDLWLWLDWDDWLDDDDDWDWDLLL,1,5,2,5-1,0-4,0-2,3-1
532,Valencia,140,La Liga,2020,19,19,38,8,2,10,7,6,13,4,11,15,34,16,50,1.8,0.8,1.3,23,30,53,1.2,1.6,1.4,3,4,7,3,6,9,WLDWLLLDWDLDDDLLDWDLWDLWLWLWLDDLDLWLWD,1,3,3,4-1,0-1,0-2,3-0
533,Villarreal,140,La Liga,2020,19,19,38,8,7,15,6,7,13,5,5,10,29,31,60,1.5,1.6,1.6,23,21,44,1.2,1.1,1.2,4,6,10,2,5,7,DWLWDWDWWDDDDWDLWWDDDDLDLLWWWLWLLWLWWL,3,4,2,4-0,1-5,2-4,4-0
536,Sevilla,140,La Liga,2020,19,19,38,14,10,24,1,4,5,4,5,9,27,26,53,1.4,1.4,1.4,11,22,33,0.6,1.2,0.9,11,6,17,4,3,7,WWDLLLWWWLWDWWDWLWWWWWWLLWWDWWWWWLDWLW,6,1,3,3-0,1-3,0-2,4-0
538,Celta Vigo,140,La Liga,2020,19,19,38,9,5,14,3,8,11,7,6,13,30,25,55,1.6,1.3,1.4,30,27,57,1.6,1.4,1.5,5,4,9,4,6,10,DWDLLLDLDLWWWWDWLLLDDDWLDWDLWLDLWWWWWL,5,3,3,4-0,2-4,0-4,4-2
539,Levante,140,La Liga,2020,19,19,38,5,4,9,9,5,14,5,10,15,27,19,46,1.4,1.0,1.2,30,27,57,1.6,1.4,1.5,2,2,4,4,7,11,LWLLLDDDDDWLWDWLWDDWDLDWDLWLLWLLLLDDLD,1,5,4,3-0,1-3,1-5,4-2
541,Real Madrid,140,La Liga,2020,19,19,38,13,12,25,3,6,9,3,1,4,33,34,67,1.7,1.8,1.8,13,15,28,0.7,0.8,0.7,9,8,17,2,3,5,DWWWLWWLDLWWWWWDWDWLWWWWDDWWWWDWDWDWWW,5,2,1,4-1,1-4,1-2,4-1
542,Alaves,140,La Liga,2020,19,19,38,6,3,9,6,5,11,7,11,18,21,15,36,1.1,0.8,0.9,25,32,57,1.3,1.7,1.5,5,4,9,5,8,13,LLDLWLWDDDWDLLWDLLLLDWLLLLDLLDWWDLDWWL,2,3,4,4-2,0-2,1-4,5-1
543,Real Betis,140,La Liga,2020,19,19,38,10,7,17,5,5,10,4,7,11,27,23,50,1.4,1.2,1.3,21,29,50,1.1,1.5,1.3,7,6,13,3,6,9,WWLLWLLWLLLWDLWLDWWDWLWWWWLWDDDDDDWDWW,4,6,3,3-1,0-2,0-3,4-0
545,Eibar,140,La Liga,2020,19,19,38,2,4,6,7,5,12,10,10,20,12,17,29,0.6,0.9,0.8,21,31,52,1.1,1.6,1.4,6,3,9,10,4,14,DLLLWDWLDDWDDLLDWLLDLLDLDLLDLLLLLWWDLL,2,2,5,3-0,0-2,1-3,5-0
546,Getafe,140,La Liga,2020,19,19,38,6,3,9,6,5,11,7,11,18,15,13,28,0.8,0.7,0.7,13,30,43,0.7,1.6,1.1,8,6,14,9,12,21,WDWLWLDLDDLLWDLLWWLDLLLLWLDDDLDLWLLLWD,2,3,4,3-0,1-3,1-3,5-1
548,Real Sociedad,140,La Liga,2020,19,19,38,9,8,17,6,5,11,4,6,10,34,25,59,1.8,1.3,1.6,21,17,38,1.1,0.9,1.0,6,8,14,3,3,6,DDWLWWWWWWDDDLLLWDLDDWWWDWLLDDLWWLWLWW,6,3,3,4-0,1-4,1-6,3-2
715,Granada CF,140,La Liga,2020,19,19,38,9,4,13,4,3,7,6,12,18,25,22,47,1.3,1.2,1.2,25,40,65,1.3,2.1,1.7,7,2,9,5,3,8,WWLDWWDLLLDWWLWLLWDLDDLLWLWLLWWLWLLLLD,2,2,4,4-1,1-2,0-4,6-1
720,Valladolid,140,La Liga,2020,19,19,38,3,2,5,7,9,16,9,8,17,19,15,34,1.0,0.8,0.9,30,27,57,1.6,1.4,1.5,0,3,3,5,9,14,DLDLLDLLWWDLWDLDWLDDLLDLDWDDLLDDDDLLLL,2,4,2,3-2,1-3,0-3,4-1
724,Cadiz,140,La Liga,2020,19,19,38,5,6,11,5,6,11,9,7,16,17,19,36,0.9,1.0,0.9,30,28,58,1.6,1.5,1.5,4,6,10,9,4,13,LWLWDWDWLLDWLLLDDWDLLLLDLWDLWWDLDWWLLD,2,2,4,3-1,0-2,0-4,4-0
726,Huesca,140,La Liga,2020,19,19,38,5,2,7,7,6,13,7,11,18,17,17,34,0.9,0.9,0.9,21,32,53,1.1,1.7,1.4,7,2,9,9,7,16,DLDDDDLLDDLDWLDLLLLDWLLWDLLDWWLLLWLWLD,2,4,4,3-1,1-3,0-2,4-1
727,Osasuna,140,La Liga,2020,19,19,38,7,4,11,5,6,11,7,9,16,21,16,37,1.1,0.8,1.0,23,25,48,1.2,1.3,1.3,6,5,11,7,8,15,WLLWDWLLDLLLLDDDDLDWLWWLWLDDDWWWLLDWLL,3,4,4,3-1,0-2,1-3,4-0
797,Elche,140,La Liga,2020,19,19,38,5,3,8,8,4,12,6,12,18,18,16,34,0.9,0.8,0.9,23,32,55,1.2,1.7,1.4,4,3,7,6,7,13,LWDWWLDDDDLLDDLLDLLDLWLLWLLDDLLDWLLLWW,2,4,3,2-0,1-3,0-3,3-0
529,Barcelona,140,La Liga,2021,19,19,38,12,9,21,2,8,10,5,2,7,37,31,68,1.9,1.6,1.8,19,19,38,1.0,1.0,1.0,5,6,11,4,4,8,WDWDDWLWLLDDWWLDWDWDWWDWWWWWWWLWLWWWDL,7,2,2,4-0,0-4,0-2,2-0
530,Atletico Madrid,140,La Liga,2021,19,19,38,12,9,21,5,3,8,2,7,9,33,32,65,1.7,1.7,1.7,16,27,43,0.8,1.4,1.1,9,3,12,3,4,7,WWDWDWLWDDWDWWLLLLWDWLWLWWWWWWLWDLWWDW,6,2,4,4-1,1-4,1-2,4-2
531,Athletic Club,140,La Liga,2021,19,19,38,10,4,14,4,9,13,5,6,11,29,14,43,1.5,0.7,1.1,18,18,36,0.9,0.9,0.9,6,7,13,4,10,14,DDWWDLDWWDDLDDLDLWLWDWWLWLWLDWDLWWDLWL,2,2,1,4-0,1-3,0-2,4-0
532,Valencia,140,La Liga,2021,19,19,38,6,5,11,8,7,15,5,7,12,26,22,48,1.4,1.2,1.3,24,29,53,1.3,1.5,1.4,6,6,12,3,5,8,WDWWLLDDLDLWDDDWWWLLDLDLLWWDWDDLLDDLDW,3,3,2,3-0,1-4,1-4,4-1
533,Villarreal,140,La Liga,2021,19,19,38,10,6,16,6,5,11,3,8,11,40,23,63,2.1,1.2,1.7,18,19,37,0.9,1.0,1.0,9,5,14,2,9,11,DDDDWDWLLDLWDLLWWWWDLWWDWWLWLLDWWLDWLW,4,4,2,5-0,1-5,1-3,2-0
536,Sevilla,140,La Liga,2021,19,19,38,12,6,18,6,10,16,1,3,4,36,17,53,1.9,0.9,1.4,17,13,30,0.9,0.7,0.8,9,8,17,2,5,7,WWDDWWLWWDWWDLWWWDWWDDDWDWDDDLWLWDDDDW,3,4,1,3-0,0-2,2-3,2-1
538,Celta Vigo,140,La Liga,2021,19,19,38,7,5,12,4,6,10,8,8,16,26,17,43,1.4,0.9,1.1,23,20,43,1.2,1.1,1.1,6,8,14,5,10,15,LDLLLWWLLWLDDDWLDWWLWDWDDLWLDLLWLDWLWL,2,3,3,4-0,0-3,0-2,5-2
539,Levante,140,La Liga,2021,19,19,38,5,3,8,7,4,11,7,12,19,28,23,51,1.5,1.2,1.3,30,46,76,1.6,2.4,2.0,6,1,7,6,6,12,DDLDDLLLDLDLLDLDLLLWLLLWDWLDLWLWLDWLWW,1,2,3,3-0,1-4,0-3,6-0
540,Espanyol,140,La Liga,2021,19,19,38,9,1,10,6,6,12,4,12,16,25,15,40,1.3,0.8,1.1,19,34,53,1.0,1.8,1.4,8,2,10,2,8,10,DDLLDWLWWDDLWLWLWLWLDLLDDLWDWLWLLLDLDD,2,2,3,2-0,1-2,1-4,5-1
541,Real Madrid,140,La Liga,2021,19,19,38,13,13,26,5,3,8,1,3,4,44,36,80,2.3,1.9,2.1,13,18,31,0.7,0.9,0.8,11,5,16,5,3,8,WDWWWWDLWDWWWWWWWDWLWDWDWWWWLWWWWWLWDD,7,1,1,6-0,1-4,0-4,2-1
542,Alaves,140,La Liga,2021,19,19,38,7,1,8,4,3,7,8,15,23,17,14,31,0.9,0.7,0.8,21,44,65,1.1,2.3,1.7,5,1,6,7,9,16,LLLLLWLLWWDWDLLDLLDDLLLWLDDLLLLWLWLWLL,2,2,5,2-1,0-2,1-4,4-0
543,Real Betis,140,La Liga,2021,19,19,38,10,9,19,2,6,8,7,4,11,34,28,62,1.8,1.5,1.6,22,18,40,1.2,0.9,1.1,5,8,13,5,6,11,DDLWDWWLWWWLLWWWWLLDWWLWWLLWDWWDLDLWWD,4,2,2,4-0,1-4,1-3,3-0
546,Getafe,140,La Liga,2021,19,19,38,7,1,8,7,8,15,5,10,15,21,12,33,1.1,0.6,0.9,15,26,41,0.8,1.4,1.1,10,4,14,8,10,18,LLLLLLLDDLDWLWDDDWWLWDWLDDLDDWLLWDDDDL,2,4,7,4-0,0-2,0-3,3-0
548,Real Sociedad,140,La Liga,2021,19,19,38,10,7,17,5,6,11,4,6,10,16,24,40,0.8,1.3,1.1,9,28,37,0.5,1.5,1.0,14,6,20,6,5,11,LWWWDWWDWDWDWDLLLLDWDDWLWWLWDWWDLDLWWL,3,2,4,3-0,0-2,1-3,4-0
715,Granada CF,140,La Liga,2021,19,19,38,5,3,8,7,7,14,7,9,16,22,22,44,1.2,1.2,1.2,29,32,61,1.5,1.7,1.6,4,4,8,4,9,13,DDLLDLLWDDWLLDWDWWDDLLLLLDLLWDLLDDWWLD,2,2,5,4-1,2-6,1-4,4-0
724,Cadiz,140,La Liga,2021,19,19,38,3,5,8,9,6,15,7,8,15,19,16,35,1.0,0.8,0.9,24,27,51,1.3,1.4,1.3,6,7,13,6,7,13,DDLLWDLDLLDDWLLLDDLLDWLDDDWLWDLWLDWLDW,1,3,3,3-0,0-2,1-4,4-0
727,Osasuna,140,La Liga,2021,19,19,38,5,7,12,7,4,11,7,8,15,17,20,37,0.9,1.1,1.0,26,25,51,1.4,1.3,1.3,7,5,12,6,9,15,DDWLWLWWWDDLLLDDDLLWLWDWLLWLWLWWLDDDLL,3,3,3,3-1,0-3,1-4,4-0
728,Rayo Vallecano,140,La Liga,2021,19,19,38,8,3,11,5,4,9,6,12,18,26,13,39,1.4,0.7,1.0,22,28,50,1.2,1.5,1.3,6,3,9,5,9,14,LLWDWWWLWLWDLWDWLWLDLLLLLLDLDDLWWDDLLL,3,2,6,4-0,1-2,1-5,3-0
797,Elche,140,La Liga,2021,19,19,38,7,4,11,6,3,9,6,12,18,24,16,40,1.3,0.8,1.1,21,31,52,1.1,1.6,1.4,5,3,8,5,7,12,DLDWDLLWLDLLDLDWLLDWWDWLWLLWLLLWWDLLLW,2,1,3,3-0,1-2,0-3,4-1
798,Mallorca,140,La Liga,2021,19,19,38,7,3,10,6,3,9,6,13,19,20,16,36,1.1,0.8,0.9,25,38,63,1.3,2.0,1.7,6,3,9,7,8,15,DWWLDLLWLDDDDLDWDLLLLWWLLLLLLLWLWLLDWW,2,4,7,3-2,0-2,2-6,6-1
529,Barcelona,140,La Liga,2022,19,19,38,15,13,28,3,1,4,1,5,6,37,33,70,1.9,1.7,1.8,4,16,20,0.2,0.8,0.5,16,10,26,2,2,4,DWWWWWWWLWWWWWDWWWWWWWLWWWWDDWLWWWLLWL,7,2,2,4-0,0-4,1-2,3-1
530,Atletico Madrid,140,La Liga,2022,19,19,38,13,10,23,3,5,8,3,4,7,41,29,70,2.2,1.5,1.8,15,18,33,0.8,0.9,0.9,6,7,13,2,3,5,WLWDWLWWWDWLDLWLDWWDWWDWWWWWWLWWWLWDWD,6,1,1,6-1,2-5,0-2,3-2
531,Athletic Club,140,La Liga,2022,19,19,38,8,6,14,3,6,9,8,7,15,22,25,47,1.2,1.3,1.2,15,28,43,0.8,1.5,1.1,8,3,11,10,6,16,DWWLWWWDLDLWLWDDLLLWWLLDLWDWWWLDLLWLLD,3,2,3,4-0,0-4,0-2,5-1
532,Valencia,140,La Liga,2022,19,19,38,8,3,11,5,4,9,6,12,18,27,15,42,1.4,0.8,1.1,19,26,45,1.0,1.4,1.2,6,1,7,4,8,12,WLLWLWDWDDLLDWLLDLLLLLWLWLDLLWWLDWWLDD,2,2,5,5-1,0-2,0-2,3-0
533,Villarreal,140,La Liga,2022,19,19,38,12,7,19,3,4,7,4,8,12,36,23,59,1.9,1.2,1.6,18,22,40,0.9,1.2,1.1,5,7,12,3,6,9,WWDWLDDLWLWLLWWWDWLLLLWWDWWWLLWWDWWWLD,3,2,4,5-1,0-3,0-2,3-0
536,Sevilla,140,La Liga,2022,19,19,38,7,6,13,5,5,10,7,8,15,24,23,47,1.3,1.2,1.2,25,29,54,1.3,1.5,1.4,4,5,9,5,2,7,LDLLWDLDWDLLDLDWLWWLWDLLWLWDWWWLWWDDLL,3,2,2,3-0,0-3,0-3,6-1
538,Celta Vigo,140,La Liga,2022,19,19,38,7,4,11,6,4,10,6,11,17,26,17,43,1.4,0.9,1.1,21,32,53,1.1,1.7,1.4,6,4,10,2,8,10,DLWWLLWLLLDLLDDWDLWWLDWDWWDDLLWLLLLDLW,2,2,4,3-0,1-3,1-4,4-1
540,Espanyol,140,La Liga,2022,19,19,38,4,4,8,7,6,13,8,9,17,27,25,52,1.4,1.3,1.4,35,34,69,1.8,1.8,1.8,4,2,6,3,1,4,DLLWLLDDWLDDDLDDWWLDLWWLLLLLLDLWLLWDDD,2,3,6,2-1,1-2,2-4,4-2
541,Real Madrid,140,La Liga,2022,19,19,38,13,11,24,5,1,6,1,7,8,44,31,75,2.3,1.6,2.0,16,20,36,0.8,1.1,0.9,6,7,13,1,4,5,WWWWWWDWWWWDLWWLWDWLWWDDWLWLWWLWLWLWWD,6,2,1,6-0,1-4,2-3,4-2
543,Real Betis,140,La Liga,2022,19,19,38,9,8,17,5,4,9,5,7,12,26,20,46,1.4,1.1,1.2,18,23,41,0.9,1.2,1.1,7,6,13,5,8,13,WWWLWWLDWDLWDLDWLWLLWWWDDWLLWLDLWWDLWD,3,2,2,3-0,0-2,0-2,4-0
546,Getafe,140,La Liga,2022,19,19,38,7,3,10,6,6,12,6,10,16,21,13,34,1.1,0.7,0.9,20,25,45,1.1,1.3,1.2,7,6,13,6,8,14,LLDLWWLLDDDWDLWLLLLDDWLWDWDLDLLLWLDWWD,2,3,4,2-0,0-2,0-3,5-1
547,Girona,140,La Liga,2022,19,19,38,10,3,13,3,7,10,6,9,15,35,23,58,1.8,1.2,1.5,26,29,55,1.4,1.5,1.4,2,2,4,3,5,8,LWLDWLLLDLDDWWDDWLLWLWWLLDWDWLWWWDLDLL,3,2,3,6-2,0-2,3-5,2-0
548,Real Sociedad,140,La Liga,2022,19,19,38,11,10,21,5,3,8,3,6,9,26,25,51,1.4,1.3,1.3,16,19,35,0.8,1.0,0.9,8,7,15,3,6,9,WLWDLWWWWWLLDWWWWWDLWDLDDWLWLWDWWDWWLW,5,2,2,3-1,3-5,1-4,2-0
720,Valladolid,140,La Liga,2022,19,19,38,8,3,11,4,3,7,7,13,20,21,12,33,1.1,0.6,0.9,25,38,63,1.3,2.0,1.7,7,2,9,8,10,18,LDLWLLWDLWWLWLLLLLWWDLLWDLLDWWLLLLLWDD,2,1,5,4-1,2-3,2-5,6-0
723,Almeria,140,La Liga,2022,19,19,38,10,1,11,3,5,8,6,13,19,29,20,49,1.5,1.1,1.3,22,43,65,1.2,2.3,1.7,4,0,4,4,6,10,LDWLLLLWLWLWLWDLDDWLLLWLLDDWLLWLWLWLDD,1,2,4,3-0,1-2,0-2,6-2
724,Cadiz,140,La Liga,2022,19,19,38,7,3,10,6,6,12,6,10,16,19,11,30,1.0,0.6,0.8,23,30,53,1.2,1.6,1.4,7,6,13,8,9,17,LLLLLWDDDDLWDLDWDLWLWLWDDDLWLDLWLLWLWD,1,4,5,2-0,0-2,0-4,5-1
727,Osasuna,140,La Liga,2022,19,19,38,11,4,15,1,7,8,7,8,15,24,13,37,1.3,0.7,1.0,21,21,42,1.1,1.1,1.1,6,5,11,6,9,15,WWLWWLDLLWDWWLLDWDLDDLWDLLDWLWWLLWLWLW,2,2,2,3-1,2-3,0-3,3-0
728,Rayo Vallecano,140,La Liga,2022,19,19,38,9,4,13,5,5,10,5,10,15,28,17,45,1.5,0.9,1.2,22,31,53,1.2,1.6,1.4,4,5,9,5,5,10,DWLLWLWLDDWWWDDLWLWWDDLDLDDLWLWLWLLLWL,3,2,3,5-1,0-2,0-2,4-0
797,Elche,140,La Liga,2022,19,19,38,3,2,5,6,4,10,10,13,23,18,12,30,0.9,0.6,0.8,29,38,67,1.5,2.0,1.8,2,2,4,7,9,16,LDLLLLLDDLDLLLLLDDLWLLLWDLLLLLLWLWDDWD,1,2,6,4-0,0-1,0-4,4-0
798,Mallorca,140,La Liga,2022,19,19,38,10,4,14,5,3,8,4,12,16,22,15,37,1.2,0.8,1.0,12,31,43,0.6,1.6,1.1,9,4,13,4,9,13,DLWDLWLDLLWDWWLWLWLWLWLLDLDDWWLDLWLWLW,2,2,2,3-0,0-2,1-2,4-1
529,Barcelona,140,La Liga,2023,19,19,38,15,11,26,1,6,7,3,2,5,43,36,79,2.3,1.9,2.1,21,23,44,1.1,1.2,1.2,11,6,17,0,2,2,DWWWWWDWDWLWWDWLDWWWLWWDWWDWWWWLWLWWWW,5,1,1,5-0,0-3,3-5,4-2
530,Atletico Madrid,140,La Liga,2023,19,19,38,16,8,24,1,3,4,2,8,10,42,28,70,2.2,1.5,1.8,22,21,43,1.2,1.1,1.1,5,8,13,1,7,8,WDWLWWWWWWLWWLWLDWLWWWDLWDWLLWWLWWWWLW,6,1,2,5-0,0-7,1-4,3-0
531,Athletic Club,140,La Liga,2023,19,19,38,12,7,19,6,5,11,1,7,8,42,19,61,2.2,1.0,1.6,18,19,37,0.9,1.0,1.0,9,9,18,2,7,9,LWWDWWDLWLDWWDWDWWWWLDWDWLDWWLDDLWDLWW,4,2,1,4-0,0-2,0-2,3-0
532,Valencia,140,La Liga,2023,19,19,38,8,5,13,6,4,10,5,10,15,20,20,40,1.1,1.1,1.1,14,31,45,0.7,1.6,1.2,10,3,13,6,7,13,WWLLWDLLDWDWLDLLDWWWWLWLDDWLDWWLLLDLLD,4,2,3,3-0,1-4,1-3,5-1
533,Villarreal,140,La Liga,2023,19,19,38,7,7,14,5,6,11,7,6,13,36,29,65,1.9,1.5,1.7,32,33,65,1.7,1.7,1.7,3,3,6,2,2,4,LWLLWDLDLDWLLWDLLWLLDWDDDWWWWLDWWLWWDD,4,3,2,5-1,3-5,0-3,4-1
534,Las Palmas,140,La Liga,2023,19,19,38,6,4,10,6,4,10,7,11,18,20,13,33,1.1,0.7,0.9,20,27,47,1.1,1.4,1.2,5,3,8,6,11,17,DLDLLWLWWLWWDLWWDLLWWLDWLDDLLLLLLLLDDD,2,2,8,3-0,0-2,0-2,5-0
536,Sevilla,140,La Liga,2023,19,19,38,6,4,10,5,6,11,8,9,17,27,21,48,1.4,1.1,1.3,27,27,54,1.4,1.4,1.4,3,5,8,3,7,10,LLLWDWLDDDDDLDLLWLLLLDWWDLWDLWWWDWLLLL,3,5,4,5-1,0-3,0-3,5-1
538,Celta Vigo,140,La Liga,2023,19,19,38,6,4,10,6,5,11,7,10,17,21,25,46,1.1,1.3,1.2,23,34,57,1.2,1.8,1.5,3,3,6,7,6,13,LDLWLLDLDLLDLDDDWLWDLLWLLDWLWDLWLWLWWD,2,3,2,4-1,0-3,0-3,4-0
541,Real Madrid,140,La Liga,2023,19,19,38,16,13,29,3,5,8,0,1,1,48,39,87,2.5,2.1,2.3,9,17,26,0.5,0.9,0.7,12,9,21,2,0,2,WWWWWLWWWDWDWWWDWWWWWWDWDWDWWWWWWWWWDD,9,1,1,5-0,0-4,,3-1
542,Alaves,140,La Liga,2023,19,19,38,9,3,12,4,6,10,6,10,16,23,13,36,1.2,0.7,0.9,19,27,46,1.0,1.4,1.2,7,4,11,5,10,15,LWLWLLDLDDLWLWDLLLDWWWLDDDLWLLLWWWDLWD,3,3,3,3-0,0-3,1-3,5-0
543,Real Betis,140,La Liga,2023,19,19,38,9,5,14,7,8,15,3,6,9,27,21,48,1.4,1.1,1.3,19,26,45,1.0,1.4,1.2,7,6,13,3,5,8,WDLWLDDWDDWWDWDDDDLWLWDWDWLLLLWWDWWDLD,2,4,4,3-0,0-2,2-4,5-0
546,Getafe,140,La Liga,2023,19,19,38,8,2,10,5,8,13,6,9,15,20,22,42,1.1,1.2,1.1,22,32,54,1.2,1.7,1.4,7,3,10,7,8,15,DLWLWLDDDDDWDWLWWDLLWLDWDLDLWLDDWLLLLL,2,5,2,2-0,0-3,0-3,4-0
547,Girona,140,La Liga,2023,19,19,38,15,10,25,2,4,6,2,5,7,53,32,85,2.8,1.7,2.2,20,26,46,1.1,1.4,1.2,8,4,12,3,4,7,DWWWWWWLWWWWWDWWWDWDWWDLLWLWLWLWWWDLWW,6,1,2,7-0,2-4,0-3,4-0
548,Real Sociedad,140,La Liga,2023,19,19,38,8,8,16,6,6,12,5,5,10,26,25,51,1.4,1.3,1.3,20,19,39,1.1,1.0,1.0,7,8,15,6,4,10,DDDWLWWWLWDLWWDWDDDLWDDLWLLWWWDDLWLWWL,3,3,2,3-0,0-3,1-3,2-0
715,Granada CF,140,La Liga,2023,19,19,38,4,0,4,6,3,9,9,16,25,24,14,38,1.3,0.7,1.0,32,47,79,1.7,2.5,2.1,3,0,3,5,11,16,LLWLLLDDDLLLDLLDLLWLLLDDDLLLLLWDWLLLLL,1,3,5,3-0,,0-4,7-0
723,Almeria,140,La Liga,2023,19,19,38,1,2,3,8,4,12,10,13,23,22,21,43,1.2,1.1,1.1,36,39,75,1.9,2.1,2.0,4,2,6,8,4,12,LLDLLDLDLLLLLLDLDLLDLLLDDDLDWLDLLWLLDW,1,3,6,6-1,0-1,0-3,5-1
724,Cadiz,140,La Liga,2023,19,19,38,5,1,6,9,6,15,5,12,17,16,10,26,0.8,0.5,0.7,19,36,55,1.0,1.9,1.4,8,2,10,8,10,18,WLDWLDDLLLDLLDDDDDLLLDDLLDDWLWLLDLWWDL,2,5,3,3-1,0-1,1-4,6-1
727,Osasuna,140,La Liga,2023,19,19,38,6,6,12,5,4,9,8,9,17,19,26,45,1.0,1.4,1.2,26,30,56,1.4,1.6,1.5,6,4,10,6,4,10,WLWLLDLWLWLLDLDDWLWWDLLWWDWLLWLLLLDDWD,2,2,4,2-0,1-4,0-3,4-0
728,Rayo Vallecano,140,La Liga,2023,19,19,38,4,4,8,8,6,14,7,9,16,18,11,29,0.9,0.6,0.8,26,22,48,1.4,1.2,1.3,4,9,13,7,12,19,WWLLWDDDDWDDLDLDLLWLDLLLDLDLWDDWLLDWLL,2,4,3,2-0,0-2,0-7,4-0
798,Mallorca,140,La Liga,2023,19,19,38,6,2,8,8,8,16,5,9,14,17,16,33,0.9,0.8,0.9,16,28,44,0.8,1.5,1.2,7,3,10,7,8,15,DLLDWLDDDLDLLDDWDWLDDLLWLDWLWDLLDLWDDW,1,3,2,3-2,1-2,1-2,4-0
487,Lazio,135,Serie A,2018,19,19,38,9,8,17,5,3,8,5,8,13,36,20,56,1.9,1.1,1.5,25,21,46,1.3,1.1,1.2,5,5,10,1,4,5,LLWWWWLWWLWDDDDLWWDLLWWLWDWWLDLWLWLWDL,4,4,2,4-1,0-2,0-3,3-1
488,Sassuolo,135,Serie A,2018,19,19,38,5,4,9,10,6,16,4,9,13,33,20,53,1.7,1.1,1.4,33,27,60,1.7,1.4,1.6,6,6,12,4,5,9,WDWLWWLLDDWDLDDWDLLDWDLLDLDLLWDDDWDLDL,2,3,2,4-0,0-2,2-6,3-0
489,AC Milan,135,Serie A,2018,19,19,38,12,7,19,4,7,11,3,5,8,31,24,55,1.6,1.3,1.4,17,19,36,0.9,1.0,0.9,7,5,12,4,5,9,LWDDDWWLWWWLDWDDLDWWDDWWWWWLLDLWDLWWWW,5,3,2,3-0,1-4,0-2,2-0
490,Cagliari,135,Serie A,2018,19,19,38,8,2,10,6,5,11,5,12,17,23,13,36,1.2,0.7,0.9,20,34,54,1.1,1.8,1.4,5,2,7,5,9,14,LDWDLDLWDWLDDDDLLWLDLLLWLWLWWLWDWLLLDL,2,4,3,2-0,0-3,0-2,3-0
491,Chievo,135,Serie A,2018,19,19,38,1,1,2,7,7,14,11,11,22,14,11,25,0.7,0.6,0.7,37,38,75,1.9,2.0,2.0,4,3,7,9,11,20,LLDDLLLLLLLDDDDDDLWLLDLLDLLDLLLLWDLLDD,1,6,7,1-0,1-2,1-5,6-1
492,Napoli,135,Serie A,2018,19,19,38,13,11,24,4,3,7,2,5,7,41,33,74,2.2,1.7,1.9,16,20,36,0.8,1.1,0.9,8,6,14,2,4,6,WWLWWWLWWDWWDWWWWLWWDWDDWLDWWLDWLWWWWL,4,2,1,5-1,0-4,1-2,3-0
493,Spal,135,Serie A,2018,19,19,38,5,6,11,7,2,9,7,11,18,20,24,44,1.1,1.3,1.2,26,30,56,1.4,1.6,1.5,6,4,10,5,5,10,WWLWLLLLWLLDLDDDLDLDWDLLDLLWWWLWWDWLLL,3,3,4,2-0,0-4,1-4,4-1
494,Udinese,135,Serie A,2018,19,19,38,8,3,11,5,5,10,6,11,17,22,17,39,1.2,0.9,1.0,22,31,53,1.2,1.6,1.4,6,3,9,4,9,13,DWLDWLLLLDLLWDLLDDWLLDLWWLLWDWLLDLDWWW,2,2,4,2-0,1-3,0-3,4-0
495,Genoa,135,Serie A,2018,19,19,38,6,2,8,8,6,14,5,11,16,21,18,39,1.1,0.9,1.0,22,35,57,1.2,1.8,1.5,5,2,7,5,7,12,WLWLWWLDDLLLDLDLWLDLWDDWDDLWLLDLLDDLDD,2,2,3,3-1,1-3,0-4,5-0
496,Juventus,135,Serie A,2018,19,19,38,15,13,28,4,2,6,0,4,4,39,31,70,2.1,1.6,1.8,13,17,30,0.7,0.9,0.8,8,8,16,0,3,3,WWWWWWWWDWWWWWWWWDWWWDWWWWWLWWWLWDDLDL,8,2,1,4-1,0-3,,2-0
497,AS Roma,135,Serie A,2018,19,19,38,12,6,18,5,7,12,2,6,8,43,23,66,2.3,1.2,1.7,26,22,48,1.4,1.2,1.3,4,6,10,1,5,6,WDLDLWWWLDDWLDDWLWWWDDWWWLWLLDWWDWDWDW,3,2,2,4-0,0-3,1-4,3-0
498,Sampdoria,135,Serie A,2018,19,19,38,10,5,15,2,6,8,7,8,15,28,32,60,1.5,1.7,1.6,16,35,51,0.8,1.8,1.3,9,4,13,4,5,9,LWWDLDWWDLLLDWDWWWLDWLLLWWLWWLLWLLDLDW,3,1,3,4-0,0-5,1-4,4-1
499,Atalanta,135,Serie A,2018,19,19,38,10,10,20,5,4,9,4,5,9,36,41,77,1.9,2.2,2.0,19,27,46,1.0,1.4,1.2,6,3,9,4,4,8,WDLLDDLLWWWWLLWWLDWWDWWLLWWDWWDDWWWWDW,4,2,2,4-0,0-5,1-3,3-1
500,Bologna,135,Serie A,2018,19,19,38,9,2,11,4,7,11,6,10,16,28,20,48,1.5,1.1,1.3,22,34,56,1.2,1.8,1.5,6,4,10,7,6,13,LDLLWLWLDDLDDLLDDLLDLWDLLLWWWLWDWWLWDW,3,2,3,4-1,2-3,0-4,4-1
502,Fiorentina,135,Serie A,2018,19,19,38,5,3,8,9,8,17,5,8,13,25,22,47,1.3,1.2,1.2,19,26,45,1.0,1.4,1.2,6,3,9,8,6,14,WWLDWLWLDDDDDLDWWLDDWDDWDLDLDDLDLLLLLD,2,5,5,6-1,1-4,0-3,3-1
503,Torino,135,Serie A,2018,19,19,38,12,4,16,2,13,15,5,2,7,32,20,52,1.7,1.1,1.4,19,18,37,1.0,0.9,1.0,7,8,15,2,6,8,LDWDLDWWDDWLDWDLDWDLWDWDWWWLDWDDWWDWLW,3,2,1,3-0,1-4,1-3,4-1
505,Inter,135,Serie A,2018,19,19,38,11,9,20,5,4,9,3,6,9,27,30,57,1.4,1.6,1.5,10,23,33,0.5,1.2,0.9,10,7,17,5,4,9,LDWLWWWWWWWLWDLWDWWDLLWWDLWWLWDWDDDWLW,7,3,2,5-0,0-4,0-1,4-1
511,Empoli,135,Serie A,2018,19,19,38,9,1,10,3,5,8,7,13,20,33,18,51,1.7,0.9,1.3,30,40,70,1.6,2.1,1.8,3,2,5,3,7,10,WLDLLDLLDLLWWDWLLLLDLDLWLDLWLWLDLLWWWL,3,1,4,4-1,1-2,2-4,5-1
512,Frosinone,135,Serie A,2018,19,19,38,1,4,5,6,4,10,12,11,23,14,15,29,0.7,0.8,0.8,38,31,69,2.0,1.6,1.8,3,6,9,10,11,21,LDLLLLLLDWDDLDLLDDLLWLWLLDLLLWWLLLDLLD,2,2,6,3-2,0-4,0-5,4-0
523,Parma,135,Serie A,2018,19,19,38,5,5,10,7,4,11,7,10,17,18,23,41,0.9,1.2,1.1,25,36,61,1.3,1.9,1.6,7,3,10,7,5,12,DLLWWLWWLLDWWLDLDWLWLDLLLDWLLLDDDDDLWL,2,5,3,2-0,1-3,0-4,4-1
487,Lazio,135,Serie A,2019,19,19,38,14,10,24,3,3,6,2,6,8,46,33,79,2.4,1.7,2.1,17,25,42,0.9,1.3,1.1,8,3,11,2,2,4,WDLWLWDDWWWWWWWWWWWDWDWWWWLWWLLLDLWWWL,11,2,3,5-1,1-5,0-3,3-1
488,Sassuolo,135,Serie A,2019,19,19,38,8,6,14,3,6,9,8,7,15,44,25,69,2.3,1.3,1.8,33,30,63,1.7,1.6,1.7,3,4,7,2,5,7,LWLWLLLWLDWLDDDWLLLWDWWLWLDDWWWWDDLLWL,4,3,3,5-0,1-3,1-4,4-1
489,AC Milan,135,Serie A,2019,19,19,38,9,10,19,6,3,9,4,6,10,31,32,63,1.6,1.7,1.7,20,26,46,1.1,1.4,1.2,7,5,12,3,3,6,LWWLLLWDLWLLDWWDLDWWWDLWDLWWDWWDWWWDWW,3,1,3,5-1,1-4,1-3,5-0
490,Cagliari,135,Serie A,2019,19,19,38,7,4,11,4,8,12,8,7,15,32,20,52,1.7,1.1,1.4,28,28,56,1.5,1.5,1.5,3,4,7,6,5,11,LLWWWDDWDWWWDWDLLLLDDDLLLLWWDLDDLDLLWL,3,3,4,5-2,1-3,0-2,4-0
492,Napoli,135,Serie A,2019,19,19,38,10,8,18,3,5,8,6,6,12,31,30,61,1.6,1.6,1.6,24,26,50,1.3,1.4,1.3,4,3,7,3,4,7,WLWWLWDWDDLDDLDLWLLLWWLWWWWWLWWDDWLWLW,5,2,3,3-1,1-4,1-3,2-0
493,Spal,135,Serie A,2019,19,19,38,2,3,5,4,1,5,13,15,28,16,11,27,0.8,0.6,0.7,40,37,77,2.1,1.9,2.0,1,2,3,6,10,16,LLWLLLWLDLLDDLLLWLLWLLLLLWLLDLLLLLLDLL,1,2,6,2-1,1-2,1-6,5-1
494,Udinese,135,Serie A,2019,19,19,38,6,6,12,6,3,9,7,10,17,18,19,37,0.9,1.0,1.0,23,28,51,1.2,1.5,1.3,8,6,14,7,6,13,WLLLDWLWLLWDLLDLWWWLLLDDDDLLWDWLDLWWLW,3,4,3,3-0,0-3,0-4,7-1
495,Genoa,135,Serie A,2019,19,19,38,7,3,10,1,8,9,11,8,19,24,23,47,1.3,1.2,1.2,31,42,73,1.6,2.2,1.9,4,3,7,4,6,10,DWLLDLLLWLLDDLDLLWLLDDWWLWLDLDLWLWWLLW,2,2,3,3-0,0-3,1-4,5-0
496,Juventus,135,Serie A,2019,19,19,38,16,10,26,2,3,5,1,6,7,46,30,76,2.4,1.6,2.0,17,26,43,0.9,1.4,1.1,8,4,12,0,2,2,WWDWWWWWDWWWWDLWWWWWLWLWWWWWWWLDDWLWLL,7,2,1,4-0,1-3,1-3,4-2
497,AS Roma,135,Serie A,2019,19,19,38,10,11,21,4,3,7,5,5,10,36,41,77,1.9,2.2,2.0,27,24,51,1.4,1.3,1.3,2,5,7,3,4,7,DDWWLWDDWWWLWWDWWLLWDLLLWWWLLLWWWDWWWW,3,2,3,4-0,1-6,0-2,4-2
498,Sampdoria,135,Serie A,2019,19,19,38,6,6,12,4,2,6,9,11,20,25,23,48,1.3,1.2,1.3,30,35,65,1.6,1.8,1.7,6,3,9,5,5,10,LLLWLLLDLDWDWLLWLDWLDLWLWLLLWWLWWWLLLD,3,1,3,5-1,1-3,1-5,5-1
499,Atalanta,135,Serie A,2019,19,19,38,12,11,23,2,7,9,5,1,6,51,47,98,2.7,2.5,2.6,26,22,48,1.4,1.2,1.3,5,5,10,2,1,3,WLWDWWWDWDLDLWWLWWDLWDWWWWWWWWWDWDWDWL,9,1,1,7-1,0-7,1-3,2-1
500,Bologna,135,Serie A,2019,19,19,38,5,7,12,8,3,11,6,9,15,25,27,52,1.3,1.4,1.4,29,36,65,1.5,1.9,1.7,1,1,2,2,6,8,DWWLDLDLWLLLDWLWWDLDWWWLDLLWDWLDDLLWLD,3,2,3,3-2,1-3,0-3,5-1
502,Fiorentina,135,Serie A,2019,19,19,38,5,7,12,8,5,13,6,7,13,22,29,51,1.2,1.5,1.3,22,26,48,1.2,1.4,1.3,7,4,11,4,5,9,LLDDWWWDLWDLLLLDLDWWDLLWDDDLLWDDWWDLWW,3,3,4,4-0,1-5,1-4,5-2
503,Torino,135,Serie A,2019,19,19,38,7,4,11,4,3,7,8,12,20,23,23,46,1.2,1.2,1.2,30,38,68,1.6,2.0,1.8,4,3,7,4,6,10,WWLLWLDLDLLWLWWDLWWLLLLLLDWLLLWLWLDDLD,2,2,6,3-0,0-4,0-7,4-0
504,Verona,135,Serie A,2019,19,19,38,9,3,12,5,8,13,5,8,13,29,18,47,1.5,0.9,1.2,25,26,51,1.3,1.4,1.3,5,5,10,4,5,9,DWLLDDWLLWWLWLLDWWDWDDWDLWLDWLDDLDDLWL,2,2,2,3-0,0-2,1-5,3-0
505,Inter,135,Serie A,2019,19,19,38,11,13,24,6,4,10,2,2,4,40,41,81,2.1,2.2,2.1,17,19,36,0.9,1.0,0.9,8,6,14,2,1,3,WWWWWWLWDWWWWWDDWWDDDWWLLWDWWLDWWDDWWW,6,3,2,6-0,0-4,1-2,2-0
518,Brescia,135,Serie A,2019,19,19,38,3,3,6,5,2,7,11,14,25,21,14,35,1.1,0.7,0.9,34,45,79,1.8,2.4,2.1,3,3,6,6,6,12,WLLWLLDLLLLLLWWLDLLDLLDLLLDDLWLLLWLLLD,2,2,6,3-0,0-1,0-4,6-0
523,Parma,135,Serie A,2019,19,19,38,7,7,14,2,5,7,10,7,17,26,30,56,1.4,1.6,1.5,24,33,57,1.3,1.7,1.5,4,2,6,5,3,8,LWLLWWLWDLDWDLWWDLWLWDLWLDWLLLLDLLWWLW,2,1,4,5-1,1-4,1-3,5-0
867,Lecce,135,Serie A,2019,19,19,38,4,5,9,5,3,8,10,11,21,30,22,52,1.6,1.2,1.4,41,44,85,2.2,2.3,2.2,1,2,3,3,7,10,LLWLWLLDDDDLDWDLLLLDLWWWLLLLLLWDLLWLWL,3,4,6,4-0,1-3,2-7,4-0
487,Lazio,135,Serie A,2020,19,19,38,13,8,21,3,2,5,3,9,12,36,25,61,1.9,1.3,1.6,23,32,55,1.2,1.7,1.4,7,5,12,1,5,6,WLDLWWDWLWLDWLDWWWWWWLWLLWWWWWLWWLWLDL,6,1,2,3-0,1-3,1-4,5-2
488,Sassuolo,135,Serie A,2020,19,19,38,7,10,17,8,3,11,4,6,10,31,33,64,1.6,1.7,1.7,27,29,56,1.4,1.5,1.5,4,4,8,2,2,4,DWWWDWDWLDWDLWLWLDLDLWDDLWLDLWWWWDWLWW,4,2,1,4-1,1-4,0-3,5-1
489,AC Milan,135,Serie A,2020,19,19,38,8,16,24,6,1,7,5,2,7,31,43,74,1.6,2.3,1.9,24,17,41,1.3,0.9,1.1,7,7,14,4,2,6,WWWWDWDWWWDDWWWLWWLWWLLWDWLWDWWLLWWWDW,4,2,2,4-0,0-7,0-3,3-0
490,Cagliari,135,Serie A,2020,19,19,38,5,4,9,4,6,10,10,9,19,22,21,43,1.2,1.1,1.1,32,27,59,1.7,1.4,1.6,3,4,7,7,7,14,DLLWWLWLDDLDDLLLLLLDLLLWWDLLLLWWWDWDDL,3,2,6,4-2,1-3,1-4,5-2
492,Napoli,135,Serie A,2020,19,19,38,12,12,24,4,1,5,3,6,9,50,36,86,2.6,1.9,2.3,20,21,41,1.1,1.1,1.1,6,8,14,1,2,3,WWWWLWLWWWLLDWLWWLWLWLWDWWWWLWDWWDWWWD,4,1,2,6-0,0-4,1-3,4-2
494,Udinese,135,Serie A,2020,19,19,38,5,5,10,4,6,10,10,8,18,14,28,42,0.7,1.5,1.1,19,39,58,1.0,2.1,1.5,6,2,8,9,3,12,LLLWLLDWWWDDLLDLLDDWWLDWDWDLLLWLWLDLLL,3,2,3,2-0,2-4,0-2,5-1
495,Genoa,135,Serie A,2020,19,19,38,5,5,10,7,5,12,7,9,16,29,18,47,1.5,0.9,1.2,30,28,58,1.6,1.5,1.5,3,6,9,1,8,9,WLDLDLLLLDLDLWDLWDWWWDDLDLDWDLLDWLLWLW,3,2,4,4-1,0-3,1-3,6-0
496,Juventus,135,Serie A,2020,19,19,38,14,9,23,2,7,9,3,3,6,40,37,77,2.1,1.9,2.0,18,20,38,0.9,1.1,1.0,6,2,8,3,3,6,WDDDWDWDWWDWLWWWLWWWLWDWWWLDWWLWDWLWWW,3,3,1,4-1,0-4,0-3,2-0
497,AS Roma,135,Serie A,2020,19,19,38,13,5,18,4,4,8,2,10,12,42,26,68,2.2,1.4,1.8,18,40,58,0.9,2.1,1.5,9,2,11,2,7,9,LDWWDWWWLDWWLWWWDLWWLWDLWWLLDWLDLLWLWD,3,1,2,5-0,1-5,0-2,4-0
498,Sampdoria,135,Serie A,2020,19,19,38,9,6,15,3,4,7,7,9,16,32,20,52,1.7,1.1,1.4,26,28,54,1.4,1.5,1.4,4,3,7,3,5,8,LLWWWDLLDLLWWLLWLWWLDWLLDDLWDLWWLWLDWW,3,2,2,3-0,1-3,0-2,5-1
499,Atalanta,135,Serie A,2020,19,19,38,12,11,23,3,6,9,4,2,6,49,41,90,2.6,2.2,2.4,24,23,47,1.3,1.2,1.2,6,5,11,3,2,5,WWWLLWDDLWDWDWWWDDWLDWWWWLWWWWWDWDWWWL,5,2,2,5-0,2-5,1-3,4-1
500,Bologna,135,Serie A,2020,19,19,38,7,3,10,5,6,11,7,10,17,33,18,51,1.7,0.9,1.3,33,32,65,1.7,1.7,1.7,3,2,5,3,8,11,LWLLLWLWWLLDDDDDLWLLWDDWLLWWLLWDLDDLDL,2,5,3,4-1,0-3,1-5,5-0
501,Crotone,135,Serie A,2020,19,19,38,5,1,6,2,3,5,12,15,27,23,22,45,1.2,1.2,1.2,35,57,92,1.8,3.0,2.4,1,2,3,8,6,14,LLLDLLDLLLWDLWLLLWLLLLLLLWLLLLLLWLLWDD,1,1,7,4-1,3-4,0-4,5-0
502,Fiorentina,135,Serie A,2020,19,19,38,6,3,9,6,7,13,7,9,16,25,22,47,1.3,1.2,1.2,25,34,59,1.3,1.8,1.6,5,4,9,4,8,12,WLLDWLDLLDLDDWDLWLWDLLWLLDWLDLLWDDWDLD,1,2,2,3-0,1-4,0-2,6-0
503,Torino,135,Serie A,2020,19,19,38,3,4,7,9,7,16,7,8,15,25,25,50,1.3,1.3,1.3,36,33,69,1.9,1.7,1.8,4,4,8,5,4,9,LLLDLWDLDLLLDDWDLDDDDDWLLWLDWWDLWDLLDD,2,5,3,3-1,0-3,0-7,4-1
504,Verona,135,Serie A,2020,19,19,38,6,5,11,6,6,12,7,8,15,23,23,46,1.2,1.2,1.2,23,25,48,1.2,1.3,1.3,3,4,7,5,4,9,WWLDDWDLWDWLDLWDWLWLLWDDWLLLWLLLLDDLDD,2,2,4,3-0,0-3,0-2,3-1
505,Inter,135,Serie A,2020,19,19,38,17,11,28,1,6,7,1,2,3,53,36,89,2.8,1.9,2.3,18,17,35,0.9,0.9,0.9,7,7,14,0,1,1,WWDLWDDWWWWWWWWLDWDWWWWWWWWWWWDDWWWWLW,11,2,1,6-2,2-5,1-2,3-2
506,Benevento,135,Serie A,2020,19,19,38,2,5,7,7,5,12,10,9,19,19,21,40,1.0,1.1,1.1,39,36,75,2.1,1.9,2.0,3,4,7,5,6,11,WLWLLLLWDDLDWWLWLLDLDDDLLDLWDLLDLLLLDD,2,3,4,2-0,0-2,2-5,4-0
515,Spezia,135,Serie A,2020,19,19,38,5,4,9,7,5,12,7,10,17,28,24,52,1.5,1.3,1.4,33,39,72,1.7,2.1,1.9,2,3,5,3,5,8,LWLDDLWDDLLDLLLWWDLLWWLDLDLWLWLDLDLDWD,2,2,3,4-1,0-3,1-4,4-1
523,Parma,135,Serie A,2020,19,19,38,2,1,3,5,6,11,12,12,24,16,23,39,0.8,1.2,1.0,39,44,83,2.1,2.3,2.2,5,0,5,9,6,15,LLWLDDDLWDDDLLLLLDLLLLDDLDWLDLLLLLLLLL,1,3,5,2-0,1-2,0-4,4-1
487,Lazio,135,Serie A,2021,19,19,38,10,8,18,6,4,10,3,7,10,42,35,77,2.2,1.8,2.0,25,33,58,1.3,1.7,1.5,6,3,9,2,4,6,WWLDDWLWLWDWLLDWLWWDLWDWWDLWWLWWDLWWDD,2,2,2,6-1,1-4,0-2,4-0
488,Sassuolo,135,Serie A,2021,19,19,38,6,7,13,6,5,11,7,7,14,27,37,64,1.4,1.9,1.7,30,36,66,1.6,1.9,1.7,2,1,3,4,2,6,WDLLLWLDWWLLDWDDWDLDWLDLDWWWDWLWLLLDWL,3,2,3,4-1,1-5,0-3,6-1
489,AC Milan,135,Serie A,2021,19,19,38,12,14,26,4,4,8,3,1,4,28,41,69,1.5,2.2,1.8,12,19,31,0.6,1.0,0.8,11,7,18,3,1,4,WWWDWWWWWWWDLLWWDLWWWLDWWDDWWWDDWWWWWW,7,2,2,4-1,0-3,1-3,4-3
490,Cagliari,135,Serie A,2021,19,19,38,3,3,6,6,6,12,10,10,20,20,14,34,1.1,0.7,0.9,33,35,68,1.7,1.8,1.8,1,2,3,4,10,14,DLLDLLDWLLLLDDDDLLLWWLDWDDWLLLLLWLLDLD,2,4,5,3-1,1-2,0-4,5-1
492,Napoli,135,Serie A,2021,19,19,38,11,13,24,3,4,7,5,2,7,37,37,74,1.9,1.9,1.9,16,15,31,0.8,0.8,0.8,7,9,16,3,1,4,WWWWWWWWDWWDLWDLLWLDWWWWDDWLWWWLDLWWWW,8,2,2,6-1,0-4,2-3,3-2
494,Udinese,135,Serie A,2021,19,19,38,6,5,11,7,7,14,6,7,13,31,30,61,1.6,1.6,1.6,29,29,58,1.5,1.5,1.5,3,5,8,4,5,9,DWWLLLDDDDLWLDDLDWLLDWLDDWDLWWWLDWLDLW,3,4,3,5-1,0-4,2-6,4-0
495,Genoa,135,Serie A,2021,19,19,38,3,1,4,8,8,16,8,10,18,14,13,27,0.7,0.7,0.7,25,35,60,1.3,1.8,1.6,7,3,10,9,11,20,LLWLDDLDLDDDLDLLLLDDLLDDDDDDDWLLLWLWLL,1,7,4,2-1,2-3,1-4,6-0
496,Juventus,135,Serie A,2021,19,19,38,10,10,20,5,5,10,4,4,8,25,32,57,1.3,1.7,1.5,14,23,37,0.7,1.2,1.0,8,5,13,3,2,5,DLLDWWWWDLLWWLWWDWWDWWDWDDWWWWLWDWWLDL,4,2,2,2-0,1-3,1-2,2-0
497,AS Roma,135,Serie A,2021,19,19,38,10,8,18,6,3,9,3,8,11,26,33,59,1.4,1.7,1.6,16,27,43,0.8,1.4,1.1,10,5,15,4,3,7,WWWLWLWLDWLLWWLLWWDLLWWDDDWWDWWWDLDLDW,3,3,2,3-0,0-4,0-3,3-1
498,Sampdoria,135,Serie A,2021,19,19,38,6,4,10,3,3,6,10,12,22,29,17,46,1.5,0.9,1.2,32,31,63,1.7,1.6,1.7,3,4,7,3,9,12,LDDWLLDLWLLLWWLLWDDLLLLWLWLLLWLLLDWLWL,2,2,4,4-0,0-3,0-4,4-0
499,Atalanta,135,Serie A,2021,19,19,38,4,12,16,8,3,11,7,4,11,31,34,65,1.6,1.8,1.7,29,19,48,1.5,1.0,1.3,5,5,10,4,5,9,WDLWWDLWDWDWWWWWWLDWDDLDLWLDWLLLWDDWLL,6,2,3,4-0,2-6,1-4,2-0
500,Bologna,135,Serie A,2021,19,19,38,8,4,12,4,6,10,7,9,16,25,19,44,1.3,1.0,1.2,24,31,55,1.3,1.6,1.4,7,6,13,6,6,12,WDWLDLWDLLWWLWWLLLWLLLDLWDDLLDWDDWDLLW,2,2,3,3-0,0-3,2-4,6-1
502,Fiorentina,135,Serie A,2021,19,19,38,13,6,19,2,3,5,4,10,14,38,21,59,2.0,1.1,1.6,20,31,51,1.1,1.6,1.3,10,1,11,2,5,7,LWWWLWLLWLWLWLWWWDDLWDLWWLDWDWWWLLLWLW,3,2,3,6-0,2-3,0-4,4-0
503,Torino,135,Serie A,2021,19,19,38,8,5,13,5,6,11,6,8,14,29,17,46,1.5,0.9,1.2,21,20,41,1.1,1.1,1.1,5,4,9,4,8,12,LLWWDDLLWLWLWLDDWWLWWDLLDLDDLWDDWDWLWL,2,2,2,4-0,1-3,0-3,2-0
504,Verona,135,Serie A,2021,19,19,38,9,5,14,3,8,11,7,6,13,34,31,65,1.8,1.6,1.7,25,34,59,1.3,1.8,1.6,4,0,4,2,4,6,LLLWDDWLWDWDWLDWLLDWLWWLWDWDLDWLWDWLLD,2,2,3,4-0,2-4,1-3,3-1
505,Inter,135,Serie A,2021,19,19,38,14,11,25,3,6,9,2,2,4,48,36,84,2.5,1.9,2.2,16,16,32,0.8,0.8,0.8,8,7,15,1,2,3,WWDWWDWLDWWDWWWWWWWWDWLDLDWDDWWWWLWWWW,8,2,1,6-1,0-5,0-2,3-1
511,Empoli,135,Serie A,2021,19,19,38,4,6,10,5,6,11,10,7,17,28,22,50,1.5,1.2,1.3,44,26,70,2.3,1.4,1.8,1,6,7,3,6,9,LWLLWWLLWLWDLWDWWDLDLDLDDLLDLDLDLWLLDW,2,2,2,4-2,2-4,1-5,4-1
514,Salernitana,135,Serie A,2021,19,19,38,3,4,7,6,4,10,10,11,21,17,16,33,0.9,0.8,0.9,39,39,78,2.1,2.1,2.1,1,1,2,9,7,16,LLLLDLWLLWLLLDLLLLWLLDDDDLDLLLWWWDWDDL,3,4,4,2-1,1-2,0-5,5-0
515,Spezia,135,Serie A,2021,19,19,38,5,5,10,3,3,6,11,11,22,21,20,41,1.1,1.1,1.1,30,41,71,1.6,2.2,1.9,4,3,7,4,6,10,DLLWLLLWLDLWLLLDLDWLWWWDLLLLWLWDLLLLWL,3,1,4,2-0,2-3,0-3,6-1
517,Venezia,135,Serie A,2021,19,19,38,3,3,6,5,4,9,11,12,23,21,13,34,1.1,0.7,0.9,38,31,69,2.0,1.6,1.8,2,2,4,5,8,13,LLWLLDDWLLDWWLLLDDLLDLLWDLLLLLLLLLLWDD,2,2,10,4-3,1-2,1-4,4-0
487,Lazio,135,Serie A,2022,19,19,38,11,11,22,4,4,8,4,4,8,32,28,60,1.7,1.5,1.6,18,12,30,0.9,0.6,0.8,8,13,21,3,4,7,WDWDLWWWWDWLWWLLDWWDDLWWWDWWWWLLWLDWWW,4,2,2,4-0,0-4,1-3,3-0
488,Sassuolo,135,Serie A,2022,19,19,38,8,4,12,4,5,9,7,10,17,24,23,47,1.3,1.2,1.2,23,38,61,1.2,2.0,1.6,6,3,9,3,7,10,LWDDDLWWLLWLLDLLLLDWWDLWWWWDLWLWLDLLDL,4,3,4,5-0,2-5,1-3,4-0
489,AC Milan,135,Serie A,2022,19,19,38,13,7,20,4,6,10,2,6,8,41,23,64,2.2,1.2,1.7,20,23,43,1.1,1.2,1.1,7,5,12,1,5,6,WDWDWWLWWWWLWDWWDDLLLWWWLDLWDDWDDWLWWW,4,2,3,5-1,0-4,2-5,4-0
492,Napoli,135,Serie A,2022,19,19,38,14,14,28,3,3,6,2,2,4,40,37,77,2.1,1.9,2.0,15,13,28,0.8,0.7,0.7,9,9,18,3,3,6,WWDDWWWWWWWWWWWLWWWWWWWWLWWLWDWDDWLWDW,11,2,1,5-1,0-4,0-4,2-0
494,Udinese,135,Serie A,2022,19,19,38,6,5,11,9,4,13,4,10,14,30,17,47,1.6,0.9,1.2,20,28,48,1.1,1.5,1.3,5,5,10,3,9,12,LDWWWWWWDDLDDDLDLLWDLDLDDWWLDLWLDWLLLL,6,3,2,4-0,1-3,1-2,3-0
496,Juventus,135,Serie A,2022,19,19,38,13,9,22,3,3,6,3,7,10,38,18,56,2.0,0.9,1.5,15,18,33,0.8,0.9,0.9,10,10,20,3,5,8,WDDWDDLWLWWWWWWWWLDLWWWWLWWWLLLDWWWLLW,8,2,3,4-0,0-3,0-2,5-1
497,AS Roma,135,Serie A,2022,19,19,38,11,7,18,3,6,9,5,6,11,28,22,50,1.5,1.2,1.3,15,23,38,0.8,1.2,1.0,9,5,14,4,3,7,WWDWLWLWWWLWLDDWDWWLWDWLWLLWWWLDDLDDLW,3,2,2,3-0,1-3,0-2,4-0
498,Sampdoria,135,Serie A,2022,19,19,38,1,2,3,7,3,10,11,14,25,12,12,24,0.6,0.6,0.6,28,43,71,1.5,2.3,1.9,3,1,4,11,10,21,LDLDLLLLDLWLLLLWLLLLDDLLDLWLLDDLLLDLDL,1,2,4,3-1,1-2,0-3,5-0
499,Atalanta,135,Serie A,2022,19,19,38,10,9,19,3,4,7,6,6,12,38,28,66,2.0,1.5,1.7,26,22,48,1.4,1.2,1.3,3,6,9,4,4,8,WDWWWDWWDWLWLLLDWWDWLWLLDLWWLDWWWLLWLW,3,1,3,8-2,1-3,0-2,2-0
500,Bologna,135,Serie A,2022,19,19,38,7,7,14,9,3,12,3,9,12,24,29,53,1.3,1.5,1.4,14,35,49,0.7,1.8,1.3,7,1,8,4,4,8,LDLDDWLLDLWWWLWLLWDWWLWWLDDWWDLDLDDWDW,3,2,2,3-0,1-5,1-2,6-1
502,Fiorentina,135,Serie A,2022,19,19,38,9,6,15,6,5,11,4,8,12,30,23,53,1.6,1.2,1.4,22,21,43,1.2,1.1,1.1,5,5,10,3,6,9,WDDLDLWLLDLWWWLDWLLDLLDWWWWWDDLWDLWDWW,5,2,2,5-0,0-3,0-4,2-0
503,Torino,135,Serie A,2022,19,19,38,5,9,14,7,4,11,7,6,13,15,27,42,0.8,1.4,1.1,19,22,41,1.0,1.2,1.1,5,6,11,7,2,9,WDWLWLLLDLWWLWDDDLWDWLDLWWLDLDWLWDWDWL,2,3,3,2-0,0-4,0-4,4-2
504,Verona,135,Serie A,2022,19,20,39,6,2,8,3,7,10,10,11,21,20,14,34,1.1,0.7,0.9,32,28,60,1.7,1.4,1.5,3,3,6,5,8,13,LDLDWLLLLLLLLLLDWLWDDWLLDDLLWDWDLWLLDLW,1,2,10,2-0,1-3,0-6,3-1
505,Inter,135,Serie A,2022,19,19,38,14,9,23,0,3,3,5,7,12,37,34,71,1.9,1.8,1.9,14,28,42,0.7,1.5,1.1,8,5,13,4,3,7,WWLWLWLLWWWWLWWWDWLWWDWLWLLLDLWWWWWLWW,5,1,3,6-1,0-6,1-2,3-1
511,Empoli,135,Serie A,2022,19,19,38,8,2,10,4,9,13,7,8,15,22,15,37,1.2,0.8,1.0,23,26,49,1.2,1.4,1.3,6,3,9,6,6,12,LDDDDLWLDWLLWLWDDWWDLDDLLLLWDLLLWWDWDL,2,4,4,4-1,0-1,0-3,4-0
514,Salernitana,135,Serie A,2022,19,19,38,7,2,9,6,9,15,6,8,14,30,18,48,1.6,0.9,1.3,26,36,62,1.4,1.9,1.6,5,2,7,4,7,11,LDWDDDLLWLWWDLLLDLLWLLLWDDDDDDWDDLWDWL,2,6,3,4-0,1-3,0-3,8-2
515,Spezia,135,Serie A,2022,20,19,39,4,2,6,8,5,13,8,12,20,19,13,32,1.0,0.7,0.8,33,32,65,1.7,1.7,1.7,4,2,6,8,10,18,WLDLDLWLLDLLLDWDDWLLLDLDDWLDDLDLLLWDLLL,1,2,3,2-0,1-2,0-4,4-0
520,Cremonese,135,Serie A,2022,19,19,38,4,1,5,4,8,12,11,10,21,15,21,36,0.8,1.1,0.9,31,38,69,1.6,2.0,1.8,6,0,6,8,6,14,LLLLDDLDLDLDDDLLLLDLLLDWLLDLWWLDDWLLLW,2,3,4,2-0,2-3,1-5,3-0
867,Lecce,135,Serie A,2022,19,19,38,3,5,8,8,4,12,8,10,18,18,15,33,0.9,0.8,0.9,24,22,46,1.3,1.2,1.2,2,4,6,5,9,14,LLDDLDWDLDLLDWWWDDLLWDWLLLLLLDLWLLDDWL,3,2,6,2-1,0-2,0-2,2-0
1579,Monza,135,Serie A,2022,19,19,38,7,7,14,5,5,10,7,7,14,25,23,48,1.3,1.2,1.3,22,30,52,1.2,1.6,1.4,5,5,10,4,5,9,LLLLLDWWWLLLWLWDDWDWDWLLWDDLDWWWDDWWLL,3,2,5,3-0,0-3,0-2,4-0
487,Lazio,135,Serie A,2023,19,19,38,10,8,18,4,3,7,5,8,13,23,26,49,1.2,1.4,1.3,14,25,39,0.7,1.3,1.0,9,4,13,5,3,8,LLWLDWLWWWLDLWDLWWWWDLWLWLLLWWLWWWDWDD,4,1,3,4-1,1-3,0-2,3-1
488,Sassuolo,135,Serie A,2023,19,19,38,5,2,7,5,4,9,9,13,22,23,20,43,1.2,1.1,1.1,34,41,75,1.8,2.2,2.0,3,0,3,5,7,12,LLWLWWLDLDLDWLLDLLWLLLDLLLLWLDDDLLWLLD,2,3,4,4-2,3-4,1-6,5-1
489,AC Milan,135,Serie A,2023,19,19,38,12,10,22,4,5,9,3,4,7,38,38,76,2.0,2.0,2.0,17,32,49,0.9,1.7,1.3,8,5,13,2,1,3,WWWLWWWWLDLDWWLWDWWWWDWWLDWWWWWDLDDWLD,5,2,1,5-1,0-3,1-2,5-1
490,Cagliari,135,Serie A,2023,19,19,38,6,2,8,7,5,12,6,12,18,28,14,42,1.5,0.7,1.1,32,36,68,1.7,1.9,1.8,2,3,5,3,8,11,DLLDLLLLDWWLDLWLLDDWLLLLDDWWLDWDDLDLWL,2,2,4,4-2,0-2,1-4,5-1
492,Napoli,135,Serie A,2023,19,19,38,6,7,13,7,7,14,6,5,11,24,31,55,1.3,1.6,1.4,27,21,48,1.4,1.1,1.3,3,4,7,6,7,13,WWLDDWWLWDWLWLLWLDLWDWLDDWWDDLWDLDDLDD,2,2,2,4-1,1-6,0-3,3-0
494,Udinese,135,Serie A,2023,19,19,38,1,5,6,11,8,19,7,6,13,21,16,37,1.1,0.8,1.0,29,24,53,1.5,1.3,1.4,3,6,9,5,6,11,LDDDLLDDDDWDLDLDDWLDLLDWDLDWLDLLLDDWDW,1,4,3,3-0,0-2,0-3,4-0
495,Genoa,135,Serie A,2023,19,19,38,8,4,12,6,7,13,5,8,13,27,18,45,1.4,0.9,1.2,22,23,45,1.2,1.2,1.2,6,3,9,3,7,10,LWLDLWDLLWLWLDLDWDDDWWDLDWLLDDWDLWDWLW,2,3,2,4-1,1-2,1-4,2-0
496,Juventus,135,Serie A,2023,19,19,38,11,8,19,7,7,14,1,4,5,26,28,54,1.4,1.5,1.4,11,20,31,0.6,1.1,0.8,10,7,17,3,4,7,WDWWLWDWWWWWDWWDWWWWWDLLDWLDDLWDDDDDDW,5,6,2,3-0,0-3,0-1,4-2
497,AS Roma,135,Serie A,2023,19,19,38,12,6,18,4,5,9,3,8,11,38,27,65,2.0,1.4,1.7,19,27,46,1.0,1.4,1.2,8,3,11,0,5,5,DLLWDLWWWLWDWWDLWLDLWWWLWWWDWDWLWDDLWL,3,2,2,7-0,1-4,2-4,4-1
499,Atalanta,135,Serie A,2023,19,19,38,13,8,21,2,4,6,4,7,11,42,30,72,2.2,1.6,1.9,16,26,42,0.8,1.4,1.1,10,5,15,1,3,4,WLWLWWDLWWLDLLWWLWDWWWWWDLLDWLDWWWWWWL,6,1,2,5-0,1-4,2-3,4-0
500,Bologna,135,Serie A,2023,19,19,38,12,6,18,5,9,14,2,4,6,33,21,54,1.7,1.1,1.4,12,20,32,0.6,1.1,0.8,11,6,17,4,6,10,LDWDDDWDWDWLWDWWWLDLDWWWWWWLWWDDWDDWDL,6,3,1,4-0,1-3,0-2,3-0
502,Fiorentina,135,Serie A,2023,19,19,38,10,7,17,5,4,9,4,8,12,37,24,61,1.9,1.3,1.6,22,24,46,1.2,1.3,1.2,4,4,8,3,7,10,WDLWWDWWLLLWLWDWWWLDLLWLDWDDLLDWWLWDWW,3,2,3,5-1,1-4,0-2,4-0
503,Torino,135,Serie A,2023,19,19,38,8,5,13,9,5,14,2,9,11,18,18,36,0.9,0.9,0.9,9,27,36,0.5,1.4,0.9,13,5,18,9,8,17,DLWWDLDLLWWDLWDWDLWDWDDWLLDDWWLDDLDWWL,2,2,2,3-0,0-3,0-3,4-1
504,Verona,135,Serie A,2023,19,19,38,6,3,9,6,5,11,7,11,18,23,15,38,1.2,0.8,1.0,26,25,51,1.4,1.3,1.3,4,4,8,3,8,11,WWLDLLDLLLLLDDDLWLLWLDLDDLWWLDLDWLWLWD,2,3,5,2-0,1-2,1-3,3-1
505,Inter,135,Serie A,2023,19,19,38,14,15,29,4,3,7,1,1,2,44,45,89,2.3,2.4,2.3,11,11,22,0.6,0.6,0.6,11,10,21,0,1,1,WWWWWLWDWWWWDWWWWDWWWWWWWWWWDWWDWWLWDD,10,1,1,5-1,0-5,1-2,1-0
511,Empoli,135,Serie A,2023,19,19,38,5,4,9,5,4,9,9,11,20,15,14,29,0.8,0.7,0.8,23,31,54,1.2,1.6,1.4,6,3,9,11,10,21,LLLLLWLDWLLWLDDLLDLLWDDWDWLLLLWLWLDLDW,1,2,5,3-0,1-3,0-3,7-0
512,Frosinone,135,Serie A,2023,19,19,38,7,1,8,4,7,11,8,11,19,28,16,44,1.5,0.8,1.2,32,37,69,1.7,1.9,1.8,3,4,7,5,7,12,LWDWDDLWLLWLWLDLLLLLWDLLLLDLLDDDDWDLWL,1,4,5,3-0,0-1,0-5,5-0
514,Salernitana,135,Serie A,2023,19,19,38,1,1,2,5,6,11,13,12,25,17,15,32,0.9,0.8,0.8,38,43,81,2.0,2.3,2.1,0,2,2,6,9,15,DDLLDLLLDLLDWLLLDWLLLLDLLLDLLLDLLLLDLD,1,2,4,2-1,0-1,0-4,4-0
867,Lecce,135,Serie A,2023,19,19,38,6,2,8,6,8,14,7,9,16,17,15,32,0.9,0.8,0.8,27,27,54,1.4,1.4,1.4,4,3,7,8,8,16,WDWDWLLDDLLDDDDWLLDLLLWLLLDLWDLWWDDLLD,2,4,3,2-0,0-3,0-4,4-0
1579,Monza,135,Serie A,2023,19,19,38,6,5,11,6,6,12,7,8,15,23,16,39,1.2,0.8,1.0,26,25,51,1.4,1.3,1.3,7,5,12,4,10,14,LWLDDDWWLDWDDLWLLDWLLWDDWWLWWLLDLDDLLL,2,3,2,3-0,1-3,1-5,3-0
157,Bayern München,78,Bundesliga,2018,17,17,34,13,11,24,3,3,6,1,3,4,49,39,88,2.9,2.3,2.6,14,18,32,0.8,1.1,0.9,7,5,12,1,2,3,WWWWDLLWWDLDWWWWWWWLWWWWWWDWWWDWDW,7,1,2,6-0,1-5,0-3,3-1
158,Fortuna Düsseldorf,78,Bundesliga,2018,17,17,34,9,4,13,0,5,5,8,8,16,27,22,49,1.6,1.3,1.4,28,37,65,1.6,2.2,1.9,2,3,5,5,4,9,LDWDLLLLLLWDLLWWWWLDWLWWLLWWLLWDLW,4,1,6,4-1,0-4,0-4,7-1
159,Hertha BSC,78,Bundesliga,2018,17,17,34,6,5,11,6,4,10,5,8,13,26,23,49,1.5,1.4,1.4,27,30,57,1.6,1.8,1.7,4,5,9,3,5,8,WWDWLWDDDLLDWWLDLWDLWDLWLLLLLDDWWL,2,3,5,4-2,0-3,1-5,5-0
160,SC Freiburg,78,Bundesliga,2018,17,17,34,6,2,8,7,5,12,4,10,14,32,14,46,1.9,0.8,1.4,27,34,61,1.6,2.0,1.8,3,2,5,3,6,9,LLDWWLDDWDLDLWLDWLLDDDWLWDDLLLLDLW,2,3,4,5-1,1-3,0-4,5-0
161,VfL Wolfsburg,78,Bundesliga,2018,17,17,34,8,8,16,5,2,7,4,7,11,36,26,62,2.1,1.5,1.8,23,27,50,1.4,1.6,1.5,4,5,9,2,6,8,WWDLDDLLWLLWWDWWWLLWDWWDLWLWLDWWLW,3,2,2,8-1,1-4,0-3,6-0
162,Werder Bremen,78,Bundesliga,2018,17,17,34,8,6,14,6,5,11,3,6,9,35,23,58,2.1,1.4,1.7,26,23,49,1.5,1.4,1.4,2,3,5,0,1,1,DWDWWLWWLLLDLWLDLWDDWDDDWWWDWLLDWW,3,3,3,4-0,1-3,2-6,4-1
163,Borussia Mönchengladbach,78,Bundesliga,2018,17,17,34,9,7,16,3,4,7,5,6,11,31,24,55,1.8,1.4,1.6,22,20,42,1.3,1.2,1.2,6,7,13,3,3,6,WDWLWDWWLWWWLWDWLWWWLDLLWDLDWLLDWL,3,1,2,4-0,0-4,1-5,4-2
164,FSV Mainz 05,78,Bundesliga,2018,17,17,34,8,4,12,5,2,7,4,11,15,31,15,46,1.8,0.9,1.4,22,35,57,1.3,2.1,1.7,5,2,7,3,7,10,WDWLDLDLLWWLWDLDDWWLLLWLLLLWLWLDWW,2,2,4,5-0,1-3,1-5,6-0
165,Borussia Dortmund,78,Bundesliga,2018,17,17,34,14,9,23,2,5,7,1,3,4,52,29,81,3.1,1.7,2.4,25,19,44,1.5,1.1,1.3,3,7,10,0,3,3,WDWDWWWWDWWWWWWLWWWDDDWLWWWLWWLDWW,6,3,1,7-0,0-4,2-4,5-0
166,Hannover 96,78,Bundesliga,2018,17,17,34,5,0,5,1,5,6,11,12,23,15,16,31,0.9,0.9,0.9,26,45,71,1.5,2.6,2.1,4,1,5,9,3,12,DDLLLLWDLLWLLDLDLLLLWLLLLLLLLDWLWL,1,2,8,3-0,,0-4,5-1
167,1899 Hoffenheim,78,Bundesliga,2018,17,17,34,7,6,13,5,7,12,5,4,9,28,42,70,1.6,2.5,2.1,20,32,52,1.2,1.9,1.5,4,1,5,2,0,2,LWLDWLLWWWWDDDDDDLWDDWDLWDWWWWLDLL,4,6,2,4-0,0-4,1-4,4-2
168,Bayer Leverkusen,78,Bundesliga,2018,17,17,34,9,9,18,2,2,4,6,6,12,32,37,69,1.9,2.2,2.0,25,27,52,1.5,1.6,1.5,6,3,9,1,3,4,LLLWWLDDWLLWDWLWWLWWWWLWWLLLWWWWDW,4,2,3,6-1,2-6,1-4,4-1
169,Eintracht Frankfurt,78,Bundesliga,2018,17,17,34,8,7,15,4,5,9,5,5,10,32,28,60,1.9,1.6,1.8,21,27,48,1.2,1.6,1.4,4,5,9,3,2,5,WLLDLWWWDWWWLLWDLWDDDDWWWWWWLDDLLL,6,4,2,7-1,0-3,0-3,6-1
170,FC Augsburg,78,Bundesliga,2018,17,17,34,5,3,8,4,4,8,8,10,18,34,17,51,2.0,1.0,1.5,33,38,71,1.9,2.2,2.1,3,2,5,2,7,9,WDLLDWLDWDLLLLDDLLLWLLLWDWLLWWLDLL,2,2,4,6-0,1-3,0-4,8-1
171,1. FC Nürnberg,78,Bundesliga,2018,17,17,34,3,0,3,7,3,10,7,14,21,16,10,26,0.9,0.6,0.8,22,46,68,1.3,2.7,2.0,4,0,4,6,9,15,LDDWLWLLDDLLDLLLLLLDLDLLLLWDDLDLLL,1,2,6,3-0,,0-4,7-0
172,VfB Stuttgart,78,Bundesliga,2018,18,18,36,6,1,7,5,4,9,7,13,20,24,10,34,1.3,0.6,0.9,29,43,72,1.6,2.4,2.0,4,3,7,5,11,16,LLDDLWLLLLWLWLWLLLLDLLDWLDLDLLWLWDDD,1,2,4,5-1,0-2,0-4,6-0
173,RB Leipzig,78,Bundesliga,2018,17,17,34,10,9,19,6,3,9,1,5,6,34,29,63,2.0,1.7,1.9,9,20,29,0.5,1.2,0.9,10,6,16,5,4,9,LDWDWWWDDWWLWLWLWLWWDWDWDWWWWWWDDL,6,2,1,6-0,0-4,0-1,4-1
174,FC Schalke 04,78,Bundesliga,2018,17,17,34,4,4,8,3,6,9,10,7,17,16,21,37,0.9,1.2,1.1,28,27,55,1.6,1.6,1.6,4,3,7,9,4,13,LLLLLWWLDWLWDLDLWWDLLDLLLLWLDLWDDD,2,1,5,5-2,2-4,0-4,3-0
182,Union Berlin,78,Bundesliga,2018,1,1,2,0,0,0,1,1,2,0,0,0,0,2,2,0.0,2.0,1.0,0,2,2,0.0,2.0,1.0,1,0,1,1,0,1,DD,0,2,0,,,,
157,Bayern München,78,Bundesliga,2019,17,17,34,13,13,26,2,2,4,2,2,4,53,47,100,3.1,2.8,2.9,15,17,32,0.9,1.0,0.9,7,8,15,1,0,1,DWWDWWLDWLWWLLWWWWWWDWWWWWWWWWWWWW,6,1,2,6-1,0-6,1-2,5-1
158,Fortuna Düsseldorf,78,Bundesliga,2019,17,17,34,4,2,6,6,6,12,7,9,16,18,18,36,1.1,1.1,1.1,28,39,67,1.6,2.3,2.0,3,1,4,5,6,11,WLLDLLLWLWDLDLLLWLLDDLWDDDDWLDLDDL,1,4,3,2-0,1-3,0-4,5-0
159,Hertha BSC,78,Bundesliga,2019,17,17,34,6,5,11,3,5,8,8,7,15,23,25,48,1.4,1.5,1.4,32,27,59,1.9,1.6,1.7,6,3,9,5,4,9,DLLLWWWDLLLLLDWWDLWDLWLDDWWDWLLLWL,3,2,5,4-0,0-4,0-5,4-0
160,SC Freiburg,78,Bundesliga,2019,17,17,34,9,4,13,2,7,9,6,6,12,23,25,48,1.4,1.5,1.4,17,30,47,1.0,1.8,1.4,6,1,7,4,4,8,WWLWDWDLWDWDLWLLDWLLWDLLWDLDLWDWLW,2,1,2,4-0,0-3,1-3,4-0
161,VfL Wolfsburg,78,Bundesliga,2019,17,17,34,4,9,13,7,3,10,6,5,11,19,29,48,1.1,1.7,1.4,23,23,46,1.4,1.4,1.4,4,4,8,5,4,9,WWDDDWWDDLLWLLWDLLLWDWWDDWLWLWDLWL,2,3,3,4-0,1-4,0-4,3-0
162,Werder Bremen,78,Bundesliga,2019,18,18,36,2,6,8,4,5,9,12,7,19,15,29,44,0.8,1.6,1.2,36,35,71,2.0,1.9,2.0,2,3,5,11,2,13,LLWWLDDDDDLLWLLLLWLLLLLDLWDWLLWLLWDD,2,5,5,6-1,1-5,0-5,6-1
163,Borussia Mönchengladbach,78,Bundesliga,2019,17,17,34,12,8,20,2,3,5,3,6,9,40,26,66,2.4,1.5,1.9,21,19,40,1.2,1.1,1.2,3,4,7,1,6,7,DWLWWWWLWWWLWWLWDLWDWDWLWWLDWLLWWW,4,1,2,5-1,1-4,1-3,2-0
164,FSV Mainz 05,78,Bundesliga,2019,17,17,34,5,6,11,2,2,4,10,9,19,18,26,44,1.1,1.5,1.3,29,36,65,1.7,2.1,1.9,2,3,5,7,5,12,LLLWLLWLWLLWWLLWLLLLWDLWDDLDLWLWWL,2,2,4,3-1,0-5,0-5,8-0
165,Borussia Dortmund,78,Bundesliga,2019,17,17,34,11,10,21,3,3,6,3,4,7,46,38,84,2.7,2.2,2.5,17,24,41,1.0,1.4,1.2,9,6,15,3,2,5,WWLWDDDWDWLDWWWDLWWWLWWWWWWLWWWLWL,6,3,1,5-0,1-6,0-4,4-0
167,1899 Hoffenheim,78,Bundesliga,2019,17,17,34,7,8,15,1,6,7,9,3,12,26,27,53,1.5,1.6,1.6,37,16,53,2.2,0.9,1.6,3,5,8,5,3,8,LWDLDLWWWWWLDLLWWLWWLLDLDLDWWDLWWW,5,1,2,4-0,0-4,0-6,3-1
168,Bayer Leverkusen,78,Bundesliga,2019,17,17,34,9,10,19,4,2,6,4,5,9,32,29,61,1.9,1.7,1.8,22,22,44,1.3,1.3,1.3,6,4,10,2,4,6,WWDLWWDLDLWDWWLLWWWLWWWDWWWLWLDWLW,3,1,2,4-0,1-4,1-4,4-0
169,Eintracht Frankfurt,78,Bundesliga,2019,17,17,34,8,5,13,4,2,6,5,10,15,36,23,59,2.1,1.4,1.7,27,33,60,1.6,1.9,1.8,4,1,5,2,4,6,WLWLDWDWLWLLLDLLLWWDWLLLLLDWWLWWDW,2,1,5,5-0,1-4,2-4,4-0
170,FC Augsburg,78,Bundesliga,2019,17,17,34,5,4,9,5,4,9,7,9,16,28,17,45,1.6,1.0,1.3,29,34,63,1.7,2.0,1.9,3,4,7,2,6,8,LDLWDLLDDLWWDWWWLLLWLDLLLLWDLDWLDL,3,2,4,4-0,0-3,0-3,5-0
173,RB Leipzig,78,Bundesliga,2019,17,17,34,7,11,18,8,4,12,2,2,4,38,43,81,2.2,2.5,2.4,21,16,37,1.2,0.9,1.1,2,8,10,1,3,4,WWWDWLDDLWWWWWWDWWLDDWWDDDWDWDWDLW,6,3,1,8-0,0-5,1-3,2-0
174,FC Schalke 04,78,Bundesliga,2019,17,17,34,5,4,9,7,5,12,5,8,13,20,18,38,1.2,1.1,1.1,27,31,58,1.6,1.8,1.7,4,3,7,5,8,13,DLWWWWDLDWDWWLWDDWLDDDLLDLLLLDDLLL,4,3,4,3-0,1-5,0-5,5-0
180,1. FC Heidenheim,78,Bundesliga,2019,1,1,2,0,0,0,1,1,2,0,0,0,2,0,2,2.0,0.0,1.0,2,0,2,2.0,0.0,1.0,0,1,1,0,1,1,DD,0,2,0,,,,
182,Union Berlin,78,Bundesliga,2019,17,17,34,8,4,12,3,2,5,6,11,17,24,17,41,1.4,1.0,1.2,20,38,58,1.2,2.2,1.7,7,1,8,3,5,8,LDWLLLLWLWWWLWDLLLWLWLWDLLLDLDWWLW,3,1,4,3-0,0-2,0-4,5-0
185,SC Paderborn 07,78,Bundesliga,2019,17,17,34,2,2,4,2,6,8,13,9,22,21,16,37,1.2,0.9,1.1,46,28,74,2.7,1.6,2.2,1,4,5,1,7,8,LLDLLLLLWLLDLWDLWLWLDLLLLDDDLDLLLL,1,3,5,2-0,0-2,1-6,3-0
192,1.FC Köln,78,Bundesliga,2019,17,17,34,6,4,10,4,2,6,7,11,18,28,23,51,1.6,1.4,1.5,27,42,69,1.6,2.5,2.0,5,1,6,2,3,5,LLWLLLDWLLLLDLWWWWLWLWWWLDDLLDLLDL,4,2,4,4-0,0-5,0-4,6-1
157,Bayern München,78,Bundesliga,2020,17,17,34,13,11,24,4,2,6,0,4,4,64,35,99,3.8,2.1,2.9,21,23,44,1.2,1.4,1.3,5,4,9,0,0,0,WLWWWWWDWDDWWWLWWWWWDLWWWWWDWWLWDW,5,2,1,8-0,0-4,,4-1
159,Hertha BSC,78,Bundesliga,2020,17,17,34,5,3,8,5,6,11,7,8,15,21,20,41,1.2,1.2,1.2,26,26,52,1.5,1.5,1.5,6,3,9,7,5,12,WLLLLDWLDWDDLWLDLLLLDLLWLWDDDWDWDL,1,3,4,3-0,1-4,2-5,4-1
160,SC Freiburg,78,Bundesliga,2020,17,17,34,7,5,12,6,3,9,4,9,13,33,19,52,1.9,1.1,1.5,23,29,52,1.4,1.7,1.5,4,2,6,2,7,9,WDLDDLLLDDWWWWWLDWLWDLWLLWLLWDLWDL,5,2,3,5-0,1-4,0-3,4-0
161,VfL Wolfsburg,78,Bundesliga,2020,17,17,34,10,7,17,4,6,10,3,4,7,32,29,61,1.9,1.7,1.8,16,21,37,0.9,1.2,1.1,9,5,14,4,1,5,DDDDWDWWWDWLWLDDWWWWDWWLWWWLLWLWDL,4,4,2,5-0,0-3,0-2,2-0
162,Werder Bremen,78,Bundesliga,2020,17,17,34,3,4,7,5,5,10,9,8,17,16,20,36,0.9,1.2,1.1,28,29,57,1.6,1.7,1.7,4,2,6,4,5,9,LWWDDDDDLLLLWLDWLWDDLWDWLLLLLLLDLL,2,5,7,2-0,1-4,1-4,4-0
163,Borussia Mönchengladbach,78,Bundesliga,2020,17,17,34,8,5,13,4,6,10,5,6,11,32,32,64,1.9,1.9,1.9,19,37,56,1.1,2.2,1.6,4,3,7,1,3,4,LDWDWWLDWDDDLWWDWWDLDLLLLWWDWLWLLW,2,3,4,5-0,0-3,1-2,6-0
164,FSV Mainz 05,78,Bundesliga,2020,17,17,34,4,6,10,4,5,9,9,6,15,16,23,39,0.9,1.4,1.1,26,30,56,1.5,1.8,1.6,2,3,5,6,4,10,LLLLLLDWDLLDLLLDLWLWDWLDWWDWWWDDLW,3,2,6,3-2,1-3,1-4,4-0
165,Borussia Dortmund,78,Bundesliga,2020,17,17,34,11,9,20,2,2,4,4,6,10,40,35,75,2.4,2.1,2.2,20,26,46,1.2,1.5,1.4,7,4,11,0,1,1,WLWWWWLWLDLWLWWDLLWLDWWLWDLWWWWWWW,4,1,2,4-0,0-4,1-5,4-2
167,1899 Hoffenheim,78,Bundesliga,2020,17,17,34,8,3,11,3,7,10,6,7,13,32,20,52,1.9,1.2,1.5,24,30,54,1.4,1.8,1.6,4,2,6,4,3,7,WWLLDLLDDWLLWLLDWWLLDWDWLLLDDWDWDW,2,2,3,4-0,0-3,1-3,4-0
168,Bayer Leverkusen,78,Bundesliga,2020,17,17,34,8,6,14,5,5,10,4,6,10,34,19,53,2.0,1.1,1.6,22,17,39,1.3,1.0,1.1,2,7,9,2,7,9,DDDWWWWWDWWWLLDLWLLWDDLWLLWDWLWDDL,5,3,2,5-2,0-4,1-2,3-0
169,Eintracht Frankfurt,78,Bundesliga,2020,17,17,34,10,6,16,7,5,12,0,6,6,37,32,69,2.2,1.9,2.0,20,33,53,1.2,1.9,1.6,2,2,4,0,2,2,DWWDLDDDDDLDWWWWDWWWWWLDDWWWLWLDLW,5,5,1,5-2,1-5,,5-0
170,FC Augsburg,78,Bundesliga,2020,17,17,34,6,4,10,4,2,6,7,11,18,21,15,36,1.2,0.9,1.1,25,29,54,1.5,1.7,1.6,3,4,7,6,5,11,WWDLLWLDDLDWLWLLLWLLLDWLWLWLDLLLWL,2,2,3,3-1,1-3,1-4,5-2
172,VfB Stuttgart,78,Bundesliga,2020,17,17,34,5,7,12,6,3,9,6,7,13,27,29,56,1.6,1.7,1.6,26,29,55,1.5,1.7,1.6,3,2,5,2,4,6,LWDWDDDDLWWDLLWDLLWLDWWDWLWLLLLWWL,2,4,4,5-1,1-5,1-3,4-0
173,RB Leipzig,78,Bundesliga,2020,17,17,34,11,8,19,4,4,8,2,5,7,29,31,60,1.7,1.8,1.8,13,19,32,0.8,1.1,0.9,8,7,15,3,1,4,WDWWWLWDWDWWDWLDWLWWWWWWDWLWDLWLDL,6,1,1,4-0,1-4,1-3,3-2
174,FC Schalke 04,78,Bundesliga,2020,17,17,34,3,0,3,3,4,7,11,13,24,14,11,25,0.8,0.6,0.7,34,52,86,2.0,3.1,2.5,3,1,4,9,9,18,LLLDLDDLLLDLLLWLLLDLDLLDLLLWLLLLWL,1,2,4,4-0,,0-4,8-0
182,Union Berlin,78,Bundesliga,2020,17,17,34,8,4,12,8,6,14,1,7,8,32,18,50,1.9,1.1,1.5,18,25,43,1.1,1.5,1.3,4,3,7,1,5,6,LDWDDWWWDLDDWWDWLLDLDWDDWLDDWLWLDW,3,2,2,5-0,1-3,1-3,5-2
188,Arminia Bielefeld,78,Bundesliga,2020,17,17,34,6,3,9,2,6,8,9,8,17,13,13,26,0.8,0.8,0.8,23,29,52,1.4,1.7,1.5,6,5,11,7,8,15,DWLLLLLLLWLLWLWDWLLDLLDLWLDWDWLDDW,1,2,7,3-0,0-2,1-5,5-0
191,Holstein Kiel,78,Bundesliga,2020,1,1,2,0,1,1,0,0,0,1,0,1,1,1,2,1.0,1.0,1.0,5,0,5,5.0,0.0,2.5,0,1,1,0,0,0,WL,1,0,0,,0-1,1-5,
192,1.FC Köln,78,Bundesliga,2020,18,18,36,3,6,9,5,4,9,10,8,18,20,19,39,1.1,1.1,1.1,32,30,62,1.8,1.7,1.7,2,3,5,5,8,13,LLLDDLDLWDWLDLLDWLWWLLLDLDLLLWWLDWLW,2,2,3,3-1,1-5,0-4,5-0
157,Bayern München,78,Bundesliga,2021,17,17,34,13,11,24,2,3,5,2,3,5,48,49,97,2.8,2.9,2.9,15,22,37,0.9,1.3,1.1,7,4,11,0,0,0,DWWWWWLWWWWLWWWWWLWWWLWWDDWWWWWLDD,5,2,1,7-0,0-5,1-2,4-2
159,Hertha BSC,78,Bundesliga,2021,18,18,36,6,4,10,3,3,6,9,11,20,24,15,39,1.3,0.8,1.1,34,38,72,1.9,2.1,2.0,4,3,7,1,8,9,LLLWWLLWWLDLDDWLWLDLDLLLLLWLLWWDLLLW,2,2,5,3-0,1-3,1-6,6-0
160,SC Freiburg,78,Bundesliga,2021,17,17,34,8,7,15,5,5,10,4,5,9,32,26,58,1.9,1.5,1.7,25,21,46,1.5,1.2,1.4,4,6,10,1,5,6,DWWDDWWDWWLLLWLDWDLWLDWWDWDLWWDWLL,2,2,3,3-0,0-6,1-4,5-1
161,VfL Wolfsburg,78,Bundesliga,2021,17,17,34,7,5,12,3,3,6,7,9,16,25,18,43,1.5,1.1,1.3,21,33,54,1.2,1.9,1.6,7,4,11,4,6,10,WWWWDLLLLWWDLLLLLLDLWWLDWLLLWLWDWD,4,1,6,5-0,0-2,1-3,6-1
163,Borussia Mönchengladbach,78,Bundesliga,2021,17,17,34,8,4,12,4,5,9,5,8,13,33,21,54,1.9,1.2,1.6,27,34,61,1.6,2.0,1.8,3,2,5,1,4,5,DLLWLWWDLWDWLLLLDWLLDWLDLWWDWLDWDW,2,1,4,5-1,1-3,0-6,6-0
164,FSV Mainz 05,78,Bundesliga,2021,17,17,34,10,3,13,5,2,7,2,12,14,33,17,50,1.9,1.0,1.5,11,34,45,0.6,2.0,1.3,9,1,10,3,4,7,WLWWDLLLWWDDLWLWLLWLWDWLLWDLLDLWWD,2,2,3,4-0,0-2,1-2,5-0
165,Borussia Dortmund,78,Bundesliga,2021,17,17,34,13,9,22,0,3,3,4,5,9,52,33,85,3.1,1.9,2.5,28,24,52,1.6,1.4,1.5,4,3,7,0,1,1,WLWWWLWWWWLWWLDWLWWWLWWDWWDLWWLLWW,4,1,2,6-0,0-3,2-5,3-1
167,1899 Hoffenheim,78,Bundesliga,2021,17,17,34,8,5,13,4,3,7,5,9,14,34,24,58,2.0,1.4,1.7,24,36,60,1.4,2.1,1.8,5,3,8,2,6,8,WDLLDWLWLWLWWWWDDWLLLWWWWDLLLDDLLL,4,2,3,5-0,0-4,2-4,5-1
168,Bayer Leverkusen,78,Bundesliga,2021,17,17,34,10,9,19,2,5,7,5,3,8,39,41,80,2.3,2.4,2.4,23,24,47,1.4,1.4,1.4,5,3,8,3,1,4,DWWLWWWLDLDWWWLDLDWWWWLWDLWWDLWWWW,4,1,1,7-1,0-4,1-5,5-2
169,Eintracht Frankfurt,78,Bundesliga,2021,17,17,34,4,6,10,7,5,12,6,6,12,20,25,45,1.2,1.5,1.3,22,27,49,1.3,1.6,1.4,3,2,5,5,5,10,LDDDDDWLLDWWWLWWWLDLWLLLWWDDLLDLDD,3,5,3,5-2,1-4,0-2,5-2
170,FC Augsburg,78,Bundesliga,2021,17,17,34,7,3,10,4,4,8,6,10,16,25,14,39,1.5,0.8,1.1,26,30,56,1.5,1.8,1.6,3,6,9,2,7,9,LDLDWLLDLWLWDLWDDLDLWLLDWLWWLLWLLW,2,2,2,4-1,0-2,0-4,5-1
172,VfB Stuttgart,78,Bundesliga,2021,17,17,34,6,1,7,4,8,12,7,8,15,28,13,41,1.6,0.8,1.2,32,27,59,1.9,1.6,1.7,0,4,4,4,7,11,WLLDLDWDDLLLWDWLLDLLLLDLWDWDLDLDDW,1,2,4,5-1,0-2,0-5,4-0
173,RB Leipzig,78,Bundesliga,2021,17,17,34,11,6,17,2,5,7,4,6,10,43,29,72,2.5,1.7,2.1,17,20,37,1.0,1.2,1.1,7,3,10,2,3,5,LWLLDWWDWDWLLLWDLWWWLWWWDWDWWWLLWD,3,1,3,6-0,1-6,1-4,3-1
175,Hamburger SV,78,Bundesliga,2021,1,1,2,0,1,1,0,0,0,1,0,1,0,1,1,0.0,1.0,0.5,2,0,2,2.0,0.0,1.0,0,1,1,1,0,1,WL,1,0,0,,0-1,0-2,
176,VfL Bochum,78,Bundesliga,2021,17,17,34,8,4,12,4,2,6,5,11,16,21,17,38,1.2,1.0,1.1,17,35,52,1.0,2.1,1.5,6,1,7,6,7,13,LWLLLDLWWLWLWWDLLWLDDWDLWLLWDLLWWL,2,2,3,4-2,3-4,1-3,7-0
178,SpVgg Greuther Fürth,78,Bundesliga,2021,17,17,34,3,0,3,5,4,9,9,13,22,15,13,28,0.9,0.8,0.8,33,49,82,1.9,2.9,2.4,4,2,6,6,5,11,LDLLLLLLLLLLLLWLDDDWLWLDLLDDLDLDLL,1,3,12,2-1,,1-6,7-1
182,Union Berlin,78,Bundesliga,2021,17,17,34,10,6,16,5,4,9,2,7,9,25,25,50,1.5,1.5,1.5,17,27,44,1.0,1.6,1.3,7,1,8,3,5,8,DDWDLWWWDLDWLWLDWDWWLLLWLDLWWWWDWW,4,2,3,3-1,1-4,2-5,4-0
188,Arminia Bielefeld,78,Bundesliga,2021,17,17,34,2,3,5,10,3,13,5,11,16,15,12,27,0.9,0.7,0.8,23,30,53,1.4,1.8,1.6,4,3,7,5,8,13,DDDLDLLDLLWDLDLWWDDWDLWLLLLDLLLDLD,2,3,4,2-0,0-2,0-4,4-0
192,1.FC Köln,78,Bundesliga,2021,17,17,34,9,5,14,4,6,10,4,6,10,27,25,52,1.6,1.5,1.5,21,28,49,1.2,1.6,1.4,3,1,4,4,3,7,WLWDDDWLDLDDWDLWWWLDWLWDLWDLWWWWLL,4,3,1,4-1,1-4,0-4,5-0
157,Bayern München,78,Bundesliga,2022,17,17,34,11,10,21,5,3,8,1,4,5,53,39,92,3.1,2.3,2.7,17,21,38,1.0,1.2,1.1,7,4,11,0,1,1,WWWDDDLWDWWWWWWDDDWWLWWWLWWDLWWWLW,6,3,1,6-0,0-7,1-3,3-1
159,Hertha BSC,78,Bundesliga,2022,17,17,34,5,2,7,6,2,8,6,13,19,24,18,42,1.4,1.1,1.2,27,42,69,1.6,2.5,2.0,2,1,3,4,4,8,LDLLWDDDDLWLLLWLLLLWLWLDLDLLLLWLDW,1,4,4,4-1,0-2,0-5,5-2
160,SC Freiburg,78,Bundesliga,2022,17,17,34,10,7,17,4,4,8,3,6,9,28,23,51,1.6,1.4,1.5,13,31,44,0.8,1.8,1.3,6,7,13,3,4,7,WLWWWDDWDLWWWLWLDWLWWDDWDDLWWWLLWL,3,2,2,4-0,0-4,1-3,6-0
161,VfL Wolfsburg,78,Bundesliga,2022,17,17,34,6,7,13,7,3,10,4,7,11,34,23,57,2.0,1.4,1.7,25,23,48,1.5,1.4,1.4,6,6,12,3,7,10,DLDLLWLWDDDWWWWWWLLDLWDDWDLDWWLWLL,6,3,2,6-0,0-5,0-3,6-0
162,Werder Bremen,78,Bundesliga,2022,17,17,34,5,5,10,2,4,6,10,8,18,26,25,51,1.5,1.5,1.5,28,36,64,1.6,2.1,1.9,2,2,4,3,3,6,DDWLWLDWWLLWWLLLLWWLLWLLDLDLWLLLDL,2,2,4,5-1,2-4,0-2,7-1
163,Borussia Mönchengladbach,78,Bundesliga,2022,17,17,34,10,1,11,3,7,10,4,9,13,33,19,52,1.9,1.1,1.5,18,37,55,1.1,2.2,1.6,7,2,9,4,5,9,WDWDLDWLWDLLWLWLLWDLWLDLDDWDLLWLDW,1,2,2,5-2,1-4,1-3,5-1
164,FSV Mainz 05,78,Bundesliga,2022,17,17,34,6,6,12,6,4,10,5,7,12,31,23,54,1.8,1.4,1.6,25,30,55,1.5,1.8,1.6,4,3,7,3,3,6,WDWLWLDLDWWLLLDDLWLWWWWDDWDDWLLLLD,4,2,4,5-0,0-3,1-4,6-2
165,Borussia Dortmund,78,Bundesliga,2022,17,17,34,14,8,22,2,3,5,1,6,7,55,28,83,3.2,1.6,2.4,17,27,44,1.0,1.6,1.3,7,5,12,0,3,3,WWLWWLWLDLWWWLLWWWWWWWWDWLWDWDWWWD,8,1,2,6-0,0-3,2-3,3-0
167,1899 Hoffenheim,78,Bundesliga,2022,17,17,34,7,3,10,2,4,6,8,10,18,28,20,48,1.6,1.2,1.4,29,28,57,1.7,1.6,1.7,3,2,5,3,4,7,LWWWLWDDLWLDLLLLDLLLLLLLWWWDLLWLWD,3,2,7,4-1,0-3,1-4,5-2
168,Bayer Leverkusen,78,Bundesliga,2022,17,17,34,8,6,14,3,5,8,6,6,12,35,22,57,2.1,1.3,1.7,23,26,49,1.4,1.5,1.4,5,4,9,2,7,9,LLLWLDDLWLDLWWWWWLLWLDWWWWWDWDLDDL,5,2,3,5-0,0-3,0-3,5-1
169,Eintracht Frankfurt,78,Bundesliga,2022,17,17,34,9,4,13,5,6,11,3,7,10,35,23,58,2.1,1.4,1.7,18,34,52,1.1,2.0,1.5,6,0,6,1,4,5,LDDWWLWWLWWLWWDWDDWLWLDDLDLDLDLWDW,2,2,1,5-1,1-3,1-6,4-0
170,FC Augsburg,78,Bundesliga,2022,17,17,34,6,3,9,4,3,7,7,11,18,16,26,42,0.9,1.5,1.2,24,39,63,1.4,2.3,1.9,5,1,6,4,3,7,LWLLLWWWDLDLLDLLWLWLWLWLDDLLDDWLLL,3,2,3,2-1,2-3,0-4,5-3
172,VfB Stuttgart,78,Bundesliga,2022,18,18,36,6,3,9,6,6,12,6,9,15,26,25,51,1.4,1.4,1.4,22,36,58,1.2,2.0,1.6,2,1,3,4,4,8,DDLDDDLLLWLWLWLDDLLLWLLDLLWDDWLDWDWW,1,3,3,4-1,1-4,1-3,5-0
173,RB Leipzig,78,Bundesliga,2022,17,17,34,13,7,20,2,4,6,2,6,8,38,26,64,2.2,1.5,1.9,18,23,41,1.1,1.4,1.2,6,4,10,1,5,6,DDLWLWLWDWDWWWWDWWDLWWLWLLWWLWWWWW,4,2,2,4-0,1-6,0-3,4-0
174,FC Schalke 04,78,Bundesliga,2022,17,17,34,5,2,7,5,5,10,7,10,17,23,12,35,1.4,0.7,1.0,36,35,71,2.1,2.1,2.1,3,4,7,6,9,15,LDDLDWLLLLLLLWLLLDDDDWWDDLLWLWWLDL,2,4,7,5-2,0-2,1-6,6-0
175,Hamburger SV,78,Bundesliga,2022,1,1,2,0,0,0,0,0,0,1,1,2,1,0,1,1.0,0.0,0.5,3,3,6,3.0,3.0,3.0,0,0,0,0,1,1,LL,0,0,2,,,1-3,3-0
176,VfL Bochum,78,Bundesliga,2022,17,17,34,8,2,10,2,3,5,7,12,19,28,12,40,1.6,0.7,1.2,32,40,72,1.9,2.4,2.1,3,2,5,4,8,12,LLLLLLDLWLWLLWWWLLWLLLLWWDLDLDLWDW,3,1,6,5-2,0-2,0-7,4-0
182,Union Berlin,78,Bundesliga,2022,17,17,34,11,7,18,6,2,8,0,8,8,30,21,51,1.8,1.2,1.5,11,27,38,0.6,1.6,1.1,8,5,13,3,5,8,WDWWDWWLWWLWLDLWWWWWDLDDWWLDWDLWLW,5,2,1,3-0,1-6,,5-0
192,1.FC Köln,78,Bundesliga,2022,17,17,34,6,4,10,5,7,12,6,6,12,28,21,49,1.6,1.2,1.4,20,34,54,1.2,2.0,1.6,4,2,6,7,6,13,WDDDWLDWLWLDLLLWDDDWLLDLLDWDWLWWDL,2,3,3,7-1,2-4,0-2,6-1
157,Bayern München,78,Bundesliga,2023,17,17,34,14,9,23,1,2,3,2,6,8,53,41,94,3.1,2.4,2.8,12,33,45,0.7,1.9,1.3,8,3,11,2,1,3,WWWDWDWWWWWWLWWWLWWWLLWDWWLLWWWLWL,6,1,2,8-0,1-5,0-2,5-1
158,Fortuna Düsseldorf,78,Bundesliga,2023,1,1,2,0,1,1,0,0,0,1,0,1,0,3,3,0.0,3.0,1.5,3,0,3,3.0,0.0,1.5,0,1,1,1,0,1,WL,1,0,0,,0-3,0-3,
160,SC Freiburg,78,Bundesliga,2023,17,17,34,5,6,11,7,2,9,5,9,14,28,17,45,1.6,1.0,1.3,30,28,58,1.8,1.6,1.7,4,6,10,1,5,6,WWLLDWLWLDLDWWWLDWLLLDLDWLWLWDLDDL,3,2,3,2-0,0-3,1-4,5-0
161,VfL Wolfsburg,78,Bundesliga,2023,17,17,34,6,4,10,4,3,7,7,10,17,25,16,41,1.5,0.9,1.2,25,31,56,1.5,1.8,1.6,4,2,6,1,6,7,WWLWLWLLLDLWLLWLDDDDLDDLLLWLLWWWLL,3,4,3,3-0,0-2,1-3,4-0
162,Werder Bremen,78,Bundesliga,2023,17,17,34,7,4,11,4,5,9,6,8,14,29,19,48,1.7,1.1,1.4,26,28,54,1.5,1.6,1.6,3,4,7,3,4,7,LLWLWLLLWDDLLWDDDWWWLWDLLLLDLWWDDW,3,3,4,4-0,0-3,0-4,5-0
163,Borussia Mönchengladbach,78,Bundesliga,2023,17,17,34,5,2,7,6,7,13,6,8,14,27,29,56,1.6,1.7,1.6,26,41,67,1.5,2.4,2.0,3,1,4,5,3,8,DLLDLWDLWDWLWLDLWLDLDLWDDDLWLLDDDL,1,3,2,4-0,1-3,0-3,4-0
164,FSV Mainz 05,78,Bundesliga,2023,17,17,34,6,1,7,5,9,14,6,7,13,23,16,39,1.4,0.9,1.1,18,33,51,1.1,1.9,1.5,5,3,8,4,5,9,LDLLLLDLDWDDLDLDDLLDLWLDLWDWWDDDWW,2,3,4,4-0,1-3,0-3,8-1
165,Borussia Dortmund,78,Bundesliga,2023,17,17,34,10,8,18,3,6,9,4,3,7,37,31,68,2.2,1.8,2.0,22,21,43,1.3,1.2,1.3,5,5,10,2,2,4,WDDWWWWWDLLWDLDDWWWDWDLWWWWLWDLWLW,5,2,2,5-1,0-4,0-4,4-1
167,1899 Hoffenheim,78,Bundesliga,2023,17,17,34,6,7,13,5,2,7,6,8,14,31,35,66,1.8,2.1,1.9,31,35,66,1.8,2.1,1.9,0,2,2,2,1,3,LWWWWLWLWLDDLWLDLLDDDLWWLLLWLWLDWW,4,3,3,4-2,0-6,0-3,4-1
168,Bayer Leverkusen,78,Bundesliga,2023,17,17,34,14,14,28,3,3,6,0,0,0,47,42,89,2.8,2.5,2.6,11,13,24,0.6,0.8,0.7,8,8,16,1,0,1,WWWDWWWWWWWWDDWWWWDWWWWWWWWWWDDWWW,10,2,0,5-0,0-5,,
169,Eintracht Frankfurt,78,Bundesliga,2023,17,17,34,7,4,11,8,6,14,2,7,9,29,22,51,1.7,1.3,1.5,21,29,50,1.2,1.7,1.5,5,2,7,2,4,6,WDDDDLWWDWDLLWLWWDWLDDDWWLDDLWLLDD,2,4,2,5-1,0-3,1-5,3-0
170,FC Augsburg,78,Bundesliga,2023,17,17,34,6,4,10,6,3,9,5,10,15,26,24,50,1.5,1.4,1.5,26,34,60,1.5,2.0,1.8,2,1,3,3,5,8,DLDLWLLWWDDDWLDLLWLDDLWWWWDLWLLLLL,4,3,2,2-0,0-6,0-3,5-1
172,VfB Stuttgart,78,Bundesliga,2023,17,17,34,13,10,23,3,1,4,1,6,7,50,28,78,2.9,1.6,2.3,15,24,39,0.9,1.4,1.1,7,5,12,0,3,3,WLWWWWWWLLWWWDLWLLWWWWDWWWDWWLDWWW,6,1,2,5-0,0-3,2-3,5-1
173,RB Leipzig,78,Bundesliga,2023,17,17,34,11,8,19,4,4,8,2,5,7,40,37,77,2.4,2.2,2.3,12,27,39,0.7,1.6,1.1,8,2,10,3,1,4,LWWWWDDWWLWLWWWDLLLWDWLWWWDWWWWDDD,4,2,3,6-0,1-5,2-3,5-2
176,VfL Bochum,78,Bundesliga,2023,18,18,36,5,3,8,8,4,12,5,11,16,26,19,45,1.4,1.1,1.3,32,45,77,1.8,2.5,2.1,2,3,5,2,7,9,LDDDLLDLDWDDWLWLDWLDDWLLLLDLDLWWLLLW,2,3,4,3-0,0-3,0-5,7-0
180,1. FC Heidenheim,78,Bundesliga,2023,17,17,34,7,3,10,5,7,12,5,7,12,30,20,50,1.8,1.2,1.5,26,29,55,1.5,1.7,1.6,4,2,6,2,3,5,LLDWLWLLLWLDLWWWDDDDWLDLLDDWDLWDDW,3,4,3,4-1,1-2,2-5,4-1
181,SV Darmstadt 98,78,Bundesliga,2023,17,17,34,1,2,3,3,5,8,13,10,23,15,15,30,0.9,0.9,0.9,44,42,86,2.6,2.5,2.5,1,2,3,9,8,17,LLLDLWWLLLDDLLLDLDLLDLDLLLDLLWLLLL,2,2,3,4-2,0-2,0-6,8-0
182,Union Berlin,78,Bundesliga,2023,17,17,34,7,2,9,2,4,6,8,11,19,22,11,33,1.3,0.6,1.0,30,28,58,1.8,1.6,1.7,3,4,7,6,11,17,WWLLLLLLLLLDWLWDLWLDWWDLLWDLLLDLLW,2,1,9,4-1,1-4,1-5,4-0
192,1.FC Köln,78,Bundesliga,2023,17,17,34,4,1,5,4,8,12,9,8,17,15,13,28,0.9,0.8,0.8,28,32,60,1.6,1.9,1.8,3,1,4,8,6,14,LLDLLLLWLDDLWDLLDLDWDLDLDLDWLLDDWL,1,2,4,3-1,0-1,1-5,6-0
77,Angers,61,Ligue 1,2018,19,19,38,5,5,10,9,7,16,5,7,12,24,20,44,1.3,1.1,1.2,22,27,49,1.2,1.4,1.3,7,6,13,3,6,9,LLLWWDWLDDLLWDDDDDLWLDWWWLDDDDDWLDWLLD,3,5,3,3-0,1-3,3-4,5-0
78,Bordeaux,61,Ligue 1,2018,19,19,38,7,3,10,6,5,11,6,11,17,24,10,34,1.3,0.5,0.9,21,21,42,1.1,1.1,1.1,6,4,10,6,12,18,LLWLDWWDWLLDDDDWDLWWLLLWDLLDDDWLLLLLLW,2,4,6,3-0,1-3,0-2,3-0
79,Lille,61,Ligue 1,2018,19,19,38,13,9,22,4,5,9,2,5,7,42,26,68,2.2,1.4,1.8,11,22,33,0.6,1.2,0.9,10,5,15,3,5,8,WDWLWWLWWWWLDLDWDWLWWWWWDDWWLWDWDWDWWL,5,2,1,5-0,1-3,1-2,3-1
80,Lyon,61,Ligue 1,2018,19,19,38,12,9,21,4,5,9,3,5,8,38,32,70,2.0,1.7,1.8,19,28,47,1.0,1.5,1.2,6,4,10,2,4,6,WLWLDWWDLWWDWWDLWDDDWWWLWLWDWWLLWWDWWW,3,3,2,5-1,0-3,1-3,5-0
81,Marseille,61,Ligue 1,2018,19,19,38,11,7,18,4,3,7,4,9,13,31,29,60,1.6,1.5,1.6,17,35,52,0.9,1.8,1.4,10,2,12,3,3,6,WLDWWLWLWWLLWWDLDDLWLLWWWDWWLDLWWLDLWW,3,2,2,4-0,2-5,0-3,3-0
82,Montpellier,61,Ligue 1,2018,19,19,38,8,7,15,8,6,14,3,6,9,31,22,53,1.6,1.2,1.4,20,22,42,1.1,1.2,1.1,7,5,12,2,6,8,LWDWDWDWDWWWLDWLDLDDWDDDLLWDLWLWWWDWDL,3,3,2,3-0,0-3,2-4,5-1
83,Nantes,61,Ligue 1,2018,19,19,38,9,4,13,4,5,9,6,10,16,35,13,48,1.8,0.7,1.3,24,24,48,1.3,1.3,1.3,6,2,8,3,10,13,LLDWDLLDLWWWDDLWLWLLLDLWLWDLLLWWWWWDDL,5,2,3,5-0,2-3,2-4,3-0
84,Nice,61,Ligue 1,2018,19,19,38,10,5,15,4,7,11,5,7,12,19,11,30,1.0,0.6,0.8,14,21,35,0.7,1.1,0.9,10,6,16,6,9,15,LDLWWLWLDLWWWWDDDLWDDWLWLLWLDWWDLWDDLW,4,3,2,3-0,1-2,0-4,4-0
85,Paris Saint Germain,61,Ligue 1,2018,19,19,38,17,12,29,2,2,4,0,5,5,63,42,105,3.3,2.2,2.8,10,25,35,0.5,1.3,0.9,10,7,17,0,0,0,WWWWWWWWWWWWWWDDWWWWLWWWWWWWWDLLWLDWWL,14,2,2,9-0,0-4,,5-1
87,Amiens,61,Ligue 1,2018,19,19,38,7,2,9,5,6,11,7,11,18,20,11,31,1.1,0.6,0.8,22,30,52,1.2,1.6,1.4,7,4,11,7,11,18,LLWDLLWLWLLLWLLLWDDLLLLWLWDWDDDDLDDDLW,1,4,4,4-1,1-2,0-3,5-0
88,Caen,61,Ligue 1,2018,19,19,38,4,3,7,5,7,12,10,9,19,16,13,29,0.8,0.7,0.8,27,27,54,1.4,1.4,1.4,4,5,9,8,9,17,LDDWDLDWLDLLDLDLDWDLLLLLDDLLLWLLWWDWLL,2,2,5,3-2,0-2,0-5,4-0
89,Dijon,61,Ligue 1,2018,19,19,38,6,3,9,4,3,7,9,13,22,18,13,31,0.9,0.7,0.8,29,31,60,1.5,1.6,1.6,4,2,6,8,14,22,WWWLLDLLLLDLLDDWLLDLWLLLLLDLLLWDWLLWLW,3,2,5,2-0,0-4,0-4,4-0
90,Guingamp,61,Ligue 1,2018,19,19,38,3,2,5,7,5,12,9,12,21,16,12,28,0.8,0.6,0.7,27,41,68,1.4,2.2,1.8,5,5,10,6,10,16,LLLLLLDWDDDLLLDLLWLWLLLLDWDLWLDDLLDDDL,1,3,6,2-1,0-2,2-4,9-0
91,Monaco,61,Ligue 1,2018,19,19,38,4,4,8,6,6,12,9,9,18,19,19,38,1.0,1.0,1.0,29,28,57,1.5,1.5,1.5,5,3,8,6,6,12,WDLLDDLLLLDLLWLWLLDDLLWDWWDDWLDDLDLLWL,2,2,4,2-0,1-3,1-5,3-0
92,Nimes,61,Ligue 1,2018,19,19,38,9,6,15,5,3,8,5,10,15,30,27,57,1.6,1.4,1.5,20,38,58,1.1,2.0,1.5,7,3,10,4,7,11,WWLLDDDLDLDWLWWWLLWLWLDWWLLDLWWLWLWWDL,3,3,2,3-0,0-4,2-4,5-0
93,Reims,61,Ligue 1,2018,19,19,38,8,5,13,7,9,16,4,5,9,21,18,39,1.1,0.9,1.0,18,24,42,0.9,1.3,1.1,6,8,14,6,6,12,WWLLDDLDDDWWLWDLDWDDDWWDWWDDWLDDLDLLWW,2,3,2,3-1,2-4,0-3,4-0
94,Rennes,61,Ligue 1,2018,19,19,38,8,5,13,7,6,13,4,8,12,27,28,55,1.4,1.5,1.4,18,34,52,0.9,1.8,1.4,8,3,11,4,1,5,LWDWLLLDWDLWDDLWWWWLDLWWLDWDLDLDLDDDWW,4,3,3,4-0,0-2,1-4,4-1
95,Strasbourg,61,Ligue 1,2018,19,19,38,6,5,11,8,8,16,5,6,11,31,27,58,1.6,1.4,1.5,25,23,48,1.3,1.2,1.3,4,5,9,2,5,7,WDLLDWLWDWDDDLWDDLWWWWLLDDLDDWDDLDDLLW,4,3,2,4-0,1-5,1-3,2-0
96,Toulouse,61,Ligue 1,2018,19,19,38,4,4,8,9,5,14,6,10,16,20,15,35,1.1,0.8,0.9,26,31,57,1.4,1.6,1.5,5,4,9,5,6,11,LWWWDDLDDLLDLLDWLWLDWDLDLDLWDLWLDLDDLL,3,2,2,2-1,1-2,2-5,5-1
1063,Saint Etienne,61,Ligue 1,2018,19,19,38,13,6,19,2,7,9,4,6,10,34,25,59,1.8,1.3,1.6,14,27,41,0.7,1.4,1.1,8,5,13,4,5,9,WDDDLWWWLDDWWLWLDWWWLDLWLWLLWWDWWWWLWD,4,3,2,3-0,0-5,1-2,4-0
77,Angers,61,Ligue 1,2019,15,13,28,8,3,11,3,3,6,4,7,11,20,8,28,1.3,0.6,1.0,13,20,33,0.9,1.5,1.2,7,5,12,4,7,11,WLWWLWWDLLDWDWLLLDWDDLLLLWWW,2,2,4,4-1,0-2,1-4,6-0
78,Bordeaux,61,Ligue 1,2019,13,15,28,4,5,9,5,5,10,4,5,9,19,21,40,1.5,1.4,1.4,12,22,34,0.9,1.5,1.2,4,2,6,4,2,6,LDWDWDWLWLLWDWDWLLLLWDDWDLDD,1,2,4,6-0,1-3,1-2,3-0
79,Lille,61,Ligue 1,2019,15,13,28,11,4,15,2,2,4,2,7,9,24,11,35,1.6,0.8,1.3,9,18,27,0.6,1.4,1.0,9,3,12,2,4,6,WLWLWDWDDLWLDLWWWWLLLWWWLWWW,4,2,3,3-0,0-2,0-2,5-1
80,Lyon,61,Ligue 1,2019,13,15,28,5,6,11,4,3,7,4,6,10,17,25,42,1.3,1.7,1.5,7,20,27,0.5,1.3,1.0,6,3,9,6,3,9,WWLDDLDLLDWWLWWLWLDWWLDLDWWL,2,2,2,6-0,0-4,0-1,4-2
81,Marseille,61,Ligue 1,2019,14,14,28,8,8,16,4,4,8,2,2,4,21,20,41,1.5,1.4,1.5,14,15,29,1.0,1.1,1.0,4,7,11,2,4,6,LDWWWDDDLWLWWWWWWDWWDDWWWLWD,6,3,1,3-1,0-2,1-3,4-0
82,Montpellier,61,Ligue 1,2019,14,14,28,10,1,11,2,5,7,2,8,10,26,9,35,1.9,0.6,1.3,10,24,34,0.7,1.7,1.2,7,1,8,2,8,10,LDWLWDWLWLDDWDWDLLWWWLDWLLWL,3,2,2,4-0,1-2,1-3,5-0
83,Nantes,61,Ligue 1,2019,14,14,28,6,5,11,2,2,4,6,7,13,11,17,28,0.8,1.2,1.0,11,20,31,0.8,1.4,1.1,7,3,10,5,4,9,LDWWWLWWWLLLLDWLWWLWLLLDDWLL,3,2,4,2-1,1-3,2-3,2-0
84,Nice,61,Ligue 1,2019,15,13,28,8,3,11,4,4,8,3,6,9,28,13,41,1.9,1.0,1.5,20,18,38,1.3,1.4,1.4,2,2,4,0,3,3,WWLWLWLDLLLWDLWLWDWDDWDLWDDW,2,2,3,4-1,0-2,1-4,4-1
85,Paris Saint Germain,61,Ligue 1,2019,14,13,27,12,10,22,1,1,2,1,2,3,44,31,75,3.1,2.4,2.8,11,13,24,0.8,1.0,0.9,9,5,14,1,0,1,WLWWWWLWWWWLWWWWWWDWWWWWDWW,6,1,1,5-0,0-4,0-2,2-1
87,Amiens,61,Ligue 1,2019,14,14,28,3,1,4,5,6,11,6,7,13,17,14,31,1.2,1.0,1.1,23,27,50,1.6,1.9,1.8,3,2,5,3,4,7,LWLLDWLDWDDWLLLLDLLDLDDLDDLD,1,2,4,3-1,1-2,0-4,4-1
89,Dijon,61,Ligue 1,2019,14,14,28,6,1,7,6,3,9,2,10,12,20,7,27,1.4,0.5,1.0,15,22,37,1.1,1.6,1.3,5,1,6,3,9,12,LLLLDLDWWDLWLWLDLDDWLWLDDDLW,2,3,4,3-0,1-2,0-2,4-0
91,Monaco,61,Ligue 1,2019,14,14,28,8,3,11,2,5,7,4,6,10,29,15,44,2.1,1.1,1.6,22,22,44,1.6,1.6,1.6,4,3,7,1,4,5,LLDDLDWWLWWLWLWWDWDLLLWWWDDL,3,2,3,5-1,1-2,1-4,3-0
92,Nimes,61,Ligue 1,2019,14,14,28,6,1,7,2,4,6,6,9,15,17,12,29,1.2,0.9,1.0,15,29,44,1.1,2.1,1.6,5,2,7,4,6,10,LLDWDWLLDDDLLDLLLLWLLWWWWLLL,4,3,4,3-0,1-3,0-4,6-0
93,Reims,61,Ligue 1,2019,14,14,28,5,5,10,7,4,11,2,5,7,12,14,26,0.9,1.0,0.9,7,14,21,0.5,1.0,0.8,8,4,12,5,5,10,WDLWLDWLWWDLDDDWWDLDLWDLWDDW,2,3,1,3-1,1-4,1-2,3-0
94,Rennes,61,Ligue 1,2019,14,14,28,9,6,15,2,3,5,3,5,8,25,13,38,1.8,0.9,1.4,14,10,24,1.0,0.7,0.9,3,7,10,3,4,7,WWWLDDLDLLWWLWWWWWLWDWLDLWWW,5,2,2,5-0,0-2,1-2,3-2
95,Strasbourg,61,Ligue 1,2019,13,14,27,7,4,11,3,2,5,3,8,11,22,10,32,1.7,0.7,1.2,14,18,32,1.1,1.3,1.2,4,4,8,2,9,11,DDLDLWLWLLWLWWLLWWWLWLWWDDL,3,2,2,4-1,0-4,0-2,5-0
96,Toulouse,61,Ligue 1,2019,13,15,28,3,0,3,0,4,4,10,11,21,11,11,22,0.8,0.7,0.8,24,34,58,1.8,2.3,2.1,2,1,3,6,8,14,DWLWDLLDLWLLLLLLLLLLLDLLLLLL,1,1,11,2-0,,2-5,4-0
106,Stade Brestois 29,61,Ligue 1,2019,14,14,28,6,2,8,6,4,10,2,8,10,21,13,34,1.5,0.9,1.2,11,26,37,0.8,1.9,1.3,6,2,8,3,7,10,DDWLDDDLWWWLLDLWLDLWWLDDWDLL,3,3,2,5-0,2-5,1-2,4-0
112,Metz,61,Ligue 1,2019,14,14,28,5,3,8,4,6,10,5,5,10,18,9,27,1.3,0.6,1.0,17,18,35,1.2,1.3,1.3,3,5,8,3,6,9,DWLLLLWDLWLDDDDLLDDWWWDLDLWW,3,4,4,3-0,0-1,0-2,4-1
1063,Saint Etienne,61,Ligue 1,2019,14,14,28,4,4,8,6,0,6,4,10,14,15,14,29,1.1,1.0,1.0,18,27,45,1.3,1.9,1.6,3,2,5,5,4,9,WDLLDLLWWWDWWDLWLLLLWLLLLDLD,3,1,4,4-1,2-3,0-4,4-1
77,Angers,61,Ligue 1,2020,19,19,38,6,6,12,3,5,8,10,8,18,20,20,40,1.1,1.1,1.1,27,31,58,1.4,1.6,1.5,3,6,9,8,8,16,WLWLWLDWLWLWWDLDWWLLLWDLLDDWLDDLLLLWLL,2,2,4,3-0,1-5,0-3,6-1
78,Bordeaux,61,Ligue 1,2020,19,19,38,7,6,13,4,2,6,8,11,19,19,23,42,1.0,1.2,1.1,21,35,56,1.1,1.8,1.5,9,5,14,8,4,12,DWDLDWLWLLWDWLLWLDWWWLLLDLLLWLLLLLWLWW,3,1,5,3-0,0-3,0-3,4-0
79,Lille,61,Ligue 1,2020,19,19,38,10,14,24,7,4,11,2,1,3,28,36,64,1.5,1.9,1.7,11,12,23,0.6,0.6,0.6,10,11,21,3,1,4,DWWDWWWDDLWDWWWDWLWWWWWWDWDWDLWWDWWWDW,6,2,1,4-0,1-4,1-2,3-2
80,Lyon,61,Ligue 1,2020,19,19,38,11,11,22,3,7,10,5,1,6,42,39,81,2.2,2.1,2.1,23,20,43,1.2,1.1,1.1,6,5,11,2,1,3,WDLDDDWWDWWWWWDWWWDLWWWWLWDWDLDWWLWWWL,5,3,1,4-1,0-5,2-4,2-1
81,Marseille,61,Ligue 1,2020,19,19,38,10,6,16,5,7,12,4,6,10,32,22,54,1.7,1.2,1.4,23,24,47,1.2,1.3,1.2,2,6,8,3,5,8,WWLDDDWWWWWWLDLWDLLLDLDWDDLWWLWDWWDLWD,6,3,3,3-1,1-3,0-2,3-0
82,Montpellier,61,Ligue 1,2020,19,19,38,7,7,14,4,8,12,8,4,12,34,26,60,1.8,1.4,1.6,35,27,62,1.8,1.4,1.6,1,4,5,4,2,6,LWWWDLDLWWWWLWLDLLDLLLDWWWDDDWDDDLLWDW,4,3,3,4-1,0-2,0-4,4-0
83,Nantes,61,Ligue 1,2020,20,20,40,3,7,10,8,5,13,9,8,17,21,28,49,1.1,1.4,1.2,30,27,57,1.5,1.4,1.4,2,3,5,5,5,10,DWLDLLWLWDDLLDLDLDDDLLDLWDDLWDLLLWWWWLWL,4,3,3,3-0,0-4,0-4,3-0
84,Nice,61,Ligue 1,2020,19,19,38,7,8,15,3,4,7,9,7,16,25,25,50,1.3,1.3,1.3,30,23,53,1.6,1.2,1.4,3,6,9,6,5,11,WWLLDWWDWLLDLWLDLDLWLLWLLLWWDWWDLWLWLW,2,1,3,3-0,0-3,1-4,3-1
85,Paris Saint Germain,61,Ligue 1,2020,19,19,38,13,13,26,1,3,4,5,3,8,44,42,86,2.3,2.2,2.3,14,14,28,0.7,0.7,0.7,9,10,19,4,2,6,LLWWWWWWWWLDWLWDWDWWWLWWWLWWLWLWWWWDWW,8,1,2,6-1,0-4,0-2,3-2
89,Dijon,61,Ligue 1,2020,19,19,38,1,3,4,6,3,9,12,13,25,8,17,25,0.4,0.9,0.7,31,42,73,1.6,2.2,1.9,4,2,6,13,8,21,LLLLDLDLDDLWDDLLWDDDLLLLLLLLLLLLWLLLLW,1,3,12,2-0,1-3,1-5,5-1
91,Monaco,61,Ligue 1,2020,19,19,38,12,12,24,5,1,6,2,6,8,43,33,76,2.3,1.7,2.0,21,21,42,1.1,1.1,1.1,7,8,15,2,3,5,DWWLWLDLWWWWLLLWDWWWWWWWDWWLDWWWWWLWWD,7,1,3,4-0,0-4,0-3,4-1
92,Nimes,61,Ligue 1,2020,19,19,38,3,6,9,5,3,8,11,10,21,22,18,40,1.2,0.9,1.1,39,32,71,2.1,1.7,1.9,3,5,8,6,7,13,WLLDDWLLLLWLLLLDLLLWLLLWWWDLDWLDDLDWLL,3,2,4,4-0,0-3,1-5,5-0
93,Reims,61,Ligue 1,2020,19,19,38,4,5,9,8,7,15,7,7,14,16,26,42,0.8,1.4,1.1,21,29,50,1.1,1.5,1.3,6,4,10,9,5,14,DLLLLDLWWDLLDLWDWDWLWWDLDDDWDWDDDLDLLL,2,3,4,3-1,0-4,1-3,4-0
94,Rennes,61,Ligue 1,2020,19,19,38,9,7,16,4,6,10,6,6,12,26,26,52,1.4,1.4,1.4,21,19,40,1.1,1.0,1.1,4,6,10,4,6,10,DWWWWDDLWLLDLWWWWDDWLDDLLLLLWWDWWWLDLW,4,2,5,5-1,0-3,0-2,3-0
95,Strasbourg,61,Ligue 1,2020,19,19,38,4,7,11,5,4,9,10,8,18,21,28,49,1.1,1.5,1.3,29,29,58,1.5,1.5,1.5,5,5,10,6,4,10,LLLWLLLWLLLDWDWLLWWWDLDLWDDWLLWLDLDLWD,3,2,3,5-0,0-4,1-4,4-0
96,Toulouse,61,Ligue 1,2020,1,1,2,0,1,1,0,0,0,1,0,1,1,1,2,1.0,1.0,1.0,2,0,2,2.0,0.0,1.0,0,1,1,0,0,0,LW,0,0,1,,0-1,1-2,
97,Lorient,61,Ligue 1,2020,19,19,38,10,1,11,2,7,9,7,11,18,31,19,50,1.6,1.0,1.3,29,39,68,1.5,2.1,1.8,4,1,5,4,6,10,WLLLDLWLDLLLLWLLDLLWWDWDLLWDDDWLLWWLWD,2,3,4,4-1,1-3,2-5,4-0
106,Stade Brestois 29,61,Ligue 1,2020,19,19,38,8,3,11,4,4,8,7,12,19,32,18,50,1.7,0.9,1.3,33,33,66,1.7,1.7,1.7,3,4,7,3,8,11,LLWWLWLLLWWWLWDDLWLLLLDWDLLWLDLDDWLLDL,3,2,4,4-1,0-2,1-4,4-0
112,Metz,61,Ligue 1,2020,19,19,38,5,7,12,5,6,11,9,6,15,19,25,44,1.0,1.3,1.2,26,22,48,1.4,1.2,1.3,4,4,8,6,6,12,LLLWDWDWWDDLLDWWLDDWWWDLLWWLDLLLDLWLLD,3,2,3,3-1,1-5,0-3,4-0
116,Lens,61,Ligue 1,2020,19,19,38,7,8,15,7,5,12,5,6,11,28,27,55,1.5,1.4,1.4,26,28,54,1.4,1.5,1.4,4,4,8,5,3,8,LWWWDWLDWDLWLWLWLLDWLWDDDWDWDWDWDWLLLD,3,3,3,4-1,0-3,0-3,4-0
1063,Saint Etienne,61,Ligue 1,2020,19,19,38,5,7,12,6,4,10,8,8,16,20,22,42,1.1,1.2,1.1,29,25,54,1.5,1.3,1.4,5,7,12,6,5,11,WWWDLLLLLLLDDDWDDDLLLWDWWDLLWLWWLLWWDL,3,3,7,4-1,0-2,0-5,4-1
77,Angers,61,Ligue 1,2021,19,19,38,8,2,10,2,9,11,9,8,17,23,21,44,1.2,1.1,1.2,23,32,55,1.2,1.7,1.4,6,2,8,6,5,11,WWDWDLDDWLDLDWDLWLLDWLLLLLLLWLDDLDLWLW,2,2,7,4-1,0-2,1-4,5-2
78,Bordeaux,61,Ligue 1,2021,19,19,38,3,3,6,7,6,13,9,10,19,25,27,52,1.3,1.4,1.4,33,58,91,1.7,3.1,2.4,1,1,2,6,6,12,LDDLLWDDLDDWLDLLDWLLLWLLDDLLLDWLDLLLDW,1,2,3,3-1,2-4,0-2,6-0
79,Lille,61,Ligue 1,2021,19,19,38,7,7,14,8,5,13,4,7,11,24,24,48,1.3,1.3,1.3,22,26,48,1.2,1.4,1.3,7,3,10,5,4,9,DLDWLLWWWLDLDDDWWDWDWLLWDWWDWDDLLWLLWD,3,3,2,4-0,1-3,1-5,3-0
80,Lyon,61,Ligue 1,2021,19,19,38,11,6,17,5,6,11,3,7,10,42,24,66,2.2,1.3,1.7,25,26,51,1.3,1.4,1.3,3,6,9,1,4,5,DLDWWLWDDWLWLWLDDDDWWWLWDLWLDWDWLWWLWW,3,4,1,6-1,1-4,2-4,4-1
81,Marseille,61,Ligue 1,2021,19,19,38,9,12,21,5,3,8,5,4,9,33,30,63,1.7,1.6,1.7,22,16,38,1.2,0.8,1.0,6,9,15,5,3,8,WDWWWDLLWDDWDWWLWDWDWLWWLDLWWWWLWWLWLW,4,2,2,4-0,1-4,0-3,2-0
82,Montpellier,61,Ligue 1,2021,19,19,38,7,5,12,5,2,7,7,12,19,27,22,49,1.4,1.2,1.3,26,35,61,1.4,1.8,1.6,6,4,10,6,6,12,LDWLWDDLDWLWWLLWWWWLLWLLWLLDWLLDLLDLLL,4,2,2,4-1,0-4,0-4,5-2
83,Nantes,61,Ligue 1,2021,19,19,38,11,4,15,4,6,10,4,9,13,33,22,55,1.7,1.2,1.4,20,28,48,1.1,1.5,1.3,5,3,8,5,5,10,DWLLLWWLWDWLDLDLWWWDLWLWWDWLLWDDLWDWLD,3,2,3,5-3,1-4,0-2,3-1
84,Nice,61,Ligue 1,2021,19,19,38,10,10,20,4,3,7,5,6,11,27,25,52,1.4,1.3,1.4,21,15,36,1.1,0.8,0.9,5,9,14,5,8,13,DWWWDLWWLWDWLWLDLWWWWWLLWDWDLDLWLWWWLW,5,1,2,4-0,0-4,0-3,3-0
85,Paris Saint Germain,61,Ligue 1,2021,19,19,38,16,10,26,3,5,8,0,4,4,49,41,90,2.6,2.2,2.4,12,24,36,0.6,1.3,0.9,9,4,13,1,4,5,WWWWWWWWLWDWWWWDDWDDWWWWLWLWLWWWWDDDWW,8,3,1,5-0,1-6,,3-0
91,Monaco,61,Ligue 1,2021,19,19,38,12,8,20,4,5,9,3,6,9,38,27,65,2.0,1.4,1.7,16,24,40,0.8,1.3,1.1,8,3,11,3,7,10,DLLWLDWWWLWLDDDWWLWDWLWDDLWLWWWWWWWWWD,9,3,2,4-0,1-4,0-2,2-0
93,Reims,61,Ligue 1,2021,19,19,38,5,6,11,6,7,13,8,6,14,25,18,43,1.3,0.9,1.1,23,21,44,1.2,1.1,1.2,6,5,11,6,7,13,DDDLWDLWLDLLDDWWLWDDLLWLDWDWDLLDWLWLWL,2,3,2,5-0,0-2,0-2,4-0
94,Rennes,61,Ligue 1,2021,19,19,38,14,6,20,1,5,6,4,8,12,50,32,82,2.6,1.7,2.2,13,27,40,0.7,1.4,1.1,11,3,14,1,4,5,DDWLLLWDWWWDWWWLWLLLWLWLWWWWWDWLLWWLWD,5,2,3,6-0,0-5,0-2,2-0
95,Strasbourg,61,Ligue 1,2021,19,19,38,11,6,17,5,7,12,3,6,9,36,24,60,1.9,1.3,1.6,18,25,43,0.9,1.3,1.1,7,7,14,3,4,7,LLDWLWWLDWLWDDDWWLWWWLWWDDDWDWDDWLDWWL,3,3,2,5-1,0-3,0-2,4-0
97,Lorient,61,Ligue 1,2021,19,19,38,6,2,8,6,6,12,7,11,18,20,15,35,1.1,0.8,0.9,22,41,63,1.2,2.2,1.7,6,5,11,6,7,13,DWLDWDWDDLDLLLLLLLDDLLWDLWLWDLWLWLLLDD,1,2,7,6-2,0-2,1-4,5-0
99,Clermont Foot,61,Ligue 1,2021,19,19,38,4,5,9,6,3,9,9,11,20,22,16,38,1.2,0.8,1.0,33,36,69,1.7,1.9,1.8,3,5,8,4,8,12,WWDDLDLLDWLLLLLDLWDLLWWLWDLLLLLDWDLWLL,2,2,5,2-0,0-2,1-6,6-0
106,Stade Brestois 29,61,Ligue 1,2021,19,19,38,7,6,13,4,5,9,8,8,16,28,21,49,1.5,1.1,1.3,29,28,57,1.5,1.5,1.5,5,2,7,4,3,7,DDLLDDLLLDDWWWWWWLDLLWLWDLWLLWDLWWWLLL,6,2,3,5-1,1-2,0-4,4-2
108,Auxerre,61,Ligue 1,2021,1,1,2,0,0,0,1,1,2,0,0,0,1,1,2,1.0,1.0,1.0,1,1,2,1.0,1.0,1.0,0,0,0,0,0,0,DD,0,2,0,,,,
110,Estac Troyes,61,Ligue 1,2021,19,19,38,5,4,9,7,4,11,7,11,18,19,18,37,1.0,0.9,1.0,19,34,53,1.0,1.8,1.4,6,3,9,4,5,9,LLDLWDLDLWWDLLLWLLDLWLDLLDWWDWLDLLWDLD,2,1,3,3-0,0-2,1-3,5-1
112,Metz,61,Ligue 1,2021,19,19,38,3,3,6,7,6,13,9,10,19,21,14,35,1.1,0.7,0.9,31,38,69,1.6,2.0,1.8,3,5,8,7,9,16,DLDDLLLWLLLDDDWLLWDLWLDLDDLDLLLDLLDWWL,2,3,3,4-1,1-2,0-3,6-1
116,Lens,61,Ligue 1,2021,19,19,38,9,8,17,7,4,11,3,7,10,35,27,62,1.8,1.4,1.6,20,28,48,1.1,1.5,1.3,6,2,8,3,5,8,DDWDWWLWWLWLWLDDDLLWWLLWDWLDWLWWWDDWWD,3,3,2,4-0,1-3,0-2,4-0
1063,Saint Etienne,61,Ligue 1,2021,20,20,40,4,3,7,7,6,13,9,11,20,25,19,44,1.3,1.0,1.1,39,40,79,2.0,2.0,2.0,1,3,4,3,6,9,DDDLLLLLDLDDWWLLLLLLLWWWDLWDDLLWDLLLLDDD,3,3,7,3-1,1-2,0-5,6-2
77,Angers,61,Ligue 1,2022,19,19,38,3,1,4,3,3,6,13,15,28,20,13,33,1.1,0.7,0.9,36,45,81,1.9,2.4,2.1,2,2,4,3,10,13,DDLLLLWWLLLLLLLLLLLLLDDLLLLLDWLLLLLDWL,2,2,13,2-1,0-1,0-3,5-0
79,Lille,61,Ligue 1,2022,19,19,38,13,6,19,4,6,10,2,7,9,40,25,65,2.1,1.3,1.7,25,19,44,1.3,1.0,1.2,5,5,10,1,6,7,WDLWLWLWLWWWLDWWDDWLDWWLWDDWWLWDWLDWWD,3,2,1,5-1,0-3,1-7,4-3
80,Lyon,61,Ligue 1,2022,19,19,38,10,8,18,5,3,8,4,8,12,35,30,65,1.8,1.6,1.7,19,28,47,1.0,1.5,1.2,5,3,8,4,3,7,WWDWWLLLLDLWWLDWLDLWDWWLWDDDWWWLWWLWWL,3,3,4,5-0,2-4,1-2,3-1
81,Marseille,61,Ligue 1,2022,19,19,38,10,12,22,4,3,7,5,4,9,35,32,67,1.8,1.7,1.8,24,16,40,1.3,0.8,1.1,2,8,10,2,3,5,WDWWWWWDWLLLDWWWWWWDWLWWLWDWDDWWWLWLLL,6,2,3,6-1,0-3,0-3,2-1
82,Montpellier,61,Ligue 1,2022,19,19,38,7,8,15,3,2,5,9,9,18,29,36,65,1.5,1.9,1.7,29,33,62,1.5,1.7,1.6,4,7,11,2,3,5,WLLWWLLWLLLLLDDWLLLWLLWWDWWWDLLWWLDWLW,3,2,5,5-0,0-7,0-3,6-1
83,Nantes,61,Ligue 1,2022,19,19,38,5,2,7,8,7,15,6,10,16,20,17,37,1.1,0.9,1.0,26,29,55,1.4,1.5,1.4,5,6,11,8,7,15,DDLWDLLDLLWDDLDDWDWDLWWLLLDDLDLDLLDLLW,2,2,3,4-1,0-3,0-3,4-1
84,Nice,61,Ligue 1,2022,19,19,38,7,8,15,7,6,13,5,5,10,24,24,48,1.3,1.3,1.3,18,19,37,0.9,1.0,1.0,6,5,11,7,4,11,DDLLWLWLLWDDWWDDLWDWWWWDWDDDDLLLWWLDWW,4,4,3,6-1,0-3,0-3,2-0
85,Paris Saint Germain,61,Ligue 1,2022,19,19,38,13,14,27,2,2,4,4,3,7,45,44,89,2.4,2.3,2.3,25,15,40,1.3,0.8,1.1,5,8,13,2,2,4,WWWDWWWWWDWWWWWWLWLDWWLWWWWLLWWWLWWWDL,6,1,2,5-0,1-7,1-3,3-1
91,Monaco,61,Ligue 1,2022,19,19,38,9,10,19,3,5,8,7,4,11,37,33,70,1.9,1.7,1.8,33,25,58,1.7,1.3,1.5,3,6,9,4,2,6,WDLDLWWWWWDLWWLWWDWDWWWWLDLWWDWLLWDLLL,5,1,2,7-1,0-3,0-4,3-0
93,Reims,61,Ligue 1,2022,19,19,38,8,4,12,6,9,15,5,6,11,28,17,45,1.5,0.9,1.2,23,22,45,1.2,1.2,1.2,7,7,14,4,8,12,LLDDWDLLDDDWDWDWDWDDWDWDWWWLWDLLLWLDLL,3,3,3,4-0,0-3,0-3,4-1
94,Rennes,61,Ligue 1,2022,19,19,38,15,6,21,0,5,5,4,8,12,43,26,69,2.3,1.4,1.8,14,25,39,0.7,1.3,1.0,9,4,13,3,2,5,LDWLWDWDWWWWWDWLWLWLWLLWWLDWLLWLWLWWWW,5,1,2,5-0,0-5,1-3,3-1
95,Strasbourg,61,Ligue 1,2022,19,19,38,5,4,9,7,6,13,7,9,16,25,26,51,1.3,1.4,1.3,26,33,59,1.4,1.7,1.6,4,2,6,3,3,6,LDDLDDDLLWLDDLDLLDWLLWLWDLDWLLWWLWWDDL,2,3,2,3-1,0-2,0-3,3-0
96,Toulouse,61,Ligue 1,2022,19,19,38,6,7,13,6,3,9,7,9,16,27,24,51,1.4,1.3,1.3,27,30,57,1.4,1.6,1.5,3,6,9,6,5,11,DWDLLLWLWDWDLLLLWWDWWLWLLLWLLWLWLDDDDW,2,4,4,4-1,0-5,0-3,6-1
97,Lorient,61,Ligue 1,2022,19,19,38,9,6,15,4,6,10,6,7,13,26,26,52,1.4,1.4,1.4,21,32,53,1.1,1.7,1.4,5,3,8,6,3,9,WDWLWWWWWWDDLLDLWDLWLDLWLDWDLDLLWWDLLW,6,2,2,3-0,1-3,1-3,5-2
98,Ajaccio,61,Ligue 1,2022,19,19,38,4,3,7,3,2,5,12,14,26,10,13,23,0.5,0.7,0.6,30,44,74,1.6,2.3,1.9,5,1,6,13,9,22,LDLLLLLWLWDLLWDWLLLLWLLLWLLLLLLDLDLLLW,1,1,6,4-2,1-2,0-5,7-1
99,Clermont Foot,61,Ligue 1,2022,19,19,38,9,8,17,3,5,8,7,6,13,20,25,45,1.1,1.3,1.2,28,21,49,1.5,1.1,1.3,5,5,10,6,4,10,LWWLLWDLWWDLDDLLWWWDDLLLDWLLWWWWWDWLWW,5,2,3,2-0,2-4,0-5,2-0
106,Stade Brestois 29,61,Ligue 1,2022,19,19,38,7,4,11,5,6,11,7,9,16,24,20,44,1.3,1.1,1.2,26,28,54,1.4,1.5,1.4,6,3,9,4,6,10,LDWLLDLLDLLWDLWLLDDWDDLLLWLDWDWDWLWWWL,3,2,3,4-0,1-3,0-7,4-1
108,Auxerre,61,Ligue 1,2022,19,19,38,5,3,8,7,4,11,7,12,19,18,17,35,0.9,0.9,0.9,28,35,63,1.5,1.8,1.7,5,2,7,5,6,11,LDWWLLLLDLDLWDLLLLLLLDDWWDDLWWWDLDLLDL,3,2,7,2-1,0-3,0-5,5-0
110,Estac Troyes,61,Ligue 1,2022,19,19,38,1,3,4,11,1,12,7,15,22,19,26,45,1.0,1.4,1.2,30,51,81,1.6,2.7,2.1,1,0,1,6,5,11,LLLWWDLWDLDDLDLDWLLDLLLLLDLDLLLDLLLDLD,2,2,5,3-1,2-4,0-3,5-1
116,Lens,61,Ligue 1,2022,19,19,38,17,8,25,1,8,9,1,3,4,41,27,68,2.2,1.4,1.8,13,16,29,0.7,0.8,0.8,8,7,15,1,4,5,WDWWWDWDWLWWWWWDWDWDLDLWDDWWWWLWWWWWWW,5,2,1,5-2,0-4,0-1,3-1
79,Lille,61,Ligue 1,2023,17,17,34,11,5,16,4,7,11,2,5,7,34,18,52,2.0,1.1,1.5,14,20,34,0.8,1.2,1.0,9,6,15,0,4,4,DWLWDLWDWWDDWWDDLWDWLWLWDDWWWLWLWD,3,2,1,4-0,0-2,3-4,4-1
80,Lyon,61,Ligue 1,2023,17,17,34,7,9,16,4,1,5,6,7,13,25,24,49,1.5,1.4,1.4,29,26,55,1.7,1.5,1.6,5,5,10,3,4,7,LLDLDLLDLDWLLLWWWLLWWWWLWWDWWLWWWW,4,1,3,3-0,1-3,1-4,4-1
81,Marseille,61,Ligue 1,2023,17,17,34,10,3,13,6,5,11,1,9,10,31,21,52,1.8,1.2,1.5,13,28,41,0.8,1.6,1.2,7,0,7,3,7,10,WDWDDLLWLDLDWWWWDDDLDLWWWLLLDDWWLW,4,3,3,4-1,1-5,0-2,4-0
82,Montpellier,61,Ligue 1,2023,17,17,34,3,7,10,9,3,12,5,7,12,20,23,43,1.2,1.4,1.3,23,25,48,1.4,1.5,1.4,7,3,10,5,5,10,DWLLDDWLWLDLDLDWDLDLLWLDWLWWDWDWLD,2,2,2,3-0,1-4,2-6,4-1
83,Nantes,61,Ligue 1,2023,17,17,34,3,6,9,3,3,6,11,8,19,17,13,30,1.0,0.8,0.9,30,25,55,1.8,1.5,1.6,3,5,8,7,7,14,LLDDWWLWWLLLDWLLLLDLWLWLLLWLWLDDLL,2,2,4,5-3,1-2,0-3,4-0
84,Nice,61,Ligue 1,2023,17,17,34,9,6,15,4,6,10,4,5,9,21,19,40,1.2,1.1,1.2,11,18,29,0.6,1.1,0.9,11,6,17,3,6,9,DDDWWWDWWWWDWLWLWLWDLLDLLWLDWDWWLD,4,3,2,3-0,1-3,2-3,3-1
85,Paris Saint Germain,61,Ligue 1,2023,17,17,34,9,13,22,6,4,10,2,0,2,42,39,81,2.5,2.3,2.4,22,11,33,1.3,0.6,1.0,4,8,12,1,2,3,DDWWLWDWWWWWWWWDWWDWWWDDDWWDWWDLWW,8,3,1,4-0,2-6,1-3,
91,Monaco,61,Ligue 1,2023,17,17,34,10,10,20,3,4,7,4,3,7,30,38,68,1.8,2.2,2.0,14,28,42,0.8,1.6,1.2,8,4,12,3,2,5,WWDWDLWWWLWDLWWLWLDDWLWDWDWWWWLWWW,4,2,1,4-0,2-5,1-3,5-2
93,Reims,61,Ligue 1,2023,17,17,34,8,5,13,3,5,8,6,7,13,19,23,42,1.1,1.4,1.2,18,29,47,1.1,1.7,1.4,7,1,8,4,2,6,LWWDLWWLDWWLLWLLWWDLLDWLDWDDLLLDWW,2,2,3,2-0,1-3,0-3,4-1
94,Rennes,61,Ligue 1,2023,17,17,34,7,5,12,4,6,10,6,6,12,34,19,53,2.0,1.1,1.6,26,20,46,1.5,1.2,1.4,2,5,7,1,7,8,WDDDDDWLLDLLWLLDWWWWWWDLDWLLLWLWDL,6,5,3,5-1,0-3,1-3,2-0
95,Strasbourg,61,Ligue 1,2023,17,17,34,7,3,10,3,6,9,7,8,15,22,16,38,1.3,0.9,1.1,23,27,50,1.4,1.6,1.5,3,2,5,4,5,9,WLWLDWLLLDDDLDWWWDDLLLLDLWWDWLLLWL,3,3,4,3-1,1-3,0-3,3-0
96,Toulouse,61,Ligue 1,2023,17,17,34,3,8,11,7,3,10,7,6,13,21,21,42,1.2,1.2,1.2,25,21,46,1.5,1.2,1.4,3,3,6,4,6,10,WDLDDLWDDLLDLDLDLWLWLWWWLLWDWDWLWL,3,2,2,3-0,0-3,0-3,3-0
97,Lorient,61,Ligue 1,2023,17,17,34,4,3,7,4,4,8,9,10,19,26,17,43,1.5,1.0,1.3,30,36,66,1.8,2.1,1.9,3,1,4,5,9,14,DDWLDLLDWLDLLDLLLLDWWWLWLDLLLLLLLW,3,2,7,5-0,1-3,1-4,4-0
99,Clermont Foot,61,Ligue 1,2023,17,17,34,3,2,5,5,5,10,9,10,19,14,12,26,0.8,0.7,0.8,27,33,60,1.6,1.9,1.8,3,2,5,8,8,16,LLLDLLDWLDWLDLDLLWDLDLDLLWLDDLWLLL,1,2,3,4-1,1-2,1-5,5-0
106,Stade Brestois 29,61,Ligue 1,2023,17,17,34,8,9,17,7,3,10,2,5,7,25,28,53,1.5,1.6,1.6,14,20,34,0.8,1.2,1.0,9,6,15,4,5,9,WWLDWWDDLLLWWDWWWWDDDWWWLDWWLLWDDW,4,3,3,4-0,0-3,0-2,2-0
111,Le Havre,61,Ligue 1,2023,17,17,34,6,1,7,2,9,11,9,7,16,18,16,34,1.1,0.9,1.0,19,26,45,1.1,1.5,1.3,4,3,7,8,8,16,DLDWDWLLDDWDDLLWLWDDLLLLWLLDLLDWLL,1,2,4,3-0,1-2,0-2,3-0
112,Metz,61,Ligue 1,2023,18,18,36,3,5,8,4,2,6,11,11,22,19,19,38,1.1,1.1,1.1,29,33,62,1.6,1.8,1.7,2,4,6,7,4,11,LDWDWLLLLDDWWLLLLLLLDLLWWLLLWWLLLLLD,2,2,7,3-1,0-2,2-5,5-1
116,Lens,61,Ligue 1,2023,17,17,34,9,5,14,4,5,9,4,7,11,27,18,45,1.6,1.1,1.3,18,19,37,1.1,1.1,1.1,6,8,14,2,5,7,LDLLLWWDDWDWWWDWLLWWWDLWWLLDLWLWDD,3,2,3,4-0,0-3,1-3,3-0
1063,Saint Etienne,61,Ligue 1,2023,1,1,2,1,0,1,0,1,1,0,0,0,2,2,4,2.0,2.0,2.0,1,2,3,1.0,2.0,1.5,0,0,0,0,0,0,WD,1,0,0,2-1,,,
33,Manchester United,2,UEFA Champions League,2018,5,5,10,1,3,4,1,0,1,3,2,5,1,9,10,0.2,1.8,1.0,4,7,11,0.8,1.4,1.1,2,1,3,4,1,5,WDLWWLLWLL,2,1,2,1-0,0-3,0-2,3-0
40,Liverpool,2,UEFA Champions League,2018,6,7,13,5,3,8,1,0,1,0,4,4,14,10,24,2.3,1.4,1.8,2,10,12,0.3,1.4,0.9,5,1,6,1,3,4,WLWLLWDWWWLWW,3,1,2,4-0,1-4,,3-0
47,Tottenham,2,UEFA Champions League,2018,7,6,13,4,2,6,0,2,2,3,2,5,9,11,20,1.3,1.8,1.5,8,11,19,1.1,1.8,1.5,3,1,4,2,0,2,LLDWWDWWWLLWL,3,1,2,3-0,2-3,2-4,4-3
50,Manchester City,2,UEFA Champions League,2018,5,5,10,4,3,7,0,1,1,1,1,2,20,10,30,4.0,2.0,3.0,6,6,12,1.2,1.2,1.2,2,1,3,0,1,1,LWWWDWWWLW,3,1,1,7-0,0-3,1-2,1-0
80,Lyon,2,UEFA Champions League,2018,4,4,8,0,1,1,4,2,6,0,1,1,6,7,13,1.5,1.8,1.6,6,10,16,1.5,2.5,2.0,1,0,1,1,0,1,WDDDDDDL,1,6,0,,1-2,,5-1
85,Paris Saint Germain,2,UEFA Champions League,2018,4,4,8,2,2,4,1,1,2,1,1,2,11,9,20,2.8,2.3,2.5,7,5,12,1.8,1.3,1.5,0,1,1,0,0,0,LWDDWWWL,3,2,1,6-1,1-4,1-3,3-2
91,Monaco,2,UEFA Champions League,2018,3,3,6,0,0,0,0,1,1,3,2,5,1,1,2,0.3,0.3,0.3,8,6,14,2.7,2.0,2.3,0,0,0,2,2,4,LLDLLL,0,1,2,,,0-4,3-0
157,Bayern München,2,UEFA Champions League,2018,4,4,8,2,2,4,1,2,3,1,0,1,9,7,16,2.3,1.8,2.0,5,3,8,1.3,0.8,1.0,1,3,4,0,1,1,WDWWWDDL,3,2,0,5-1,0-2,1-3,
165,Borussia Dortmund,2,UEFA Champions League,2018,4,4,8,2,2,4,1,0,1,1,2,3,7,3,10,1.8,0.8,1.3,1,5,6,0.3,1.3,0.8,3,2,5,2,2,4,WWWLDWLL,3,1,1,4-0,0-2,0-1,3-0
167,1899 Hoffenheim,2,UEFA Champions League,2018,3,3,6,0,0,0,1,2,3,2,1,3,6,5,11,2.0,1.7,1.8,8,6,14,2.7,2.0,2.3,0,0,0,0,0,0,DLDDLL,0,2,1,,,2-3,2-1
174,FC Schalke 04,2,UEFA Champions League,2018,4,4,8,2,1,3,1,1,2,1,2,3,6,2,8,1.5,0.5,1.0,4,10,14,1.0,2.5,1.8,2,2,4,0,2,2,DWDWLWLL,1,1,1,2-0,0-1,2-3,7-0
194,Ajax,2,UEFA Champions League,2018,9,9,18,5,5,10,2,4,6,2,0,2,19,16,35,2.1,1.8,1.9,10,7,17,1.1,0.8,0.9,4,3,7,0,1,1,WWDWWDWDWDWDLWDWWL,2,1,1,3-0,1-4,2-3,
197,PSV Eindhoven,2,UEFA Champions League,2018,4,4,8,1,1,2,1,1,2,2,2,4,7,5,12,1.8,1.3,1.5,6,9,15,1.5,2.3,1.9,1,0,1,0,1,1,WWLLDLLD,2,1,2,3-0,2-3,1-2,4-0
211,Benfica,2,UEFA Champions League,2018,5,5,10,2,2,4,2,1,3,1,2,3,4,9,13,0.8,1.8,1.3,4,10,14,0.8,2.0,1.4,2,0,2,1,1,2,WDDWLWLDLW,1,2,1,1-0,1-4,0-2,5-1
212,FC Porto,2,UEFA Champions League,2018,5,5,10,4,2,6,0,1,1,1,2,3,12,8,20,2.4,1.6,2.0,7,8,15,1.4,1.6,1.5,1,0,1,0,1,1,DWWWWWLWLL,5,1,1,4-1,1-3,1-4,2-0
247,Celtic,2,UEFA Champions League,2018,3,3,6,2,1,3,1,1,2,0,1,1,7,4,11,2.3,1.3,1.8,2,2,4,0.7,0.7,0.7,1,2,3,0,1,1,WWWDDL,3,2,0,3-0,0-3,,2-1
274,Valur Reykjavik,2,UEFA Champions League,2018,1,1,2,1,0,1,0,0,0,0,1,1,1,1,2,1.0,1.0,1.0,0,3,3,0.0,3.0,1.5,1,0,1,0,0,0,WL,1,0,0,1-0,,,3-1
331,Rosenborg,2,UEFA Champions League,2018,2,2,4,1,0,1,1,0,1,0,2,2,3,1,4,1.5,0.5,1.0,1,4,5,0.5,2.0,1.3,1,0,1,1,1,2,LWLD,1,0,1,3-1,,,3-1
339,Legia Warszawa,2,UEFA Champions League,2018,2,2,4,1,2,3,0,0,0,1,0,1,3,2,5,1.5,1.0,1.3,2,0,2,1.0,0.0,0.5,1,2,3,1,0,1,WWLW,2,0,1,3-0,0-1,0-2,
354,The New Saints,2,UEFA Champions League,2018,1,1,2,1,0,1,0,0,0,0,1,1,4,0,4,4.0,0.0,2.0,0,5,5,0.0,5.0,2.5,1,0,1,0,1,1,LW,0,0,1,4-0,,,5-0
375,Malmo FF,2,UEFA Champions League,2018,3,3,6,1,2,3,2,1,3,0,0,0,4,4,8,1.3,1.3,1.3,2,0,2,0.7,0.0,0.3,1,3,4,0,1,1,WWWDDD,3,0,0,2-0,0-3,,
388,Bate Borisov,2,UEFA Champions League,2018,3,3,6,0,2,2,2,0,2,1,1,2,3,3,6,1.0,1.0,1.0,4,4,8,1.3,1.3,1.3,1,1,2,1,1,2,DWWDLL,2,1,0,,1-2,2-3,3-0
397,FC Midtjylland,2,UEFA Champions League,2018,1,1,2,0,0,0,1,0,1,0,1,1,0,1,1,0.0,1.0,0.5,0,2,2,0.0,2.0,1.0,1,0,1,1,0,1,LD,0,0,1,,,,2-1
492,Napoli,2,UEFA Champions League,2018,3,3,6,2,0,2,1,2,3,0,1,1,5,2,7,1.7,0.7,1.2,2,3,5,0.7,1.0,0.8,1,1,2,0,2,2,DWDDWL,1,2,0,3-1,,,1-0
496,Juventus,2,UEFA Champions League,2018,5,5,10,3,2,5,0,1,1,2,2,4,9,5,14,1.8,1.0,1.4,4,5,9,0.8,1.0,0.9,3,2,5,0,1,1,WWWLWLLWDL,3,1,2,3-0,0-2,1-2,2-0
497,AS Roma,2,UEFA Champions League,2018,4,4,8,3,1,4,0,0,0,1,3,4,10,4,14,2.5,1.0,1.8,3,9,12,0.8,2.3,1.5,2,0,2,1,1,2,LWWWLLWL,3,0,2,5-0,1-2,0-2,3-0
505,Inter,2,UEFA Champions League,2018,3,3,6,1,1,2,2,0,2,0,2,2,4,2,6,1.3,0.7,1.0,3,4,7,1.0,1.3,1.2,0,0,0,0,2,2,WWLDLD,2,1,1,2-1,1-2,,2-0
529,Barcelona,2,UEFA Champions League,2018,6,6,12,5,3,8,1,2,3,0,1,1,18,8,26,3.0,1.3,2.2,2,8,10,0.3,1.3,0.8,4,2,6,0,2,2,WWWDWDDWWWWL,4,2,0,5-1,2-4,,4-0
530,Atletico Madrid,2,UEFA Champions League,2018,4,4,8,4,1,5,0,1,1,0,2,2,9,2,11,2.3,0.5,1.4,1,8,9,0.3,2.0,1.1,3,1,4,0,3,3,WWLWWDWL,2,1,1,3-1,1-2,,4-0
532,Valencia,2,UEFA Champions League,2018,3,3,6,2,0,2,0,2,2,1,1,2,5,1,6,1.7,0.3,1.0,4,2,6,1.3,0.7,1.0,0,1,1,1,2,3,LDDWLW,1,2,1,3-1,,0-2,1-0
541,Real Madrid,2,UEFA Champions League,2018,4,4,8,2,3,5,0,0,0,2,1,3,6,9,15,1.5,2.3,1.9,8,2,10,2.0,0.5,1.3,1,2,3,1,1,2,WLWWWLWL,3,0,1,3-0,0-5,1-4,1-0
550,Shakhtar Donetsk,2,UEFA Champions League,2018,3,3,6,0,1,1,2,1,3,1,1,2,3,5,8,1.0,1.7,1.3,6,10,16,2.0,3.3,2.7,0,0,0,1,1,2,DDLLWD,1,2,2,,2-3,0-3,6-0
551,FC Basel 1893,2,UEFA Champions League,2018,1,1,2,0,0,0,0,0,0,1,1,2,0,1,1,0.0,1.0,0.5,3,2,5,3.0,2.0,2.5,0,0,0,1,0,1,LL,0,0,2,,,0-3,2-1
555,CSKA Moscow,2,UEFA Champions League,2018,3,3,6,1,1,2,0,1,1,2,1,3,3,5,8,1.0,1.7,1.3,4,5,9,1.3,1.7,1.5,1,1,2,0,1,1,DWLLLW,1,1,3,1-0,0-3,1-2,3-0
556,Qarabag,2,UEFA Champions League,2018,3,3,6,1,1,2,1,2,3,1,0,1,3,2,5,1.0,0.7,0.8,1,1,2,0.3,0.3,0.3,2,2,4,2,1,3,WDDWLD,1,2,1,3-0,0-1,0-1,
558,Spartak Moscow,2,UEFA Champions League,2018,1,1,2,0,0,0,1,0,1,0,1,1,0,2,2,0.0,2.0,1.0,0,3,3,0.0,3.0,1.5,1,0,1,1,0,1,LD,0,0,1,,,,3-2
560,Slavia Praha,2,UEFA Champions League,2018,1,1,2,0,0,0,1,0,1,0,1,1,1,0,1,1.0,0.0,0.5,1,2,3,1.0,2.0,1.5,0,0,0,0,1,1,DL,0,1,0,,,,2-0
562,FC Astana,2,UEFA Champions League,2018,3,3,6,2,1,3,0,1,1,1,1,2,3,2,5,1.0,0.7,0.8,3,1,4,1.0,0.3,0.7,1,2,3,1,2,3,WWWDLL,3,1,0,2-1,0-2,0-2,1-0
563,Hapoel Beer Sheva,2,UEFA Champions League,2018,2,2,4,1,1,2,1,0,1,0,1,1,5,4,9,2.5,2.0,2.3,3,6,9,1.5,3.0,2.3,0,0,0,0,1,1,WWLD,2,0,1,3-1,1-4,,5-0
565,BSC Young Boys,2,UEFA Champions League,2018,4,4,8,1,1,2,2,0,2,1,3,4,4,3,7,1.0,0.8,0.9,6,8,14,1.5,2.0,1.8,0,0,0,1,2,3,DWLLDLLW,1,1,2,2-1,1-2,0-3,3-0
566,Ludogorets,2,UEFA Champions League,2018,2,2,4,1,1,2,1,0,1,0,1,1,7,2,9,3.5,1.0,2.3,0,1,1,0.0,0.5,0.3,2,1,3,1,1,2,WWDL,2,1,0,7-0,0-2,,1-0
567,Plzen,2,UEFA Champions League,2018,3,3,6,1,1,2,1,0,1,1,2,3,4,3,7,1.3,1.0,1.2,8,8,16,2.7,2.7,2.7,0,0,0,1,1,2,DLLLWW,0,1,3,2-1,1-2,0-5,5-0
568,Sheriff Tiraspol,2,UEFA Champions League,2018,2,2,4,1,0,1,1,0,1,0,2,2,3,1,4,1.5,0.5,1.0,0,3,3,0.0,1.5,0.8,2,0,2,1,1,2,LWLD,1,0,1,3-0,,,2-1
569,Club Brugge KV,2,UEFA Champions League,2018,3,3,6,0,1,1,2,1,3,1,1,2,1,5,6,0.3,1.7,1.0,2,3,5,0.7,1.0,0.8,1,2,3,2,1,3,LLDWDD,1,1,2,,0-4,0-1,3-1
571,Red Bull Salzburg,2,UEFA Champions League,2018,2,2,4,1,1,2,1,1,2,0,0,0,5,1,6,2.5,0.5,1.5,2,0,2,1.0,0.0,0.5,1,2,3,0,1,1,WWDD,2,0,0,3-0,0-1,,
572,Dynamo Kyiv,2,UEFA Champions League,2018,2,2,4,1,0,1,1,1,2,0,1,1,2,2,4,1.0,1.0,1.0,0,4,4,0.0,2.0,1.0,2,0,2,1,0,1,DWLD,1,1,1,2-0,,,3-1
575,AEK Athens FC,2,UEFA Champions League,2018,5,5,10,1,1,2,1,1,2,3,3,6,5,3,8,1.0,0.6,0.8,9,8,17,1.8,1.6,1.7,0,0,0,2,3,5,DWWDLLLLLL,2,1,0,2-1,1-2,0-2,3-0
577,FK Kukesi,2,UEFA Champions League,2018,2,2,4,0,0,0,2,1,3,0,1,1,0,1,1,0.0,0.5,0.3,0,4,4,0.0,2.0,1.0,2,0,2,2,1,3,DDDL,0,3,0,,,,3-0
578,F91 Dudelange,2,UEFA Champions League,2018,1,1,2,0,0,0,1,0,1,0,1,1,1,1,2,1.0,1.0,1.0,1,2,3,1.0,2.0,1.5,0,0,0,0,0,0,DL,0,1,0,,,,2-1
580,Vikingur Gota,2,UEFA Champions League,2018,1,1,2,0,0,0,0,0,0,1,1,2,1,1,2,1.0,1.0,1.0,2,3,5,2.0,3.0,2.5,0,0,0,0,0,0,LL,0,0,2,,,1-2,3-1
582,Alashkert,2,UEFA Champions League,2018,1,1,2,0,0,0,0,0,0,1,1,2,0,0,0,0.0,0.0,0.0,3,3,6,3.0,3.0,3.0,0,0,0,1,1,2,LL,0,0,2,,,0-3,3-0
588,Zrinjski,2,UEFA Champions League,2018,1,1,2,0,0,0,1,0,1,0,1,1,1,0,1,1.0,0.0,0.5,1,1,2,1.0,1.0,1.0,0,0,0,0,1,1,LD,0,0,1,,,,1-0
589,Spartaks Jurmala,2,UEFA Champions League,2018,1,1,2,0,0,0,1,0,1,0,1,1,0,0,0,0.0,0.0,0.0,0,2,2,0.0,2.0,1.0,1,0,1,1,1,2,DL,0,1,0,,,,2-0
591,FC Santa Coloma,2,UEFA Champions League,2018,1,0,1,0,0,0,0,0,0,1,0,1,0,0,0,0.0,0.0,0.0,2,0,2,2.0,0.0,2.0,0,0,0,1,0,1,L,0,0,1,,,0-2,
597,Lokomotiv,2,UEFA Champions League,2018,3,3,6,1,0,1,0,0,0,2,3,5,3,1,4,1.0,0.3,0.7,4,8,12,1.3,2.7,2.0,1,0,1,1,2,3,LLLLWL,1,0,4,2-0,,1-3,4-1
598,FK Crvena Zvezda,2,UEFA Champions League,2018,7,7,14,3,2,5,3,2,5,1,3,4,9,8,17,1.3,1.1,1.2,5,16,21,0.7,2.3,1.5,5,2,7,2,2,4,DWWWDWDDDLLWLL,3,3,2,3-0,0-2,1-4,6-1
609,Shkendija,2,UEFA Champions League,2018,3,3,6,2,0,2,0,1,1,1,2,3,6,0,6,2.0,0.0,1.0,1,7,8,0.3,2.3,1.3,2,1,3,1,3,4,WLWDLL,1,1,1,5-0,,0-1,4-0
610,Fehérvár FC,2,UEFA Champions League,2018,4,4,8,2,0,2,1,4,5,1,0,1,4,3,7,1.0,0.8,0.9,3,3,6,0.8,0.8,0.8,2,1,3,1,1,2,DWDWDDLD,1,2,1,2-1,,1-2,
611,Fenerbahce,2,UEFA Champions League,2018,1,1,2,0,0,0,1,0,1,0,1,1,1,0,1,1.0,0.0,0.5,1,1,2,1.0,1.0,1.0,0,0,0,0,1,1,LD,0,0,1,,,,1-0
612,Suduva Marijampole,2,UEFA Champions League,2018,2,2,4,1,0,1,0,0,0,1,2,3,3,0,3,1.5,0.0,0.8,3,4,7,1.5,2.0,1.8,0,0,0,1,2,3,WLLL,1,0,0,3-1,,0-2,3-0
619,PAOK,2,UEFA Champions League,2018,3,3,6,2,1,3,0,2,2,1,0,1,6,4,10,2.0,1.3,1.7,7,1,8,2.3,0.3,1.3,0,2,2,0,1,1,WWWDDL,3,2,0,3-2,0-3,1-4,
620,Dinamo Zagreb,2,UEFA Champions League,2018,3,3,6,2,1,3,0,2,2,1,0,1,7,5,12,2.3,1.7,2.0,2,3,5,0.7,1.0,0.8,2,1,3,0,0,0,WDWWDL,2,1,0,5-0,0-2,1-2,
637,Sturm Graz,2,UEFA Champions League,2018,1,1,2,0,0,0,0,0,0,1,1,2,1,0,1,1.0,0.0,0.5,3,2,5,3.0,2.0,2.5,0,0,0,0,1,1,LL,0,0,2,,,1-3,2-0
645,Galatasaray,2,UEFA Champions League,2018,3,3,6,1,0,1,1,0,1,1,3,4,5,0,5,1.7,0.0,0.8,3,5,8,1.0,1.7,1.3,2,0,2,1,3,4,WLDLLL,1,1,1,3-0,,2-3,2-0
649,HJK helsinki,2,UEFA Champions League,2018,2,2,4,1,1,2,0,1,1,1,0,1,4,2,6,2.0,1.0,1.5,3,1,4,1.5,0.5,1.0,0,1,1,0,1,1,WWDL,2,1,0,3-1,1-2,1-2,
653,Cork City,2,UEFA Champions League,2018,1,1,2,0,0,0,0,0,0,1,1,2,0,0,0,0.0,0.0,0.0,1,3,4,1.0,3.0,2.0,0,0,0,1,1,2,LL,0,0,2,,,0-1,3-0
659,Valletta FC,2,UEFA Champions League,2018,1,1,2,0,0,0,1,1,2,0,0,0,1,0,1,1.0,0.0,0.5,1,0,1,1.0,0.0,0.5,0,1,1,0,1,1,DD,0,2,0,,,,
667,Lincoln Red Imps FC,2,UEFA Champions League,2018,1,1,2,0,1,1,0,0,0,1,0,1,1,2,3,1.0,2.0,1.5,4,0,4,4.0,0.0,2.0,0,1,1,0,0,0,WL,1,0,0,,0-2,1-4,
673,Sutjeska,2,UEFA Champions League,2018,1,1,2,0,0,0,0,0,0,1,1,2,0,0,0,0.0,0.0,0.0,2,1,3,2.0,1.0,1.5,0,0,0,1,1,2,LL,0,0,2,,,0-2,1-0
677,Olimpija Ljubljana,2,UEFA Champions League,2018,1,1,2,0,0,0,0,1,1,1,0,1,0,0,0,0.0,0.0,0.0,1,0,1,1.0,0.0,0.5,0,1,1,1,1,2,LD,0,0,1,,,0-1,
685,Torpedo Kutaisi,2,UEFA Champions League,2018,1,1,2,1,0,1,0,0,0,0,1,1,2,0,2,2.0,0.0,1.0,1,3,4,1.0,3.0,2.0,0,0,0,0,1,1,WL,1,0,0,2-1,,,3-0
687,Flora Tallinn,2,UEFA Champions League,2018,1,1,2,0,0,0,0,0,0,1,1,2,1,1,2,1.0,1.0,1.0,4,3,7,4.0,3.0,3.5,0,0,0,0,0,0,LL,0,0,2,,,1-4,3-1
697,Crusaders FC,2,UEFA Champions League,2018,1,1,2,0,0,0,0,0,0,1,1,2,0,0,0,0.0,0.0,0.0,2,7,9,2.0,7.0,4.5,0,0,0,1,1,2,LL,0,0,2,,,0-2,7-0
733,Standard Liege,2,UEFA Champions League,2018,1,1,2,0,0,0,1,0,1,0,1,1,2,0,2,2.0,0.0,1.0,2,3,5,2.0,3.0,2.5,0,0,0,0,1,1,DL,0,1,0,,,,3-0
1120,Spartak Trnava,2,UEFA Champions League,2018,3,3,6,1,1,2,0,2,2,2,0,2,2,4,6,0.7,1.3,1.0,3,2,5,1.0,0.7,0.8,1,1,2,1,0,1,WDWLDL,1,1,1,1-0,0-2,1-2,
2246,CFR 1907 Cluj,2,UEFA Champions League,2018,1,1,2,0,0,0,0,1,1,1,0,1,0,1,1,0.0,1.0,0.5,1,1,2,1.0,1.0,1.0,0,0,0,1,0,1,LD,0,0,1,,,0-1,
2247,Apoel Nicosia,2,UEFA Champions League,2018,1,1,2,1,0,1,0,0,0,0,1,1,1,1,2,1.0,1.0,1.0,0,3,3,0.0,3.0,1.5,1,0,1,0,0,0,LW,0,0,1,1-0,,,3-1
2248,Drita,2,UEFA Champions League,2018,1,3,4,0,2,2,0,0,0,1,1,2,0,6,6,0.0,2.0,1.5,3,3,6,3.0,1.0,1.5,0,1,1,1,1,2,WWLL,2,0,0,,1-4,0-3,2-0
2249,La Fiorita,2,UEFA Champions League,2018,1,0,1,0,0,0,0,0,0,1,0,1,0,0,0,0.0,0.0,0.0,2,0,2,2.0,0.0,2.0,0,0,0,1,0,1,L,0,0,1,,,0-2,
40,Liverpool,2,UEFA Champions League,2019,4,4,8,2,2,4,1,0,1,1,2,3,9,6,15,2.3,1.5,1.9,8,4,12,2.0,1.0,1.5,0,1,1,0,2,2,LWWWDWLL,3,1,1,4-3,1-4,2-3,2-0
47,Tottenham,2,UEFA Champions League,2019,4,4,8,2,1,3,0,1,1,2,2,4,11,7,18,2.8,1.8,2.3,10,8,18,2.5,2.0,2.3,1,1,2,1,1,2,DLWWWLLL,3,1,1,5-0,0-4,2-7,3-0
49,Chelsea,2,UEFA Champions League,2019,4,4,8,1,2,3,1,1,2,2,1,3,6,6,12,1.5,1.5,1.5,9,7,16,2.3,1.8,2.0,0,1,1,2,0,2,LWWDDWLL,2,2,1,2-1,1-2,0-3,4-1
50,Manchester City,2,UEFA Champions League,2019,5,4,9,3,3,6,1,1,2,1,0,1,11,10,21,2.2,2.5,2.3,6,3,9,1.2,0.8,1.0,1,1,2,0,0,0,WWWDDWWWL,3,2,0,5-1,1-4,1-3,
79,Lille,2,UEFA Champions League,2019,3,3,6,0,0,0,1,0,1,2,3,5,2,2,4,0.7,0.7,0.7,5,9,14,1.7,3.0,2.3,0,0,0,1,1,2,LLDLLL,0,1,2,,,0-2,4-1
80,Lyon,2,UEFA Champions League,2019,5,5,10,2,2,4,2,0,2,1,3,4,7,7,14,1.4,1.4,1.4,7,7,14,1.4,1.4,1.4,1,1,2,1,1,2,DWLWLDWLWL,1,1,1,3-1,1-3,0-3,2-0
85,Paris Saint Germain,2,UEFA Champions League,2019,5,6,11,4,4,8,0,1,1,1,1,2,11,14,25,2.2,2.3,2.3,1,5,6,0.2,0.8,0.5,4,3,7,1,0,1,WWWWDWLWWWL,4,1,1,5-0,0-5,0-1,2-1
157,Bayern München,2,UEFA Champions League,2019,4,7,11,4,7,11,0,0,0,0,0,0,12,31,43,3.0,4.4,3.9,2,6,8,0.5,0.9,0.7,2,4,6,0,0,0,WWWWWWWWWWW,11,0,0,4-1,2-8,,
165,Borussia Dortmund,2,UEFA Champions League,2019,4,4,8,3,1,4,1,0,1,0,3,3,7,3,10,1.8,0.8,1.3,4,7,11,1.0,1.8,1.4,1,1,2,1,2,3,DWLWLWWL,2,1,1,3-2,0-2,,3-1
168,Bayer Leverkusen,2,UEFA Champions League,2019,3,3,6,1,1,2,0,0,0,2,2,4,3,2,5,1.0,0.7,0.8,5,4,9,1.7,1.3,1.5,0,1,1,1,2,3,LLLWWL,2,0,3,2-1,0-2,0-2,3-0
173,RB Leipzig,2,UEFA Champions League,2019,6,4,10,3,3,6,1,1,2,2,0,2,9,7,16,1.5,1.8,1.6,9,3,12,1.5,0.8,1.2,1,2,3,2,0,2,WLWWDDWWWL,3,2,1,3-0,0-2,0-3,
194,Ajax,2,UEFA Champions League,2019,5,5,10,3,2,5,0,3,3,2,0,2,8,11,19,1.6,2.2,1.9,4,6,10,0.8,1.2,1.0,2,3,5,2,1,3,DWDWWWLDWL,3,1,1,3-0,0-3,0-1,
197,PSV Eindhoven,2,UEFA Champions League,2019,1,1,2,1,0,1,0,0,0,0,1,1,3,1,4,3.0,1.0,2.0,2,2,4,2.0,2.0,2.0,0,0,0,0,0,0,WL,1,0,0,3-2,,,2-1
211,Benfica,2,UEFA Champions League,2019,3,3,6,2,0,2,0,1,1,1,2,3,6,4,10,2.0,1.3,1.7,3,8,11,1.0,2.7,1.8,1,0,1,0,0,0,LLWLDW,1,1,2,3-0,,1-2,3-1
212,FC Porto,2,UEFA Champions League,2019,1,1,2,0,1,1,0,0,0,1,0,1,2,1,3,2.0,1.0,1.5,3,0,3,3.0,0.0,1.5,0,1,1,0,0,0,WL,1,0,0,,0-1,2-3,
247,Celtic,2,UEFA Champions League,2019,3,3,6,2,2,4,0,1,1,1,0,1,10,6,16,3.3,2.0,2.7,5,2,7,1.7,0.7,1.2,1,1,2,0,0,0,WWWWDL,4,1,0,5-0,1-3,3-4,
274,Valur Reykjavik,2,UEFA Champions League,2019,1,1,2,0,0,0,0,0,0,1,1,2,0,0,0,0.0,0.0,0.0,3,2,5,3.0,2.0,2.5,0,0,0,1,1,2,LL,0,0,2,,,0-3,2-0
331,Rosenborg,2,UEFA Champions League,2019,4,4,8,3,2,5,1,0,1,0,2,2,10,6,16,2.5,1.5,2.0,2,5,7,0.5,1.3,0.9,2,1,3,0,1,1,WWLWWWLD,3,0,1,4-0,1-3,,2-0
349,Piast Gliwice,2,UEFA Champions League,2019,1,1,2,0,0,0,0,1,1,1,0,1,1,1,2,1.0,1.0,1.0,2,1,3,2.0,1.0,1.5,0,0,0,0,0,0,DL,0,1,0,,,1-2,
354,The New Saints,2,UEFA Champions League,2019,2,2,4,0,1,1,1,0,1,1,1,2,2,1,3,1.0,0.5,0.8,4,1,5,2.0,0.5,1.3,0,1,1,1,1,2,DWLL,1,1,0,,0-1,0-2,1-0
377,AIK Stockholm,2,UEFA Champions League,2019,2,2,4,2,0,2,0,0,0,0,2,2,6,2,8,3.0,1.0,2.0,3,4,7,1.5,2.0,1.8,0,0,0,0,0,0,LWLW,1,0,1,3-1,,,2-1
388,Bate Borisov,2,UEFA Champions League,2019,2,2,4,1,1,2,1,0,1,0,1,1,3,2,5,1.5,1.0,1.3,2,3,5,1.0,1.5,1.3,0,0,0,0,1,1,DWWL,2,1,0,2-1,1-2,,2-0
400,FC Copenhagen,2,UEFA Champions League,2019,2,2,4,1,1,2,1,1,2,0,0,0,2,3,5,1.0,1.5,1.3,1,1,2,0.5,0.5,0.5,1,1,2,0,0,0,WWDD,2,0,0,1-0,0-2,,
492,Napoli,2,UEFA Champions League,2019,4,4,8,2,1,3,2,2,4,0,1,1,8,5,13,2.0,1.3,1.6,2,6,8,0.5,1.5,1.0,2,1,3,0,1,1,WDWDDWDL,1,2,0,4-0,2-3,,3-1
496,Juventus,2,UEFA Champions League,2019,4,4,8,4,2,6,0,1,1,0,1,1,8,6,14,2.0,1.5,1.8,2,4,6,0.5,1.0,0.8,2,1,3,0,1,1,DWWWWWLW,5,1,1,3-0,0-2,,1-0
499,Atalanta,2,UEFA Champions League,2019,5,4,9,2,2,4,1,0,1,2,2,4,9,8,17,1.8,2.0,1.9,6,12,18,1.2,3.0,2.0,1,1,2,0,1,1,LLLDWWWWL,4,1,3,4-1,0-3,1-2,5-1
505,Inter,2,UEFA Champions League,2019,3,3,6,1,1,2,1,0,1,1,2,3,4,6,10,1.3,2.0,1.7,3,6,9,1.0,2.0,1.5,1,0,1,0,0,0,DLWLWL,1,1,1,2-0,1-3,1-2,3-2
529,Barcelona,2,UEFA Champions League,2019,5,4,9,3,2,5,1,2,3,1,0,1,10,5,15,2.0,1.3,1.7,11,3,14,2.2,0.8,1.6,1,1,2,1,1,2,DWWDWWDWL,2,1,0,3-1,1-2,2-8,
530,Atletico Madrid,2,UEFA Champions League,2019,4,5,9,3,2,5,1,0,1,0,3,3,6,7,13,1.5,1.4,1.4,2,7,9,0.5,1.4,1.0,3,1,4,0,1,1,DWWLLWWWL,3,1,2,2-0,0-2,,2-1
532,Valencia,2,UEFA Champions League,2019,4,4,8,1,2,3,1,1,2,2,1,3,9,4,13,2.3,1.0,1.6,10,5,15,2.5,1.3,1.9,0,2,2,1,0,1,WLDWDWLL,1,1,1,4-1,0-1,0-3,4-1
541,Real Madrid,2,UEFA Champions League,2019,4,4,8,1,2,3,2,0,2,1,2,3,11,5,16,2.8,1.3,2.0,6,6,12,1.5,1.5,1.5,1,1,2,0,1,1,LDWWDWLL,2,1,1,6-0,1-3,1-2,3-0
550,Shakhtar Donetsk,2,UEFA Champions League,2019,3,3,6,0,1,1,1,2,3,2,0,2,2,6,8,0.7,2.0,1.3,8,5,13,2.7,1.7,2.2,0,0,0,2,0,2,LWDDDL,1,3,1,,1-2,0-3,
551,FC Basel 1893,2,UEFA Champions League,2019,2,2,4,1,0,1,0,0,0,1,2,3,3,3,6,1.5,1.5,1.5,3,6,9,1.5,3.0,2.3,0,0,0,0,0,0,LWLL,1,0,1,2-1,,1-2,3-1
552,Maribor,2,UEFA Champions League,2019,3,3,6,2,1,3,0,0,0,1,2,3,5,6,11,1.7,2.0,1.8,4,6,10,1.3,2.0,1.7,1,1,2,0,0,0,WWWLLL,3,0,0,2-0,0-3,1-3,3-1
553,Olympiakos Piraeus,2,UEFA Champions League,2019,6,6,12,4,2,6,1,1,2,1,3,4,15,6,21,2.5,1.0,1.8,5,10,15,0.8,1.7,1.3,4,2,6,0,2,2,DWWWWWDLLLLW,5,1,4,4-0,1-2,2-3,4-2
556,Qarabag,2,UEFA Champions League,2019,3,3,6,2,1,3,0,2,2,1,0,1,5,3,8,1.7,1.0,1.3,2,2,4,0.7,0.7,0.7,2,1,3,1,1,2,DWDWWL,2,1,0,3-0,1-2,0-2,
560,Slavia Praha,2,UEFA Champions League,2019,4,4,8,1,1,2,0,2,2,3,1,4,3,3,6,0.8,0.8,0.8,7,3,10,1.8,0.8,1.3,1,2,3,1,1,2,WWDLLDLL,2,1,2,1-0,0-1,1-3,2-1
562,FC Astana,2,UEFA Champions League,2019,1,1,2,1,0,1,0,0,0,0,1,1,1,1,2,1.0,1.0,1.0,0,3,3,0.0,3.0,1.5,1,0,1,0,0,0,WL,1,0,0,1-0,,,3-1
564,Istanbul Basaksehir,2,UEFA Champions League,2019,1,1,2,0,0,0,0,0,0,1,1,2,0,0,0,0.0,0.0,0.0,1,2,3,1.0,2.0,1.5,0,0,0,1,1,2,LL,0,0,2,,,0-1,2-0
565,BSC Young Boys,2,UEFA Champions League,2019,1,1,2,0,0,0,1,1,2,0,0,0,2,1,3,2.0,1.0,1.5,2,1,3,2.0,1.0,1.5,0,0,0,0,0,0,DD,0,2,0,,,,
566,Ludogorets,2,UEFA Champions League,2019,1,1,2,0,0,0,0,0,0,1,1,2,2,1,3,2.0,1.0,1.5,3,2,5,3.0,2.0,2.5,0,0,0,0,0,0,LL,0,0,2,,,2-3,2-1
567,Plzen,2,UEFA Champions League,2019,1,1,2,0,0,0,1,0,1,0,1,1,0,0,0,0.0,0.0,0.0,0,4,4,0.0,4.0,2.0,1,0,1,1,1,2,DL,0,1,0,,,,4-0
568,Sheriff Tiraspol,2,UEFA Champions League,2019,1,1,2,0,1,1,0,0,0,1,0,1,0,3,3,0.0,3.0,1.5,3,1,4,3.0,1.0,2.0,0,0,0,1,0,1,LW,0,0,1,,1-3,0-3,
569,Club Brugge KV,2,UEFA Champions League,2019,5,5,10,2,1,3,1,3,4,2,1,3,4,7,11,0.8,1.4,1.1,9,7,16,1.8,1.4,1.6,2,1,3,2,1,3,WDWWDDLLDL,2,2,2,2-1,0-1,0-5,1-0
571,Red Bull Salzburg,2,UEFA Champions League,2019,3,3,6,1,1,2,0,1,1,2,1,3,8,8,16,2.7,2.7,2.7,7,6,13,2.3,2.0,2.2,0,0,0,1,0,1,WLLDWL,1,1,2,6-2,1-4,0-2,4-3
572,Dynamo Kyiv,2,UEFA Champions League,2019,1,1,2,0,0,0,1,0,1,0,1,1,3,0,3,3.0,0.0,1.5,3,1,4,3.0,1.0,2.0,0,0,0,0,1,1,LD,0,0,1,,,,1-0
578,F91 Dudelange,2,UEFA Champions League,2019,1,1,2,0,0,0,1,1,2,0,0,0,2,1,3,2.0,1.0,1.5,2,1,3,2.0,1.0,1.5,0,0,0,0,0,0,DD,0,2,0,,,,
583,Linfield,2,UEFA Champions League,2019,1,1,2,0,0,0,0,0,0,1,1,2,0,0,0,0.0,0.0,0.0,2,4,6,2.0,4.0,3.0,0,0,0,1,1,2,LL,0,0,2,,,0-2,4-0
584,Dundalk,2,UEFA Champions League,2019,2,2,4,0,0,0,2,1,3,0,1,1,1,0,1,0.5,0.0,0.3,1,3,4,0.5,1.5,1.0,1,1,2,1,2,3,DDDL,0,3,0,,,,3-0
591,FC Santa Coloma,2,UEFA Champions League,2019,0,2,2,0,1,1,0,0,0,0,1,1,0,2,2,0.0,1.0,1.0,0,2,2,0.0,1.0,1.0,0,1,1,0,0,0,WL,1,0,0,,0-1,,2-1
596,Zenit,2,UEFA Champions League,2019,3,3,6,2,0,2,0,1,1,1,2,3,5,2,7,1.7,0.7,1.2,3,6,9,1.0,2.0,1.5,1,0,1,1,1,2,DWLLWL,1,1,2,3-1,,0-2,3-0
597,Lokomotiv,2,UEFA Champions League,2019,3,3,6,0,1,1,0,0,0,3,2,5,1,3,4,0.3,1.0,0.7,6,5,11,2.0,1.7,1.8,0,0,0,2,1,3,WLLLLL,1,0,0,,1-2,0-2,2-0
598,FK Crvena Zvezda,2,UEFA Champions League,2019,7,7,14,3,0,3,2,3,5,2,4,6,9,4,13,1.3,0.6,0.9,14,14,28,2.0,2.0,2.0,1,1,2,2,4,6,DWWLDDDDLWLLLL,2,4,1,3-1,,0-6,5-0
604,Maccabi Tel Aviv,2,UEFA Champions League,2019,1,1,2,0,0,0,1,0,1,0,1,1,2,0,2,2.0,0.0,1.0,2,1,3,2.0,1.0,1.5,0,0,0,0,1,1,LD,0,0,1,,,,1-0
609,Shkendija,2,UEFA Champions League,2019,1,1,2,0,1,1,0,0,0,1,0,1,1,1,2,1.0,1.0,1.0,2,0,2,2.0,0.0,1.0,0,1,1,0,0,0,WL,1,0,0,,0-1,1-2,
612,Suduva Marijampole,2,UEFA Champions League,2019,1,1,2,0,0,0,1,0,1,0,1,1,0,1,1,0.0,1.0,0.5,0,2,2,0.0,2.0,1.0,1,0,1,1,0,1,DL,0,1,0,,,,2-1
619,PAOK,2,UEFA Champions League,2019,1,1,2,0,0,0,1,0,1,0,1,1,2,2,4,2.0,2.0,2.0,2,3,5,2.0,3.0,2.5,0,0,0,0,0,0,DL,0,1,0,,,,3-2
620,Dinamo Zagreb,2,UEFA Champions League,2019,6,6,12,3,2,5,2,2,4,1,2,3,14,9,23,2.3,1.5,1.9,8,7,15,1.3,1.2,1.3,3,2,5,0,2,2,WWDWWDWLDDLL,2,2,1,4-0,0-4,1-4,2-0
621,FC Krasnodar,2,UEFA Champions League,2019,2,2,4,0,1,1,0,0,0,2,1,3,1,3,4,0.5,1.5,1.0,3,6,9,1.5,3.0,2.3,0,0,0,1,1,2,LWLL,1,0,1,,2-3,1-2,4-0
645,Galatasaray,2,UEFA Champions League,2019,3,3,6,0,0,0,1,1,2,2,2,4,1,0,1,0.3,0.0,0.2,3,11,14,1.0,3.7,2.3,0,1,1,2,3,5,DLLLDL,0,1,3,,,0-1,6-0
649,HJK helsinki,2,UEFA Champions League,2019,2,2,4,2,0,2,0,1,1,0,1,1,5,2,7,2.5,1.0,1.8,1,4,5,0.5,2.0,1.3,1,0,1,0,1,1,WDLW,1,1,1,3-0,,,2-0
651,Ferencvarosi TC,2,UEFA Champions League,2019,3,3,6,2,1,3,0,2,2,1,0,1,5,5,10,1.7,1.7,1.7,6,4,10,2.0,1.3,1.7,0,0,0,1,0,1,WWWDDL,3,2,0,3-1,2-3,0-4,
656,Slovan Bratislava,2,UEFA Champions League,2019,1,1,2,0,0,0,1,1,2,0,0,0,1,1,2,1.0,1.0,1.0,1,1,2,1.0,1.0,1.0,0,0,0,0,0,0,DD,0,2,0,,,,
659,Valletta FC,2,UEFA Champions League,2019,2,2,4,0,0,0,2,1,3,0,1,1,2,3,5,1.0,1.5,1.3,2,5,7,1.0,2.5,1.8,0,0,0,0,0,0,DDLD,0,2,1,,,,3-1
662,Kalju Nomme,2,UEFA Champions League,2019,2,2,4,0,1,1,0,0,0,2,1,3,0,2,2,0.0,1.0,0.5,3,6,9,1.5,3.0,2.3,0,0,0,2,1,3,LWLL,1,0,1,,1-2,0-2,5-0
667,Lincoln Red Imps FC,2,UEFA Champions League,2019,0,1,1,0,0,0,0,0,0,0,1,1,0,0,0,0.0,0.0,0.0,0,1,1,0.0,1.0,1.0,0,0,0,0,1,1,L,0,0,1,,,,1-0
673,Sutjeska,2,UEFA Champions League,2019,2,2,4,0,0,0,1,1,2,1,1,2,1,1,2,0.5,0.5,0.5,2,4,6,1.0,2.0,1.5,0,0,0,1,1,2,DDLL,0,2,0,,,0-1,3-0
679,FK Sarajevo,2,UEFA Champions League,2019,1,1,2,0,0,0,0,0,0,1,1,2,1,1,2,1.0,1.0,1.0,3,2,5,3.0,2.0,2.5,0,0,0,0,0,0,LL,0,0,2,,,1-3,2-1
700,Tre Penne,2,UEFA Champions League,2019,1,0,1,0,0,0,0,0,0,1,0,1,0,0,0,0.0,0.0,0.0,1,0,1,1.0,0.0,1.0,0,0,0,1,0,1,L,0,0,1,,,0-1,
708,Partizani,2,UEFA Champions League,2019,1,1,2,0,0,0,1,0,1,0,1,1,0,0,0,0.0,0.0,0.0,0,2,2,0.0,2.0,1.0,1,0,1,1,1,2,DL,0,1,0,,,,2-0
742,Genk,2,UEFA Champions League,2019,3,3,6,0,0,0,1,0,1,2,3,5,2,3,5,0.7,1.0,0.8,8,12,20,2.7,4.0,3.3,1,0,1,1,1,2,LDLLLL,0,1,1,,,1-4,6-2
1026,Lask Linz,2,UEFA Champions League,2019,2,2,4,1,1,2,0,0,0,1,1,2,3,3,6,1.5,1.5,1.5,2,3,5,1.0,1.5,1.3,0,0,0,1,0,1,WWLL,2,0,0,3-1,1-2,0-1,2-1
2246,CFR 1907 Cluj,2,UEFA Champions League,2019,4,4,8,2,1,3,1,1,2,1,2,3,5,6,11,1.3,1.5,1.4,3,7,10,0.8,1.8,1.3,1,0,1,1,2,3,LWWDDWLL,2,2,1,3-1,3-4,0-1,1-0
2247,Apoel Nicosia,2,UEFA Champions League,2019,3,3,6,1,2,3,1,0,1,1,1,2,4,3,7,1.3,1.0,1.2,2,2,4,0.7,0.7,0.7,2,2,4,1,1,2,WWLWDL,2,1,1,3-0,0-2,1-2,2-0
3502,Saburtalo,2,UEFA Champions League,2019,2,2,4,0,1,1,0,0,0,2,1,3,1,3,4,0.5,1.5,1.0,5,3,8,2.5,1.5,2.0,0,1,1,1,1,2,WLLL,1,0,0,,0-3,1-3,3-0
3683,Ararat-Armenia,2,UEFA Champions League,2019,1,1,2,1,0,1,0,0,0,0,1,1,2,1,3,2.0,1.0,1.5,1,3,4,1.0,3.0,2.0,0,0,0,0,0,0,WL,1,0,0,2-1,,,3-1
4132,Feronikeli,2,UEFA Champions League,2019,3,1,4,2,0,2,0,1,1,1,0,1,3,2,5,1.0,2.0,1.3,2,2,4,0.7,2.0,1.0,1,0,1,1,0,1,WWDL,2,1,0,2-1,,0-1,
4133,HB,2,UEFA Champions League,2019,1,1,2,0,0,0,1,0,1,0,1,1,2,0,2,2.0,0.0,1.0,2,3,5,2.0,3.0,2.5,0,0,0,0,1,1,LD,0,0,1,,,,3-0
10124,Riga,2,UEFA Champions League,2019,1,1,2,0,0,0,1,1,2,0,0,0,0,0,0,0.0,0.0,0.0,0,0,0,0.0,0.0,0.0,1,1,2,1,1,2,DD,0,2,0,,,,
33,Manchester United,2,UEFA Champions League,2020,3,3,6,2,1,3,0,0,0,1,2,3,10,5,15,3.3,1.7,2.5,4,6,10,1.3,2.0,1.7,1,0,1,0,0,0,WWLWLL,2,0,1,5-0,1-2,1-3,3-2
40,Liverpool,2,UEFA Champions League,2020,5,5,10,3,3,6,1,1,2,1,1,2,5,10,15,1.0,2.0,1.5,2,4,6,0.4,0.8,0.6,4,3,7,2,0,2,WWWLWDWWLD,3,1,1,2-0,0-5,0-2,3-1
49,Chelsea,2,UEFA Champions League,2020,6,7,13,3,6,9,2,1,3,1,0,1,8,15,23,1.3,2.1,1.8,2,2,4,0.3,0.3,0.3,4,5,9,2,0,2,DWWWWDWWWLDWW,4,1,1,3-0,0-4,0-1,
50,Manchester City,2,UEFA Champions League,2020,7,6,13,6,5,11,0,1,1,1,0,1,15,10,25,2.1,1.7,1.9,3,2,5,0.4,0.3,0.4,4,4,8,1,1,2,WWWWDWWWWWWWL,7,1,0,3-0,0-3,0-1,
81,Marseille,2,UEFA Champions League,2020,3,3,6,1,0,1,0,0,0,2,3,5,2,0,2,0.7,0.0,0.3,6,7,13,2.0,2.3,2.2,0,0,0,2,3,5,LLLLWL,1,0,4,2-1,,0-3,3-0
85,Paris Saint Germain,2,UEFA Champions League,2020,6,6,12,2,4,6,1,0,1,3,2,5,9,13,22,1.5,2.2,1.8,7,8,15,1.2,1.3,1.3,1,1,2,1,1,2,LWLWWWWDWLLL,4,1,1,5-1,1-4,1-2,2-0
94,Rennes,2,UEFA Champions League,2020,3,3,6,0,0,0,1,0,1,2,3,5,3,0,3,1.0,0.0,0.5,6,5,11,2.0,1.7,1.8,0,0,0,0,3,3,DLLLLL,0,1,0,,,1-3,3-0
157,Bayern München,2,UEFA Champions League,2020,5,5,10,4,4,8,0,1,1,1,0,1,13,14,27,2.6,2.8,2.7,5,5,10,1.0,1.0,1.0,2,1,3,0,0,0,WWWWDWWWLW,4,1,1,4-0,2-6,2-3,
163,Borussia Mönchengladbach,2,UEFA Champions League,2020,4,4,8,1,1,2,1,1,2,2,2,4,8,8,16,2.0,2.0,2.0,7,6,13,1.8,1.5,1.6,1,1,2,1,2,3,DDWWLLLL,2,2,0,4-0,0-6,0-2,2-0
165,Borussia Dortmund,2,UEFA Champions League,2020,5,5,10,2,3,5,2,0,2,1,2,3,9,10,19,1.8,2.0,1.9,5,8,13,1.0,1.6,1.3,2,1,3,0,0,0,LWWWDWWDLL,3,1,1,3-0,0-3,1-2,3-1
173,RB Leipzig,2,UEFA Champions League,2020,4,4,8,3,1,4,0,0,0,1,3,4,7,4,11,1.8,1.0,1.4,5,11,16,1.3,2.8,2.0,1,0,1,1,3,4,WLWLWWLL,2,0,1,2-0,3-4,0-2,5-0
194,Ajax,2,UEFA Champions League,2020,3,3,6,1,1,2,0,1,1,2,1,3,3,4,7,1.0,1.3,1.2,3,4,7,1.0,1.3,1.2,0,0,0,2,1,3,LDWWLL,2,1,1,3-1,1-2,0-1,1-0
201,AZ Alkmaar,2,UEFA Champions League,2020,1,1,2,1,0,1,0,0,0,0,1,1,3,0,3,3.0,0.0,1.5,1,2,3,1.0,2.0,1.5,0,0,0,0,1,1,WL,1,0,0,3-1,,,2-0
211,Benfica,2,UEFA Champions League,2020,0,1,1,0,0,0,0,0,0,0,1,1,0,1,1,0.0,1.0,1.0,0,2,2,0.0,2.0,2.0,0,0,0,0,0,0,L,0,0,1,,,,2-1
212,FC Porto,2,UEFA Champions League,2020,5,5,10,3,3,6,1,0,1,1,2,3,7,8,15,1.4,1.6,1.5,3,6,9,0.6,1.2,0.9,3,3,6,2,0,2,LWWWDWWLLW,3,1,2,3-0,0-2,0-2,3-1
247,Celtic,2,UEFA Champions League,2020,2,0,2,1,0,1,0,0,0,1,0,1,7,0,7,3.5,0.0,3.5,2,0,2,1.0,0.0,1.0,1,0,1,0,0,0,WL,1,0,0,6-0,,1-2,
271,KR Reykjavik,2,UEFA Champions League,2020,0,1,1,0,0,0,0,0,0,0,1,1,0,0,0,0.0,0.0,0.0,0,6,6,0.0,6.0,6.0,0,0,0,0,1,1,L,0,0,1,,,,6-0
329,Molde,2,UEFA Champions League,2020,2,3,5,1,1,2,1,2,3,0,0,0,8,2,10,4.0,0.7,2.0,3,1,4,1.5,0.3,0.8,1,2,3,0,2,2,WWDDD,2,0,0,5-0,1-2,,
339,Legia Warszawa,2,UEFA Champions League,2020,2,0,2,1,0,1,0,0,0,1,0,1,1,0,1,0.5,0.0,0.5,2,0,2,1.0,0.0,1.0,1,0,1,1,0,1,WL,1,0,0,1-0,,0-2,
357,GAP Connah S Quay FC,2,UEFA Champions League,2020,1,0,1,0,0,0,0,0,0,1,0,1,0,0,0,0.0,0.0,0.0,2,0,2,2.0,0.0,2.0,0,0,0,1,0,1,L,0,0,1,,,0-2,
364,Djurgardens IF,2,UEFA Champions League,2020,0,1,1,0,0,0,0,0,0,0,1,1,0,0,0,0.0,0.0,0.0,0,2,2,0.0,2.0,2.0,0,0,0,0,1,1,L,0,0,1,,,,2-0
386,Dinamo Brest,2,UEFA Champions League,2020,2,1,3,2,0,2,0,0,0,0,1,1,8,0,8,4.0,0.0,2.7,4,1,5,2.0,1.0,1.7,0,0,0,0,1,1,WWL,2,0,0,6-3,,,1-0
397,FC Midtjylland,2,UEFA Champions League,2020,5,5,10,2,1,3,1,2,3,2,2,4,9,3,12,1.8,0.6,1.2,8,6,14,1.6,1.2,1.4,1,2,3,1,2,3,WWDWLLLLDD,2,1,4,4-1,0-1,0-4,3-1
487,Lazio,2,UEFA Champions League,2020,4,4,8,2,0,2,1,3,4,1,1,2,9,4,13,2.3,1.0,1.6,8,5,13,2.0,1.3,1.6,0,0,0,0,0,0,WDDWDDLL,1,2,0,3-1,,1-4,2-1
496,Juventus,2,UEFA Champions League,2020,4,4,8,3,3,6,0,0,0,1,1,2,8,10,18,2.0,2.5,2.3,5,3,8,1.3,0.8,1.0,1,2,3,1,0,1,WLWWWWLW,4,0,1,3-0,1-4,0-2,2-1
499,Atalanta,2,UEFA Champions League,2020,4,4,8,0,3,3,2,0,2,2,1,3,3,8,11,0.8,2.0,1.4,9,3,12,2.3,0.8,1.5,0,3,3,2,0,2,WDLWDWLL,1,1,1,,0-4,0-5,3-1
505,Inter,2,UEFA Champions League,2020,3,3,6,0,1,1,2,1,3,1,1,2,2,5,7,0.7,1.7,1.2,4,5,9,1.3,1.7,1.5,1,1,2,2,1,3,DDLLWD,1,2,2,,2-3,0-2,3-2
529,Barcelona,2,UEFA Champions League,2020,4,4,8,2,3,5,0,1,1,2,0,2,8,10,18,2.0,2.5,2.3,9,1,10,2.3,0.3,1.3,0,3,3,1,0,1,WWWWWLLD,5,0,2,5-1,0-4,1-4,
530,Atletico Madrid,2,UEFA Champions League,2020,4,4,8,1,1,2,2,1,3,1,2,3,4,3,7,1.0,0.8,0.9,4,7,11,1.0,1.8,1.4,1,1,2,2,2,4,LWDDDWLL,1,3,1,3-2,0-2,0-1,4-0
536,Sevilla,2,UEFA Champions League,2020,4,4,8,2,2,4,0,2,2,2,0,2,6,7,13,1.5,1.8,1.6,9,4,13,2.3,1.0,1.6,1,1,2,1,1,2,DWWWLWLD,3,1,1,3-2,1-3,0-4,
541,Real Madrid,2,UEFA Champions League,2020,6,6,12,4,2,6,1,2,3,1,2,3,14,5,19,2.3,0.8,1.6,8,6,14,1.3,1.0,1.2,1,3,4,0,3,3,LDWWLWWWWDDL,4,2,1,3-1,0-2,2-3,2-0
549,Besiktas,2,UEFA Champions League,2020,0,1,1,0,0,0,0,0,0,0,1,1,0,1,1,0.0,1.0,1.0,0,3,3,0.0,3.0,3.0,0,0,0,0,0,0,L,0,0,1,,,,3-1
550,Shakhtar Donetsk,2,UEFA Champions League,2020,3,3,6,1,1,2,1,1,2,1,1,2,2,3,5,0.7,1.0,0.8,6,6,12,2.0,2.0,2.0,2,1,3,2,2,4,WDLLWD,1,1,2,2-0,2-3,0-6,4-0
553,Olympiakos Piraeus,2,UEFA Champions League,2020,4,4,8,2,0,2,0,1,1,2,3,5,3,1,4,0.8,0.3,0.5,3,7,10,0.8,1.8,1.3,2,1,3,2,3,5,WDWLLLLL,1,1,0,2-0,,0-2,3-0
556,Qarabag,2,UEFA Champions League,2020,3,0,3,2,0,2,1,0,1,0,0,0,6,0,6,2.0,0.0,2.0,1,0,1,0.3,0.0,0.3,2,0,2,1,0,1,WWD,2,0,0,4-0,,,
560,Slavia Praha,2,UEFA Champions League,2020,1,1,2,0,0,0,1,0,1,0,1,1,0,1,1,0.0,1.0,0.5,0,4,4,0.0,4.0,2.0,1,0,1,1,0,1,DL,0,1,0,,,,4-1
562,FC Astana,2,UEFA Champions League,2020,0,1,1,0,0,0,0,0,0,0,1,1,0,3,3,0.0,3.0,3.0,0,6,6,0.0,6.0,6.0,0,0,0,0,0,0,L,0,0,1,,,,6-3
564,Istanbul Basaksehir,2,UEFA Champions League,2020,3,3,6,1,0,1,0,0,0,2,3,5,5,2,7,1.7,0.7,1.2,7,11,18,2.3,3.7,3.0,0,0,0,1,1,2,LLWLLL,1,0,2,2-1,,0-2,5-1
565,BSC Young Boys,2,UEFA Champions League,2020,1,1,2,1,0,1,0,0,0,0,1,1,3,0,3,3.0,0.0,1.5,1,3,4,1.0,3.0,2.0,0,0,0,0,1,1,WL,1,0,0,3-1,,,3-0
566,Ludogorets,2,UEFA Champions League,2020,1,1,2,0,1,1,0,0,0,1,0,1,0,3,3,0.0,3.0,1.5,1,1,2,1.0,1.0,1.0,0,0,0,1,0,1,WL,1,0,0,,1-3,0-1,
567,Plzen,2,UEFA Champions League,2020,0,1,1,0,0,0,0,0,0,0,1,1,0,1,1,0.0,1.0,1.0,0,3,3,0.0,3.0,3.0,0,0,0,0,0,0,L,0,0,1,,,,3-1
568,Sheriff Tiraspol,2,UEFA Champions League,2020,1,1,2,1,0,1,0,0,0,0,1,1,2,1,3,2.0,1.0,1.5,0,2,2,0.0,2.0,1.0,1,0,1,0,0,0,WL,1,0,0,2-0,,,2-1
569,Club Brugge KV,2,UEFA Champions League,2020,3,3,6,1,1,2,1,1,2,1,1,2,4,4,8,1.3,1.3,1.3,4,6,10,1.3,2.0,1.7,1,0,1,1,1,2,WDLLWD,1,1,2,3-0,1-2,0-3,3-0
571,Red Bull Salzburg,2,UEFA Champions League,2020,4,4,8,1,2,3,1,0,1,2,2,4,7,8,15,1.8,2.0,1.9,11,8,19,2.8,2.0,2.4,0,0,0,1,0,1,WWDLLLWL,2,1,3,3-1,1-3,2-6,3-1
572,Dynamo Kyiv,2,UEFA Champions League,2020,5,4,9,3,1,4,0,1,1,2,2,4,6,5,11,1.2,1.3,1.2,6,8,14,1.2,2.0,1.6,3,0,3,2,1,3,WWWLDLLLW,3,1,3,3-0,1-2,0-4,3-0
579,Buducnost Podgorica,2,UEFA Champions League,2020,1,0,1,0,0,0,0,0,0,1,0,1,1,0,1,1.0,0.0,1.0,3,0,3,3.0,0.0,3.0,0,0,0,0,0,0,L,0,0,1,,,1-3,
583,Linfield,2,UEFA Champions League,2020,0,3,3,0,2,2,0,0,0,0,1,1,0,5,5,0.0,1.7,1.7,0,1,1,0.0,0.3,0.3,0,2,2,0,1,1,WWL,2,0,0,,0-3,,1-0
584,Dundalk,2,UEFA Champions League,2020,0,1,1,0,0,0,0,0,0,0,1,1,0,0,0,0.0,0.0,0.0,0,3,3,0.0,3.0,3.0,0,0,0,0,1,1,L,0,0,1,,,,3-0
596,Zenit,2,UEFA Champions League,2020,3,3,6,0,0,0,1,0,1,2,3,5,3,1,4,1.0,0.3,0.7,5,8,13,1.7,2.7,2.2,0,0,0,0,2,2,LLDLLL,0,1,2,,,1-2,3-0
597,Lokomotiv,2,UEFA Champions League,2020,3,3,6,0,0,0,1,2,3,2,1,3,3,2,5,1.0,0.7,0.8,6,4,10,2.0,1.3,1.7,0,1,1,0,2,2,DLDDLL,0,2,1,,,1-3,2-0
598,FK Crvena Zvezda,2,UEFA Champions League,2020,1,2,3,1,1,2,0,1,1,0,0,0,5,2,7,5.0,1.0,2.3,0,1,1,0.0,0.5,0.3,1,1,2,0,0,0,WWD,2,0,0,5-0,0-1,,
604,Maccabi Tel Aviv,2,UEFA Champions League,2020,3,2,5,2,1,3,0,0,0,1,1,2,4,4,8,1.3,2.0,1.6,2,3,5,0.7,1.5,1.0,2,1,3,0,0,0,WWWLL,3,0,0,2-0,0-3,1-2,3-1
612,Suduva Marijampole,2,UEFA Champions League,2020,1,1,2,0,0,0,0,1,1,1,0,1,0,1,1,0.0,1.0,0.5,3,1,4,3.0,1.0,2.0,0,0,0,1,0,1,DL,0,1,0,,,0-3,
619,PAOK,2,UEFA Champions League,2020,3,1,4,2,0,2,0,0,0,1,1,2,6,1,7,2.0,1.0,1.8,4,2,6,1.3,2.0,1.5,0,0,0,0,0,0,WWLL,2,0,0,3-1,,1-2,2-1
620,Dinamo Zagreb,2,UEFA Champions League,2020,0,2,2,0,0,0,0,1,1,0,1,1,0,3,3,0.0,1.5,1.5,0,4,4,0.0,2.0,2.0,0,0,0,0,0,0,DL,0,1,0,,,,2-1
621,FC Krasnodar,2,UEFA Champions League,2020,4,4,8,2,1,3,0,2,2,2,1,3,4,6,10,1.0,1.5,1.3,7,6,13,1.8,1.5,1.6,1,0,1,1,0,1,WWDLLLWD,2,1,3,2-1,1-2,0-4,3-2
626,Fola Esch,2,UEFA Champions League,2020,0,1,1,0,0,0,0,0,0,0,1,1,0,0,0,0.0,0.0,0.0,0,2,2,0.0,2.0,2.0,0,0,0,0,1,1,L,0,0,1,,,,2-0
631,Gent,2,UEFA Champions League,2020,2,1,3,1,0,1,0,0,0,1,1,2,3,0,3,1.5,0.0,1.0,3,3,6,1.5,3.0,2.0,0,0,0,0,1,1,WLL,1,0,0,2-1,,1-2,3-0
651,Ferencvarosi TC,2,UEFA Champions League,2020,6,5,11,2,1,3,2,1,3,2,3,5,7,7,14,1.2,1.4,1.3,10,12,22,1.7,2.4,2.0,2,0,2,2,1,3,WWWDDLDLLLL,3,2,1,2-0,1-2,1-4,5-1
656,Slovan Bratislava,2,UEFA Champions League,2020,0,1,1,0,0,0,0,0,0,0,1,1,0,0,0,0.0,0.0,0.0,0,3,3,0.0,3.0,3.0,0,0,0,0,1,1,L,0,0,1,,,,3-0
679,FK Sarajevo,2,UEFA Champions League,2020,0,2,2,0,1,1,0,0,0,0,1,1,0,3,3,0.0,1.5,1.5,0,2,2,0.0,1.0,1.0,0,1,1,0,0,0,WL,1,0,0,,0-2,,2-1
687,Flora Tallinn,2,UEFA Champions League,2020,1,0,1,0,0,0,1,0,1,0,0,0,1,0,1,1.0,0.0,1.0,1,0,1,1.0,0.0,1.0,0,0,0,0,0,0,D,0,1,0,,,,
694,Tirana,2,UEFA Champions League,2020,1,1,2,0,1,1,0,0,0,1,0,1,0,2,2,0.0,2.0,1.0,1,0,1,1.0,0.0,0.5,0,1,1,1,0,1,WL,1,0,0,,0-2,0-1,
701,KI Klaksvik,2,UEFA Champions League,2020,1,1,2,1,0,1,0,0,0,0,1,1,3,1,4,3.0,1.0,2.0,0,3,3,0.0,3.0,1.5,1,0,1,0,0,0,WL,1,0,0,3-0,,,3-1
781,Rapid Vienna,2,UEFA Champions League,2020,0,2,2,0,1,1,0,0,0,0,1,1,0,2,2,0.0,1.0,1.0,0,2,2,0.0,1.0,1.0,0,1,1,0,0,0,WL,1,0,0,,0-1,,2-1
1017,NK Lokomotiva Zagreb,2,UEFA Champions League,2020,1,0,1,0,0,0,0,0,0,1,0,1,0,0,0,0.0,0.0,0.0,1,0,1,1.0,0.0,1.0,0,0,0,1,0,1,L,0,0,1,,,0-1,
1165,KuPS,2,UEFA Champions League,2020,0,1,1,0,0,0,0,0,0,0,1,1,0,0,0,0.0,0.0,0.0,0,5,5,0.0,5.0,5.0,0,0,0,0,1,1,L,0,0,1,,,,5-0
2246,CFR 1907 Cluj,2,UEFA Champions League,2020,1,1,2,0,1,1,1,0,1,0,0,0,2,2,4,2.0,2.0,2.0,2,0,2,2.0,0.0,1.0,0,1,1,0,0,0,WD,1,0,0,,0-2,,
2260,Tre Fiori,2,UEFA Champions League,2020,1,0,1,0,0,0,0,0,0,1,0,1,0,0,0,0.0,0.0,0.0,2,0,2,2.0,0.0,2.0,0,0,0,1,0,1,L,0,0,1,,,0-2,
2262,Dinamo Tbilisi,2,UEFA Champions League,2020,1,0,1,0,0,0,0,0,0,1,0,1,0,0,0,0.0,0.0,0.0,2,0,2,2.0,0.0,2.0,0,0,0,1,0,1,L,0,0,1,,,0-2,
3342,Inter Club d'Escaldes,2,UEFA Champions League,2020,0,1,1,0,0,0,0,0,0,0,1,1,0,1,1,0.0,1.0,1.0,0,2,2,0.0,2.0,2.0,0,0,0,0,0,0,L,0,0,1,,,,2-1
3402,Omonia Nicosia,2,UEFA Champions League,2020,2,3,5,0,2,2,2,0,2,0,1,1,1,3,4,0.5,1.0,0.8,1,2,3,0.5,0.7,0.6,1,2,3,1,1,2,WWDLD,2,1,1,,0-2,,2-0
3683,Ararat-Armenia,2,UEFA Champions League,2020,1,0,1,0,0,0,0,0,0,1,0,1,0,0,0,0.0,0.0,0.0,1,0,1,1.0,0.0,1.0,0,0,0,1,0,1,L,0,0,1,,,0-1,
4331,Sileks,2,UEFA Champions League,2020,0,1,1,0,0,0,0,0,0,0,1,1,0,0,0,0.0,0.0,0.0,0,4,4,0.0,4.0,4.0,0,0,0,0,1,1,L,0,0,1,,,,4-0
4360,Celje,2,UEFA Champions League,2020,2,0,2,1,0,1,0,0,0,1,0,1,4,0,4,2.0,0.0,2.0,2,0,2,1.0,0.0,1.0,1,0,1,0,0,0,WL,1,0,0,3-0,,1-2,
4625,Floriana,2,UEFA Champions League,2020,1,0,1,0,0,0,0,0,0,1,0,1,0,0,0,0.0,0.0,0.0,2,0,2,2.0,0.0,2.0,0,0,0,1,0,1,L,0,0,1,,,0-2,
10124,Riga,2,UEFA Champions League,2020,0,1,1,0,0,0,0,0,0,0,1,1,0,0,0,0.0,0.0,0.0,0,2,2,0.0,2.0,2.0,0,0,0,0,1,1,L,0,0,1,,,,2-0
10125,Europa,2,UEFA Champions League,2020,0,1,1,0,0,0,0,0,0,0,1,1,0,0,0,0.0,0.0,0.0,0,5,5,0.0,5.0,5.0,0,0,0,0,1,1,L,0,0,1,,,,5-0
14281,Drita,2,UEFA Champions League,2020,2,0,2,1,0,1,0,0,0,1,0,1,2,0,2,1.0,0.0,1.0,4,0,4,2.0,0.0,2.0,0,0,0,1,0,1,WL,1,0,0,2-1,,0-3,
33,Manchester United,2,UEFA Champions League,2021,4,4,8,2,1,3,1,2,3,1,1,2,6,6,12,1.5,1.5,1.5,5,5,10,1.3,1.3,1.3,0,1,1,1,0,1,LWWDWDDL,2,2,1,3-2,0-2,0-1,2-1
40,Liverpool,2,UEFA Champions League,2021,7,6,13,4,6,10,1,0,1,2,0,2,12,18,30,1.7,3.0,2.3,7,7,14,1.0,1.2,1.1,3,1,4,2,0,2,WWWWWWWLWDWWL,7,1,1,2-0,1-5,0-1,
49,Chelsea,2,UEFA Champions League,2021,5,5,10,4,3,7,0,1,1,1,1,2,12,9,21,2.4,1.8,2.1,3,7,10,0.6,1.4,1.0,4,1,5,0,1,1,WLWWWDWWLW,3,1,1,4-0,2-3,1-3,1-0
50,Manchester City,2,UEFA Champions League,2021,6,6,12,5,2,7,1,1,2,0,3,3,17,12,29,2.8,2.0,2.4,8,8,16,1.3,1.3,1.3,2,2,4,1,2,3,WLWWWLWDWDWL,3,1,1,6-3,0-5,,3-1
79,Lille,2,UEFA Champions League,2021,4,4,8,1,2,3,2,0,2,1,2,3,2,6,8,0.5,1.5,1.0,2,6,8,0.5,1.5,1.0,3,0,3,2,1,3,DLDWWWLL,3,1,1,1-0,1-3,1-2,2-0
85,Paris Saint Germain,2,UEFA Champions League,2021,4,4,8,4,0,4,0,2,2,0,2,2,10,5,15,2.5,1.3,1.9,3,8,11,0.8,2.0,1.4,2,0,2,0,0,0,DWWDLWWL,2,1,1,4-1,,,3-1
91,Monaco,2,UEFA Champions League,2021,2,2,4,1,1,2,0,1,1,1,0,1,3,4,7,1.5,2.0,1.8,2,2,4,1.0,1.0,1.0,0,1,1,1,0,1,WWLD,2,0,1,3-1,0-2,0-1,
157,Bayern München,2,UEFA Champions League,2021,5,5,10,4,3,7,1,1,2,0,1,1,21,10,31,4.2,2.0,3.1,4,3,7,0.8,0.6,0.7,2,2,4,0,1,1,WWWWWWDWLD,6,1,1,7-1,0-4,,1-0
161,VfL Wolfsburg,2,UEFA Champions League,2021,3,3,6,1,0,1,1,1,2,1,2,3,4,1,5,1.3,0.3,0.8,5,5,10,1.7,1.7,1.7,0,1,1,0,2,2,DDLWLL,1,2,1,2-1,,1-3,3-1
165,Borussia Dortmund,2,UEFA Champions League,2021,3,3,6,2,1,3,0,0,0,1,2,3,7,3,10,2.3,1.0,1.7,3,8,11,1.0,2.7,1.8,2,0,2,0,1,1,WWLLLW,2,0,3,5-0,1-2,1-3,4-0
173,RB Leipzig,2,UEFA Champions League,2021,3,3,6,1,1,2,1,0,1,1,2,3,5,10,15,1.7,3.3,2.5,5,9,14,1.7,3.0,2.3,0,1,1,0,0,0,LLLDWW,0,1,3,2-1,0-5,1-2,6-3
194,Ajax,2,UEFA Champions League,2021,4,4,8,3,3,6,0,1,1,1,0,1,10,12,22,2.5,3.0,2.8,3,5,8,0.8,1.3,1.0,2,0,2,1,0,1,WWWWWWDL,6,1,0,4-0,1-5,0-1,
197,PSV Eindhoven,2,UEFA Champions League,2021,3,3,6,2,2,4,1,0,1,0,1,1,8,4,12,2.7,1.3,2.0,1,3,4,0.3,1.0,0.7,2,1,3,1,0,1,WWWWLD,4,0,1,5-1,1-2,,2-1
211,Benfica,2,UEFA Champions League,2021,7,7,14,4,2,6,1,4,5,2,1,3,12,8,20,1.7,1.1,1.4,10,8,18,1.4,1.1,1.3,3,5,8,1,3,4,WWWDDWLLDWDWLD,3,2,2,3-0,0-2,0-4,5-2
212,FC Porto,2,UEFA Champions League,2021,3,3,6,1,0,1,0,2,2,2,1,3,3,1,4,1.0,0.3,0.7,8,3,11,2.7,1.0,1.8,1,1,2,0,2,2,DLWDLL,1,1,1,1-0,,1-5,2-0
228,Sporting CP,2,UEFA Champions League,2021,4,4,8,2,1,3,0,1,1,2,2,4,8,6,14,2.0,1.5,1.8,11,6,17,2.8,1.5,2.1,1,1,2,1,2,3,LLWWWLLD,3,0,2,4-0,1-4,0-5,4-2
247,Celtic,2,UEFA Champions League,2021,1,1,2,0,0,0,1,0,1,0,1,1,1,1,2,1.0,1.0,1.0,1,2,3,1.0,2.0,1.5,0,0,0,0,0,0,DL,0,1,0,,,,2-1
257,Rangers,2,UEFA Champions League,2021,1,1,2,0,0,0,0,0,0,1,1,2,1,1,2,1.0,1.0,1.0,2,2,4,2.0,2.0,2.0,0,0,0,0,0,0,LL,0,0,2,,,1-2,2-1
274,Valur Reykjavik,2,UEFA Champions League,2021,1,1,2,0,0,0,0,0,0,1,1,2,0,2,2,0.0,2.0,1.0,2,3,5,2.0,3.0,2.5,0,0,0,1,0,1,LL,0,0,2,,,0-2,3-2
327,Bodo/Glimt,2,UEFA Champions League,2021,1,1,2,0,0,0,0,0,0,1,1,2,2,0,2,2.0,0.0,1.0,3,2,5,3.0,2.0,2.5,0,0,0,0,1,1,LL,0,0,2,,,2-3,2-0
339,Legia Warszawa,2,UEFA Champions League,2021,3,3,6,2,2,4,0,1,1,1,0,1,4,5,9,1.3,1.7,1.5,2,3,5,0.7,1.0,0.8,1,1,2,1,0,1,WWWWDL,4,1,0,2-0,2-3,0-1,
357,GAP Connah S Quay FC,2,UEFA Champions League,2021,1,1,2,0,0,0,1,0,1,0,1,1,2,0,2,2.0,0.0,1.0,2,1,3,2.0,1.0,1.5,0,0,0,0,1,1,DL,0,1,0,,,,1-0
375,Malmo FF,2,UEFA Champions League,2021,7,7,14,4,1,5,1,2,3,2,4,6,8,6,14,1.1,0.9,1.0,7,15,22,1.0,2.1,1.6,2,0,2,2,3,5,WDWDWWWLLLLLDL,3,1,5,2-0,1-2,0-3,4-0
392,Shakhter Soligorsk,2,UEFA Champions League,2021,1,1,2,0,0,0,0,0,0,1,1,2,0,0,0,0.0,0.0,0.0,1,1,2,1.0,1.0,1.0,0,0,0,1,1,2,LL,0,0,2,,,0-1,1-0
397,FC Midtjylland,2,UEFA Champions League,2021,2,2,4,1,0,1,0,1,1,1,1,2,2,1,3,1.0,0.5,0.8,2,4,6,1.0,2.0,1.5,0,0,0,1,1,2,DWLL,1,1,0,2-1,,0-1,3-0
407,Brondby,2,UEFA Champions League,2021,1,1,2,0,0,0,0,0,0,1,1,2,1,1,2,1.0,1.0,1.0,2,2,4,2.0,2.0,2.0,0,0,0,0,0,0,LL,0,0,2,,,1-2,2-1
489,AC Milan,2,UEFA Champions League,2021,3,3,6,0,1,1,1,0,1,2,2,4,3,3,6,1.0,1.0,1.0,5,4,9,1.7,1.3,1.5,0,1,1,0,1,1,LLLDWL,1,1,3,,0-1,1-2,3-2
496,Juventus,2,UEFA Champions League,2021,4,4,8,3,2,5,0,1,1,1,1,2,6,5,11,1.5,1.3,1.4,5,5,10,1.3,1.3,1.3,2,2,4,1,1,2,WWWWLWDL,4,1,1,4-2,0-3,0-3,4-0
499,Atalanta,2,UEFA Champions League,2021,3,3,6,1,0,1,1,2,3,1,1,2,5,7,12,1.7,2.3,2.0,5,8,13,1.7,2.7,2.2,1,0,1,0,0,0,DWLDDL,1,2,1,1-0,,2-3,3-2
505,Inter,2,UEFA Champions League,2021,4,4,8,2,2,4,0,1,1,2,1,3,5,4,9,1.3,1.0,1.1,4,3,7,1.0,0.8,0.9,1,2,3,2,2,4,LDWWWLLW,3,1,2,3-1,1-3,0-2,2-0
529,Barcelona,2,UEFA Champions League,2021,3,3,6,1,1,2,1,0,1,1,2,3,1,1,2,0.3,0.3,0.3,3,6,9,1.0,2.0,1.5,2,1,3,2,2,4,LLWWDL,2,1,2,1-0,0-1,0-3,3-0
530,Atletico Madrid,2,UEFA Champions League,2021,5,5,10,0,3,3,3,0,3,2,2,4,3,6,9,0.6,1.2,0.9,5,5,10,1.0,1.0,1.0,2,1,3,3,2,5,DWLLLWDWLD,1,1,3,,1-3,2-3,2-0
533,Villarreal,2,UEFA Champions League,2021,6,6,12,2,3,5,2,1,3,2,2,4,8,12,20,1.3,2.0,1.7,8,8,16,1.3,1.3,1.3,2,1,3,1,1,2,DLWWLWDWWDLL,2,1,1,2-0,1-4,0-2,2-0
536,Sevilla,2,UEFA Champions League,2021,3,3,6,1,0,1,1,2,3,1,1,2,4,1,5,1.3,0.3,0.8,3,2,5,1.0,0.7,0.8,1,1,2,0,2,2,DDDLWL,1,3,1,2-0,,1-2,1-0
541,Real Madrid,2,UEFA Champions League,2021,6,7,13,4,5,9,0,0,0,2,2,4,13,16,29,2.2,2.3,2.2,8,6,14,1.3,0.9,1.1,1,4,5,0,1,1,WLWWWWLWWLLWW,4,0,2,3-1,0-5,2-3,4-3
549,Besiktas,2,UEFA Champions League,2021,3,3,6,0,0,0,0,0,0,3,3,6,3,0,3,1.0,0.0,0.5,8,11,19,2.7,3.7,3.2,0,0,0,0,3,3,LLLLLL,0,0,6,,,1-4,5-0
550,Shakhtar Donetsk,2,UEFA Champions League,2021,5,5,10,1,2,3,3,0,3,1,3,4,5,4,9,1.0,0.8,0.9,9,7,16,1.8,1.4,1.6,1,1,2,2,2,4,WWWDLDLLLD,3,1,3,2-1,1-2,0-5,2-0
553,Olympiakos Piraeus,2,UEFA Champions League,2021,2,2,4,1,1,2,1,1,2,0,0,0,2,3,5,1.0,1.5,1.3,1,2,3,0.5,1.0,0.8,1,1,2,0,0,0,WWDD,2,0,0,1-0,0-1,,
558,Spartak Moscow,2,UEFA Champions League,2021,1,1,2,0,0,0,0,0,0,1,1,2,0,0,0,0.0,0.0,0.0,2,2,4,2.0,2.0,2.0,0,0,0,1,1,2,LL,0,0,2,,,0-2,2-0
560,Slavia Praha,2,UEFA Champions League,2021,1,1,2,1,0,1,0,0,0,0,1,1,1,0,1,1.0,0.0,0.5,0,2,2,0.0,2.0,1.0,1,0,1,0,1,1,LW,0,0,1,1-0,,,2-0
565,BSC Young Boys,2,UEFA Champions League,2021,6,6,12,4,1,5,1,3,4,1,2,3,15,5,20,2.5,0.8,1.7,13,7,20,2.2,1.2,1.7,0,1,1,0,3,3,DWDWWWWLLLDD,4,1,3,3-1,2-3,1-4,2-0
566,Ludogorets,2,UEFA Champions League,2021,4,4,8,3,1,4,1,2,3,0,1,1,8,2,10,2.0,0.5,1.3,4,3,7,1.0,0.8,0.9,1,2,3,0,2,2,WWDWDDLW,2,2,1,3-1,0-1,,2-0
568,Sheriff Tiraspol,2,UEFA Champions League,2021,7,7,14,5,3,8,0,3,3,2,1,3,11,10,21,1.6,1.4,1.5,7,6,13,1.0,0.9,0.9,4,3,7,1,1,2,WWWWDWWDWWLLLD,4,1,3,3-0,0-4,0-3,3-1
569,Club Brugge KV,2,UEFA Champions League,2021,3,3,6,0,1,1,1,0,1,2,2,4,2,4,6,0.7,1.3,1.0,11,9,20,3.7,3.0,3.3,0,0,0,1,0,1,DWLLLL,1,1,0,,1-2,0-5,4-1
571,Red Bull Salzburg,2,UEFA Champions League,2021,5,5,10,4,1,5,1,1,2,0,3,3,9,5,14,1.8,1.0,1.4,4,12,16,0.8,2.4,1.6,1,0,1,0,1,1,WWDWWLLWDL,2,1,2,3-1,1-2,,7-1
572,Dynamo Kyiv,2,UEFA Champions League,2021,3,3,6,0,0,0,1,0,1,2,3,5,1,0,1,0.3,0.0,0.2,3,8,11,1.0,2.7,1.8,1,0,1,2,3,5,DLLLLL,0,1,0,,,1-2,5-0
579,Buducnost Podgorica,2,UEFA Champions League,2021,1,1,2,0,0,0,0,0,0,1,1,2,0,1,1,0.0,1.0,0.5,4,3,7,4.0,3.0,3.5,0,0,0,1,0,1,LL,0,0,2,,,0-4,3-1
582,Alashkert,2,UEFA Champions League,2021,2,2,4,1,0,1,0,1,1,1,1,2,1,3,4,0.5,1.5,1.0,1,5,6,0.5,2.5,1.5,1,0,1,1,0,1,DWLL,1,1,0,1-0,,0-1,3-1
583,Linfield,2,UEFA Champions League,2021,1,1,2,0,0,0,0,0,0,1,1,2,1,1,2,1.0,1.0,1.0,2,3,5,2.0,3.0,2.5,0,0,0,0,0,0,LL,0,0,2,,,1-2,3-1
586,FK Zalgiris Vilnius,2,UEFA Champions League,2021,2,2,4,1,1,2,0,0,0,1,1,2,4,2,6,2.0,1.0,1.5,4,3,7,2.0,1.5,1.8,0,0,0,0,1,1,WWLL,2,0,0,3-1,1-2,1-3,2-0
596,Zenit,2,UEFA Champions League,2021,3,3,6,1,0,1,1,1,2,1,2,3,7,3,10,2.3,1.0,1.7,4,6,10,1.3,2.0,1.7,1,0,1,1,1,2,LWLLDD,1,0,2,4-0,,0-1,4-2
598,FK Crvena Zvezda,2,UEFA Champions League,2021,2,2,4,1,0,1,1,0,1,0,2,2,6,1,7,3.0,0.5,1.8,1,3,4,0.5,1.5,1.0,1,0,1,0,1,1,LWDL,1,1,1,5-0,,,2-1
609,Shkendija,2,UEFA Champions League,2021,1,1,2,0,0,0,0,0,0,1,1,2,0,0,0,0.0,0.0,0.0,1,5,6,1.0,5.0,3.0,0,0,0,1,1,2,LL,0,0,2,,,0-1,5-0
620,Dinamo Zagreb,2,UEFA Champions League,2021,4,4,8,2,3,5,2,0,2,0,1,1,6,4,10,1.5,1.0,1.3,3,3,6,0.8,0.8,0.8,2,3,5,1,1,2,WWWWDWLD,4,1,1,2-0,0-2,,3-0
626,Fola Esch,2,UEFA Champions League,2021,1,1,2,0,0,0,1,0,1,0,1,1,2,0,2,2.0,0.0,1.0,2,5,7,2.0,5.0,3.5,0,0,0,0,1,1,DL,0,1,0,,,,5-0
628,Sparta Praha,2,UEFA Champions League,2021,2,2,4,1,0,1,0,0,0,1,2,3,2,2,4,1.0,1.0,1.0,2,5,7,1.0,2.5,1.8,1,0,1,1,0,1,LWLL,1,0,1,2-0,,0-2,3-1
645,Galatasaray,2,UEFA Champions League,2021,1,1,2,0,0,0,0,0,0,1,1,2,1,1,2,1.0,1.0,1.0,2,5,7,2.0,5.0,3.5,0,0,0,0,0,0,LL,0,0,2,,,1-2,5-1
649,HJK helsinki,2,UEFA Champions League,2021,2,2,4,1,1,2,1,0,1,0,1,1,5,5,10,2.5,2.5,2.5,3,2,5,1.5,1.0,1.3,0,1,1,0,0,0,WWLD,2,0,1,3-1,0-4,,2-1
651,Ferencvarosi TC,2,UEFA Champions League,2021,4,4,8,3,2,5,0,0,0,1,2,3,9,8,17,2.3,2.0,2.1,3,6,9,0.8,1.5,1.1,3,0,3,0,1,1,WWWWWLLL,5,0,0,3-0,1-3,2-3,3-2
652,Shamrock Rovers,2,UEFA Champions League,2021,1,1,2,1,0,1,0,0,0,0,1,1,2,0,2,2.0,0.0,1.0,1,2,3,1.0,2.0,1.5,0,0,0,0,1,1,LW,0,0,1,2-1,,,2-0
656,Slovan Bratislava,2,UEFA Champions League,2021,2,2,4,1,0,1,1,0,1,0,2,2,2,3,5,1.0,1.5,1.3,0,5,5,0.0,2.5,1.3,2,0,2,1,0,1,WLDL,1,1,1,2-0,,,3-2
664,Kairat Almaty,2,UEFA Champions League,2021,2,2,4,2,0,2,0,1,1,0,1,1,4,1,5,2.0,0.5,1.3,1,6,7,0.5,3.0,1.8,1,0,1,0,1,1,DWWL,2,1,0,2-0,,,5-0
667,Lincoln Red Imps FC,2,UEFA Champions League,2021,2,2,4,1,0,1,0,1,1,1,1,2,6,2,8,3.0,1.0,2.0,2,4,6,1.0,2.0,1.5,1,0,1,0,1,1,DWLL,1,1,0,5-0,,1-2,2-0
672,Folgore,2,UEFA Champions League,2021,1,0,1,0,0,0,0,0,0,1,0,1,0,0,0,0.0,0.0,0.0,2,0,2,2.0,0.0,2.0,0,0,0,1,0,1,L,0,0,1,,,0-2,
680,Prishtina,2,UEFA Champions League,2021,2,2,4,1,1,2,0,0,0,1,1,2,3,2,5,1.5,1.0,1.3,3,3,6,1.5,1.5,1.5,1,1,2,0,1,1,WWLL,2,0,0,2-0,0-2,1-3,3-0
687,Flora Tallinn,2,UEFA Champions League,2021,2,2,4,1,1,2,0,0,0,1,1,2,2,4,6,1.0,2.0,1.5,1,2,3,0.5,1.0,0.8,1,1,2,1,0,1,WWLL,2,0,0,2-0,0-3,0-1,2-1
742,Genk,2,UEFA Champions League,2021,1,1,2,0,0,0,0,0,0,1,1,2,1,1,2,1.0,1.0,1.0,2,2,4,2.0,2.0,2.0,0,0,0,0,0,0,LL,0,0,2,,,1-2,2-1
781,Rapid Vienna,2,UEFA Champions League,2021,1,1,2,1,0,1,0,0,0,0,1,1,2,0,2,2.0,0.0,1.0,1,2,3,1.0,2.0,1.5,0,0,0,0,1,1,WL,1,0,0,2-1,,,2-0
2246,CFR 1907 Cluj,2,UEFA Champions League,2021,3,3,6,2,1,3,1,0,1,0,2,2,6,4,10,2.0,1.3,1.7,2,6,8,0.7,2.0,1.3,1,0,1,0,0,0,WLWWDL,2,1,1,3-1,1-2,,3-1
2262,Dinamo Tbilisi,2,UEFA Champions League,2021,1,1,2,0,0,0,0,0,0,1,1,2,1,1,2,1.0,1.0,1.0,2,2,4,2.0,2.0,2.0,0,0,0,0,0,0,LL,0,0,2,,,1-2,2-1
2270,Neftchi Baku,2,UEFA Champions League,2021,2,2,4,1,1,2,0,0,0,1,1,2,2,2,4,1.0,1.0,1.0,2,2,4,1.0,1.0,1.0,0,0,0,1,1,2,WWLL,2,0,0,2-1,1-2,0-1,1-0
3320,Teuta Durrës,2,UEFA Champions League,2021,1,1,2,0,0,0,0,0,0,1,1,2,0,0,0,0.0,0.0,0.0,4,1,5,4.0,1.0,2.5,0,0,0,1,1,2,LL,0,0,2,,,0-4,1-0
3342,Inter Club d'Escaldes,2,UEFA Champions League,2021,0,2,2,0,1,1,0,0,0,0,1,1,0,1,1,0.0,0.5,0.5,0,2,2,0.0,1.0,1.0,0,1,1,0,1,1,WL,1,0,0,,0-1,,2-0
3364,Borac Banja Luka,2,UEFA Champions League,2021,1,1,2,1,0,1,0,0,0,0,1,1,2,1,3,2.0,1.0,1.5,1,3,4,1.0,3.0,2.0,0,0,0,0,0,0,LW,0,0,1,2-1,,,3-1
3402,Omonia Nicosia,2,UEFA Champions League,2021,1,1,2,0,0,0,0,0,0,1,1,2,0,0,0,0.0,0.0,0.0,1,2,3,1.0,2.0,1.5,0,0,0,1,1,2,LL,0,0,2,,,0-1,2-0
3884,Hibernians,2,UEFA Champions League,2021,1,1,2,0,0,0,0,0,0,1,1,2,0,0,0,0.0,0.0,0.0,3,2,5,3.0,2.0,2.5,0,0,0,1,1,2,LL,0,0,2,,,0-3,2-0
4133,HB,2,UEFA Champions League,2021,1,0,1,0,0,0,0,0,0,1,0,1,0,0,0,0.0,0.0,0.0,1,0,1,1.0,0.0,1.0,0,0,0,1,0,1,L,0,0,1,,,0-1,
4195,Maccabi Haifa,2,UEFA Champions League,2021,1,1,2,0,0,0,1,0,1,0,1,1,1,0,1,1.0,0.0,0.5,1,2,3,1.0,2.0,1.5,0,0,0,0,1,1,DL,0,1,0,,,,2-0
4197,Mura,2,UEFA Champions League,2021,2,2,4,1,1,2,1,0,1,0,1,1,5,2,7,2.5,1.0,1.8,0,3,3,0.0,1.5,0.8,2,1,3,1,0,1,WWDL,2,1,0,5-0,0-1,,3-1
10124,Riga,2,UEFA Champions League,2021,1,1,2,0,0,0,1,0,1,0,1,1,1,0,1,1.0,0.0,0.5,1,1,2,1.0,1.0,1.0,0,0,0,0,1,1,LD,0,0,1,,,,1-0
40,Liverpool,2,UEFA Champions League,2022,4,4,8,3,2,5,0,0,0,1,2,3,8,11,19,2.0,2.8,2.4,6,6,12,1.5,1.5,1.5,2,1,3,0,1,1,LWWWWWLL,5,0,1,2-0,1-7,2-5,4-1
47,Tottenham,2,UEFA Champions League,2022,4,4,8,2,1,3,2,1,3,0,2,2,6,2,8,1.5,0.5,1.0,3,4,7,0.8,1.0,0.9,2,1,3,1,3,4,WLDWDWLD,1,1,1,2-0,1-2,,2-0
49,Chelsea,2,UEFA Champions League,2022,5,5,10,3,2,5,1,0,1,1,3,4,8,4,12,1.6,0.8,1.2,4,5,9,0.8,1.0,0.9,2,1,3,1,3,4,LDWWWWLWLL,4,1,1,3-0,0-2,0-2,2-0
50,Manchester City,2,UEFA Champions League,2022,7,6,13,7,1,8,0,5,5,0,0,0,25,7,32,3.6,1.2,2.5,2,3,5,0.3,0.5,0.4,5,3,8,0,2,2,WWWDDWDWWDDWW,3,2,0,7-0,0-4,,
81,Marseille,2,UEFA Champions League,2022,3,3,6,1,1,2,0,0,0,2,2,4,5,3,8,1.7,1.0,1.3,4,4,8,1.3,1.3,1.3,0,1,1,1,1,2,LLWWLL,2,0,2,4-1,0-2,1-2,2-0
85,Paris Saint Germain,2,UEFA Champions League,2022,4,4,8,2,2,4,1,1,2,1,1,2,10,6,16,2.5,1.5,2.0,5,5,10,1.3,1.3,1.3,0,0,0,1,1,2,WWDDWWLL,2,2,0,7-2,1-3,0-1,2-0
91,Monaco,2,UEFA Champions League,2022,1,1,2,0,0,0,1,0,1,0,1,1,1,2,3,1.0,2.0,1.5,1,3,4,1.0,3.0,2.0,0,0,0,0,0,0,DL,0,1,0,,,,3-2
157,Bayern München,2,UEFA Champions League,2022,5,5,10,4,4,8,1,0,1,0,1,1,12,10,22,2.4,2.0,2.2,1,5,6,0.2,1.0,0.6,4,3,7,0,1,1,WWWWWWWWLD,8,0,1,5-0,0-3,,3-0
165,Borussia Dortmund,2,UEFA Champions League,2022,4,4,8,2,1,3,2,1,3,0,2,2,5,6,11,1.3,1.5,1.4,1,6,7,0.3,1.5,0.9,3,0,3,1,1,2,WLWDDDWL,1,3,1,3-0,1-4,,2-0
168,Bayer Leverkusen,2,UEFA Champions League,2022,3,3,6,1,0,1,1,1,2,1,2,3,2,2,4,0.7,0.7,0.7,3,5,8,1.0,1.7,1.3,2,0,2,2,2,4,LWLLDD,1,0,2,2-0,,0-3,2-0
169,Eintracht Frankfurt,2,UEFA Champions League,2022,4,4,8,1,2,3,1,0,1,2,2,4,2,5,7,0.5,1.3,0.9,6,7,13,1.5,1.8,1.6,1,1,2,3,1,4,LWDLWWLL,2,1,1,2-1,1-2,0-3,3-0
173,RB Leipzig,2,UEFA Champions League,2022,4,4,8,2,2,4,1,0,1,1,2,3,8,6,14,2.0,1.5,1.8,8,9,17,2.0,2.3,2.1,0,2,2,0,2,2,LLWWWWDL,4,1,2,3-1,0-4,1-4,7-0
194,Ajax,2,UEFA Champions League,2022,3,3,6,1,1,2,0,0,0,2,2,4,5,6,11,1.7,2.0,1.8,9,7,16,3.0,2.3,2.7,1,0,1,1,0,1,WLLLLW,1,0,4,4-0,1-3,1-6,4-2
197,PSV Eindhoven,2,UEFA Champions League,2022,2,2,4,1,0,1,0,2,2,1,0,1,3,3,6,1.5,1.5,1.5,3,3,6,1.5,1.5,1.5,0,0,0,1,0,1,DWDL,1,1,0,3-2,,0-1,
211,Benfica,2,UEFA Champions League,2022,7,7,14,5,5,10,1,2,3,1,0,1,19,19,38,2.7,2.7,2.7,8,7,15,1.1,1.0,1.1,2,2,4,1,0,1,WWWWWWDDWWWWLD,6,2,1,5-1,1-6,0-2,
212,FC Porto,2,UEFA Champions League,2022,4,4,8,2,2,4,1,0,1,1,2,3,4,8,12,1.0,2.0,1.5,5,3,8,1.3,0.8,1.0,2,2,4,2,1,3,LLWWWWLD,4,0,2,2-0,0-4,0-4,2-1
228,Sporting CP,2,UEFA Champions League,2022,3,3,6,1,1,2,0,1,1,2,1,3,3,5,8,1.0,1.7,1.3,4,5,9,1.3,1.7,1.5,1,1,2,1,0,1,WWLLDL,2,1,2,2-0,0-3,0-2,4-1
247,Celtic,2,UEFA Champions League,2022,3,3,6,0,0,0,1,1,2,2,2,4,1,3,4,0.3,1.0,0.7,6,9,15,2.0,3.0,2.5,0,0,0,2,0,2,LDLLDL,0,1,2,,,0-3,5-1
257,Rangers,2,UEFA Champions League,2022,5,5,10,1,1,2,1,0,1,3,4,7,7,1,8,1.4,0.2,0.8,15,11,26,3.0,2.2,2.6,1,1,2,1,4,5,LWDWLLLLLL,1,1,1,3-0,0-1,1-7,4-0
278,Vikingur Reykjavik,2,UEFA Champions League,2022,1,3,4,0,2,2,1,0,1,0,1,1,3,9,12,3.0,3.0,3.0,3,4,7,3.0,1.3,1.8,0,1,1,0,0,0,WWLD,2,0,1,,1-6,,3-2
327,Bodo/Glimt,2,UEFA Champions League,2022,4,4,8,4,0,4,0,1,1,0,3,3,17,3,20,4.3,0.8,2.5,0,9,9,0.0,2.3,1.1,4,0,4,0,1,1,WLLWWDWL,2,1,2,8-0,,,4-1
347,Lech Poznan,2,UEFA Champions League,2022,1,1,2,1,0,1,0,0,0,0,1,1,1,1,2,1.0,1.0,1.0,0,5,5,0.0,5.0,2.5,1,0,1,0,0,0,WL,1,0,0,1-0,,,5-1
354,The New Saints,2,UEFA Champions League,2022,1,1,2,1,0,1,0,0,0,0,1,1,1,0,1,1.0,0.0,0.5,0,2,2,0.0,2.0,1.0,1,0,1,0,1,1,WL,1,0,0,1-0,,,2-0
375,Malmo FF,2,UEFA Champions League,2022,2,2,4,1,0,1,0,1,1,1,1,2,3,3,6,1.5,1.5,1.5,4,4,8,2.0,2.0,2.0,0,0,0,1,1,2,WDLL,1,1,0,3-2,,0-2,1-0
392,Shakhter Soligorsk,2,UEFA Champions League,2022,1,1,2,0,0,0,0,1,1,1,0,1,0,0,0,0.0,0.0,0.0,2,0,2,2.0,0.0,1.0,0,1,1,1,1,2,DL,0,1,0,,,0-2,
397,FC Midtjylland,2,UEFA Champions League,2022,2,2,4,0,0,0,1,1,2,1,1,2,2,2,4,1.0,1.0,1.0,4,5,9,2.0,2.5,2.3,0,0,0,0,0,0,DDLL,0,2,0,,,1-3,4-1
400,FC Copenhagen,2,UEFA Champions League,2022,4,4,8,1,0,1,3,1,4,0,3,3,3,0,3,0.8,0.0,0.4,2,11,13,0.5,2.8,1.6,2,1,3,2,4,6,WDLDLDLD,1,1,1,2-1,,,5-0
489,AC Milan,2,UEFA Champions League,2022,6,6,12,4,1,5,0,3,3,2,2,4,9,6,15,1.5,1.0,1.3,5,6,11,0.8,1.0,0.9,3,2,5,2,3,5,DWLLWWWDWDLL,3,1,2,4-0,0-4,0-2,3-0
492,Napoli,2,UEFA Champions League,2022,5,5,10,4,3,7,1,0,1,0,2,2,15,11,26,3.0,2.2,2.6,4,4,8,0.8,0.8,0.8,2,2,4,0,2,2,WWWWWLWWLD,5,0,1,4-1,1-6,,2-0
496,Juventus,2,UEFA Champions League,2022,3,3,6,1,0,1,0,0,0,2,3,5,5,4,9,1.7,1.3,1.5,5,8,13,1.7,2.7,2.2,0,0,0,0,1,1,LLWLLL,1,0,2,3-1,,1-2,2-0
505,Inter,2,UEFA Champions League,2022,6,7,13,4,3,7,1,2,3,1,2,3,10,9,19,1.7,1.3,1.5,5,6,11,0.8,0.9,0.8,4,4,8,1,3,4,LWWDWLWDWDWWL,2,1,1,4-0,0-2,0-2,2-0
529,Barcelona,2,UEFA Champions League,2022,3,3,6,1,1,2,1,0,1,1,2,3,8,4,12,2.7,1.3,2.0,7,5,12,2.3,1.7,2.0,0,0,0,1,2,3,WLLDLW,1,1,2,5-1,2-4,0-3,2-0
530,Atletico Madrid,2,UEFA Champions League,2022,3,3,6,1,0,1,2,0,2,0,3,3,4,1,5,1.3,0.3,0.8,3,6,9,1.0,2.0,1.5,1,0,1,1,2,3,WLLDDL,1,2,2,2-1,,,2-0
536,Sevilla,2,UEFA Champions League,2022,3,3,6,1,0,1,0,2,2,2,1,3,4,2,6,1.3,0.7,1.0,8,4,12,2.7,1.3,2.0,1,1,2,1,1,2,LDLDWL,1,1,1,3-0,,0-4,3-1
541,Real Madrid,2,UEFA Champions League,2022,6,6,12,5,3,8,1,1,2,0,2,2,13,13,26,2.2,2.2,2.2,3,10,13,0.5,1.7,1.1,3,2,5,0,1,1,WWWDLWWWWWDL,5,1,1,5-1,2-5,,4-0
550,Shakhtar Donetsk,2,UEFA Champions League,2022,3,3,6,0,1,1,2,1,3,1,1,2,2,6,8,0.7,2.0,1.3,6,4,10,2.0,1.3,1.7,0,0,0,1,0,1,WDLDDL,1,2,1,,1-4,0-4,2-1
552,Maribor,2,UEFA Champions League,2022,2,2,4,0,1,1,2,0,2,0,1,1,0,2,2,0.0,1.0,0.5,0,1,1,0.0,0.5,0.3,2,1,3,2,1,3,DWDL,1,1,0,,0-2,,1-0
553,Olympiakos Piraeus,2,UEFA Champions League,2022,1,1,2,0,0,0,0,1,1,1,0,1,0,1,1,0.0,1.0,0.5,4,1,5,4.0,1.0,2.5,0,0,0,1,0,1,DL,0,1,0,,,0-4,
556,Qarabag,2,UEFA Champions League,2022,4,4,8,2,1,3,2,1,3,0,2,2,9,6,15,2.3,1.5,1.9,4,6,10,1.0,1.5,1.3,1,0,1,1,1,2,LWWDDWDL,2,2,1,5-1,1-3,,2-1
566,Ludogorets,2,UEFA Champions League,2022,3,3,6,2,1,3,0,0,0,1,2,3,6,4,10,2.0,1.3,1.7,2,6,8,0.7,2.0,1.3,2,1,3,0,0,0,WWWLLL,3,0,0,3-0,0-1,1-2,4-2
567,Plzen,2,UEFA Champions League,2022,6,6,12,3,2,5,0,1,1,3,3,6,13,5,18,2.2,0.8,1.5,12,16,28,2.0,2.7,2.3,1,1,2,1,3,4,WWWWDWLLLLLL,4,1,0,5-0,1-2,2-4,5-0
568,Sheriff Tiraspol,2,UEFA Champions League,2022,3,3,6,2,0,2,0,2,2,1,1,2,3,1,4,1.0,0.3,0.7,2,2,4,0.7,0.7,0.7,2,2,4,0,2,2,DWDWLL,1,1,0,1-0,,1-2,2-1
569,Club Brugge KV,2,UEFA Champions League,2022,4,4,8,2,1,3,0,2,2,2,1,3,3,5,8,0.8,1.3,1.0,6,5,11,1.5,1.3,1.4,2,3,5,2,2,4,WWWDLDLL,3,1,1,2-0,0-4,0-4,5-1
571,Red Bull Salzburg,2,UEFA Champions League,2022,3,3,6,1,0,1,1,2,3,1,1,2,3,2,5,1.0,0.7,0.8,3,6,9,1.0,2.0,1.5,1,0,1,0,1,1,DDWDLL,1,2,0,1-0,,1-2,4-0
572,Dynamo Kyiv,2,UEFA Champions League,2022,3,3,6,1,2,3,1,0,1,1,1,2,1,4,5,0.3,1.3,0.8,2,5,7,0.7,1.7,1.2,2,0,2,2,1,3,DWWWLL,3,1,0,1-0,1-2,0-2,3-0
578,F91 Dudelange,2,UEFA Champions League,2022,2,2,4,1,2,3,0,0,0,1,0,1,2,3,5,1.0,1.5,1.3,4,1,5,2.0,0.5,1.3,1,1,2,0,0,0,WWWL,3,0,0,1-0,1-2,1-4,
583,Linfield,2,UEFA Champions League,2022,2,2,4,2,0,2,0,0,0,0,2,2,3,0,3,1.5,0.0,0.8,0,9,9,0.0,4.5,2.3,2,0,2,0,2,2,LWWL,2,0,1,2-0,,,8-0
586,FK Zalgiris Vilnius,2,UEFA Champions League,2022,3,3,6,2,1,3,1,1,2,0,1,1,3,3,6,1.0,1.0,1.0,1,6,7,0.3,2.0,1.2,2,1,3,0,1,1,DWWWLD,3,1,1,1-0,0-2,,5-0
588,Zrinjski,2,UEFA Champions League,2022,1,1,2,0,0,0,1,0,1,0,1,1,0,0,0,0.0,0.0,0.0,0,1,1,0.0,1.0,0.5,1,0,1,1,1,2,DL,0,1,0,,,,1-0
598,FK Crvena Zvezda,2,UEFA Champions League,2022,2,2,4,1,1,2,1,0,1,0,1,1,7,4,11,3.5,2.0,2.8,2,3,5,1.0,1.5,1.3,1,1,2,0,0,0,WWLD,2,0,1,5-0,0-2,,3-2
602,Apollon Limassol,2,UEFA Champions League,2022,1,1,2,1,0,1,0,0,0,0,1,1,2,0,2,2.0,0.0,1.0,0,4,4,0.0,4.0,2.0,1,0,1,0,1,1,LW,0,0,1,2-0,,,4-0
611,Fenerbahce,2,UEFA Champions League,2022,1,1,2,0,0,0,0,1,1,1,0,1,1,0,1,1.0,0.0,0.5,2,0,2,2.0,0.0,1.0,0,1,1,0,1,1,DL,0,1,0,,,1-2,
614,AEK Larnaca,2,UEFA Champions League,2022,1,1,2,0,0,0,1,1,2,0,0,0,1,1,2,1.0,1.0,1.0,1,1,2,1.0,1.0,1.0,0,0,0,0,0,0,DD,0,2,0,,,,
620,Dinamo Zagreb,2,UEFA Champions League,2022,6,6,12,3,2,5,2,0,2,1,4,5,12,5,17,2.0,0.8,1.4,10,8,18,1.7,1.3,1.5,1,1,2,1,2,3,DWWWLWWLLDLL,3,1,2,4-1,1-2,0-4,3-1
637,Sturm Graz,2,UEFA Champions League,2022,1,1,2,0,0,0,0,0,0,1,1,2,1,0,1,1.0,0.0,0.5,2,1,3,2.0,1.0,1.5,0,0,0,0,1,1,LL,0,0,2,,,1-2,1-0
649,HJK helsinki,2,UEFA Champions League,2022,2,2,4,1,0,1,0,0,0,1,2,3,2,1,3,1.0,0.5,0.8,2,7,9,1.0,3.5,2.3,1,0,1,0,1,1,WLLL,1,0,0,1-0,,1-2,5-0
651,Ferencvarosi TC,2,UEFA Champions League,2022,3,3,6,1,1,2,0,2,2,2,0,2,7,5,12,2.3,1.7,2.0,6,2,8,2.0,0.7,1.3,0,1,1,0,1,1,DWLWDL,1,1,1,5-1,1-4,1-3,
652,Shamrock Rovers,2,UEFA Champions League,2022,2,2,4,2,0,2,0,1,1,0,1,1,5,0,5,2.5,0.0,1.3,1,3,4,0.5,1.5,1.0,1,1,2,0,2,2,WDLW,1,1,1,3-0,,,3-0
656,Slovan Bratislava,2,UEFA Champions League,2022,2,2,4,0,2,2,1,0,1,1,0,1,1,4,5,0.5,2.0,1.3,4,2,6,2.0,1.0,1.5,1,0,1,1,0,1,DWWL,2,1,0,,1-2,1-4,
667,Lincoln Red Imps FC,2,UEFA Champions League,2022,1,1,2,1,0,1,0,0,0,0,1,1,2,0,2,2.0,0.0,1.0,0,3,3,0.0,3.0,1.5,1,0,1,0,1,1,LW,0,0,1,2-0,,,3-0
673,Sutjeska,2,UEFA Champions League,2022,1,1,2,0,0,0,0,0,0,1,1,2,0,0,0,0.0,0.0,0.0,1,2,3,1.0,2.0,1.5,0,0,0,1,1,2,LL,0,0,2,,,0-1,2-0
694,Tirana,2,UEFA Champions League,2022,1,1,2,0,0,0,0,0,0,1,1,2,1,0,1,1.0,0.0,0.5,2,1,3,2.0,1.0,1.5,0,0,0,0,1,1,LL,0,0,2,,,1-2,1-0
701,KI Klaksvik,2,UEFA Champions League,2022,1,1,2,1,0,1,0,0,0,0,1,1,3,0,3,3.0,0.0,1.5,1,3,4,1.0,3.0,2.0,0,0,0,0,1,1,LW,0,0,1,3-1,,,3-0
705,Dinamo Batumi,2,UEFA Champions League,2022,1,1,2,0,0,0,0,1,1,1,0,1,1,0,1,1.0,0.0,0.5,2,0,2,2.0,0.0,1.0,0,1,1,0,1,1,DL,0,1,0,,,1-2,
709,Pyunik Yerevan,2,UEFA Champions League,2022,3,3,6,0,1,1,1,1,2,2,1,3,0,6,6,0.0,2.0,1.0,3,8,11,1.0,2.7,1.8,1,0,1,3,1,4,DDLWLL,1,2,1,,1-4,0-2,5-0
783,FC Zurich,2,UEFA Champions League,2022,1,1,2,0,0,0,1,0,1,0,1,1,2,2,4,2.0,2.0,2.0,2,3,5,2.0,3.0,2.5,0,0,0,0,0,0,LD,0,0,1,,,,3-2
998,Trabzonspor,2,UEFA Champions League,2022,1,1,2,0,0,0,1,0,1,0,1,1,0,1,1,0.0,1.0,0.5,0,2,2,0.0,2.0,1.0,1,0,1,1,0,1,LD,0,0,1,,,,2-1
1393,Union St. Gilloise,2,UEFA Champions League,2022,1,1,2,1,0,1,0,0,0,0,1,1,2,0,2,2.0,0.0,1.0,0,3,3,0.0,3.0,1.5,1,0,1,0,1,1,WL,1,0,0,2-0,,,3-0
2246,CFR 1907 Cluj,2,UEFA Champions League,2022,1,1,2,0,0,0,1,1,2,0,0,0,2,0,2,2.0,0.0,1.0,2,0,2,2.0,0.0,1.0,0,1,1,0,1,1,DD,0,2,0,,,,
2249,La Fiorita,2,UEFA Champions League,2022,1,0,1,0,0,0,0,0,0,1,0,1,1,0,1,1.0,0.0,1.0,2,0,2,2.0,0.0,2.0,0,0,0,0,0,0,L,0,0,1,,,1-2,
2259,FK Tobol Kostanay,2,UEFA Champions League,2022,1,1,2,0,0,0,1,0,1,0,1,1,0,1,1,0.0,1.0,0.5,0,5,5,0.0,5.0,2.5,1,0,1,1,0,1,DL,0,1,0,,,,5-1
2265,Shkupi 1927,2,UEFA Champions League,2022,2,2,4,1,0,1,0,1,1,1,1,2,3,2,5,1.5,1.0,1.3,1,4,5,0.5,2.0,1.3,1,0,1,1,1,2,WLDL,1,1,1,3-0,,0-1,2-0
2273,FC Levadia Tallinn,2,UEFA Champions League,2022,1,0,1,0,0,0,0,0,0,1,0,1,1,0,1,1.0,0.0,1.0,6,0,6,6.0,0.0,6.0,0,0,0,0,0,0,L,0,0,1,,,1-6,
3342,Inter Club d'Escaldes,2,UEFA Champions League,2022,1,1,2,0,1,1,0,0,0,1,0,1,0,2,2,0.0,2.0,1.0,1,1,2,1.0,1.0,1.0,0,0,0,1,0,1,WL,1,0,0,,1-2,0-1,
3884,Hibernians,2,UEFA Champions League,2022,1,1,2,0,0,0,1,0,1,0,1,1,0,0,0,0.0,0.0,0.0,0,3,3,0.0,3.0,1.5,1,0,1,1,1,2,LD,0,0,1,,,,3-0
4160,Rīgas FS,2,UEFA Champions League,2022,1,1,2,1,0,1,0,0,0,0,1,1,2,0,2,2.0,0.0,1.0,1,1,2,1.0,1.0,1.0,0,0,0,0,1,1,LW,0,0,1,2-1,,,1-0
4195,Maccabi Haifa,2,UEFA Champions League,2022,6,6,12,3,1,4,1,1,2,2,4,6,12,9,21,2.0,1.5,1.8,12,16,28,2.0,2.7,2.3,2,1,3,0,2,2,DWWLWDLLLWLL,2,1,3,4-0,0-4,1-6,7-2
12733,Ballkani,2,UEFA Champions League,2022,1,1,2,0,0,0,1,0,1,0,1,1,1,0,1,1.0,0.0,0.5,1,1,2,1.0,1.0,1.0,0,0,0,0,1,1,DL,0,1,0,,,,1-0
33,Manchester United,2,UEFA Champions League,2023,3,3,6,1,0,1,0,1,1,2,2,4,3,9,12,1.0,3.0,2.0,4,11,15,1.3,3.7,2.5,1,0,1,1,0,1,LLWLDL,1,1,2,1-0,,2-3,4-3
34,Newcastle,2,UEFA Champions League,2023,3,3,6,1,0,1,0,2,2,2,1,3,5,1,6,1.7,0.3,1.0,4,3,7,1.3,1.0,1.2,0,1,1,1,2,3,DWLLDL,1,1,2,4-1,,1-2,2-0
42,Arsenal,2,UEFA Champions League,2023,5,5,10,4,1,5,1,1,2,0,3,3,15,4,19,3.0,0.8,1.9,2,6,8,0.4,1.2,0.8,4,0,4,0,2,2,WLWWWDLWDL,3,1,1,6-0,1-2,,2-1
50,Manchester City,2,UEFA Champions League,2023,5,5,10,4,4,8,1,1,2,0,0,0,13,15,28,2.6,3.0,2.8,5,8,13,1.0,1.6,1.3,1,0,1,0,0,0,WWWWWWWWDD,8,0,0,3-0,1-3,,
81,Marseille,2,UEFA Champions League,2023,1,1,2,1,0,1,0,0,0,0,1,1,2,0,2,2.0,0.0,1.0,1,1,2,1.0,1.0,1.0,0,0,0,0,1,1,LW,0,0,1,2-1,,,1-0
85,Paris Saint Germain,2,UEFA Champions League,2023,6,6,12,3,2,5,1,1,2,2,3,5,10,9,19,1.7,1.5,1.6,5,10,15,0.8,1.7,1.3,3,0,3,1,1,2,WLWLDDWWLWLL,2,2,1,3-0,1-4,2-3,4-1
116,Lens,2,UEFA Champions League,2023,3,3,6,2,0,2,1,1,2,0,2,2,5,1,6,1.7,0.3,1.0,3,8,11,1.0,2.7,1.8,0,0,0,0,2,2,DWDLLW,1,1,2,2-1,,,6-0
157,Bayern München,2,UEFA Champions League,2023,6,6,12,4,3,7,2,1,3,0,2,2,12,9,21,2.0,1.5,1.8,6,7,13,1.0,1.2,1.1,3,1,4,1,1,2,WWWWDWLWDWDL,4,1,1,3-0,1-3,,2-1
165,Borussia Dortmund,2,UEFA Champions League,2023,7,6,13,4,3,7,2,1,3,1,2,3,10,7,17,1.4,1.2,1.3,5,6,11,0.7,1.0,0.8,4,2,6,2,1,3,LDWWWDDWLWWWL,3,2,1,4-2,1-3,0-2,2-0
173,RB Leipzig,2,UEFA Champions League,2023,4,4,8,2,2,4,0,1,1,2,1,3,6,8,14,1.5,2.0,1.8,6,6,12,1.5,1.5,1.5,0,0,0,1,0,1,WLWWLWLD,2,0,1,3-1,1-3,1-3,3-2
182,Union Berlin,2,UEFA Champions League,2023,3,3,6,0,0,0,0,2,2,3,1,4,4,2,6,1.3,0.7,1.0,7,3,10,2.3,1.0,1.7,0,0,0,1,1,2,LLLDDL,0,2,3,,,2-3,1-0
197,PSV Eindhoven,2,UEFA Champions League,2023,6,6,12,3,2,5,3,2,5,0,2,2,14,9,23,2.3,1.5,1.9,6,12,18,1.0,2.0,1.5,1,0,1,0,2,2,WWDWLDDWWDDL,2,2,1,5-1,1-3,,4-0
209,Feyenoord,2,UEFA Champions League,2023,3,3,6,2,0,2,0,0,0,1,3,4,6,3,9,2.0,1.0,1.5,4,6,10,1.3,2.0,1.7,1,0,1,0,1,1,WLWLLL,1,0,1,3-1,,1-3,3-2
211,Benfica,2,UEFA Champions League,2023,3,3,6,0,1,1,1,0,1,2,2,4,3,4,7,1.0,1.3,1.2,6,5,11,2.0,1.7,1.8,0,0,0,2,1,3,LLLLDW,0,1,4,,1-3,0-2,3-1
212,FC Porto,2,UEFA Champions League,2023,4,4,8,3,2,5,0,0,0,1,2,3,8,8,16,2.0,2.0,2.0,4,5,9,1.0,1.3,1.1,2,0,2,1,1,2,WLWWLWWL,2,0,1,5-3,1-4,0-1,2-1
217,SC Braga,2,UEFA Champions League,2023,5,5,10,2,3,5,1,0,1,2,2,4,8,8,16,1.6,1.6,1.6,6,8,14,1.2,1.6,1.4,1,1,2,0,2,2,WWWWLWLLDL,4,1,2,3-0,1-4,1-2,3-0
247,Celtic,2,UEFA Champions League,2023,3,3,6,1,0,1,1,0,1,1,3,4,5,0,5,1.7,0.0,0.8,5,10,15,1.7,3.3,2.5,0,0,0,0,3,3,LLDLLW,0,1,2,2-1,,1-2,6-0
257,Rangers,2,UEFA Champions League,2023,2,2,4,1,0,1,1,1,2,0,1,1,4,2,6,2.0,1.0,1.5,3,6,9,1.5,3.0,2.3,0,0,0,0,0,0,WDDL,1,2,0,2-1,,,5-1
276,Breidablik,2,UEFA Champions League,2023,2,4,6,1,3,4,0,0,0,1,1,2,2,16,18,1.0,4.0,3.0,3,7,10,1.5,1.8,1.7,0,2,2,1,0,1,WWWWLL,4,0,0,2-1,1-7,0-2,6-3
329,Molde,2,UEFA Champions League,2023,3,3,6,2,0,2,0,0,0,1,3,4,6,2,8,2.0,0.7,1.3,3,5,8,1.0,1.7,1.3,2,0,2,0,1,1,LWLWLL,1,0,1,2-0,,2-3,2-1
354,The New Saints,2,UEFA Champions League,2023,1,1,2,0,0,0,0,0,0,1,1,2,0,1,1,0.0,1.0,0.5,2,3,5,2.0,3.0,2.5,0,0,0,1,0,1,LL,0,0,2,,,0-2,3-1
367,BK Hacken,2,UEFA Champions League,2023,2,2,4,1,1,2,1,1,2,0,0,0,6,2,8,3.0,1.0,2.0,4,0,4,2.0,0.0,1.0,0,2,2,0,1,1,WWDD,2,0,0,3-1,0-2,,
388,Bate Borisov,2,UEFA Champions League,2023,2,2,4,1,0,1,0,1,1,1,1,2,5,3,8,2.5,1.5,2.0,5,7,12,2.5,3.5,3.0,1,0,1,0,0,0,DWLL,1,1,0,2-0,,3-5,6-2
400,FC Copenhagen,2,UEFA Champions League,2023,7,7,14,3,2,5,2,3,5,2,2,4,14,9,23,2.0,1.3,1.6,12,9,21,1.7,1.3,1.5,2,3,5,1,2,3,WWDDWDDLLWDWLL,2,2,2,6-3,0-2,1-3,3-1
487,Lazio,2,UEFA Champions League,2023,4,4,8,3,1,4,1,0,1,0,3,3,5,3,8,1.3,0.8,1.0,1,9,10,0.3,2.3,1.3,3,0,3,0,2,2,DWLWWLWL,2,1,1,2-0,1-2,,3-0
489,AC Milan,2,UEFA Champions League,2023,3,3,6,1,1,2,1,1,2,1,1,2,3,2,5,1.0,0.7,0.8,4,4,8,1.3,1.3,1.3,1,1,2,1,2,3,DDLWLW,1,2,1,2-1,1-2,1-3,3-0
492,Napoli,2,UEFA Champions League,2023,4,4,8,1,2,3,2,0,2,1,2,3,6,6,12,1.5,1.5,1.5,5,8,13,1.3,2.0,1.6,1,1,2,0,0,0,WLWDLWDL,1,1,1,2-0,1-2,2-3,4-2
505,Inter,2,UEFA Champions League,2023,4,4,8,3,1,4,1,2,3,0,1,1,4,6,10,1.0,1.5,1.3,1,6,7,0.3,1.5,0.9,3,1,4,1,0,1,DWWWDDWL,3,2,0,2-1,0-1,,2-1
529,Barcelona,2,UEFA Champions League,2023,5,5,10,4,2,6,0,1,1,1,2,3,13,7,20,2.6,1.4,2.0,7,7,14,1.4,1.4,1.4,1,1,2,0,1,1,WWWLWLDWWL,3,1,1,5-0,2-3,1-4,3-2
530,Atletico Madrid,2,UEFA Champions League,2023,5,5,10,5,1,6,0,2,2,0,2,2,15,8,23,3.0,1.6,2.3,4,9,13,0.8,1.8,1.3,2,0,2,0,1,1,DWDWWWLWWL,3,1,1,6-0,1-3,,4-2
536,Sevilla,2,UEFA Champions League,2023,3,3,6,0,0,0,1,1,2,2,2,4,4,3,7,1.3,1.0,1.2,6,6,12,2.0,2.0,2.0,0,0,0,0,1,1,DDLLLL,0,2,0,,,2-3,2-0
541,Real Madrid,2,UEFA Champions League,2023,6,7,13,4,5,9,2,2,4,0,0,0,14,14,28,2.3,2.0,2.2,7,8,15,1.2,1.1,1.2,2,2,4,0,0,0,WWWWWWWDDDDWW,7,4,0,3-0,0-2,,
548,Real Sociedad,2,UEFA Champions League,2023,4,4,8,1,2,3,2,1,3,1,1,2,5,3,8,1.3,0.8,1.0,4,2,6,1.0,0.5,0.8,1,3,4,1,2,3,DWWWDDLL,3,2,0,3-1,0-2,1-2,2-0
550,Shakhtar Donetsk,2,UEFA Champions League,2023,3,3,6,2,1,3,0,0,0,1,2,3,3,7,10,1.0,2.3,1.7,3,9,12,1.0,3.0,2.0,2,0,2,0,0,0,LWLWWL,2,0,1,1-0,2-3,1-3,5-3
556,Qarabag,2,UEFA Champions League,2023,2,2,4,1,1,2,1,0,1,0,1,1,5,4,9,2.5,2.0,2.3,1,4,5,0.5,2.0,1.3,1,0,1,0,0,0,WWLD,2,0,1,4-0,1-2,,3-2
562,FC Astana,2,UEFA Champions League,2023,2,2,4,0,1,1,1,0,1,1,1,2,1,2,3,0.5,1.0,0.8,3,5,8,1.5,2.5,2.0,0,0,0,1,1,2,DWLL,1,1,0,,1-2,0-2,4-0
565,BSC Young Boys,2,UEFA Champions League,2023,4,4,8,2,0,2,0,2,2,2,2,4,7,3,10,1.8,0.8,1.3,6,7,13,1.5,1.8,1.6,2,1,3,0,2,2,DWLDLLWL,1,1,2,3-0,,1-3,3-0
566,Ludogorets,2,UEFA Champions League,2023,2,2,4,1,0,1,1,0,1,0,2,2,5,1,6,2.5,0.5,1.5,1,4,5,0.5,2.0,1.3,1,0,1,0,1,1,LWDL,1,1,1,4-0,,,2-0
568,Sheriff Tiraspol,2,UEFA Champions League,2023,2,2,4,2,0,2,0,0,0,0,2,2,4,1,5,2.0,0.5,1.3,0,5,5,0.0,2.5,1.3,2,0,2,0,1,1,LWWL,2,0,1,3-0,,,4-1
571,Red Bull Salzburg,2,UEFA Champions League,2023,3,3,6,0,1,1,0,1,1,3,1,4,1,3,4,0.3,1.0,0.7,6,2,8,2.0,0.7,1.3,0,2,2,2,1,3,WLLLDL,1,1,3,,0-2,1-3,2-1
575,AEK Athens FC,2,UEFA Champions League,2023,2,2,4,0,1,1,1,0,1,1,1,2,3,2,5,1.5,1.0,1.3,4,2,6,2.0,1.0,1.5,0,0,0,0,1,1,WDLL,1,1,0,,1-2,1-2,1-0
579,Buducnost Podgorica,2,UEFA Champions League,2023,1,1,2,0,1,1,0,0,0,1,0,1,0,3,3,0.0,3.0,1.5,5,0,5,5.0,0.0,2.5,0,1,1,1,0,1,WL,1,0,0,,0-3,0-5,
586,FK Zalgiris Vilnius,2,UEFA Champions League,2023,2,2,4,0,1,1,2,0,2,0,1,1,2,2,4,1.0,1.0,1.0,2,2,4,1.0,1.0,1.0,1,0,1,1,1,2,DWDL,1,1,0,,1-2,,1-0
588,Zrinjski,2,UEFA Champions League,2023,2,2,4,0,1,1,0,1,1,2,0,2,2,3,5,1.0,1.5,1.3,4,2,6,2.0,1.0,1.5,0,1,1,1,0,1,WLLD,1,0,2,,0-1,2-3,
598,FK Crvena Zvezda,2,UEFA Champions League,2023,3,3,6,0,0,0,1,0,1,2,3,5,5,2,7,1.7,0.7,1.2,7,8,15,2.3,2.7,2.5,0,0,0,0,1,1,LDLLLL,0,1,1,,,2-3,3-1
617,Panathinaikos,2,UEFA Champions League,2023,3,3,6,1,1,2,1,0,1,1,2,3,3,5,8,1.0,1.7,1.3,3,5,8,1.0,1.7,1.3,1,0,1,1,0,1,WDWLLL,1,1,0,1-0,1-3,0-1,2-1
620,Dinamo Zagreb,2,UEFA Champions League,2023,2,2,4,1,1,2,0,1,1,1,0,1,5,4,9,2.5,2.0,2.3,2,2,4,1.0,1.0,1.0,1,1,2,0,0,0,WWLD,2,0,1,4-0,0-2,1-2,
628,Sparta Praha,2,UEFA Champions League,2023,1,1,2,0,0,0,1,1,2,0,0,0,3,0,3,3.0,0.0,1.5,3,0,3,3.0,0.0,1.5,0,1,1,0,1,1,DD,0,2,0,,,,
637,Sturm Graz,2,UEFA Champions League,2023,1,1,2,0,0,0,0,0,0,1,1,2,1,1,2,1.0,1.0,1.0,3,4,7,3.0,4.0,3.5,0,0,0,0,0,0,LL,0,0,2,,,1-3,4-1
645,Galatasaray,2,UEFA Champions League,2023,6,6,12,3,3,6,2,1,3,1,2,3,10,12,22,1.7,2.0,1.8,9,9,18,1.5,1.5,1.5,2,1,3,0,1,1,DWWWWWDWLLDL,5,1,2,2-1,0-3,1-3,2-1
649,HJK helsinki,2,UEFA Champions League,2023,2,2,4,2,0,2,0,1,1,0,1,1,2,2,4,1.0,1.0,1.0,0,4,4,0.0,2.0,1.0,2,0,2,0,1,1,WDWL,1,1,0,1-0,,,2-0
651,Ferencvarosi TC,2,UEFA Champions League,2023,1,1,2,0,0,0,0,1,1,1,0,1,0,0,0,0.0,0.0,0.0,3,0,3,3.0,0.0,1.5,0,1,1,1,1,2,DL,0,1,0,,,0-3,
652,Shamrock Rovers,2,UEFA Champions League,2023,1,1,2,0,0,0,0,0,0,1,1,2,0,1,1,0.0,1.0,0.5,1,2,3,1.0,2.0,1.5,0,0,0,1,0,1,LL,0,0,2,,,0-1,2-1
656,Slovan Bratislava,2,UEFA Champions League,2023,3,3,6,0,2,2,2,0,2,1,1,2,4,4,8,1.3,1.3,1.3,5,3,8,1.7,1.0,1.3,0,2,2,0,0,0,DWWDLL,2,1,0,,0-2,1-2,3-1
667,Lincoln Red Imps FC,2,UEFA Champions League,2023,1,1,2,0,0,0,0,0,0,1,1,2,1,0,1,1.0,0.0,0.5,2,4,6,2.0,4.0,3.0,0,0,0,0,1,1,LL,0,0,2,,,1-2,4-0
677,Olimpija Ljubljana,2,UEFA Champions League,2023,3,3,6,2,1,3,0,1,1,1,1,2,4,3,7,1.3,1.0,1.2,5,3,8,1.7,1.0,1.3,0,0,0,1,1,2,WWDWLL,2,1,0,2-1,1-2,0-3,1-0
687,Flora Tallinn,2,UEFA Champions League,2023,1,1,2,0,0,0,0,0,0,1,1,2,0,0,0,0.0,0.0,0.0,3,1,4,3.0,1.0,2.0,0,0,0,1,1,2,LL,0,0,2,,,0-3,1-0
700,Tre Penne,2,UEFA Champions League,2023,1,0,1,0,0,0,0,0,0,1,0,1,1,0,1,1.0,0.0,1.0,7,0,7,7.0,0.0,7.0,0,0,0,0,0,0,L,0,0,1,,,1-7,
701,KI Klaksvik,2,UEFA Champions League,2023,3,3,6,1,1,2,2,1,3,0,1,1,2,6,8,0.7,2.0,1.3,1,5,6,0.3,1.7,1.0,2,1,3,2,1,3,DWDDWL,1,2,0,2-1,0-3,,2-0
708,Partizani,2,UEFA Champions League,2023,1,1,2,0,0,0,1,0,1,0,1,1,1,0,1,1.0,0.0,0.5,1,2,3,1.0,2.0,1.5,0,0,0,0,1,1,DL,0,1,0,,,,2-0
740,Antwerp,2,UEFA Champions League,2023,4,4,8,2,1,3,0,0,0,2,3,5,7,2,9,1.8,0.5,1.1,9,9,18,2.3,2.3,2.3,1,0,1,0,3,3,WWLLLLLW,2,0,5,3-2,1-2,1-4,5-0
742,Genk,2,UEFA Champions League,2023,1,1,2,0,0,0,1,1,2,0,0,0,2,1,3,2.0,1.0,1.5,2,1,3,2.0,1.0,1.5,0,0,0,0,0,0,DD,0,2,0,,,,
2184,Servette FC,2,UEFA Champions League,2023,2,2,4,0,0,0,2,1,3,0,1,1,2,3,5,1.0,1.5,1.3,2,4,6,1.0,2.0,1.5,0,0,0,0,0,0,DDLD,0,2,1,,,,2-1
2262,Dinamo Tbilisi,2,UEFA Champions League,2023,1,1,2,0,0,0,0,1,1,1,0,1,1,1,2,1.0,1.0,1.0,2,1,3,2.0,1.0,1.5,0,0,0,0,0,0,DL,0,1,0,,,1-2,
2276,FC Urartu,2,UEFA Champions League,2023,1,1,2,0,1,1,0,0,0,1,0,1,0,3,3,0.0,3.0,1.5,1,2,3,1.0,2.0,1.5,0,0,0,1,0,1,LW,0,0,1,,2-3,0-1,
2596,Farul Constanta,2,UEFA Champions League,2023,1,1,2,1,0,1,0,0,0,0,1,1,1,0,1,1.0,0.0,0.5,0,3,3,0.0,3.0,1.5,1,0,1,0,1,1,WL,1,0,0,1-0,,,3-0
2646,TSC Backa Topola,2,UEFA Champions League,2023,1,1,2,0,0,0,0,0,0,1,1,2,1,0,1,1.0,0.0,0.5,4,3,7,4.0,3.0,3.5,0,0,0,0,1,1,LL,0,0,2,,,1-4,3-0
3345,Atlètic Club d'Escaldes,2,UEFA Champions League,2023,1,0,1,0,0,0,0,0,0,1,0,1,0,0,0,0.0,0.0,0.0,3,0,3,3.0,0.0,3.0,0,0,0,1,0,1,L,0,0,1,,,0-3,
3408,Aris,2,UEFA Champions League,2023,2,2,4,1,1,2,0,0,0,1,1,2,6,6,12,3.0,3.0,3.0,3,5,8,1.5,2.5,2.0,0,0,0,1,0,1,WWLL,2,0,0,6-2,3-5,0-1,2-1
3491,Raków Częstochowa,2,UEFA Champions League,2023,4,4,8,3,2,5,0,2,2,1,0,1,6,6,12,1.5,1.5,1.5,4,2,6,1.0,0.5,0.8,1,2,3,1,0,1,WWWDWWLD,3,1,1,3-2,0-3,0-1,
3623,Dnipro-1,2,UEFA Champions League,2023,1,1,2,0,0,0,0,1,1,1,0,1,1,2,3,1.0,2.0,1.5,3,2,5,3.0,2.0,2.5,0,0,0,0,0,0,LD,0,0,1,,,1-3,
4153,Valmiera / BSS,2,UEFA Champions League,2023,1,1,2,0,0,0,0,0,0,1,1,2,1,1,2,1.0,1.0,1.0,2,2,4,2.0,2.0,2.0,0,0,0,0,0,0,LL,0,0,2,,,1-2,2-1
4195,Maccabi Haifa,2,UEFA Champions League,2023,4,4,8,3,2,5,1,0,1,0,2,2,9,6,15,2.3,1.5,1.9,3,5,8,0.8,1.3,1.0,1,1,2,1,2,3,WWLWWWDL,3,1,1,4-1,0-4,,3-0
4346,Struga,2,UEFA Champions League,2023,1,1,2,0,0,0,0,1,1,1,0,1,1,0,1,1.0,0.0,0.5,2,0,2,2.0,0.0,1.0,0,1,1,0,1,1,DL,0,1,0,,,1-2,
4626,Hamrun Spartans,2,UEFA Champions League,2023,1,1,2,0,0,0,0,0,0,1,1,2,0,1,1,0.0,1.0,0.5,4,2,6,4.0,2.0,3.0,0,0,0,1,0,1,LL,0,0,2,,,0-4,2-1
5354,Larne,2,UEFA Champions League,2023,1,1,2,0,0,0,1,0,1,0,1,1,2,0,2,2.0,0.0,1.0,2,1,3,2.0,1.0,1.5,0,0,0,0,1,1,LD,0,0,1,,,,1-0
11907,Swift Hesperange,2,UEFA Champions League,2023,1,1,2,0,0,0,0,1,1,1,0,1,0,1,1,0.0,1.0,0.5,2,1,3,2.0,1.0,1.5,0,0,0,1,0,1,DL,0,1,0,,,0-2,
12733,Ballkani,2,UEFA Champions League,2023,1,1,2,1,0,1,0,0,0,0,1,1,2,0,2,2.0,0.0,1.0,0,4,4,0.0,4.0,2.0,1,0,1,0,1,1,WL,1,0,0,2-0,,,4-0
42,Arsenal,3,UEFA Europa League,2018,7,8,15,6,5,11,1,0,1,0,3,3,16,14,30,2.3,1.8,2.0,3,10,13,0.4,1.3,0.9,5,4,9,1,1,2,WWWDWWLWLWWWWWL,5,1,1,3-0,0-3,,4-1
44,Burnley,3,UEFA Europa League,2018,3,3,6,2,0,2,1,2,3,0,1,1,5,2,7,1.7,0.7,1.2,2,4,6,0.7,1.3,1.0,1,1,2,0,1,1,DWDWLD,1,1,1,3-1,,,3-1
49,Chelsea,3,UEFA Europa League,2018,8,7,15,7,5,12,1,2,3,0,0,0,23,13,36,2.9,1.9,2.4,6,4,10,0.8,0.6,0.7,4,4,8,0,0,0,WWWWWDWWWWWWDDW,6,2,0,4-0,0-5,,
78,Bordeaux,3,UEFA Europa League,2018,6,6,12,4,3,7,1,1,2,1,2,3,10,6,16,1.7,1.0,1.3,5,4,9,0.8,0.7,0.8,2,3,5,0,2,2,WWWWDWLLLDWW,4,1,3,2-0,1-3,1-2,2-1
81,Marseille,3,UEFA Europa League,2018,3,3,6,0,0,0,0,1,1,3,2,5,3,3,6,1.0,1.0,1.0,8,8,16,2.7,2.7,2.7,0,0,0,0,1,1,LDLLLL,0,1,1,,,1-3,4-0
94,Rennes,3,UEFA Europa League,2018,5,5,10,3,2,5,1,0,1,1,3,4,11,5,16,2.2,1.0,1.6,7,9,16,1.4,1.8,1.6,1,1,2,0,2,2,WLLLWWDWWL,2,1,3,3-1,1-3,1-2,3-0
168,Bayer Leverkusen,3,UEFA Europa League,2018,4,4,8,2,2,4,2,1,3,0,1,1,7,10,17,1.8,2.5,2.1,4,6,10,1.0,1.5,1.3,1,1,2,0,1,1,WWLWDWDD,2,1,1,4-2,1-5,,3-2
169,Eintracht Frankfurt,3,UEFA Europa League,2018,7,7,14,5,4,9,2,2,4,0,1,1,17,13,30,2.4,1.9,2.1,3,11,14,0.4,1.6,1.0,4,1,5,1,0,1,WWWWWWDWDWLWDD,6,1,1,4-0,2-3,,4-2
173,RB Leipzig,3,UEFA Europa League,2018,6,6,12,4,1,5,1,3,4,1,2,3,15,6,21,2.5,1.0,1.8,7,6,13,1.2,1.0,1.1,2,1,3,0,2,2,WDWDDWLWWLLD,2,2,2,4-0,1-3,2-3,2-1
200,Vitesse,3,UEFA Europa League,2018,2,2,4,1,0,1,0,1,1,1,1,2,3,2,5,1.5,1.0,1.3,2,3,5,1.0,1.5,1.3,0,0,0,1,1,2,DWLL,1,1,0,3-1,,0-1,1-0
201,AZ Alkmaar,3,UEFA Europa League,2018,1,1,2,1,0,1,0,0,0,0,1,1,2,0,2,2.0,0.0,1.0,1,2,3,1.0,2.0,1.5,0,0,0,0,1,1,LW,0,0,1,2-1,,,2-0
209,Feyenoord,3,UEFA Europa League,2018,1,1,2,0,0,0,1,0,1,0,1,1,1,0,1,1.0,0.0,0.5,1,4,5,1.0,4.0,2.5,0,0,0,0,1,1,LD,0,0,1,,,,4-0
211,Benfica,3,UEFA Europa League,2018,3,3,6,2,1,3,1,0,1,0,2,2,7,2,9,2.3,0.7,1.5,2,4,6,0.7,1.3,1.0,2,0,2,1,2,3,WDLWWL,2,1,1,3-0,1-2,,2-0
217,SC Braga,3,UEFA Europa League,2018,1,1,2,0,0,0,1,1,2,0,0,0,2,1,3,2.0,1.0,1.5,2,1,3,2.0,1.0,1.5,0,0,0,0,0,0,DD,0,2,0,,,,
226,Rio Ave,3,UEFA Europa League,2018,1,1,2,0,0,0,1,0,1,0,1,1,4,0,4,4.0,0.0,2.0,4,1,5,4.0,1.0,2.5,0,0,0,0,1,1,LD,0,0,1,,,,1-0
228,Sporting CP,3,UEFA Europa League,2018,4,4,8,2,2,4,0,2,2,2,0,2,5,9,14,1.3,2.3,1.8,2,3,5,0.5,0.8,0.6,2,1,3,2,1,3,WWLDWWLD,2,1,1,3-0,1-6,0-1,
247,Celtic,3,UEFA Europa League,2018,5,5,10,3,1,4,0,1,1,2,3,5,7,3,10,1.4,0.6,1.0,5,7,12,1.0,1.4,1.2,2,1,3,1,2,3,DWWLLWWLLL,2,1,2,3-0,0-1,0-2,3-1
249,Hibernian,3,UEFA Europa League,2018,3,3,6,2,1,3,1,1,2,0,1,1,9,7,16,3.0,2.3,2.7,3,8,11,1.0,2.7,1.8,1,0,1,1,1,2,WWWDDL,3,2,0,6-1,4-6,,3-0
252,Aberdeen,3,UEFA Europa League,2018,1,1,2,0,0,0,1,0,1,0,1,1,1,1,2,1.0,1.0,1.0,1,3,4,1.0,3.0,2.0,0,0,0,0,0,0,DL,0,1,0,,,,3-1
257,Rangers,3,UEFA Europa League,2018,7,7,14,4,1,5,3,4,7,0,2,2,10,7,17,1.4,1.0,1.2,3,8,11,0.4,1.1,0.8,4,3,7,2,3,5,WDWDWDWDDWDLDL,1,2,1,3-1,0-1,,4-3
268,IBV Vestmannaeyjar,3,UEFA Europa League,2018,1,1,2,0,0,0,0,0,0,1,1,2,0,0,0,0.0,0.0,0.0,4,2,6,4.0,2.0,3.0,0,0,0,1,1,2,LL,0,0,2,,,0-4,2-0
270,FH hafnarfjordur,3,UEFA Europa League,2018,2,2,4,0,1,1,1,1,2,1,0,1,0,4,4,0.0,2.0,1.0,1,1,2,0.5,0.5,0.5,1,1,2,2,0,2,WDDL,1,2,0,,0-3,0-1,
274,Valur Reykjavik,3,UEFA Europa League,2018,2,2,4,2,0,2,0,0,0,0,2,2,5,0,5,2.5,0.0,1.3,1,2,3,0.5,1.0,0.8,1,0,1,0,2,2,LWLW,1,0,1,3-0,,,1-0
275,Stjarnan,3,UEFA Europa League,2018,2,2,4,1,0,1,0,0,0,1,2,3,3,0,3,1.5,0.0,0.8,2,6,8,1.0,3.0,2.0,1,0,1,1,2,3,WLLL,1,0,0,3-0,,0-2,5-0
321,Lillestrom,3,UEFA Europa League,2018,1,1,2,0,0,0,0,0,0,1,1,2,1,0,1,1.0,0.0,0.5,2,4,6,2.0,4.0,3.0,0,0,0,0,1,1,LL,0,0,2,,,1-2,4-0
329,Molde,3,UEFA Europa League,2018,4,4,8,4,1,5,0,1,1,0,2,2,13,4,17,3.3,1.0,2.1,2,5,7,0.5,1.3,0.9,2,2,4,0,1,1,LWWWDWLW,3,1,1,5-1,0-2,,3-1
331,Rosenborg,3,UEFA Europa League,2018,5,5,10,2,2,4,0,1,1,3,2,5,9,5,14,1.8,1.0,1.4,10,5,15,2.0,1.0,1.5,1,2,3,1,2,3,WWWWLLLLLD,4,0,5,3-0,0-2,2-5,3-0
333,Sarpsborg 08 FF,3,UEFA Europa League,2018,7,7,14,4,2,6,2,1,3,1,4,5,13,9,22,1.9,1.3,1.6,7,12,19,1.0,1.7,1.4,2,2,4,0,1,1,WWLWDWWLLWDDLL,2,2,2,3-1,0-4,2-3,4-0
336,Jagiellonia,3,UEFA Europa League,2018,2,2,4,1,0,1,0,1,1,1,1,2,1,5,6,0.5,2.5,1.5,1,7,8,0.5,3.5,2.0,1,0,1,1,0,1,WDLL,1,1,0,1-0,,0-1,3-1
339,Legia Warszawa,3,UEFA Europa League,2018,1,1,2,0,0,0,0,1,1,1,0,1,1,2,3,1.0,2.0,1.5,2,2,4,2.0,2.0,2.0,0,0,0,0,0,0,LD,0,0,1,,,1-2,
340,Gornik Zabrze,3,UEFA Europa League,2018,2,2,4,1,0,1,0,1,1,1,1,2,1,2,3,0.5,1.0,0.8,1,5,6,0.5,2.5,1.5,1,0,1,1,0,1,WDLL,1,1,0,1-0,,0-1,4-1
347,Lech Poznan,3,UEFA Europa League,2018,3,3,6,2,0,2,0,1,1,1,2,3,6,2,8,2.0,0.7,1.3,3,5,8,1.0,1.7,1.3,1,0,1,0,1,1,WLDWLL,1,1,1,3-1,,1-2,2-0
352,Bala Town,3,UEFA Europa League,2018,1,1,2,1,0,1,0,0,0,0,1,1,1,0,1,1.0,0.0,0.5,0,3,3,0.0,3.0,1.5,1,0,1,0,1,1,LW,0,0,1,1-0,,,3-0
354,The New Saints,3,UEFA Europa League,2018,2,2,4,1,0,1,0,1,1,1,1,2,2,2,4,1.0,1.0,1.0,3,4,7,1.5,2.0,1.8,0,0,0,1,0,1,WDLL,1,1,0,2-1,,0-2,3-1
357,GAP Connah S Quay FC,3,UEFA Europa League,2018,1,1,2,0,0,0,0,0,0,1,1,2,1,0,1,1.0,0.0,0.5,3,2,5,3.0,2.0,2.5,0,0,0,0,1,1,LL,0,0,2,,,1-3,2-0
360,Cefn Druids AFC,3,UEFA Europa League,2018,1,1,2,0,0,0,1,0,1,0,1,1,1,0,1,1.0,0.0,0.5,1,1,2,1.0,1.0,1.0,0,0,0,0,1,1,DL,0,1,0,,,,1-0
364,Djurgardens IF,3,UEFA Europa League,2018,1,1,2,0,0,0,1,0,1,0,1,1,1,1,2,1.0,1.0,1.0,1,2,3,1.0,2.0,1.5,0,0,0,0,0,0,DL,0,1,0,,,,2-1
367,BK Hacken,3,UEFA Europa League,2018,2,2,4,0,1,1,1,0,1,1,1,2,2,3,5,1.0,1.5,1.3,3,4,7,1.5,2.0,1.8,0,1,1,0,1,1,WLLD,1,0,2,,0-3,1-2,4-0
375,Malmo FF,3,UEFA Europa League,2018,5,5,10,1,2,3,3,1,4,1,2,3,8,4,12,1.6,0.8,1.2,7,6,13,1.4,1.2,1.3,1,2,3,0,2,2,DWLWDDDWLL,1,3,1,2-0,0-2,1-2,3-0
377,AIK Stockholm,3,UEFA Europa League,2018,2,2,4,0,1,1,1,0,1,1,1,2,1,1,2,0.5,0.5,0.5,2,1,3,1.0,0.5,0.8,0,1,1,1,1,2,WDLL,1,1,0,,0-1,0-1,1-0
386,Dinamo Brest,3,UEFA Europa League,2018,2,2,4,2,0,2,0,1,1,0,1,1,5,1,6,2.5,0.5,1.5,3,5,8,1.5,2.5,2.0,1,0,1,0,1,1,WDLW,1,1,1,4-3,,,4-0
388,Bate Borisov,3,UEFA Europa League,2018,4,4,8,2,2,4,0,0,0,2,2,4,4,6,10,1.0,1.5,1.3,5,7,12,1.3,1.8,1.5,2,1,3,1,1,2,WLLLWWWL,3,0,3,2-0,1-3,1-4,3-0
392,Shakhter Soligorsk,3,UEFA Europa League,2018,2,2,4,1,1,2,1,0,1,0,1,1,3,4,7,1.5,2.0,1.8,1,4,5,0.5,2.0,1.3,1,0,1,0,0,0,WWDL,2,1,0,2-0,1-3,,3-1
394,Dinamo Minsk,3,UEFA Europa League,2018,3,3,6,2,2,4,0,0,0,1,1,2,9,6,15,3.0,2.0,2.5,3,9,12,1.0,3.0,2.0,1,1,2,0,0,0,WLWWWL,3,0,1,4-0,1-3,1-2,8-1
397,FC Midtjylland,3,UEFA Europa League,2018,2,2,4,1,1,2,0,1,1,1,0,1,3,4,7,1.5,2.0,1.8,3,2,5,1.5,1.0,1.3,0,1,1,1,0,1,WWDL,2,1,0,3-1,0-2,0-2,
398,FC Nordsjaelland,3,UEFA Europa League,2018,3,3,6,2,2,4,0,0,0,1,1,2,4,4,8,1.3,1.3,1.3,3,3,6,1.0,1.0,1.0,1,2,3,0,0,0,WWWWLL,4,0,0,2-1,0-1,1-2,3-2
400,FC Copenhagen,3,UEFA Europa League,2018,7,7,14,2,4,6,3,2,5,2,1,3,9,7,16,1.3,1.0,1.1,5,3,8,0.7,0.4,0.6,2,4,6,3,3,6,WDWWWWDDDWLDLL,4,3,1,5-0,0-2,0-1,1-0
407,Brondby,3,UEFA Europa League,2018,2,2,4,1,1,2,0,0,0,1,1,2,4,4,8,2.0,2.0,2.0,5,5,10,2.5,2.5,2.5,0,1,1,0,0,0,WWLL,2,0,0,2-1,0-2,2-4,5-2
487,Lazio,3,UEFA Europa League,2018,4,4,8,2,1,3,0,0,0,2,3,5,5,4,9,1.3,1.0,1.1,5,9,14,1.3,2.3,1.8,0,0,0,1,2,3,WLWWLLLL,2,0,1,2-1,1-3,1-2,4-1
489,AC Milan,3,UEFA Europa League,2018,3,3,6,2,1,3,0,1,1,1,1,2,9,3,12,3.0,1.0,2.0,5,4,9,1.7,1.3,1.5,0,1,1,0,0,0,WWLDWL,2,1,1,5-2,0-1,1-2,3-1
492,Napoli,3,UEFA Europa League,2018,3,3,6,2,1,3,0,0,0,1,2,3,5,4,9,1.7,1.3,1.5,1,6,7,0.3,2.0,1.2,2,0,2,1,1,2,WWWLLL,3,0,0,3-0,1-3,0-1,3-1
499,Atalanta,3,UEFA Europa League,2018,3,3,6,1,2,3,2,1,3,0,0,0,4,12,16,1.3,4.0,2.7,2,1,3,0.7,0.3,0.5,2,2,4,1,1,2,DWWWDD,3,1,0,2-0,0-8,,
505,Inter,3,UEFA Europa League,2018,2,2,4,1,1,2,0,1,1,1,0,1,4,1,5,2.0,0.5,1.3,1,0,1,0.5,0.0,0.3,1,2,3,1,1,2,WWDL,2,1,0,4-0,0-1,0-1,
532,Valencia,3,UEFA Europa League,2018,4,4,8,3,2,5,0,1,1,1,1,2,7,7,14,1.8,1.8,1.8,5,5,10,1.3,1.3,1.3,2,1,3,0,0,0,WWWDWWLL,3,1,0,2-0,1-3,2-4,3-1
533,Villarreal,3,UEFA Europa League,2018,6,6,12,3,2,5,2,3,5,1,1,2,13,7,20,2.2,1.2,1.7,7,6,13,1.2,1.0,1.1,2,3,5,0,3,3,DDWDDWWDWWLL,2,2,0,5-0,1-3,1-3,2-0
536,Sevilla,3,UEFA Europa League,2018,8,8,16,7,5,12,1,0,1,0,3,3,26,17,43,3.3,2.1,2.7,3,10,13,0.4,1.3,0.8,6,3,9,0,1,1,WWWWWWWLWWLWWWDL,7,1,1,6-0,0-5,,4-3
543,Real Betis,3,UEFA Europa League,2018,4,4,8,2,1,3,1,3,4,1,0,1,6,5,11,1.5,1.3,1.4,4,4,8,1.0,1.0,1.0,2,2,4,0,2,2,DWWDWDDL,2,2,0,3-0,1-2,1-3,
549,Besiktas,3,UEFA Europa League,2018,6,6,12,4,2,6,0,2,2,2,2,4,15,8,23,2.5,1.3,1.9,6,8,14,1.0,1.3,1.2,3,1,4,1,1,2,WWWLDWWLLDWL,3,1,2,6-0,0-2,2-4,2-0
550,Shakhtar Donetsk,3,UEFA Europa League,2018,1,1,2,0,0,0,1,0,1,0,1,1,2,1,3,2.0,1.0,1.5,2,4,6,2.0,4.0,3.0,0,0,0,0,0,0,DL,0,1,0,,,,4-1
551,FC Basel 1893,3,UEFA Europa League,2018,2,2,4,2,1,3,0,0,0,0,1,1,4,1,5,2.0,0.5,1.3,2,1,3,1.0,0.5,0.8,1,1,2,0,1,1,WWWL,3,0,0,3-2,0-1,,1-0
552,Maribor,3,UEFA Europa League,2018,3,3,6,2,1,3,1,1,2,0,1,1,4,2,6,1.3,0.7,1.0,0,3,3,0.0,1.0,0.5,3,2,5,1,1,2,WWDWLD,2,1,1,2-0,0-1,,3-1
553,Olympiakos Piraeus,3,UEFA Europa League,2018,6,6,12,4,2,6,2,1,3,0,3,3,17,7,24,2.8,1.2,2.0,5,7,12,0.8,1.2,1.0,2,1,3,1,2,3,WWWDDLWWLWDL,3,2,1,5-1,1-3,,3-1
554,Anderlecht,3,UEFA Europa League,2018,3,3,6,0,0,0,2,1,3,1,2,3,2,0,2,0.7,0.0,0.3,4,3,7,1.3,1.0,1.2,1,1,2,2,3,5,LLDLDD,0,1,2,,,0-2,2-0
556,Qarabag,3,UEFA Europa League,2018,4,4,8,1,1,2,0,0,0,3,3,6,4,1,5,1.0,0.3,0.6,10,4,14,2.5,1.0,1.8,1,1,2,2,3,5,LWLLLWLL,1,0,3,3-0,0-1,1-6,2-0
558,Spartak Moscow,3,UEFA Europa League,2018,3,3,6,1,0,1,1,1,2,1,2,3,8,0,8,2.7,0.0,1.3,8,4,12,2.7,1.3,2.0,0,1,1,0,3,3,LDDWLL,1,2,1,4-3,,1-2,2-0
559,FCSB,3,UEFA Europa League,2018,3,3,6,3,1,4,0,1,1,0,1,1,8,3,11,2.7,1.0,1.8,2,3,5,0.7,1.0,0.8,1,2,3,0,1,1,WWDWLW,2,1,1,4-0,0-2,,3-1
560,Slavia Praha,3,UEFA Europa League,2018,6,6,12,3,2,5,2,1,3,1,3,4,7,10,17,1.2,1.7,1.4,4,10,14,0.7,1.7,1.2,4,1,5,3,2,5,WLWDLWDWDWLL,1,1,1,2-0,1-4,0-1,2-0
561,HNK Rijeka,3,UEFA Europa League,2018,1,1,2,0,0,0,0,1,1,1,0,1,0,1,1,0.0,1.0,0.5,1,1,2,1.0,1.0,1.0,0,0,0,1,0,1,DL,0,1,0,,,0-1,
562,FC Astana,3,UEFA Europa League,2018,4,4,8,3,0,3,0,2,2,1,2,3,5,3,8,1.3,0.8,1.0,2,6,8,0.5,1.5,1.0,2,0,2,1,2,3,LWDWDWLL,1,1,1,2-0,,0-1,2-0
563,Hapoel Beer Sheva,3,UEFA Europa League,2018,1,1,2,0,0,0,1,0,1,0,1,1,2,1,3,2.0,1.0,1.5,2,3,5,2.0,3.0,2.5,0,0,0,0,0,0,DL,0,1,0,,,,3-1
564,Istanbul Basaksehir,3,UEFA Europa League,2018,1,1,2,0,0,0,1,0,1,0,1,1,0,0,0,0.0,0.0,0.0,0,1,1,0.0,1.0,0.5,1,0,1,1,1,2,DL,0,1,0,,,,1-0
566,Ludogorets,3,UEFA Europa League,2018,5,5,10,2,1,3,2,3,5,1,1,2,8,4,12,1.6,0.8,1.2,4,4,8,0.8,0.8,0.8,3,1,4,1,1,2,WDWWLLDDDD,2,1,2,4-0,0-1,2-3,1-0
567,Plzen,3,UEFA Europa League,2018,1,1,2,1,0,1,0,0,0,0,1,1,2,0,2,2.0,0.0,1.0,1,3,4,1.0,3.0,2.0,0,0,0,0,1,1,WL,1,0,0,2-1,,,3-0
568,Sheriff Tiraspol,3,UEFA Europa League,2018,2,2,4,2,0,2,0,0,0,0,2,2,2,1,3,1.0,0.5,0.8,0,5,5,0.0,2.5,1.3,2,0,2,0,1,1,WLWL,1,0,1,1-0,,,3-0
569,Club Brugge KV,3,UEFA Europa League,2018,1,1,2,1,0,1,0,0,0,0,1,1,2,0,2,2.0,0.0,1.0,1,4,5,1.0,4.0,2.5,0,0,0,0,1,1,WL,1,0,0,2-1,,,4-0
570,Viitorul Constanta,3,UEFA Europa League,2018,2,2,4,0,1,1,2,0,2,0,1,1,2,3,5,1.0,1.5,1.3,2,3,5,1.0,1.5,1.3,1,1,2,1,0,1,WDDL,1,2,0,,0-2,,3-1
571,Red Bull Salzburg,3,UEFA Europa League,2018,5,5,10,5,3,8,0,0,0,0,2,2,14,11,25,2.8,2.2,2.5,2,10,12,0.4,2.0,1.2,3,0,3,0,1,1,WWWWWWLWLW,6,0,1,4-0,2-5,,3-0
572,Dynamo Kyiv,3,UEFA Europa League,2018,5,5,10,2,2,4,1,2,3,2,1,3,6,7,13,1.2,1.4,1.3,9,8,17,1.8,1.6,1.7,1,1,2,2,1,3,DDWWWLDWLL,3,2,1,3-1,1-2,0-5,3-0
573,FK Partizan,3,UEFA Europa League,2018,4,4,8,3,2,5,1,1,2,0,1,1,8,6,14,2.0,1.5,1.8,3,5,8,0.8,1.3,1.0,2,1,3,0,1,1,WWWDWWDL,3,1,0,3-0,0-3,,3-0
574,Vardar Skopje,3,UEFA Europa League,2018,1,1,2,0,0,0,0,0,0,1,1,2,0,0,0,0.0,0.0,0.0,2,1,3,2.0,1.0,1.5,0,0,0,1,1,2,LL,0,0,2,,,0-2,1-0
576,Budapest Honved,3,UEFA Europa League,2018,2,2,4,2,0,2,0,0,0,0,2,2,5,1,6,2.5,0.5,1.5,0,4,4,0.0,2.0,1.0,2,0,2,0,1,1,LWWL,2,0,1,4-0,,,2-0
577,FK Kukesi,3,UEFA Europa League,2018,1,1,2,1,0,1,0,0,0,0,1,1,2,2,4,2.0,2.0,2.0,0,5,5,0.0,5.0,2.5,1,0,1,0,0,0,LW,0,0,1,2-0,,,5-2
578,F91 Dudelange,3,UEFA Europa League,2018,6,6,12,2,2,4,2,1,3,2,3,5,6,9,15,1.0,1.5,1.3,6,17,23,1.0,2.8,1.9,2,0,2,3,1,4,WDWDWWLLLLLD,2,1,5,2-0,2-3,0-2,5-1
579,Buducnost Podgorica,3,UEFA Europa League,2018,1,1,2,0,0,0,0,1,1,1,0,1,0,1,1,0.0,1.0,0.5,2,1,3,2.0,1.0,1.5,0,0,0,1,0,1,LD,0,0,1,,,0-2,
580,Vikingur Gota,3,UEFA Europa League,2018,1,1,2,0,0,0,0,0,0,1,1,2,0,0,0,0.0,0.0,0.0,4,3,7,4.0,3.0,3.5,0,0,0,1,1,2,LL,0,0,2,,,0-4,3-0
581,Samtredia,3,UEFA Europa League,2018,1,1,2,0,0,0,0,0,0,1,1,2,0,0,0,0.0,0.0,0.0,1,2,3,1.0,2.0,1.5,0,0,0,1,1,2,LL,0,0,2,,,0-1,2-0
582,Alashkert,3,UEFA Europa League,2018,2,2,4,0,1,1,1,0,1,1,1,2,0,1,1,0.0,0.5,0.3,2,5,7,1.0,2.5,1.8,1,1,2,2,1,3,WDLL,1,1,0,,0-1,0-2,5-0
584,Dundalk,3,UEFA Europa League,2018,2,2,4,1,1,2,1,0,1,0,1,1,2,1,3,1.0,0.5,0.8,1,4,5,0.5,2.0,1.3,1,1,2,1,1,2,WWDL,2,1,0,2-1,0-1,,4-0
586,FK Zalgiris Vilnius,3,UEFA Europa League,2018,3,3,6,1,1,2,1,1,2,1,1,2,2,3,5,0.7,1.0,0.8,6,3,9,2.0,1.0,1.5,1,0,1,1,1,2,WDWDLL,1,1,0,1-0,1-2,0-5,1-0
588,Zrinjski,3,UEFA Europa League,2018,2,2,4,0,1,1,2,0,2,0,1,1,2,2,4,1.0,1.0,1.0,2,2,4,1.0,1.0,1.0,0,0,0,0,1,1,DWLD,1,1,1,,1-2,,1-0
589,Spartaks Jurmala,3,UEFA Europa League,2018,2,2,4,1,1,2,0,1,1,1,0,1,6,3,9,3.0,1.5,2.3,1,0,1,0.5,0.0,0.3,1,2,3,1,1,2,WWLD,2,0,1,6-0,0-3,0-1,
591,FC Santa Coloma,3,UEFA Europa League,2018,1,1,2,1,0,1,0,0,0,0,1,1,1,0,1,1.0,0.0,0.5,0,3,3,0.0,3.0,1.5,1,0,1,0,1,1,WL,1,0,0,1-0,,,3-0
593,Europa Fc,3,UEFA Europa League,2018,1,1,2,0,0,0,1,0,1,0,1,1,1,0,1,1.0,0.0,0.5,1,5,6,1.0,5.0,3.0,0,0,0,0,1,1,DL,0,1,0,,,,5-0
596,Zenit,3,UEFA Europa League,2018,7,7,14,6,0,6,0,2,2,1,5,6,19,4,23,2.7,0.6,1.6,7,13,20,1.0,1.9,1.4,2,0,2,0,3,3,LWWLDWWDWLLWLL,2,1,2,8-1,,1-3,4-0
599,Zorya Luhansk,3,UEFA Europa League,2018,2,2,4,0,0,0,2,1,3,0,1,1,1,4,5,0.5,2.0,1.3,1,5,6,0.5,2.5,1.5,1,0,1,1,0,1,DDDL,0,3,0,,,,3-2
602,Apollon Limassol,3,UEFA Europa League,2018,7,7,14,5,2,7,1,0,1,1,5,6,16,8,24,2.3,1.1,1.7,6,11,17,0.9,1.6,1.2,4,0,4,0,3,3,LWWWWLLWLDLLWW,4,1,2,4-0,1-3,2-3,2-0
604,Maccabi Tel Aviv,3,UEFA Europa League,2018,4,4,8,4,0,4,0,3,3,0,1,1,7,4,11,1.8,1.0,1.4,2,6,8,0.5,1.5,1.0,2,1,3,0,1,1,DWWDDWLW,2,2,1,2-0,,,3-1
608,HNK Hajduk Split,3,UEFA Europa League,2018,2,2,4,1,1,2,1,0,1,0,1,1,1,4,5,0.5,2.0,1.3,0,4,4,0.0,2.0,1.0,2,0,2,1,0,1,WWDL,2,1,0,1-0,2-3,,2-1
609,Shkendija,3,UEFA Europa League,2018,1,1,2,0,0,0,0,0,0,1,1,2,0,1,1,0.0,1.0,0.5,2,3,5,2.0,3.0,2.5,0,0,0,1,0,1,LL,0,0,2,,,0-2,3-1
610,Fehérvár FC,3,UEFA Europa League,2018,3,3,6,1,1,2,1,0,1,1,2,3,3,2,5,1.0,0.7,0.8,4,3,7,1.3,1.0,1.2,1,1,2,1,2,3,LLWWLD,2,0,2,1-0,0-2,0-2,2-0
611,Fenerbahce,3,UEFA Europa League,2018,4,4,8,3,0,3,1,1,2,0,3,3,5,4,9,1.3,1.0,1.1,0,10,10,0.0,2.5,1.3,4,0,4,1,1,2,LWDWDLWL,1,1,1,2-0,,,4-1
612,Suduva Marijampole,3,UEFA Europa League,2018,2,2,4,0,1,1,2,0,2,0,1,1,1,1,2,0.5,0.5,0.5,1,3,4,0.5,1.5,1.0,1,1,2,1,1,2,WDDL,1,2,0,,0-1,,3-0
614,AEK Larnaca,3,UEFA Europa League,2018,6,6,12,3,2,5,1,3,4,2,1,3,14,7,21,2.3,1.2,1.8,7,6,13,1.2,1.0,1.1,3,3,6,1,2,3,DWWWDWLLDDWL,3,2,2,5-0,0-2,1-5,4-2
615,NK Domzale,3,UEFA Europa League,2018,2,2,4,0,0,0,2,2,4,0,0,0,2,2,4,1.0,1.0,1.0,2,2,4,1.0,1.0,1.0,0,1,1,0,1,1,DDDD,0,4,0,,,,
616,NK Osijek,3,UEFA Europa League,2018,2,2,4,1,0,1,0,2,2,1,0,1,2,2,4,1.0,1.0,1.0,2,2,4,1.0,1.0,1.0,0,0,0,1,0,1,DWLD,1,1,1,2-1,,0-1,
619,PAOK,3,UEFA Europa League,2018,3,3,6,0,1,1,0,0,0,3,2,5,1,4,5,0.3,1.3,0.8,6,6,12,2.0,2.0,2.0,0,0,0,2,2,4,LWLLLL,1,0,1,,1-4,1-3,4-0
620,Dinamo Zagreb,3,UEFA Europa League,2018,5,5,10,4,2,6,1,1,2,0,2,2,11,5,16,2.2,1.0,1.6,2,6,8,0.4,1.2,0.8,3,2,5,1,2,3,WWWWDDLWWL,4,2,1,4-1,0-2,,3-0
621,FC Krasnodar,3,UEFA Europa League,2018,5,5,10,3,1,4,2,1,3,0,3,3,7,4,11,1.4,0.8,1.1,4,8,12,0.8,1.6,1.2,1,1,2,1,1,2,WWLWWLDDLD,2,2,1,2-1,0-1,,3-0
626,Fola Esch,3,UEFA Europa League,2018,2,2,4,0,0,0,1,1,2,1,1,2,1,0,1,0.5,0.0,0.3,4,5,9,2.0,2.5,2.3,1,1,2,1,2,3,DDLL,0,2,0,,,1-4,5-0
627,Qabala,3,UEFA Europa League,2018,1,1,2,0,1,1,0,0,0,1,0,1,0,1,1,0.0,1.0,0.5,2,0,2,2.0,0.0,1.0,0,1,1,1,0,1,LW,0,0,1,,0-1,0-2,
628,Sparta Praha,3,UEFA Europa League,2018,1,1,2,1,0,1,0,0,0,0,1,1,2,0,2,2.0,0.0,1.0,1,2,3,1.0,2.0,1.5,0,0,0,0,1,1,LW,0,0,1,2-1,,,2-0
631,Gent,3,UEFA Europa League,2018,2,2,4,1,1,2,1,0,1,0,1,1,3,1,4,1.5,0.5,1.0,1,2,3,0.5,1.0,0.8,1,1,2,1,1,2,WWDL,2,1,0,3-1,0-1,,2-0
632,Universitatea Craiova,3,UEFA Europa League,2018,1,1,2,0,0,0,1,0,1,0,1,1,1,1,2,1.0,1.0,1.0,1,3,4,1.0,3.0,2.0,0,0,0,0,0,0,LD,0,0,1,,,,3-1
637,Sturm Graz,3,UEFA Europa League,2018,1,1,2,0,0,0,0,0,0,1,1,2,0,0,0,0.0,0.0,0.0,2,5,7,2.0,5.0,3.5,0,0,0,1,1,2,LL,0,0,2,,,0-2,5-0
638,FK Trakai,3,UEFA Europa League,2018,3,3,6,1,1,2,2,1,3,0,1,1,2,2,4,0.7,0.7,0.7,1,2,3,0.3,0.7,0.5,2,1,3,1,1,2,DWDWLD,1,1,1,1-0,0-1,,1-0
642,Siroki Brijeg,3,UEFA Europa League,2018,1,1,2,0,0,0,1,1,2,0,0,0,2,1,3,2.0,1.0,1.5,2,1,3,2.0,1.0,1.5,0,0,0,0,0,0,DD,0,2,0,,,,
643,FK Mladost Podgorica,3,UEFA Europa League,2018,1,1,2,0,0,0,0,1,1,1,0,1,1,0,1,1.0,0.0,0.5,2,0,2,2.0,0.0,1.0,0,1,1,0,1,1,DL,0,1,0,,,1-2,
644,FC Luzern,3,UEFA Europa League,2018,1,1,2,0,0,0,0,0,0,1,1,2,1,0,1,1.0,0.0,0.5,3,4,7,3.0,4.0,3.5,0,0,0,0,1,1,LL,0,0,2,,,1-3,4-0
645,Galatasaray,3,UEFA Europa League,2018,1,1,2,0,0,0,0,1,1,1,0,1,1,0,1,1.0,0.0,0.5,2,0,2,2.0,0.0,1.0,0,1,1,0,1,1,LD,0,0,1,,,1-2,
646,Levski Sofia,3,UEFA Europa League,2018,1,1,2,1,0,1,0,0,0,0,1,1,3,0,3,3.0,0.0,1.5,2,1,3,2.0,1.0,1.5,0,0,0,0,1,1,LW,0,0,1,3-2,,,1-0
647,Zaria Balti,3,UEFA Europa League,2018,1,1,2,0,0,0,1,0,1,0,1,1,1,0,1,1.0,0.0,0.5,1,1,2,1.0,1.0,1.0,0,0,0,0,1,1,LD,0,0,1,,,,1-0
649,HJK helsinki,3,UEFA Europa League,2018,1,1,2,0,0,0,0,0,0,1,1,2,1,0,1,1.0,0.0,0.5,4,3,7,4.0,3.0,3.5,0,0,0,0,1,1,LL,0,0,2,,,1-4,3-0
651,Ferencvarosi TC,3,UEFA Europa League,2018,1,1,2,0,0,0,1,0,1,0,1,1,1,0,1,1.0,0.0,0.5,1,1,2,1.0,1.0,1.0,0,0,0,0,1,1,DL,0,1,0,,,,1-0
652,Shamrock Rovers,3,UEFA Europa League,2018,1,1,2,0,0,0,0,1,1,1,0,1,0,1,1,0.0,1.0,0.5,1,1,2,1.0,1.0,1.0,0,0,0,1,0,1,LD,0,0,1,,,0-1,
653,Cork City,3,UEFA Europa League,2018,1,1,2,0,0,0,0,0,0,1,1,2,0,0,0,0.0,0.0,0.0,2,3,5,2.0,3.0,2.5,0,0,0,1,1,2,LL,0,0,2,,,0-2,3-0
654,Zeljeznicar Sarajevo,3,UEFA Europa League,2018,2,2,4,1,1,2,0,0,0,1,1,2,4,3,7,2.0,1.5,1.8,3,3,6,1.5,1.5,1.5,0,1,1,0,0,0,WWLL,2,0,0,3-1,0-2,1-2,3-1
655,AS Trencin,3,UEFA Europa League,2018,4,4,8,2,2,4,2,1,3,0,1,1,10,4,14,2.5,1.0,1.8,3,4,7,0.8,1.0,0.9,1,2,3,0,1,1,WDWWWDDL,3,2,0,4-0,0-2,,3-0
656,Slovan Bratislava,3,UEFA Europa League,2018,3,3,6,3,1,4,0,0,0,0,2,2,10,5,15,3.3,1.7,2.5,2,8,10,0.7,2.7,1.7,1,0,1,0,1,1,WWLWWL,2,0,1,5-0,2-4,,4-0
657,Beitar Jerusalem,3,UEFA Europa League,2018,1,1,2,0,0,0,0,1,1,1,0,1,1,0,1,1.0,0.0,0.5,2,0,2,2.0,0.0,1.0,0,1,1,0,1,1,DL,0,1,0,,,1-2,
658,Progres Niederkorn,3,UEFA Europa League,2018,3,3,6,1,1,2,1,0,1,1,2,3,4,3,7,1.3,1.0,1.2,3,3,6,1.0,1.0,1.0,1,1,2,1,1,2,WLLWLD,1,0,2,2-0,0-2,0-1,2-1
659,Valletta FC,3,UEFA Europa League,2018,1,1,2,0,0,0,0,1,1,1,0,1,1,1,2,1.0,1.0,1.0,2,1,3,2.0,1.0,1.5,0,0,0,0,0,0,DL,0,1,0,,,1-2,
660,FC Vaduz,3,UEFA Europa League,2018,2,2,4,1,0,1,1,0,1,0,2,2,2,2,4,1.0,1.0,1.0,1,4,5,0.5,2.0,1.3,1,0,1,0,1,1,WLLD,1,0,2,1-0,,,3-2
661,FK Liepaja,3,UEFA Europa League,2018,1,1,2,0,1,1,0,0,0,1,0,1,0,2,2,0.0,2.0,1.0,3,1,4,3.0,1.0,2.0,0,0,0,1,0,1,LW,0,0,1,,1-2,0-3,
662,Kalju Nomme,3,UEFA Europa League,2018,1,1,2,1,0,1,0,0,0,0,1,1,1,0,1,1.0,0.0,0.5,0,3,3,0.0,3.0,1.5,1,0,1,0,1,1,LW,0,0,1,1-0,,,3-0
663,FK Rabotnicki,3,UEFA Europa League,2018,1,1,2,1,0,1,0,0,0,0,1,1,2,0,2,2.0,0.0,1.0,1,4,5,1.0,4.0,2.5,0,0,0,0,1,1,WL,1,0,0,2-1,,,4-0
664,Kairat Almaty,3,UEFA Europa League,2018,3,3,6,2,1,3,0,0,0,1,2,3,10,4,14,3.3,1.3,2.3,3,4,7,1.0,1.3,1.2,1,1,2,0,1,1,WWWLLL,3,0,0,7-1,0-3,1-2,2-0
665,Irtysh Omsk,3,UEFA Europa League,2018,1,1,2,0,0,0,0,1,1,1,0,1,0,0,0,0.0,0.0,0.0,1,0,1,1.0,0.0,0.5,0,1,1,1,1,2,DL,0,1,0,,,0-1,
666,Keshla FC,3,UEFA Europa League,2018,1,1,2,1,0,1,0,0,0,0,1,1,2,1,3,2.0,1.0,1.5,1,4,5,1.0,4.0,2.5,0,0,0,0,0,0,LW,0,0,1,2-1,,,4-1
667,Lincoln Red Imps FC,3,UEFA Europa League,2018,1,1,2,0,0,0,1,0,1,0,1,1,1,1,2,1.0,1.0,1.0,1,2,3,1.0,2.0,1.5,0,0,0,0,0,0,LD,0,0,1,,,,2-1
669,Coleraine FC,3,UEFA Europa League,2018,1,1,2,0,0,0,0,1,1,1,0,1,0,1,1,0.0,1.0,0.5,2,1,3,2.0,1.0,1.5,0,0,0,1,0,1,DL,0,1,0,,,0-2,
670,Derry City,3,UEFA Europa League,2018,1,1,2,0,1,1,0,0,0,1,0,1,0,2,2,0.0,2.0,1.0,2,1,3,2.0,1.0,1.5,0,0,0,1,0,1,LW,0,0,1,,1-2,0-2,
672,Folgore,3,UEFA Europa League,2018,1,1,2,0,0,0,1,0,1,0,1,1,1,1,2,1.0,1.0,1.0,1,2,3,1.0,2.0,1.5,0,0,0,0,0,0,LD,0,0,1,,,,2-1
673,Sutjeska,3,UEFA Europa League,2018,1,1,2,0,0,0,0,1,1,1,0,1,0,0,0,0.0,0.0,0.0,1,0,1,1.0,0.0,0.5,0,1,1,1,1,2,LD,0,0,1,,,0-1,
674,UE Sant Julia,3,UEFA Europa League,2018,1,1,2,0,0,0,0,0,0,1,1,2,0,1,1,0.0,1.0,0.5,2,2,4,2.0,2.0,2.0,0,0,0,1,0,1,LL,0,0,2,,,0-2,2-1
677,Olimpija Ljubljana,3,UEFA Europa League,2018,3,3,6,2,1,3,0,2,2,1,0,1,8,6,14,2.7,2.0,2.3,3,3,6,1.0,1.0,1.0,1,0,1,1,0,1,WDWWLD,2,1,1,5-1,1-4,0-2,
678,B36 Torshavn,3,UEFA Europa League,2018,3,3,6,0,1,1,2,1,3,1,1,2,1,3,4,0.3,1.0,0.7,3,8,11,1.0,2.7,1.8,1,0,1,2,1,3,DDDWLL,1,3,0,,1-2,0-2,6-0
679,FK Sarajevo,3,UEFA Europa League,2018,2,2,4,1,1,2,0,1,1,1,0,1,3,4,7,1.5,2.0,1.8,8,3,11,4.0,1.5,2.8,1,0,1,1,0,1,WWDL,2,1,0,3-0,1-2,0-8,
680,Prishtina,3,UEFA Europa League,2018,2,2,4,1,0,1,1,2,3,0,0,0,5,1,6,2.5,0.5,1.5,0,1,1,0.0,0.5,0.3,2,1,3,1,1,2,DWDD,1,1,0,5-0,,,
682,NSI Runavik,3,UEFA Europa League,2018,1,1,2,0,0,0,0,0,0,1,1,2,4,1,5,4.0,1.0,2.5,6,6,12,6.0,6.0,6.0,0,0,0,0,0,0,LL,0,0,2,,,4-6,6-1
685,Torpedo Kutaisi,3,UEFA Europa League,2018,3,3,6,2,1,3,0,0,0,1,2,3,8,4,12,2.7,1.3,2.0,3,6,9,1.0,2.0,1.5,1,1,2,1,2,3,WWWLLL,3,0,0,5-2,0-4,0-1,4-0
687,Flora Tallinn,3,UEFA Europa League,2018,1,1,2,1,0,1,0,0,0,0,1,1,2,0,2,2.0,0.0,1.0,0,5,5,0.0,5.0,2.5,1,0,1,0,1,1,LW,0,0,1,2-0,,,5-0
688,Gandzasar,3,UEFA Europa League,2018,1,1,2,1,0,1,0,0,0,0,1,1,2,0,2,2.0,0.0,1.0,1,2,3,1.0,2.0,1.5,0,0,0,0,1,1,LW,0,0,1,2-1,,,2-0
691,Milsami Orhei,3,UEFA Europa League,2018,1,1,2,0,0,0,0,0,0,1,1,2,2,0,2,2.0,0.0,1.0,4,5,9,4.0,5.0,4.5,0,0,0,0,1,1,LL,0,0,2,,,2-4,5-0
696,Balzan FC,3,UEFA Europa League,2018,2,2,4,2,0,2,0,0,0,0,2,2,6,2,8,3.0,1.0,2.0,2,5,7,1.0,2.5,1.8,0,0,0,0,0,0,WLWL,1,0,1,4-1,,,3-1
697,Crusaders FC,3,UEFA Europa League,2018,1,1,2,0,0,0,1,0,1,0,1,1,1,1,2,1.0,1.0,1.0,1,5,6,1.0,5.0,3.0,0,0,0,0,0,0,LD,0,0,1,,,,5-1
698,St Joseph S Fc,3,UEFA Europa League,2018,1,1,2,0,0,0,1,1,2,0,0,0,1,1,2,1.0,1.0,1.0,1,1,2,1.0,1.0,1.0,0,0,0,0,0,0,DD,0,2,0,,,,
701,KI Klaksvik,3,UEFA Europa League,2018,2,2,4,1,0,1,0,2,2,1,0,1,3,2,5,1.5,1.0,1.3,3,2,5,1.5,1.0,1.3,0,0,0,0,0,0,DWLD,1,1,1,2-1,,1-2,
704,Chikhura Sachkhere,3,UEFA Europa League,2018,2,2,4,0,1,1,2,0,2,0,1,1,0,2,2,0.0,1.0,0.5,0,3,3,0.0,1.5,0.8,2,0,2,2,1,3,DWDL,1,1,0,,1-2,,2-0
707,FK Ventspils,3,UEFA Europa League,2018,2,2,4,1,0,1,0,1,1,1,1,2,5,4,9,2.5,2.0,2.3,1,5,6,0.5,2.5,1.5,1,0,1,1,0,1,WDLL,1,1,0,5-0,,0-1,2-1
708,Partizani,3,UEFA Europa League,2018,1,1,2,0,0,0,0,0,0,1,1,2,0,0,0,0.0,0.0,0.0,1,2,3,1.0,2.0,1.5,0,0,0,1,1,2,LL,0,0,2,,,0-1,2-0
709,Pyunik Yerevan,3,UEFA Europa League,2018,3,3,6,2,1,3,1,0,1,0,2,2,2,4,6,0.7,1.3,1.0,0,4,4,0.0,1.3,0.7,3,1,4,1,0,1,WWLWDL,2,1,1,1-0,0-2,,2-1
733,Standard Liege,3,UEFA Europa League,2018,3,3,6,3,0,3,0,1,1,0,2,2,5,2,7,1.7,0.7,1.2,2,7,9,0.7,2.3,1.5,1,1,2,0,1,1,LWWLWD,2,0,1,2-1,,,5-1
742,Genk,3,UEFA Europa League,2018,7,7,14,5,4,9,1,2,3,1,1,2,20,17,37,2.9,2.4,2.6,7,11,18,1.0,1.6,1.3,4,1,5,0,1,1,WWWWWWWLWDDWDL,7,2,1,5-0,1-4,1-4,3-1
781,Rapid Vienna,3,UEFA Europa League,2018,6,6,12,4,1,5,1,0,1,1,5,6,10,5,15,1.7,0.8,1.3,2,17,19,0.3,2.8,1.6,4,0,4,2,2,4,LWWLWLLDWWLL,2,1,2,4-0,1-2,0-1,5-0
783,FC Zurich,3,UEFA Europa League,2018,4,4,8,2,1,3,0,1,1,2,2,4,6,2,8,1.5,0.5,1.0,7,4,11,1.8,1.0,1.4,1,1,2,0,2,2,WWWLLDLL,3,1,2,3-2,0-1,1-3,2-0
853,CSKA Sofia,3,UEFA Europa League,2018,3,3,6,2,1,3,0,0,0,1,2,3,5,4,9,1.7,1.3,1.5,2,4,6,0.7,1.3,1.0,2,0,2,0,1,1,WLWWLL,2,0,1,3-0,1-3,1-2,2-1
854,Slavia Sofia,3,UEFA Europa League,2018,2,2,4,1,1,2,0,0,0,1,1,2,4,1,5,2.0,0.5,1.3,4,1,5,2.0,0.5,1.3,0,1,1,0,1,1,WWLL,2,0,0,2-1,0-1,2-3,1-0
952,Atromitos Athinon,3,UEFA Europa League,2018,1,1,2,0,0,0,1,0,1,0,1,1,1,3,4,1.0,3.0,2.0,1,4,5,1.0,4.0,2.5,0,0,0,0,0,0,LD,0,0,1,,,,4-3
955,Asteras Tripolis,3,UEFA Europa League,2018,1,1,2,0,0,0,1,0,1,0,1,1,1,2,3,1.0,2.0,1.5,1,3,4,1.0,3.0,2.0,0,0,0,0,0,0,LD,0,0,1,,,,3-2
995,Akhisar Belediye,3,UEFA Europa League,2018,3,3,6,0,0,0,1,0,1,2,3,5,2,2,4,0.7,0.7,0.7,4,10,14,1.3,3.3,2.3,1,0,1,2,1,3,LLLLLD,0,0,5,,,2-3,6-0
1011,FC ST. Gallen,3,UEFA Europa League,2018,1,1,2,1,0,1,0,0,0,0,1,1,2,0,2,2.0,0.0,1.0,1,1,2,1.0,1.0,1.0,0,0,0,0,1,1,WL,1,0,0,2-1,,,1-0
1023,Admira Wacker,3,UEFA Europa League,2018,1,1,2,0,0,0,0,0,0,1,1,2,1,0,1,1.0,0.0,0.5,3,3,6,3.0,3.0,3.0,0,0,0,0,1,1,LL,0,0,2,,,1-3,3-0
1026,Lask Linz,3,UEFA Europa League,2018,2,2,4,2,1,3,0,0,0,0,1,1,6,2,8,3.0,1.0,2.0,1,2,3,0.5,1.0,0.8,1,0,1,0,1,1,WWLW,2,0,1,4-0,1-2,,1-0
1078,FC UFA,3,UEFA Europa League,2018,3,3,6,1,0,1,2,2,4,0,1,1,3,3,6,1.0,1.0,1.0,2,4,6,0.7,1.3,1.0,1,0,1,1,1,2,DDWDLD,1,2,1,2-1,,,1-0
1120,Spartak Trnava,3,UEFA Europa League,2018,4,4,8,2,1,3,1,1,2,1,2,3,4,3,7,1.0,0.8,0.9,3,5,8,0.8,1.3,1.0,2,2,4,0,2,2,WDWLLLDW,1,1,3,1-0,0-2,1-2,3-1
1121,Vorskla Poltava,3,UEFA Europa League,2018,3,3,6,0,1,1,0,0,0,3,2,5,1,3,4,0.3,1.0,0.7,6,7,13,2.0,2.3,2.2,0,1,1,2,1,3,LLWLLL,1,0,2,,0-1,0-3,3-0
1122,FK Jablonec,3,UEFA Europa League,2018,3,3,6,0,1,1,2,0,2,1,2,3,3,3,6,1.0,1.0,1.0,4,4,8,1.3,1.3,1.3,0,1,1,1,0,1,LDDLLW,0,2,2,,0-1,0-1,2-1
1163,Ilves,3,UEFA Europa League,2018,1,1,2,0,0,0,0,0,0,1,1,2,0,1,1,0.0,1.0,0.5,1,2,3,1.0,2.0,1.5,0,0,0,1,0,1,LL,0,0,2,,,0-1,2-1
1165,KuPS,3,UEFA Europa League,2018,1,1,2,0,0,0,0,1,1,1,0,1,0,1,1,0.0,1.0,0.5,1,1,2,1.0,1.0,1.0,0,0,0,1,0,1,LD,0,0,1,,,0-1,
1166,Lahti,3,UEFA Europa League,2018,1,1,2,0,0,0,0,1,1,1,0,1,0,0,0,0.0,0.0,0.0,3,0,3,3.0,0.0,1.5,0,1,1,1,1,2,LD,0,0,1,,,0-3,
2030,Racing FC Union Luxembourg,3,UEFA Europa League,2018,1,1,2,0,0,0,0,1,1,1,0,1,0,0,0,0.0,0.0,0.0,2,0,2,2.0,0.0,1.0,0,1,1,1,1,2,LD,0,0,1,,,0-2,
2246,CFR 1907 Cluj,3,UEFA Europa League,2018,2,2,4,1,1,2,0,0,0,1,1,2,7,2,9,3.5,1.0,2.3,3,2,5,1.5,1.0,1.3,1,1,2,0,1,1,WWLL,2,0,0,5-0,0-2,2-3,2-0
2247,Apoel Nicosia,3,UEFA Europa League,2018,3,3,6,3,0,3,0,1,1,0,2,2,9,2,11,3.0,0.7,1.8,1,5,6,0.3,1.7,1.0,2,0,2,0,2,2,WLDWWL,2,1,1,5-0,,,2-0
2248,Drita,3,UEFA Europa League,2018,1,1,2,0,0,0,1,0,1,0,1,1,1,1,2,1.0,1.0,1.0,1,2,3,1.0,2.0,1.5,0,0,0,0,0,0,LD,0,0,1,,,,2-1
2249,La Fiorita,3,UEFA Europa League,2018,1,1,2,0,0,0,0,0,0,1,1,2,0,0,0,0.0,0.0,0.0,3,6,9,3.0,6.0,4.5,0,0,0,1,1,2,LL,0,0,2,,,0-3,6-0
2250,Sigma Olomouc,3,UEFA Europa League,2018,2,2,4,1,1,2,0,0,0,1,1,2,2,2,4,1.0,1.0,1.0,1,4,5,0.5,2.0,1.3,1,0,1,1,1,2,WWLL,2,0,0,2-0,1-2,0-1,3-0
2251,FK Spartak Zdrepceva KRV,3,UEFA Europa League,2018,3,3,6,1,1,2,1,0,1,1,2,3,3,4,7,1.0,1.3,1.2,3,4,7,1.0,1.3,1.2,1,1,2,1,0,1,DWWLLL,2,1,0,2-0,0-2,0-2,2-1
2252,FC Mariupol,3,UEFA Europa League,2018,2,2,4,1,0,1,0,1,1,1,1,2,3,2,5,1.5,1.0,1.3,4,3,7,2.0,1.5,1.8,0,0,0,0,0,0,DWLL,1,1,0,2-1,,1-3,2-1
2253,Hapoel Haifa,3,UEFA Europa League,2018,2,2,4,0,1,1,1,0,1,1,1,2,2,1,3,1.0,0.5,0.8,5,2,7,2.5,1.0,1.8,0,1,1,0,1,1,DWLL,1,1,0,,0-1,1-4,2-0
2254,Radnicki NIS,3,UEFA Europa League,2018,2,2,4,1,1,2,1,0,1,0,1,1,6,1,7,3.0,0.5,1.8,2,2,4,1.0,1.0,1.0,1,1,2,0,1,1,WWLD,2,0,1,4-0,0-1,,2-0
2255,Ujpest,3,UEFA Europa League,2018,2,2,4,1,0,1,0,0,0,1,2,3,5,1,6,2.5,0.5,1.5,3,7,10,1.5,3.5,2.5,1,0,1,0,1,1,LWLL,1,0,1,4-0,,1-3,4-0
2256,Laci,3,UEFA Europa League,2018,2,2,4,1,0,1,0,0,0,1,2,3,1,1,2,0.5,0.5,0.5,2,5,7,1.0,2.5,1.8,1,0,1,1,1,2,LWLL,1,0,1,1-0,,0-2,3-0
2257,Dunajska Streda,3,UEFA Europa League,2018,2,2,4,0,1,1,1,0,1,1,1,2,2,3,5,1.0,1.5,1.3,4,5,9,2.0,2.5,2.3,0,0,0,0,0,0,DWLL,1,1,0,,1-2,1-3,4-1
2258,Rudar,3,UEFA Europa League,2018,2,2,4,1,1,2,0,0,0,1,1,2,7,3,10,3.5,1.5,2.5,2,4,6,1.0,2.0,1.5,1,1,2,1,1,2,WWLL,2,0,0,7-0,0-3,0-2,4-0
2259,FK Tobol Kostanay,3,UEFA Europa League,2018,2,2,4,2,1,3,0,0,0,0,1,1,4,1,5,2.0,0.5,1.3,1,1,2,0.5,0.5,0.5,1,1,2,0,1,1,WWWL,3,0,0,2-0,0-1,,1-0
2260,Tre Fiori,3,UEFA Europa League,2018,2,2,4,1,0,1,0,0,0,1,2,3,3,0,3,1.5,0.0,0.8,3,8,11,1.5,4.0,2.8,1,0,1,1,2,3,WLLL,1,0,0,3-0,,0-3,7-0
2261,Luftetari Gjirokaster,3,UEFA Europa League,2018,1,1,2,0,0,0,1,0,1,0,1,1,3,0,3,3.0,0.0,1.5,3,5,8,3.0,5.0,4.0,0,0,0,0,1,1,LD,0,0,1,,,,5-0
2262,Dinamo Tbilisi,3,UEFA Europa League,2018,1,1,2,0,0,0,0,1,1,1,0,1,1,1,2,1.0,1.0,1.0,2,1,3,2.0,1.0,1.5,0,0,0,0,0,0,DL,0,1,0,,,1-2,
2263,Riga FC,3,UEFA Europa League,2018,1,1,2,1,0,1,0,0,0,0,1,1,1,0,1,1.0,0.0,0.5,0,1,1,0.0,1.0,0.5,1,0,1,0,1,1,LW,0,0,1,1-0,,,1-0
2264,Gzira United,3,UEFA Europa League,2018,2,2,4,1,1,2,0,0,0,1,1,2,2,2,4,1.0,1.0,1.0,2,4,6,1.0,2.0,1.5,0,1,1,1,1,2,WWLL,2,0,0,2-1,0-2,0-1,4-0
2265,Shkupi 1927,3,UEFA Europa League,2018,1,1,2,0,0,0,1,0,1,0,1,1,0,0,0,0.0,0.0,0.0,0,2,2,0.0,2.0,1.0,1,0,1,1,1,2,LD,0,0,1,,,,2-0
2266,Cliftonville FC,3,UEFA Europa League,2018,1,1,2,0,0,0,0,0,0,1,1,2,0,1,1,0.0,1.0,0.5,1,2,3,1.0,2.0,1.5,0,0,0,1,0,1,LL,0,0,2,,,0-1,2-1
2267,Rudar Pljevlja,3,UEFA Europa League,2018,1,1,2,0,0,0,0,0,0,1,1,2,0,0,0,0.0,0.0,0.0,3,3,6,3.0,3.0,3.0,0,0,0,1,1,2,LL,0,0,2,,,0-3,3-0
2268,UE Engordany,3,UEFA Europa League,2018,2,2,4,1,0,1,0,1,1,1,1,2,2,2,4,1.0,1.0,1.0,4,8,12,2.0,4.0,3.0,0,0,0,1,0,1,WDLL,1,1,0,2-1,,0-3,7-1
2269,Anorthosis,3,UEFA Europa League,2018,1,1,2,1,0,1,0,0,0,0,1,1,2,0,2,2.0,0.0,1.0,1,1,2,1.0,1.0,1.0,0,0,0,0,1,1,WL,1,0,0,2-1,,,1-0
2270,Neftchi Baku,3,UEFA Europa League,2018,1,1,2,1,0,1,0,0,0,0,1,1,3,0,3,3.0,0.0,1.5,1,4,5,1.0,4.0,2.5,0,0,0,0,1,1,WL,1,0,0,3-1,,,4-0
2271,Petrocub,3,UEFA Europa League,2018,1,1,2,0,0,0,1,0,1,0,1,1,1,1,2,1.0,1.0,1.0,1,2,3,1.0,2.0,1.5,0,0,0,0,0,0,DL,0,1,0,,,,2-1
2272,Stumbras,3,UEFA Europa League,2018,1,1,2,1,0,1,0,0,0,0,1,1,1,0,1,1.0,0.0,0.5,0,2,2,0.0,2.0,1.0,1,0,1,0,1,1,WL,1,0,0,1-0,,,2-0
2273,FC Levadia Tallinn,3,UEFA Europa League,2018,1,1,2,0,0,0,0,0,0,1,1,2,0,1,1,0.0,1.0,0.5,1,2,3,1.0,2.0,1.5,0,0,0,1,0,1,LL,0,0,2,,,0-1,2-1
2274,Trans Narva,3,UEFA Europa League,2018,1,1,2,0,0,0,0,0,0,1,1,2,0,1,1,0.0,1.0,0.5,2,3,5,2.0,3.0,2.5,0,0,0,1,0,1,LL,0,0,2,,,0-2,3-1
2275,Glenavon FC,3,UEFA Europa League,2018,1,1,2,1,0,1,0,0,0,0,1,1,2,1,3,2.0,1.0,1.5,1,5,6,1.0,5.0,3.0,0,0,0,0,0,0,WL,1,0,0,2-1,,,5-1
2276,FC Urartu,3,UEFA Europa League,2018,1,1,2,0,0,0,0,0,0,1,1,2,1,0,1,1.0,0.0,0.5,2,3,5,2.0,3.0,2.5,0,0,0,0,1,1,LL,0,0,2,,,1-2,3-0
2277,Birkirkara,3,UEFA Europa League,2018,1,1,2,0,0,0,1,0,1,0,1,1,1,1,2,1.0,1.0,1.0,1,2,3,1.0,2.0,1.5,0,0,0,0,0,0,DL,0,1,0,,,,2-1
33,Manchester United,3,UEFA Europa League,2019,6,6,12,6,2,8,0,2,2,0,2,2,16,9,25,2.7,1.5,2.1,1,5,6,0.2,0.8,0.5,5,3,8,0,1,1,WDWWLWDWWWWL,4,1,1,5-0,0-5,,2-1
39,Wolves,3,UEFA Europa League,2019,9,8,17,7,5,12,0,2,2,2,1,3,18,20,38,2.0,2.5,2.2,3,11,14,0.3,1.4,0.8,6,2,8,2,0,2,WWWWWWLWWWDWWLDWL,6,1,1,4-0,0-4,0-1,3-2
42,Arsenal,3,UEFA Europa League,2019,4,4,8,2,2,4,0,2,2,2,0,2,9,7,16,2.3,1.8,2.0,6,3,9,1.5,0.8,1.1,1,2,3,0,0,0,WWWDLDWL,3,1,1,4-0,0-3,1-2,
94,Rennes,3,UEFA Europa League,2019,3,3,6,1,0,1,1,0,1,1,3,4,3,2,5,1.0,0.7,0.8,2,6,8,0.7,2.0,1.3,1,0,1,1,1,2,DLLLLW,0,1,4,2-0,,0-1,3-1
95,Strasbourg,3,UEFA Europa League,2019,3,3,6,3,1,4,0,0,0,0,2,2,5,2,7,1.7,0.7,1.2,1,5,6,0.3,1.7,1.0,2,1,3,0,1,1,WLWWWL,3,0,1,3-1,0-1,,3-0
161,VfL Wolfsburg,3,UEFA Europa League,2019,5,5,10,3,2,5,0,2,2,2,1,3,8,7,15,1.6,1.4,1.5,7,6,13,1.4,1.2,1.3,1,2,3,0,1,1,WDDLWWWWLL,4,2,1,3-1,0-3,1-3,3-0
163,Borussia Mönchengladbach,3,UEFA Europa League,2019,3,3,6,1,1,2,0,2,2,2,0,2,3,3,6,1.0,1.0,1.0,7,2,9,2.3,0.7,1.5,0,1,1,1,0,1,LDDWWL,2,2,1,2-1,0-1,0-4,
168,Bayer Leverkusen,3,UEFA Europa League,2019,2,3,5,2,2,4,0,0,0,0,1,1,3,7,10,1.5,2.3,2.0,1,4,5,0.5,1.3,1.0,1,0,1,0,0,0,WWWWL,4,0,0,2-1,1-3,,2-1
169,Eintracht Frankfurt,3,UEFA Europa League,2019,8,8,16,5,4,9,0,1,1,3,3,6,14,13,27,1.8,1.6,1.7,12,8,20,1.5,1.0,1.3,2,2,4,2,2,4,WWWWLWLWWLWLWDLL,4,1,1,4-1,0-5,0-3,2-1
194,Ajax,3,UEFA Europa League,2019,1,1,2,1,0,1,0,0,0,0,1,1,2,0,2,2.0,0.0,1.0,1,2,3,1.0,2.0,1.5,0,0,0,0,1,1,LW,0,0,1,2-1,,,2-0
197,PSV Eindhoven,3,UEFA Europa League,2019,5,5,10,2,3,5,3,0,3,0,2,2,7,10,17,1.4,2.0,1.7,3,9,12,0.6,1.8,1.2,3,2,5,2,1,3,WDWWWWDLLD,4,1,2,3-0,0-4,,4-0
201,AZ Alkmaar,3,UEFA Europa League,2019,7,7,14,2,3,5,5,2,7,0,2,2,14,14,28,2.0,2.0,2.0,4,9,13,0.6,1.3,0.9,4,3,7,2,3,5,DWDWDWDDWWDLDL,2,2,1,6-0,0-5,,4-0
207,Utrecht,3,UEFA Europa League,2019,1,1,2,0,0,0,1,0,1,0,1,1,1,1,2,1.0,1.0,1.0,1,2,3,1.0,2.0,1.5,0,0,0,0,0,0,DL,0,1,0,,,,2-1
209,Feyenoord,3,UEFA Europa League,2019,5,5,10,3,1,4,2,1,3,0,3,3,12,6,18,2.4,1.2,1.8,3,7,10,0.6,1.4,1.0,3,1,4,0,2,2,WDWWLWLDDL,2,2,1,4-0,0-3,,2-0
211,Benfica,3,UEFA Europa League,2019,1,1,2,0,0,0,1,0,1,0,1,1,3,1,4,3.0,1.0,2.0,3,2,5,3.0,2.0,2.5,0,0,0,0,0,0,LD,0,0,1,,,,2-1
212,FC Porto,3,UEFA Europa League,2019,4,4,8,2,1,3,1,0,1,1,3,4,7,3,10,1.8,0.8,1.3,7,7,14,1.8,1.8,1.8,0,0,0,0,2,2,WLDLWWLL,2,1,1,3-2,1-2,1-3,2-0
217,SC Braga,3,UEFA Europa League,2019,6,6,12,3,5,8,2,0,2,1,1,2,12,15,27,2.0,2.5,2.3,8,9,17,1.3,1.5,1.4,1,1,2,1,0,1,WWWWWDWWDWLL,5,1,0,3-1,2-4,0-1,3-2
224,Guimaraes,3,UEFA Europa League,2019,6,6,12,3,3,6,2,1,3,1,2,3,13,9,22,2.2,1.5,1.8,3,7,10,0.5,1.2,0.8,3,3,6,1,2,3,WWWWDWLLLDDW,4,2,3,6-0,0-3,0-1,2-0
228,Sporting CP,3,UEFA Europa League,2019,4,4,8,4,1,5,0,0,0,0,3,3,10,5,15,2.5,1.3,1.9,2,10,12,0.5,2.5,1.5,2,1,3,0,1,1,LWWWWLWL,4,0,1,4-0,0-2,,4-1
247,Celtic,3,UEFA Europa League,2019,5,5,10,4,2,6,0,2,2,1,1,2,10,8,18,2.0,1.6,1.8,5,6,11,1.0,1.2,1.1,2,0,2,0,1,1,WWDWWWWLDL,4,1,1,3-1,1-4,1-3,2-0
250,Kilmarnock,3,UEFA Europa League,2019,1,1,2,0,1,1,0,0,0,1,0,1,0,2,2,0.0,2.0,1.0,2,1,3,2.0,1.0,1.5,0,0,0,1,0,1,WL,1,0,0,,1-2,0-2,
252,Aberdeen,3,UEFA Europa League,2019,3,3,6,2,1,3,0,1,1,1,1,2,7,3,10,2.3,1.0,1.7,3,4,7,1.0,1.3,1.2,1,0,1,1,1,2,WWDWLL,2,1,0,5-0,1-2,0-2,2-0
257,Rangers,3,UEFA Europa League,2019,9,9,18,7,3,10,1,4,5,1,2,3,20,13,33,2.2,1.4,1.8,7,8,15,0.8,0.9,0.8,5,4,9,0,3,3,WWWDWWDWWLDWDDWWLL,3,2,1,6-0,0-4,1-3,2-1
271,KR Reykjavik,3,UEFA Europa League,2019,1,1,2,0,0,0,1,0,1,0,1,1,0,1,1,0.0,1.0,0.5,0,7,7,0.0,7.0,3.5,1,0,1,1,0,1,LD,0,0,1,,,,7-1
274,Valur Reykjavik,3,UEFA Europa League,2019,1,1,2,0,0,0,1,0,1,0,1,1,1,0,1,1.0,0.0,0.5,1,4,5,1.0,4.0,2.5,0,0,0,0,1,1,DL,0,1,0,,,,4-0
275,Stjarnan,3,UEFA Europa League,2019,2,2,4,1,0,1,0,0,0,1,2,3,3,2,5,1.5,1.0,1.3,4,7,11,2.0,3.5,2.8,0,0,0,0,1,1,WLLL,1,0,0,2-1,,1-3,4-0
276,Breidablik,3,UEFA Europa League,2019,1,1,2,0,0,0,1,0,1,0,1,1,0,1,1,0.0,1.0,0.5,0,2,2,0.0,2.0,1.0,1,0,1,1,0,1,DL,0,1,0,,,,2-1
319,Brann,3,UEFA Europa League,2019,1,1,2,0,0,0,1,0,1,0,1,1,2,1,3,2.0,1.0,1.5,2,2,4,2.0,2.0,2.0,0,0,0,0,0,0,DL,0,1,0,,,,2-1
328,Haugesund,3,UEFA Europa League,2019,3,3,6,2,1,3,0,1,1,1,1,2,7,2,9,2.3,0.7,1.5,2,2,4,0.7,0.7,0.7,1,2,3,1,1,2,WWWLLD,3,0,2,5-1,0-1,0-1,2-1
329,Molde,3,UEFA Europa League,2019,4,4,8,2,1,3,2,1,3,0,2,2,11,5,16,2.8,1.3,2.0,2,6,8,0.5,1.5,1.0,2,1,3,1,1,2,WDDWWLLD,2,2,2,7-1,1-3,,3-1
331,Rosenborg,3,UEFA Europa League,2019,3,3,6,0,0,0,0,1,1,3,2,5,2,1,3,0.7,0.3,0.5,8,3,11,2.7,1.0,1.8,0,0,0,1,2,3,LLLLLD,0,0,5,,,1-4,1-0
339,Legia Warszawa,3,UEFA Europa League,2019,4,4,8,2,1,3,2,2,4,0,1,1,4,2,6,1.0,0.5,0.8,0,1,1,0.0,0.3,0.1,4,3,7,2,3,5,DWWDDWDL,2,2,0,3-0,0-2,,1-0
343,Lechia Gdansk,3,UEFA Europa League,2019,1,1,2,1,0,1,0,0,0,0,1,1,2,1,3,2.0,1.0,1.5,1,4,5,1.0,4.0,2.5,0,0,0,0,0,0,WL,1,0,0,2-1,,,4-1
349,Piast Gliwice,3,UEFA Europa League,2019,1,1,2,1,0,1,0,0,0,0,1,1,3,1,4,3.0,1.0,2.0,2,2,4,2.0,2.0,2.0,0,0,0,0,0,0,WL,1,0,0,3-2,,,2-1
350,Cracovia Krakow,3,UEFA Europa League,2019,1,1,2,0,0,0,1,1,2,0,0,0,2,1,3,2.0,1.0,1.5,2,1,3,2.0,1.0,1.5,0,0,0,0,0,0,DD,0,2,0,,,,
353,Cardiff MET,3,UEFA Europa League,2019,1,1,2,1,0,1,0,0,0,0,1,1,2,0,2,2.0,0.0,1.0,1,1,2,1.0,1.0,1.0,0,0,0,0,1,1,LW,0,0,1,2-1,,,1-0
354,The New Saints,3,UEFA Europa League,2019,1,1,2,0,0,0,0,0,0,1,1,2,0,0,0,0.0,0.0,0.0,4,5,9,4.0,5.0,4.5,0,0,0,1,1,2,LL,0,0,2,,,0-4,5-0
357,GAP Connah S Quay FC,3,UEFA Europa League,2019,2,2,4,0,1,1,0,0,0,2,1,3,1,2,3,0.5,1.0,0.8,3,3,6,1.5,1.5,1.5,0,1,1,1,1,2,LWLL,1,0,1,,0-2,1-2,3-0
361,Barry Town,3,UEFA Europa League,2019,1,1,2,0,0,0,1,0,1,0,1,1,0,0,0,0.0,0.0,0.0,0,4,4,0.0,4.0,2.0,1,0,1,1,1,2,DL,0,1,0,,,,4-0
367,BK Hacken,3,UEFA Europa League,2019,1,1,2,0,0,0,0,1,1,1,0,1,0,0,0,0.0,0.0,0.0,3,0,3,3.0,0.0,1.5,0,1,1,1,1,2,DL,0,1,0,,,0-3,
375,Malmo FF,3,UEFA Europa League,2019,8,8,16,6,3,9,1,2,3,1,3,4,23,9,32,2.9,1.1,2.0,10,6,16,1.3,0.8,1.0,3,4,7,1,3,4,WWDWWLWWLDWDWWLL,2,1,1,7-0,0-4,0-3,2-1
377,AIK Stockholm,3,UEFA Europa League,2019,2,2,4,0,1,1,1,0,1,1,1,2,2,2,4,1.0,1.0,1.0,5,3,8,2.5,1.5,2.0,0,0,0,0,1,1,WDLL,1,1,0,,1-2,1-4,2-0
378,IFK Norrkoping,3,UEFA Europa League,2019,3,3,6,2,2,4,1,0,1,0,1,1,5,4,9,1.7,1.3,1.5,2,3,5,0.7,1.0,0.8,1,2,3,0,0,0,WWWWDL,4,1,0,2-0,0-2,,3-1
382,FC Vitebsk,3,UEFA Europa League,2019,1,1,2,0,0,0,1,0,1,0,1,1,1,0,1,1.0,0.0,0.5,1,2,3,1.0,2.0,1.5,0,0,0,0,1,1,LD,0,0,1,,,,2-0
388,Bate Borisov,3,UEFA Europa League,2019,2,2,4,1,1,2,1,0,1,0,1,1,2,2,4,1.0,1.0,1.0,0,4,4,0.0,2.0,1.0,2,0,2,1,1,2,WDLW,1,1,1,2-0,1-2,,3-0
392,Shakhter Soligorsk,3,UEFA Europa League,2019,3,3,6,2,1,3,1,1,2,0,1,1,4,1,5,1.3,0.3,0.8,1,5,6,0.3,1.7,1.0,2,2,4,0,2,2,WWWDLD,3,1,1,2-0,0-1,,5-0
394,Dinamo Minsk,3,UEFA Europa League,2019,1,1,2,0,0,0,0,1,1,1,0,1,1,1,2,1.0,1.0,1.0,2,1,3,2.0,1.0,1.5,0,0,0,0,0,0,DL,0,1,0,,,1-2,
397,FC Midtjylland,3,UEFA Europa League,2019,1,1,2,0,0,0,0,0,0,1,1,2,2,1,3,2.0,1.0,1.5,4,3,7,4.0,3.0,3.5,0,0,0,0,0,0,LL,0,0,2,,,2-4,3-1
400,FC Copenhagen,3,UEFA Europa League,2019,6,7,13,3,2,5,2,2,4,1,3,4,9,6,15,1.5,0.9,1.2,4,6,10,0.7,0.9,0.8,2,1,3,1,3,4,WLWDDDWLDWLWL,1,3,1,3-0,1-3,0-1,1-0
403,Esbjerg,3,UEFA Europa League,2019,1,1,2,0,0,0,1,0,1,0,1,1,0,0,0,0.0,0.0,0.0,0,2,2,0.0,2.0,1.0,1,0,1,1,1,2,LD,0,0,1,,,,2-0
407,Brondby,3,UEFA Europa League,2019,3,3,6,2,0,2,0,0,0,1,3,4,10,2,12,3.3,0.7,2.0,6,7,13,2.0,2.3,2.2,0,0,0,0,1,1,WLLWLL,1,0,2,4-1,,2-4,3-1
487,Lazio,3,UEFA Europa League,2019,3,3,6,2,0,2,0,0,0,1,3,4,4,2,6,1.3,0.7,1.0,3,6,9,1.0,2.0,1.5,1,0,1,0,1,1,LWLLWL,1,0,2,2-1,,1-2,2-0
497,AS Roma,3,UEFA Europa League,2019,4,5,9,2,1,3,2,2,4,0,2,2,8,6,14,2.0,1.2,1.6,3,6,9,0.8,1.2,1.0,2,1,3,0,1,1,WDDLWDWDL,1,2,1,4-0,0-3,,2-0
503,Torino,3,UEFA Europa League,2019,3,3,6,2,1,3,0,1,1,1,1,2,10,6,16,3.3,2.0,2.7,3,4,7,1.0,1.3,1.2,2,0,2,0,0,0,WWWDLL,3,1,0,5-0,1-4,2-3,2-1
505,Inter,3,UEFA Europa League,2019,4,2,6,4,1,5,0,0,0,0,1,1,11,4,15,2.8,2.0,2.5,2,3,5,0.5,1.5,0.8,2,1,3,0,0,0,WWWWWL,5,0,0,5-0,0-2,,3-2
536,Sevilla,3,UEFA Europa League,2019,7,5,12,6,3,9,1,1,2,0,1,1,13,10,23,1.9,2.0,1.9,3,4,7,0.4,0.8,0.6,5,2,7,1,1,2,WWWWWLDDWWWW,5,2,1,3-0,2-5,,1-0
540,Espanyol,3,UEFA Europa League,2019,7,7,14,5,4,9,1,2,3,1,1,2,20,13,33,2.9,1.9,2.4,5,9,14,0.7,1.3,1.0,3,3,6,1,1,2,WWWWWDDWWWDLLW,5,2,2,6-0,0-3,0-1,4-0
546,Getafe,3,UEFA Europa League,2019,4,5,9,3,2,5,0,0,0,1,3,4,6,5,11,1.5,1.0,1.2,1,7,8,0.3,1.4,0.9,3,1,4,1,1,2,WWLLWWWLL,3,0,2,3-0,1-2,0-1,2-0
549,Besiktas,3,UEFA Europa League,2019,3,3,6,1,0,1,0,0,0,2,3,5,3,3,6,1.0,1.0,1.0,4,11,15,1.3,3.7,2.5,0,0,0,1,1,2,LLLLWL,1,0,4,2-1,,1-2,4-0
550,Shakhtar Donetsk,3,UEFA Europa League,2019,3,3,6,3,1,4,0,1,1,0,1,1,9,5,14,3.0,1.7,2.3,2,9,11,0.7,3.0,1.8,1,0,1,0,1,1,WDWWWL,3,1,0,4-1,1-2,,5-0
551,FC Basel 1893,3,UEFA Europa League,2019,5,6,11,5,3,8,0,1,1,0,2,2,11,10,21,2.2,1.7,1.9,1,7,8,0.2,1.2,0.7,4,3,7,0,1,1,WDWWLWWWWWL,5,1,1,5-0,0-3,,4-1
552,Maribor,3,UEFA Europa League,2019,1,1,2,0,0,0,1,1,2,0,0,0,2,0,2,2.0,0.0,1.0,2,0,2,2.0,0.0,1.0,0,1,1,0,1,1,DD,0,2,0,,,,
553,Olympiakos Piraeus,3,UEFA Europa League,2019,2,2,4,0,1,1,1,0,1,1,1,2,1,2,3,0.5,1.0,0.8,2,2,4,1.0,1.0,1.0,0,0,0,1,1,2,LWDL,1,1,1,,1-2,0-1,1-0
555,CSKA Moscow,3,UEFA Europa League,2019,3,3,6,0,1,1,1,1,2,2,1,3,1,2,3,0.3,0.7,0.5,4,5,9,1.3,1.7,1.5,0,2,2,2,1,3,LLLDDW,0,2,3,,0-1,0-2,5-1
556,Qarabag,3,UEFA Europa League,2019,4,4,8,1,1,2,2,0,2,1,3,4,5,7,12,1.3,1.8,1.5,7,8,15,1.8,2.0,1.9,0,0,0,1,1,2,LWLWDLLD,1,1,2,2-1,1-4,0-3,2-0
558,Spartak Moscow,3,UEFA Europa League,2019,2,2,4,1,1,2,0,0,0,1,1,2,3,3,6,1.5,1.5,1.5,3,3,6,1.5,1.5,1.5,0,0,0,0,1,1,WWLL,2,0,0,2-1,2-3,1-2,1-0
559,FCSB,3,UEFA Europa League,2019,4,4,8,1,3,4,2,0,2,1,1,2,4,6,10,1.0,1.5,1.3,3,2,5,0.8,0.5,0.6,3,2,5,2,1,3,WWWLDWDL,3,1,1,2-0,0-3,2-3,1-0
561,HNK Rijeka,3,UEFA Europa League,2019,2,2,4,1,1,2,1,0,1,0,1,1,3,3,6,1.5,1.5,1.5,1,2,3,0.5,1.0,0.8,1,1,2,0,0,0,WWLD,2,0,1,2-0,0-2,,2-1
562,FC Astana,3,UEFA Europa League,2019,6,6,12,4,1,5,0,1,1,2,4,6,15,5,20,2.5,0.8,1.7,10,13,23,1.7,2.2,1.9,1,2,3,1,4,5,DWWWWLLLLLWL,4,1,5,5-1,0-4,0-5,6-0
563,Hapoel Beer Sheva,3,UEFA Europa League,2019,4,4,8,3,0,3,0,3,3,1,1,2,6,3,9,1.5,0.8,1.1,4,6,10,1.0,1.5,1.3,2,0,2,1,1,2,DWWDDWLL,2,2,0,3-1,,0-3,3-0
564,Istanbul Basaksehir,3,UEFA Europa League,2019,5,5,10,3,2,5,1,0,1,1,3,4,7,6,13,1.4,1.2,1.3,5,11,16,1.0,2.2,1.6,2,1,3,1,2,3,LDWWLWLWWL,2,1,1,4-1,0-3,0-3,4-0
565,BSC Young Boys,3,UEFA Europa League,2019,3,3,6,2,0,2,0,2,2,1,1,2,5,3,8,1.7,1.0,1.3,3,4,7,1.0,1.3,1.2,1,0,1,0,0,0,LWWDLD,2,1,1,2-0,,1-2,2-1
566,Ludogorets,3,UEFA Europa League,2019,7,7,14,3,2,5,2,3,5,2,2,4,15,12,27,2.1,1.7,1.9,5,12,17,0.7,1.7,1.2,3,2,5,3,1,4,DWWWDDWWLLDDLL,3,2,2,5-0,0-4,0-2,6-0
567,Plzen,3,UEFA Europa League,2019,1,1,2,1,0,1,0,0,0,0,1,1,2,0,2,2.0,0.0,1.0,1,1,2,1.0,1.0,1.0,0,0,0,0,1,1,LW,0,0,1,2-1,,,1-0
568,Sheriff Tiraspol,3,UEFA Europa League,2019,2,2,4,0,1,1,1,1,2,1,0,1,2,2,4,1.0,1.0,1.0,3,1,4,1.5,0.5,1.0,0,1,1,0,0,0,WDLD,1,1,1,,0-1,1-2,
569,Club Brugge KV,3,UEFA Europa League,2019,1,1,2,0,0,0,1,0,1,0,1,1,1,0,1,1.0,0.0,0.5,1,5,6,1.0,5.0,3.0,0,0,0,0,1,1,DL,0,1,0,,,,5-0
570,Viitorul Constanta,3,UEFA Europa League,2019,1,1,2,1,0,1,0,0,0,0,1,1,2,3,5,2.0,3.0,2.5,1,6,7,1.0,6.0,3.5,0,0,0,0,0,0,LW,0,0,1,2-1,,,6-3
571,Red Bull Salzburg,3,UEFA Europa League,2019,1,1,2,0,0,0,1,0,1,0,1,1,2,1,3,2.0,1.0,1.5,2,4,6,2.0,4.0,3.0,0,0,0,0,0,0,LD,0,0,1,,,,4-1
572,Dynamo Kyiv,3,UEFA Europa League,2019,3,3,6,1,0,1,2,2,4,0,1,1,3,4,7,1.0,1.3,1.2,2,5,7,0.7,1.7,1.2,1,1,2,0,1,1,WDDDLD,1,3,1,1-0,,,4-3
573,FK Partizan,3,UEFA Europa League,2019,6,6,12,4,2,6,1,2,3,1,2,3,14,6,20,2.3,1.0,1.7,6,8,14,1.0,1.3,1.2,1,1,2,1,2,3,WWWLWDDWLLDW,3,2,2,4-1,1-2,0-1,3-0
575,AEK Athens FC,3,UEFA Europa League,2019,2,2,4,0,2,2,1,0,1,1,0,1,2,4,6,1.0,2.0,1.5,4,0,4,2.0,0.0,1.0,0,2,2,0,0,0,WDLW,1,1,1,,0-2,1-3,
576,Budapest Honved,3,UEFA Europa League,2019,2,2,4,1,0,1,1,2,3,0,0,0,3,1,4,1.5,0.5,1.0,1,1,2,0.5,0.5,0.5,1,1,2,1,1,2,WDDD,1,0,0,3-1,,,
577,FK Kukesi,3,UEFA Europa League,2019,1,1,2,0,0,0,1,0,1,0,1,1,1,0,1,1.0,0.0,0.5,1,3,4,1.0,3.0,2.0,0,0,0,0,1,1,LD,0,0,1,,,,3-0
578,F91 Dudelange,3,UEFA Europa League,2019,6,6,12,2,3,5,1,1,2,3,2,5,9,9,18,1.5,1.5,1.5,14,10,24,2.3,1.7,2.0,0,1,1,1,1,2,WDWWLWWLLLLD,2,1,4,3-1,3-4,2-5,3-0
579,Buducnost Podgorica,3,UEFA Europa League,2019,2,2,4,1,1,2,0,0,0,1,1,2,5,2,7,2.5,1.0,1.8,4,1,5,2.0,0.5,1.3,0,1,1,0,1,1,WWLL,2,0,0,4-1,0-2,1-3,1-0
582,Alashkert,3,UEFA Europa League,2019,2,2,4,1,2,3,0,0,0,1,0,1,3,6,9,1.5,3.0,2.3,4,2,6,2.0,1.0,1.5,0,1,1,1,0,1,WWLW,2,0,1,3-1,0-3,0-3,
583,Linfield,3,UEFA Europa League,2019,3,3,6,3,1,4,0,1,1,0,1,1,7,5,12,2.3,1.7,2.0,4,5,9,1.3,1.7,1.5,1,0,1,0,0,0,DWWWWL,4,1,0,3-2,1-2,,2-1
584,Dundalk,3,UEFA Europa League,2019,1,1,2,0,0,0,0,0,0,1,1,2,1,0,1,1.0,0.0,0.5,3,1,4,3.0,1.0,2.0,0,0,0,0,1,1,LL,0,0,2,,,1-3,1-0
586,FK Zalgiris Vilnius,3,UEFA Europa League,2019,1,1,2,0,0,0,1,0,1,0,1,1,1,1,2,1.0,1.0,1.0,1,3,4,1.0,3.0,2.0,0,0,0,0,0,0,LD,0,0,1,,,,3-1
588,Zrinjski,3,UEFA Europa League,2019,3,3,6,3,1,4,0,1,1,0,1,1,6,4,10,2.0,1.3,1.7,1,4,5,0.3,1.3,0.8,2,1,3,0,1,1,WWDWLW,2,1,1,3-0,0-3,,3-0
591,FC Santa Coloma,3,UEFA Europa League,2019,1,1,2,0,0,0,1,0,1,0,1,1,0,1,1,0.0,1.0,0.5,0,4,4,0.0,4.0,2.0,1,0,1,1,0,1,DL,0,1,0,,,,4-1
599,Zorya Luhansk,3,UEFA Europa League,2019,3,3,6,2,1,3,1,1,2,0,1,1,4,5,9,1.3,1.7,1.5,2,5,7,0.7,1.7,1.2,2,0,2,0,0,0,WWDWLD,2,1,1,1-0,1-3,,3-1
601,Austria Vienna,3,UEFA Europa League,2019,1,1,2,0,0,0,0,0,0,1,1,2,1,1,2,1.0,1.0,1.0,2,3,5,2.0,3.0,2.5,0,0,0,0,0,0,LL,0,0,2,,,1-2,3-1
602,Apollon Limassol,3,UEFA Europa League,2019,4,4,8,3,2,5,0,0,0,1,2,3,10,5,15,2.5,1.3,1.9,6,6,12,1.5,1.5,1.5,1,1,2,1,1,2,WWLWWWLL,3,0,1,4-0,0-2,0-4,3-0
604,Maccabi Tel Aviv,3,UEFA Europa League,2019,1,1,2,0,0,0,0,0,0,1,1,2,1,1,2,1.0,1.0,1.0,2,2,4,2.0,2.0,2.0,0,0,0,0,0,0,LL,0,0,2,,,1-2,2-1
606,FC Lugano,3,UEFA Europa League,2019,3,3,6,0,0,0,2,1,3,1,2,3,0,2,2,0.0,0.7,0.3,1,4,5,0.3,1.3,0.8,2,0,2,3,1,4,LDLDLD,0,1,1,,,0-1,2-1
608,HNK Hajduk Split,3,UEFA Europa League,2019,1,1,2,0,1,1,0,0,0,1,0,1,1,2,3,1.0,2.0,1.5,3,0,3,3.0,0.0,1.5,0,1,1,0,0,0,WL,1,0,0,,0-2,1-3,
609,Shkendija,3,UEFA Europa League,2019,1,1,2,0,0,0,0,1,1,1,0,1,1,1,2,1.0,1.0,1.0,2,1,3,2.0,1.0,1.5,0,0,0,0,0,0,LD,0,0,1,,,1-2,
610,Fehérvár FC,3,UEFA Europa League,2019,2,2,4,1,1,2,1,0,1,0,1,1,1,5,6,0.5,2.5,1.5,0,3,3,0.0,1.5,0.8,2,0,2,1,1,2,WDWL,1,1,0,1-0,1-5,,2-0
612,Suduva Marijampole,3,UEFA Europa League,2019,3,3,6,2,2,4,1,0,1,0,1,1,7,9,16,2.3,3.0,2.7,1,5,6,0.3,1.7,1.0,2,1,3,1,0,1,WWWWDL,4,1,0,5-0,0-5,,4-2
614,AEK Larnaca,3,UEFA Europa League,2019,3,3,6,2,2,4,1,0,1,0,1,1,5,5,10,1.7,1.7,1.7,1,3,4,0.3,1.0,0.7,2,2,4,0,1,1,WWWWDL,4,1,0,3-0,0-4,,3-0
615,NK Domzale,3,UEFA Europa League,2019,2,2,4,1,1,2,1,0,1,0,1,1,3,6,9,1.5,3.0,2.3,2,6,8,1.0,3.0,2.0,1,0,1,0,0,0,WWDL,2,1,0,1-0,3-4,,3-2
616,NK Osijek,3,UEFA Europa League,2019,1,1,2,1,0,1,0,0,0,0,1,1,1,0,1,1.0,0.0,0.5,0,1,1,0.0,1.0,0.5,1,0,1,0,1,1,LW,0,0,1,1-0,,,1-0
619,PAOK,3,UEFA Europa League,2019,1,1,2,1,0,1,0,0,0,0,1,1,3,0,3,3.0,0.0,1.5,2,1,3,2.0,1.0,1.5,0,0,0,0,1,1,LW,0,0,1,3-2,,,1-0
621,FC Krasnodar,3,UEFA Europa League,2019,3,3,6,2,1,3,0,0,0,1,2,3,5,2,7,1.7,0.7,1.2,3,8,11,1.0,2.7,1.8,1,1,2,0,2,2,LLWWWL,3,0,2,3-1,0-2,1-2,5-0
626,Fola Esch,3,UEFA Europa League,2019,1,1,2,0,0,0,0,0,0,1,1,2,1,1,2,1.0,1.0,1.0,2,2,4,2.0,2.0,2.0,0,0,0,0,0,0,LL,0,0,2,,,1-2,2-1
627,Qabala,3,UEFA Europa League,2019,1,1,2,0,0,0,0,0,0,1,1,2,0,0,0,0.0,0.0,0.0,2,3,5,2.0,3.0,2.5,0,0,0,1,1,2,LL,0,0,2,,,0-2,3-0
628,Sparta Praha,3,UEFA Europa League,2019,1,1,2,0,0,0,1,0,1,0,1,1,2,1,3,2.0,1.0,1.5,2,2,4,2.0,2.0,2.0,0,0,0,0,0,0,DL,0,1,0,,,,2-1
631,Gent,3,UEFA Europa League,2019,7,7,14,5,1,6,2,4,6,0,2,2,19,7,26,2.7,1.0,1.9,10,7,17,1.4,1.0,1.2,1,1,2,0,2,2,WLDWWDWDDWDWLD,2,2,1,6-3,1-3,,2-1
632,Universitatea Craiova,3,UEFA Europa League,2019,3,3,6,1,1,2,1,2,3,1,0,1,3,4,7,1.0,1.3,1.2,4,3,7,1.3,1.0,1.2,1,1,2,2,1,3,WWDDLD,2,2,1,3-2,2-3,0-2,
637,Sturm Graz,3,UEFA Europa League,2019,1,1,2,1,0,1,0,0,0,0,1,1,2,0,2,2.0,0.0,1.0,1,2,3,1.0,2.0,1.5,0,0,0,0,1,1,LW,0,0,1,2-1,,,2-0
638,FK Trakai,3,UEFA Europa League,2019,1,1,2,0,0,0,1,1,2,0,0,0,1,0,1,1.0,0.0,0.5,1,0,1,1.0,0.0,0.5,0,1,1,0,1,1,DD,0,2,0,,,,
640,Mlada Boleslav,3,UEFA Europa League,2019,2,2,4,0,1,1,1,1,2,1,0,1,1,3,4,0.5,1.5,1.0,2,2,4,1.0,1.0,1.0,0,1,1,1,1,2,DWDL,1,1,0,,2-3,0-1,
642,Siroki Brijeg,3,UEFA Europa League,2019,1,1,2,0,0,0,0,0,0,1,1,2,1,1,2,1.0,1.0,1.0,2,2,4,2.0,2.0,2.0,0,0,0,0,0,0,LL,0,0,2,,,1-2,2-1
643,FK Mladost Podgorica,3,UEFA Europa League,2019,1,1,2,0,0,0,1,0,1,0,1,1,0,0,0,0.0,0.0,0.0,0,4,4,0.0,4.0,2.0,1,0,1,1,1,2,LD,0,0,1,,,,4-0
644,FC Luzern,3,UEFA Europa League,2019,2,2,4,1,1,2,0,0,0,1,1,2,1,1,2,0.5,0.5,0.5,3,3,6,1.5,1.5,1.5,1,1,2,1,1,2,WWLL,2,0,0,1-0,0-1,0-3,3-0
646,Levski Sofia,3,UEFA Europa League,2019,2,2,4,1,1,2,0,0,0,1,1,2,2,2,4,1.0,1.0,1.0,4,3,7,2.0,1.5,1.8,1,1,2,1,1,2,WWLL,2,0,0,2-0,0-2,0-4,3-0
649,HJK helsinki,3,UEFA Europa League,2019,1,1,2,0,0,0,1,1,2,0,0,0,2,1,3,2.0,1.0,1.5,2,1,3,2.0,1.0,1.5,0,0,0,0,0,0,DD,0,2,0,,,,
651,Ferencvarosi TC,3,UEFA Europa League,2019,4,4,8,1,1,2,2,3,5,1,0,1,6,3,9,1.5,0.8,1.1,7,2,9,1.8,0.5,1.1,1,2,3,2,1,3,DWDLWDDD,1,1,1,4-2,0-1,0-3,
652,Shamrock Rovers,3,UEFA Europa League,2019,2,2,4,2,0,2,0,1,1,0,1,1,4,3,7,2.0,1.5,1.8,2,5,7,1.0,2.5,1.8,0,0,0,0,0,0,DWWL,2,1,0,2-1,,,3-1
653,Cork City,3,UEFA Europa League,2019,1,1,2,0,1,1,0,0,0,1,0,1,0,2,2,0.0,2.0,1.0,2,1,3,2.0,1.0,1.5,0,0,0,1,0,1,LW,0,0,1,,1-2,0-2,
656,Slovan Bratislava,3,UEFA Europa League,2019,6,6,12,4,2,6,0,1,1,2,3,5,11,10,21,1.8,1.7,1.8,9,9,18,1.5,1.5,1.5,2,1,3,0,1,1,WWWWWLWDLLLL,5,1,1,4-2,1-3,2-4,3-2
658,Progres Niederkorn,3,UEFA Europa League,2019,3,3,6,1,1,2,1,0,1,1,2,3,2,3,5,0.7,1.0,0.8,2,4,6,0.7,1.3,1.0,2,1,3,1,1,2,WLWLLD,1,0,2,1-0,0-2,1-2,2-0
659,Valletta FC,3,UEFA Europa League,2019,1,1,2,0,0,0,0,0,0,1,1,2,0,1,1,0.0,1.0,0.5,4,5,9,4.0,5.0,4.5,0,0,0,1,0,1,LL,0,0,2,,,0-4,5-1
660,FC Vaduz,3,UEFA Europa League,2019,3,3,6,2,0,2,0,1,1,1,2,3,4,0,4,1.3,0.0,0.7,6,2,8,2.0,0.7,1.3,1,1,2,1,3,4,DWLWLL,1,1,1,2-0,,0-5,1-0
661,FK Liepaja,3,UEFA Europa League,2019,2,2,4,0,1,1,1,0,1,1,1,2,1,2,3,0.5,1.0,0.8,2,3,5,1.0,1.5,1.3,0,0,0,1,1,2,DWLL,1,1,0,,1-2,0-1,2-0
662,Kalju Nomme,3,UEFA Europa League,2019,1,1,2,0,0,0,0,0,0,1,1,2,0,1,1,0.0,1.0,0.5,1,3,4,1.0,3.0,2.0,0,0,0,1,0,1,LL,0,0,2,,,0-1,3-1
664,Kairat Almaty,3,UEFA Europa League,2019,2,2,4,1,1,2,1,0,1,0,1,1,3,2,5,1.5,1.0,1.3,2,3,5,1.0,1.5,1.3,0,0,0,0,1,1,WWLD,2,0,1,2-1,1-2,,2-0
667,Lincoln Red Imps FC,3,UEFA Europa League,2019,1,1,2,0,0,0,0,0,0,1,1,2,1,0,1,1.0,0.0,0.5,2,2,4,2.0,2.0,2.0,0,0,0,0,1,1,LL,0,0,2,,,1-2,2-0
668,Ballymena United,3,UEFA Europa League,2019,2,2,4,1,0,1,0,1,1,1,1,2,2,0,2,1.0,0.0,0.5,4,7,11,2.0,3.5,2.8,1,1,2,1,2,3,WDLL,1,1,0,2-0,,0-4,7-0
673,Sutjeska,3,UEFA Europa League,2019,1,1,2,0,0,0,0,0,0,1,1,2,1,2,3,1.0,2.0,1.5,2,3,5,2.0,3.0,2.5,0,0,0,0,0,0,LL,0,0,2,,,1-2,3-2
674,UE Sant Julia,3,UEFA Europa League,2019,1,1,2,1,0,1,0,0,0,0,1,1,3,0,3,3.0,0.0,1.5,2,4,6,2.0,4.0,3.0,0,0,0,0,1,1,WL,1,0,0,3-2,,,4-0
676,Zeta,3,UEFA Europa League,2019,1,1,2,0,0,0,0,1,1,1,0,1,1,0,1,1.0,0.0,0.5,5,0,5,5.0,0.0,2.5,0,1,1,0,1,1,LD,0,0,1,,,1-5,
677,Olimpija Ljubljana,3,UEFA Europa League,2019,2,2,4,0,1,1,0,1,1,2,0,2,2,4,6,1.0,2.0,1.5,4,2,6,2.0,1.0,1.5,0,1,1,1,0,1,LWDL,1,1,1,,0-2,2-3,
678,B36 Torshavn,3,UEFA Europa League,2019,1,1,2,0,0,0,0,0,0,1,1,2,2,0,2,2.0,0.0,1.0,3,2,5,3.0,2.0,2.5,0,0,0,0,1,1,LL,0,0,2,,,2-3,2-0
679,FK Sarajevo,3,UEFA Europa League,2019,1,1,2,0,0,0,0,1,1,1,0,1,1,0,1,1.0,0.0,0.5,2,0,2,2.0,0.0,1.0,0,1,1,0,1,1,LD,0,0,1,,,1-2,
680,Prishtina,3,UEFA Europa League,2019,1,1,2,0,0,0,1,0,1,0,1,1,1,0,1,1.0,0.0,0.5,1,2,3,1.0,2.0,1.5,0,0,0,0,1,1,DL,0,1,0,,,,2-0
682,NSI Runavik,3,UEFA Europa League,2019,1,1,2,0,0,0,1,0,1,0,1,1,0,0,0,0.0,0.0,0.0,0,2,2,0.0,2.0,1.0,1,0,1,1,1,2,LD,0,0,1,,,,2-0
685,Torpedo Kutaisi,3,UEFA Europa League,2019,1,1,2,0,0,0,0,0,0,1,1,2,0,0,0,0.0,0.0,0.0,2,1,3,2.0,1.0,1.5,0,0,0,1,1,2,LL,0,0,2,,,0-2,1-0
687,Flora Tallinn,3,UEFA Europa League,2019,2,2,4,1,0,1,0,1,1,1,1,2,3,3,6,1.5,1.5,1.5,2,4,6,1.0,2.0,1.5,1,0,1,0,0,0,WDLL,1,1,0,2-0,,1-2,2-1
691,Milsami Orhei,3,UEFA Europa League,2019,1,1,2,0,0,0,0,0,0,1,1,2,1,0,1,1.0,0.0,0.5,2,2,4,2.0,2.0,2.0,0,0,0,0,1,1,LL,0,0,2,,,1-2,2-0
692,Ordabasy,3,UEFA Europa League,2019,2,2,4,1,1,2,0,1,1,1,0,1,3,3,6,1.5,1.5,1.5,3,1,4,1.5,0.5,1.0,1,1,2,0,0,0,WWDL,2,1,0,1-0,0-2,2-3,
696,Balzan FC,3,UEFA Europa League,2019,1,1,2,0,0,0,0,0,0,1,1,2,3,0,3,3.0,0.0,1.5,4,1,5,4.0,1.0,2.5,0,0,0,0,1,1,LL,0,0,2,,,3-4,1-0
697,Crusaders FC,3,UEFA Europa League,2019,2,2,4,1,1,2,0,0,0,1,1,2,3,3,6,1.5,1.5,1.5,4,4,8,2.0,2.0,2.0,1,0,1,0,1,1,WWLL,2,0,0,2-0,2-3,1-4,2-0
698,St Joseph S Fc,3,UEFA Europa League,2019,2,2,4,1,0,1,0,1,1,1,1,2,2,1,3,1.0,0.5,0.8,4,7,11,2.0,3.5,2.8,1,0,1,1,1,2,DWLL,1,1,0,2-0,,0-4,6-0
700,Tre Penne,3,UEFA Europa League,2019,1,1,2,0,0,0,0,0,0,1,1,2,0,0,0,0.0,0.0,0.0,5,5,10,5.0,5.0,5.0,0,0,0,1,1,2,LL,0,0,2,,,0-5,5-0
701,KI Klaksvik,3,UEFA Europa League,2019,3,3,6,1,1,2,1,1,2,1,1,2,5,5,10,1.7,1.7,1.7,2,2,4,0.7,0.7,0.7,1,1,2,2,1,3,WWDDLL,2,2,0,5-1,0-4,0-1,1-0
704,Chikhura Sachkhere,3,UEFA Europa League,2019,2,2,4,1,1,2,1,0,1,0,1,1,3,2,5,1.5,1.0,1.3,2,6,8,1.0,3.0,2.0,0,0,0,0,1,1,WWDL,2,1,0,2-1,1-2,,5-0
707,FK Ventspils,3,UEFA Europa League,2019,3,3,6,2,0,2,0,1,1,1,2,3,7,2,9,2.3,0.7,1.5,3,9,12,1.0,3.0,2.0,2,0,2,1,2,3,WLWDLL,1,1,1,4-0,,0-3,6-0
708,Partizani,3,UEFA Europa League,2019,1,1,2,0,0,0,0,1,1,1,0,1,0,1,1,0.0,1.0,0.5,1,1,2,1.0,1.0,1.0,0,0,0,1,0,1,LD,0,0,1,,,0-1,
709,Pyunik Yerevan,3,UEFA Europa League,2019,3,3,6,1,1,2,1,1,2,1,1,2,5,2,7,1.7,0.7,1.2,8,5,13,2.7,1.7,2.2,0,1,1,1,2,3,DWWDLL,2,1,0,2-1,1-2,0-4,4-0
733,Standard Liege,3,UEFA Europa League,2019,3,3,6,2,0,2,1,1,2,0,2,2,6,2,8,2.0,0.7,1.3,3,7,10,1.0,2.3,1.7,1,0,1,0,1,1,WLLWDD,1,0,2,2-0,,,4-0
740,Antwerp,3,UEFA Europa League,2019,2,2,4,1,0,1,0,1,1,1,1,2,2,2,4,1.0,1.0,1.0,4,3,7,2.0,1.5,1.8,1,0,1,0,0,0,WLDL,1,1,1,1-0,,1-4,2-1
853,CSKA Sofia,3,UEFA Europa League,2019,3,3,6,2,0,2,1,1,2,0,2,2,6,0,6,2.0,0.0,1.0,1,2,3,0.3,0.7,0.5,2,1,3,0,3,3,WDWLDL,1,1,1,4-0,,,1-0
858,Lokomotiv Plovdiv,3,UEFA Europa League,2019,2,2,4,1,0,1,0,0,0,1,2,3,2,1,3,1.0,0.5,0.8,1,4,5,0.5,2.0,1.3,1,0,1,1,1,2,WLLL,1,0,0,2-0,,0-1,3-1
952,Atromitos Athinon,3,UEFA Europa League,2019,2,2,4,1,1,2,0,1,1,1,0,1,3,2,5,1.5,1.0,1.3,4,1,5,2.0,0.5,1.3,0,1,1,1,1,2,WWDL,2,1,0,3-2,1-2,0-2,
998,Trabzonspor,3,UEFA Europa League,2019,5,5,10,1,1,2,1,1,2,3,3,6,4,6,10,0.8,1.2,1.0,8,9,17,1.6,1.8,1.7,0,0,0,3,2,5,DWWLLDLLLL,2,1,2,2-1,1-3,0-2,3-1
999,Yeni Malatyaspor,3,UEFA Europa League,2019,2,2,4,1,1,2,1,0,1,0,1,1,3,2,5,1.5,1.0,1.3,2,3,5,1.0,1.5,1.3,1,1,2,0,0,0,DWLW,1,1,1,1-0,0-1,,3-1
1012,FC Thun,3,UEFA Europa League,2019,1,1,2,0,0,0,0,0,0,1,1,2,2,1,3,2.0,1.0,1.5,3,2,5,3.0,2.0,2.5,0,0,0,0,0,0,LL,0,0,2,,,2-3,2-1
1025,Wolfsberger AC,3,UEFA Europa League,2019,3,3,6,0,1,1,1,1,2,2,1,3,1,6,7,0.3,2.0,1.2,5,3,8,1.7,1.0,1.3,0,1,1,2,1,3,WDLLLD,1,1,3,,0-4,0-3,1-0
1026,Lask Linz,3,UEFA Europa League,2019,5,5,10,4,1,5,0,2,2,1,2,3,10,5,15,2.0,1.0,1.5,6,6,12,1.2,1.2,1.2,3,1,4,1,1,2,WLDWWWDWLL,3,1,1,4-1,1-2,0-5,2-1
1063,Saint Etienne,3,UEFA Europa League,2019,3,3,6,0,0,0,3,1,4,0,2,2,2,4,6,0.7,1.3,1.0,2,6,8,0.7,2.0,1.3,1,0,1,1,1,2,LDDDDL,0,4,1,,,,3-2
1077,Arsenal Tula,3,UEFA Europa League,2019,1,1,2,0,0,0,0,0,0,1,1,2,0,0,0,0.0,0.0,0.0,1,3,4,1.0,3.0,2.0,0,0,0,1,1,2,LL,0,0,2,,,0-1,3-0
1120,Spartak Trnava,3,UEFA Europa League,2019,2,2,4,2,0,2,0,0,0,0,2,2,5,0,5,2.5,0.0,1.3,1,4,5,0.5,2.0,1.3,1,0,1,0,2,2,LWLW,1,0,1,3-1,,,2-0
1122,FK Jablonec,3,UEFA Europa League,2019,1,1,2,0,0,0,1,0,1,0,1,1,0,1,1,0.0,1.0,0.5,0,2,2,0.0,2.0,1.0,1,0,1,1,0,1,LD,0,0,1,,,,2-1
1123,Aris Thessalonikis,3,UEFA Europa League,2019,2,2,4,1,1,2,1,0,1,0,1,1,3,1,4,1.5,0.5,1.0,1,3,4,0.5,1.5,1.0,1,1,2,1,1,2,DWLW,1,1,1,3-1,0-1,,3-0
1164,Inter Turku,3,UEFA Europa League,2019,1,1,2,1,0,1,0,0,0,0,1,1,2,1,3,2.0,1.0,1.5,0,4,4,0.0,4.0,2.0,1,0,1,0,0,0,LW,0,0,1,2-0,,,4-1
1165,KuPS,3,UEFA Europa League,2019,2,2,4,1,0,1,1,1,2,0,1,1,2,1,3,1.0,0.5,0.8,0,2,2,0.0,1.0,0.5,2,0,2,1,1,2,WDLD,1,1,1,2-0,,,1-0
1167,Rops,3,UEFA Europa League,2019,1,1,2,0,0,0,0,0,0,1,1,2,1,1,2,1.0,1.0,1.0,2,2,4,2.0,2.0,2.0,0,0,0,0,0,0,LL,0,0,2,,,1-2,2-1
2034,AS Jeunesse Esch,3,UEFA Europa League,2019,2,2,4,0,0,0,1,1,2,1,1,2,0,1,1,0.0,0.5,0.3,1,5,6,0.5,2.5,1.5,1,0,1,2,1,3,DDLL,0,2,0,,,0-1,4-0
2246,CFR 1907 Cluj,3,UEFA Europa League,2019,4,4,8,3,1,4,1,1,2,0,2,2,6,1,7,1.5,0.3,0.9,2,3,5,0.5,0.8,0.6,2,2,4,0,3,3,WLWWLWDD,2,0,1,2-0,0-1,,2-0
2247,Apoel Nicosia,3,UEFA Europa League,2019,4,4,8,2,1,3,0,1,1,2,2,4,6,4,10,1.5,1.0,1.3,8,4,12,2.0,1.0,1.5,1,1,2,1,2,3,LLDWWWLL,3,1,2,2-1,0-2,0-3,1-0
2249,La Fiorita,3,UEFA Europa League,2019,1,1,2,0,0,0,0,0,0,1,1,2,0,1,1,0.0,1.0,0.5,1,2,3,1.0,2.0,1.5,0,0,0,1,0,1,LL,0,0,2,,,0-1,2-1
2252,FC Mariupol,3,UEFA Europa League,2019,1,1,2,0,0,0,1,0,1,0,1,1,0,0,0,0.0,0.0,0.0,0,4,4,0.0,4.0,2.0,1,0,1,1,1,2,DL,0,1,0,,,,4-0
2254,Radnicki NIS,3,UEFA Europa League,2019,1,1,2,0,0,0,1,0,1,0,1,1,2,0,2,2.0,0.0,1.0,2,2,4,2.0,2.0,2.0,0,0,0,0,1,1,LD,0,0,1,,,,2-0
2256,Laci,3,UEFA Europa League,2019,1,1,2,0,0,0,1,0,1,0,1,1,1,0,1,1.0,0.0,0.5,1,1,2,1.0,1.0,1.0,0,0,0,0,1,1,DL,0,1,0,,,,1-0
2257,Dunajska Streda,3,UEFA Europa League,2019,2,2,4,0,0,0,1,1,2,1,1,2,2,4,6,1.0,2.0,1.5,3,5,8,1.5,2.5,2.0,0,0,0,0,0,0,DDLL,0,2,0,,,1-2,3-2
2259,FK Tobol Kostanay,3,UEFA Europa League,2019,1,1,2,0,0,0,1,1,2,0,0,0,1,0,1,1.0,0.0,0.5,1,0,1,1.0,0.0,0.5,0,1,1,0,1,1,DD,0,2,0,,,,
2260,Tre Fiori,3,UEFA Europa League,2019,1,1,2,0,0,0,0,0,0,1,1,2,0,1,1,0.0,1.0,0.5,4,5,9,4.0,5.0,4.5,0,0,0,1,0,1,LL,0,0,2,,,0-4,5-1
2262,Dinamo Tbilisi,3,UEFA Europa League,2019,3,3,6,2,2,4,1,0,1,0,1,1,10,3,13,3.3,1.0,2.2,1,4,5,0.3,1.3,0.8,2,2,4,0,1,1,WWWWLD,4,0,1,6-0,0-2,,4-0
2264,Gzira United,3,UEFA Europa League,2019,2,2,4,0,1,1,1,0,1,1,1,2,2,3,5,1.0,1.5,1.3,4,5,9,2.0,2.5,2.3,0,0,0,1,1,2,LWLD,1,0,1,,1-3,0-2,4-0
2265,Shkupi 1927,3,UEFA Europa League,2019,1,1,2,0,0,0,0,1,1,1,0,1,1,3,4,1.0,3.0,2.0,2,3,5,2.0,3.0,2.5,0,0,0,0,0,0,DL,0,1,0,,,1-2,
2266,Cliftonville FC,3,UEFA Europa League,2019,2,2,4,1,0,1,0,1,1,1,1,2,4,1,5,2.0,0.5,1.3,1,5,6,0.5,2.5,1.5,1,1,2,1,1,2,DWLL,1,1,0,4-0,,0-1,5-1
2268,UE Engordany,3,UEFA Europa League,2019,2,2,4,1,1,2,0,0,0,1,1,2,2,1,3,1.0,0.5,0.8,2,6,8,1.0,3.0,2.0,0,1,1,1,1,2,WWLL,2,0,0,2-1,0-1,0-1,6-0
2270,Neftchi Baku,3,UEFA Europa League,2019,3,3,6,2,2,4,1,0,1,0,1,1,11,5,16,3.7,1.7,2.7,2,2,4,0.7,0.7,0.7,2,2,4,0,0,0,WWWWDL,4,1,0,6-0,0-3,,2-1
2271,Petrocub,3,UEFA Europa League,2019,1,1,2,0,0,0,0,0,0,1,1,2,0,0,0,0.0,0.0,0.0,1,1,2,1.0,1.0,1.0,0,0,0,1,1,2,LL,0,0,2,,,0-1,1-0
2273,FC Levadia Tallinn,3,UEFA Europa League,2019,1,1,2,1,0,1,0,0,0,0,1,1,3,1,4,3.0,1.0,2.0,2,2,4,2.0,2.0,2.0,0,0,0,0,0,0,LW,0,0,1,3-2,,,2-1
2274,Trans Narva,3,UEFA Europa League,2019,1,1,2,0,0,0,0,0,0,1,1,2,0,1,1,0.0,1.0,0.5,2,4,6,2.0,4.0,3.0,0,0,0,1,0,1,LL,0,0,2,,,0-2,4-1
2276,FC Urartu,3,UEFA Europa League,2019,1,1,2,0,0,0,0,0,0,1,1,2,0,0,0,0.0,0.0,0.0,5,3,8,5.0,3.0,4.0,0,0,0,1,1,2,LL,0,0,2,,,0-5,3-0
2392,Debreceni VSC,3,UEFA Europa League,2019,2,2,4,1,0,1,0,1,1,1,1,2,4,1,5,2.0,0.5,1.3,4,4,8,2.0,2.0,2.0,1,0,1,0,1,1,WDLL,1,1,0,3-0,,1-4,3-0
2656,Cukaricki,3,UEFA Europa League,2019,2,2,4,1,1,2,0,1,1,1,0,1,4,5,9,2.0,2.5,2.3,3,0,3,1.5,0.0,0.8,1,2,3,0,1,1,WWDL,2,1,0,3-0,0-5,1-3,
3320,Teuta Durrës,3,UEFA Europa League,2019,1,1,2,1,0,1,0,0,0,0,1,1,1,0,1,1.0,0.0,0.5,0,3,3,0.0,3.0,1.5,1,0,1,0,1,1,LW,0,0,1,1-0,,,3-0
3359,Radnik Bijeljina,3,UEFA Europa League,2019,1,1,2,1,0,1,0,0,0,0,1,1,2,0,2,2.0,0.0,1.0,0,2,2,0.0,2.0,1.0,1,0,1,0,1,1,WL,1,0,0,2-0,,,2-0
3396,AEL,3,UEFA Europa League,2019,1,1,2,0,0,0,0,1,1,1,0,1,0,0,0,0.0,0.0,0.0,1,0,1,1.0,0.0,0.5,0,1,1,1,1,2,DL,0,1,0,,,0-1,
3502,Saburtalo,3,UEFA Europa League,2019,1,1,2,0,1,1,0,0,0,1,0,1,0,2,2,0.0,2.0,1.0,2,1,3,2.0,1.0,1.5,0,0,0,1,0,1,WL,1,0,0,,1-2,0-2,
3549,Ružomberok,3,UEFA Europa League,2019,1,1,2,0,0,0,0,0,0,1,1,2,0,0,0,0.0,0.0,0.0,2,2,4,2.0,2.0,2.0,0,0,0,1,1,2,LL,0,0,2,,,0-2,2-0
3619,Oleksandria,3,UEFA Europa League,2019,3,3,6,0,0,0,2,1,3,1,2,3,3,3,6,1.0,1.0,1.0,4,6,10,1.3,2.0,1.7,0,0,0,1,0,1,LDDDLL,0,3,1,,,0-1,3-1
3683,Ararat-Armenia,3,UEFA Europa League,2019,3,3,6,2,2,4,0,0,0,1,1,2,5,5,10,1.7,1.7,1.7,3,3,6,1.0,1.0,1.0,1,1,2,0,0,0,WWLWWL,2,0,1,2-0,0-2,1-2,2-1
3843,St Patrick's Athl.,3,UEFA Europa League,2019,1,1,2,0,0,0,0,0,0,1,1,2,0,1,1,0.0,1.0,0.5,2,2,4,2.0,2.0,2.0,0,0,0,1,0,1,LL,0,0,2,,,0-2,2-1
3872,Kauno Žalgiris,3,UEFA Europa League,2019,1,1,2,0,0,0,0,0,0,1,1,2,0,0,0,0.0,0.0,0.0,2,4,6,2.0,4.0,3.0,0,0,0,1,1,2,LL,0,0,2,,,0-2,4-0
3884,Hibernians,3,UEFA Europa League,2019,1,1,2,0,0,0,0,0,0,1,1,2,0,0,0,0.0,0.0,0.0,1,1,2,1.0,1.0,1.0,0,0,0,1,1,2,LL,0,0,2,,,0-1,1-0
4132,Feronikeli,3,UEFA Europa League,2019,1,1,2,0,0,0,0,0,0,1,1,2,0,1,1,0.0,1.0,0.5,2,2,4,2.0,2.0,2.0,0,0,0,1,0,1,LL,0,0,2,,,0-2,2-1
4133,HB,3,UEFA Europa League,2019,1,1,2,0,0,0,1,0,1,0,1,1,2,0,2,2.0,0.0,1.0,2,1,3,2.0,1.0,1.5,0,0,0,0,1,1,DL,0,1,0,,,,1-0
4160,Rīgas FS,3,UEFA Europa League,2019,1,1,2,0,1,1,0,0,0,1,0,1,0,3,3,0.0,3.0,1.5,2,2,4,2.0,2.0,2.0,0,0,0,1,0,1,WL,1,0,0,,2-3,0-2,
4194,Akademija Pandev,3,UEFA Europa League,2019,1,1,2,0,0,0,0,0,0,1,1,2,0,0,0,0.0,0.0,0.0,3,3,6,3.0,3.0,3.0,0,0,0,1,1,2,LL,0,0,2,,,0-3,3-0
4195,Maccabi Haifa,3,UEFA Europa League,2019,2,2,4,2,1,3,0,0,0,0,1,1,4,4,8,2.0,2.0,2.0,1,5,6,0.5,2.5,1.5,1,0,1,0,0,0,WWLW,2,0,1,2-0,2-3,,3-1
4196,Makedonija GjP,3,UEFA Europa League,2019,1,1,2,0,0,0,0,0,0,1,1,2,0,1,1,0.0,1.0,0.5,3,3,6,3.0,3.0,3.0,0,0,0,1,0,1,LL,0,0,2,,,0-3,3-1
4197,Mura,3,UEFA Europa League,2019,1,1,2,0,0,0,0,0,0,1,1,2,2,0,2,2.0,0.0,1.0,3,2,5,3.0,2.0,2.5,0,0,0,0,1,1,LL,0,0,2,,,2-3,2-0
4198,Speranţa Nisporeni,3,UEFA Europa League,2019,1,1,2,0,0,0,0,0,0,1,1,2,0,0,0,0.0,0.0,0.0,3,6,9,3.0,6.0,4.5,0,0,0,1,1,2,LL,0,0,2,,,0-3,6-0
4199,Səbail,3,UEFA Europa League,2019,1,1,2,0,0,0,0,0,0,1,1,2,2,2,4,2.0,2.0,2.0,3,3,6,3.0,3.0,3.0,0,0,0,0,0,0,LL,0,0,2,,,2-3,3-2
4508,Bnei Yehuda,3,UEFA Europa League,2019,2,2,4,1,0,1,0,1,1,1,1,2,2,2,4,1.0,1.0,1.0,2,5,7,1.0,2.5,1.8,0,0,0,1,1,2,DWLL,1,1,0,2-1,,0-1,3-0
10124,Riga,3,UEFA Europa League,2019,3,3,6,2,0,2,1,1,2,0,2,2,4,5,9,1.3,1.7,1.5,2,8,10,0.7,2.7,1.7,1,0,1,0,0,0,LWDDLW,1,2,1,2-1,,,3-1
10125,Europa,3,UEFA Europa League,2019,2,2,4,1,0,1,1,0,1,0,2,2,4,2,6,2.0,1.0,1.5,0,6,6,0.0,3.0,1.5,2,0,2,1,1,2,LWDL,1,1,1,4-0,,,3-0
33,Manchester United,3,UEFA Europa League,2020,4,5,9,2,3,5,2,1,3,0,1,1,9,10,19,2.3,2.0,2.1,3,4,7,0.8,0.8,0.8,2,3,5,1,0,1,WDDWWWWLD,4,2,1,6-2,0-4,,3-2
42,Arsenal,3,UEFA Europa League,2020,7,7,14,4,5,9,2,1,3,1,1,2,15,18,33,2.1,2.6,2.4,6,7,13,0.9,1.0,0.9,2,2,4,2,0,2,WWWWWWDWWLDWLD,6,1,1,4-1,0-4,0-1,2-1
46,Leicester,3,UEFA Europa League,2020,4,4,8,3,1,4,0,2,2,1,1,2,9,5,14,2.3,1.3,1.8,2,5,7,0.5,1.3,0.9,3,1,4,1,2,3,WWWDLWDL,3,1,1,4-0,1-2,0-2,1-0
47,Tottenham,3,UEFA Europa League,2020,6,7,13,6,4,10,0,1,1,0,2,2,22,15,37,3.7,2.1,2.8,2,11,13,0.3,1.6,1.0,5,0,5,0,2,2,WWWWLWWDWWWWL,4,1,1,7-2,1-4,,3-0
79,Lille,3,UEFA Europa League,2020,4,4,8,1,2,3,2,0,2,1,2,3,6,10,16,1.5,2.5,2.0,6,6,12,1.5,1.5,1.5,0,1,1,0,0,0,WDWDWLLL,1,1,0,2-1,1-4,1-2,3-2
84,Nice,3,UEFA Europa League,2020,3,3,6,1,0,1,0,0,0,2,3,5,4,4,8,1.3,1.3,1.3,6,10,16,2.0,3.3,2.7,1,0,1,0,1,1,LWLLLL,1,0,1,1-0,,1-3,6-2
93,Reims,3,UEFA Europa League,2020,0,2,2,0,1,1,0,1,1,0,0,0,0,1,1,0.0,0.5,0.5,0,0,0,0.0,0.0,0.0,0,2,2,0,1,1,WD,1,0,0,,0-1,,
161,VfL Wolfsburg,3,UEFA Europa League,2020,1,2,3,1,1,2,0,0,0,0,1,1,2,5,7,2.0,2.5,2.3,0,2,2,0.0,1.0,0.7,1,1,2,0,0,0,WWL,2,0,0,2-0,0-4,,2-1
167,1899 Hoffenheim,3,UEFA Europa League,2020,4,4,8,3,2,5,0,2,2,1,0,1,11,9,20,2.8,2.3,2.5,3,4,7,0.8,1.0,0.9,2,2,4,1,1,2,WWWWDWDL,4,1,0,5-0,1-4,0-2,
168,Bayer Leverkusen,3,UEFA Europa League,2020,4,4,8,3,2,5,0,0,0,1,2,3,14,10,24,3.5,2.5,3.0,5,9,14,1.3,2.3,1.8,1,0,1,1,1,2,WLWWWWLL,4,0,1,6-2,2-4,0-2,4-3
194,Ajax,3,UEFA Europa League,2020,3,3,6,2,2,4,0,1,1,1,0,1,6,5,11,2.0,1.7,1.8,3,2,5,1.0,0.7,0.8,1,1,2,0,0,0,WWWWLD,4,0,1,3-0,0-2,1-2,
195,Willem II,3,UEFA Europa League,2020,1,1,2,0,1,1,0,0,0,1,0,1,0,5,5,0.0,5.0,2.5,4,0,4,4.0,0.0,2.0,0,1,1,1,0,1,WL,1,0,0,,0-5,0-4,
197,PSV Eindhoven,3,UEFA Europa League,2020,4,6,10,3,4,7,0,0,0,1,2,3,10,13,23,2.5,2.2,2.3,5,10,15,1.3,1.7,1.5,1,2,3,0,0,0,WWLWLWWWLW,3,0,1,4-0,1-5,1-2,4-1
201,AZ Alkmaar,3,UEFA Europa League,2020,3,3,6,1,1,2,2,0,2,0,2,2,5,2,7,1.7,0.7,1.2,2,3,5,0.7,1.0,0.8,1,1,2,1,1,2,WWLDDL,2,2,1,4-1,0-1,,2-1
209,Feyenoord,3,UEFA Europa League,2020,3,3,6,1,0,1,0,2,2,2,1,3,4,0,4,1.3,0.0,0.7,7,1,8,2.3,0.3,1.3,0,2,2,1,3,4,DLWDLL,1,1,1,3-1,,1-4,1-0
211,Benfica,3,UEFA Europa League,2020,4,4,8,2,1,3,2,2,4,0,1,1,11,10,21,2.8,2.5,2.6,4,9,13,1.0,2.3,1.6,2,0,2,0,0,0,WWDDWDDL,2,2,0,4-0,2-4,,3-2
217,SC Braga,3,UEFA Europa League,2020,4,4,8,2,2,4,1,0,1,1,2,3,8,7,15,2.0,1.8,1.9,5,10,15,1.3,2.5,1.9,2,0,2,1,1,2,WWLDWWLL,2,1,1,3-0,2-4,0-2,4-0
226,Rio Ave,3,UEFA Europa League,2020,1,2,3,0,1,1,1,1,2,0,0,0,2,3,5,2.0,1.5,1.7,2,1,3,2.0,0.5,1.0,0,1,1,0,0,0,WDD,1,0,0,,0-2,,
228,Sporting CP,3,UEFA Europa League,2020,2,0,2,1,0,1,0,0,0,1,0,1,2,0,2,1.0,0.0,1.0,4,0,4,2.0,0.0,2.0,1,0,1,0,0,0,WL,1,0,0,1-0,,1-4,
247,Celtic,3,UEFA Europa League,2020,3,5,8,1,2,3,0,1,1,2,2,4,5,7,12,1.7,1.4,1.5,9,10,19,3.0,2.0,2.4,0,2,2,0,0,0,WWLDLLLW,2,1,3,3-2,0-1,1-4,4-1
252,Aberdeen,3,UEFA Europa League,2020,1,2,3,1,1,2,0,0,0,0,1,1,6,2,8,6.0,1.0,2.7,0,1,1,0.0,0.5,0.3,1,1,2,0,1,1,WWL,2,0,0,6-0,0-2,,1-0
256,Motherwell,3,UEFA Europa League,2020,1,2,3,1,0,1,0,1,1,0,1,1,5,2,7,5.0,1.0,2.3,1,5,6,1.0,2.5,2.0,0,0,0,0,1,1,WDL,1,1,0,5-1,,,3-0
257,Rangers,3,UEFA Europa League,2020,6,7,13,4,5,9,1,2,3,1,0,1,13,21,34,2.2,3.0,2.6,9,7,16,1.5,1.0,1.2,1,4,5,1,0,1,WWWWWDDWWWWDL,5,2,0,5-2,0-5,0-2,
270,FH hafnarfjordur,3,UEFA Europa League,2020,1,0,1,0,0,0,0,0,0,1,0,1,0,0,0,0.0,0.0,0.0,2,0,2,2.0,0.0,2.0,0,0,0,1,0,1,L,0,0,1,,,0-2,
271,KR Reykjavik,3,UEFA Europa League,2020,0,1,1,0,0,0,0,0,0,0,1,1,0,1,1,0.0,1.0,1.0,0,2,2,0.0,2.0,2.0,0,0,0,0,0,0,L,0,0,1,,,,2-1
276,Breidablik,3,UEFA Europa League,2020,0,1,1,0,0,0,0,0,0,0,1,1,0,2,2,0.0,2.0,2.0,0,4,4,0.0,4.0,4.0,0,0,0,0,0,0,L,0,0,1,,,,4-2
278,Vikingur Reykjavik,3,UEFA Europa League,2020,0,1,1,0,0,0,0,0,0,0,1,1,0,1,1,0.0,1.0,1.0,0,2,2,0.0,2.0,2.0,0,0,0,0,0,0,L,0,0,1,,,,2-1
327,Bodo/Glimt,3,UEFA Europa League,2020,2,1,3,2,0,2,0,0,0,0,1,1,9,2,11,4.5,2.0,3.7,2,3,5,1.0,3.0,1.7,0,0,0,0,0,0,WWL,2,0,0,6-1,,,3-2
329,Molde,3,UEFA Europa League,2020,5,5,10,3,2,5,1,1,2,1,2,3,9,7,16,1.8,1.4,1.6,8,9,17,1.6,1.8,1.7,1,1,2,1,1,2,WWLLWDDWLW,2,2,2,3-1,0-2,0-3,4-1
331,Rosenborg,3,UEFA Europa League,2020,3,1,4,2,1,3,0,0,0,1,0,1,5,5,10,1.7,5.0,2.5,4,1,5,1.3,1.0,1.3,1,0,1,1,0,1,WWWL,3,0,0,4-2,1-5,0-2,
339,Legia Warszawa,3,UEFA Europa League,2020,2,0,2,1,0,1,0,0,0,1,0,1,2,0,2,1.0,0.0,1.0,3,0,3,1.5,0.0,1.5,1,0,1,1,0,1,WL,1,0,0,2-0,,0-3,
347,Lech Poznan,3,UEFA Europa League,2020,4,6,10,2,3,5,0,0,0,2,3,5,8,11,19,2.0,1.8,1.9,7,8,15,1.8,1.3,1.5,1,2,3,1,2,3,WWWWLLWLLL,4,0,2,3-0,0-5,2-4,4-0
349,Piast Gliwice,3,UEFA Europa League,2020,1,2,3,1,1,2,0,0,0,0,1,1,3,2,5,3.0,1.0,1.7,2,3,5,2.0,1.5,1.7,0,1,1,0,1,1,WWL,2,0,0,3-2,0-2,,3-0
350,Cracovia Krakow,3,UEFA Europa League,2020,0,1,1,0,0,0,0,0,0,0,1,1,0,0,0,0.0,0.0,0.0,0,2,2,0.0,2.0,2.0,0,0,0,0,1,1,L,0,0,1,,,,2-0
352,Bala Town,3,UEFA Europa League,2020,0,2,2,0,1,1,0,0,0,0,1,1,0,1,1,0.0,0.5,0.5,0,2,2,0.0,1.0,1.0,0,1,1,0,1,1,WL,1,0,0,,0-1,,2-0
354,The New Saints,3,UEFA Europa League,2020,1,1,2,1,0,1,0,1,1,0,0,0,3,2,5,3.0,2.0,2.5,1,2,3,1.0,2.0,1.5,0,0,0,0,0,0,WD,1,0,0,3-1,,,
357,GAP Connah S Quay FC,3,UEFA Europa League,2020,1,0,1,0,0,0,0,0,0,1,0,1,0,0,0,0.0,0.0,0.0,1,0,1,1.0,0.0,1.0,0,0,0,1,0,1,L,0,0,1,,,0-1,
361,Barry Town,3,UEFA Europa League,2020,0,1,1,0,0,0,0,0,0,0,1,1,0,1,1,0.0,1.0,1.0,0,5,5,0.0,5.0,5.0,0,0,0,0,0,0,L,0,0,1,,,,5-1
363,Hammarby FF,3,UEFA Europa League,2020,2,0,2,1,0,1,0,0,0,1,0,1,3,0,3,1.5,0.0,1.5,3,0,3,1.5,0.0,1.5,1,0,1,1,0,1,WL,1,0,0,3-0,,0-3,
364,Djurgardens IF,3,UEFA Europa League,2020,2,0,2,1,0,1,0,0,0,1,0,1,2,0,2,1.0,0.0,1.0,2,0,2,1.0,0.0,1.0,0,0,0,1,0,1,WL,1,0,0,2-1,,0-1,
366,IFK Goteborg,3,UEFA Europa League,2020,1,0,1,0,0,0,0,0,0,1,0,1,1,0,1,1.0,0.0,1.0,2,0,2,2.0,0.0,2.0,0,0,0,0,0,0,L,0,0,1,,,1-2,
375,Malmo FF,3,UEFA Europa League,2020,3,1,4,2,1,3,0,0,0,1,0,1,8,2,10,2.7,2.0,2.5,3,0,3,1.0,0.0,0.8,2,1,3,0,0,0,WWWL,3,0,0,5-0,0-2,1-3,
386,Dinamo Brest,3,UEFA Europa League,2020,1,0,1,0,0,0,0,0,0,1,0,1,0,0,0,0.0,0.0,0.0,2,0,2,2.0,0.0,2.0,0,0,0,1,0,1,L,0,0,1,,,0-2,
388,Bate Borisov,3,UEFA Europa League,2020,0,1,1,0,0,0,0,0,0,0,1,1,0,0,0,0.0,0.0,0.0,0,2,2,0.0,2.0,2.0,0,0,0,0,1,1,L,0,0,1,,,,2-0
392,Shakhter Soligorsk,3,UEFA Europa League,2020,1,0,1,0,0,0,1,0,1,0,0,0,0,0,0,0.0,0.0,0.0,0,0,0,0.0,0.0,0.0,1,0,1,1,0,1,D,0,1,0,,,,
394,Dinamo Minsk,3,UEFA Europa League,2020,1,0,1,0,0,0,0,0,0,1,0,1,0,0,0,0.0,0.0,0.0,2,0,2,2.0,0.0,2.0,0,0,0,1,0,1,L,0,0,1,,,0-2,
396,Sonderjyske,3,UEFA Europa League,2020,0,1,1,0,0,0,0,0,0,0,1,1,0,0,0,0.0,0.0,0.0,0,3,3,0.0,3.0,3.0,0,0,0,0,1,1,L,0,0,1,,,,3-0
400,FC Copenhagen,3,UEFA Europa League,2020,2,1,3,1,1,2,0,0,0,1,0,1,3,2,5,1.5,2.0,1.7,1,1,2,0.5,1.0,0.7,1,0,1,1,0,1,WWL,2,0,0,3-0,1-2,0-1,
406,Aarhus,3,UEFA Europa League,2020,1,1,2,1,0,1,0,0,0,0,1,1,5,0,5,5.0,0.0,2.5,2,3,5,2.0,3.0,2.5,0,0,0,0,1,1,WL,1,0,0,5-2,,,3-0
489,AC Milan,3,UEFA Europa League,2020,6,7,13,3,3,6,1,4,5,2,0,2,11,12,23,1.8,1.7,1.8,9,7,16,1.5,1.0,1.2,1,2,3,2,0,2,WWDWWLDWWDDDL,2,3,1,3-0,1-3,0-3,
492,Napoli,3,UEFA Europa League,2020,4,4,8,2,2,4,1,1,2,1,1,2,5,4,9,1.3,1.0,1.1,3,4,7,0.8,1.0,0.9,1,1,2,1,1,2,LWWWDDLW,3,2,1,2-0,1-2,0-1,2-0
497,AS Roma,3,UEFA Europa League,2020,7,7,14,5,5,10,2,0,2,0,2,2,18,13,31,2.6,1.9,2.2,5,12,17,0.7,1.7,1.2,3,2,5,1,0,1,WDWWWLWWWWWDLW,5,1,1,5-0,0-2,,6-2
533,Villarreal,3,UEFA Europa League,2020,8,7,15,7,5,12,1,2,3,0,0,0,21,10,31,2.6,1.4,2.1,7,2,9,0.9,0.3,0.6,3,5,8,0,1,1,WWWDWWWWWWWWWDD,9,1,0,4-0,1-3,,
548,Real Sociedad,3,UEFA Europa League,2020,4,4,8,1,1,2,1,3,4,2,0,2,3,2,5,0.8,0.5,0.6,7,1,8,1.8,0.3,1.0,1,3,4,2,2,4,WLWDDDLD,1,3,1,1-0,0-1,0-4,
549,Besiktas,3,UEFA Europa League,2020,1,0,1,0,0,0,1,0,1,0,0,0,1,0,1,1.0,0.0,1.0,1,0,1,1.0,0.0,1.0,0,0,0,0,0,0,D,0,1,0,,,,
550,Shakhtar Donetsk,3,UEFA Europa League,2020,2,2,4,1,1,2,0,0,0,1,1,2,2,2,4,1.0,1.0,1.0,2,3,5,1.0,1.5,1.3,1,1,2,0,1,1,WWLL,2,0,0,1-0,0-2,1-2,3-0
551,FC Basel 1893,3,UEFA Europa League,2020,2,1,3,1,1,2,0,0,0,1,0,1,4,2,6,2.0,2.0,2.0,5,1,6,2.5,1.0,2.0,0,0,0,0,0,0,WWL,2,0,0,3-2,1-2,1-3,
552,Maribor,3,UEFA Europa League,2020,1,0,1,0,0,0,1,0,1,0,0,0,1,0,1,1.0,0.0,1.0,1,0,1,1.0,0.0,1.0,0,0,0,0,0,0,D,0,1,0,,,,
553,Olympiakos Piraeus,3,UEFA Europa League,2020,2,2,4,1,1,2,0,0,0,1,1,2,5,2,7,2.5,1.0,1.8,5,2,7,2.5,1.0,1.8,0,1,1,0,0,0,WLLW,1,0,2,4-2,0-1,1-3,2-1
555,CSKA Moscow,3,UEFA Europa League,2020,3,3,6,0,0,0,2,1,3,1,2,3,0,3,3,0.0,1.0,0.5,1,7,8,0.3,2.3,1.3,2,0,2,3,0,3,DDLDLL,0,2,1,,,0-1,3-1
556,Qarabag,3,UEFA Europa League,2020,3,4,7,0,1,1,1,0,1,2,3,5,4,3,7,1.3,0.8,1.0,7,6,13,2.3,1.5,1.9,0,1,1,0,3,3,WLLLLDL,1,1,4,,0-3,1-3,3-0
559,FCSB,3,UEFA Europa League,2020,2,1,3,1,0,1,0,1,1,1,0,1,3,6,9,1.5,6.0,3.0,2,6,8,1.0,6.0,2.7,1,0,1,1,0,1,WDL,1,1,0,3-0,,0-2,
560,Slavia Praha,3,UEFA Europa League,2020,6,6,12,3,3,6,2,1,3,1,2,3,8,9,17,1.3,1.5,1.4,7,9,16,1.2,1.5,1.3,3,2,5,2,1,3,LWWWWLDWDWDL,4,1,1,3-0,1-3,0-4,4-0
561,HNK Rijeka,3,UEFA Europa League,2020,4,4,8,2,1,3,0,1,1,2,2,4,5,4,9,1.3,1.0,1.1,4,8,12,1.0,2.0,1.5,1,1,2,1,1,2,WWLLLLDW,2,1,4,2-0,0-1,1-2,4-1
562,FC Astana,3,UEFA Europa League,2020,1,0,1,0,0,0,0,0,0,1,0,1,0,0,0,0.0,0.0,0.0,1,0,1,1.0,0.0,1.0,0,0,0,1,0,1,L,0,0,1,,,0-1,
563,Hapoel Beer Sheva,3,UEFA Europa League,2020,6,4,10,5,1,6,0,0,0,1,3,4,13,3,16,2.2,0.8,1.6,5,9,14,0.8,2.3,1.4,4,0,4,0,2,2,WWWWWLLLLW,5,0,4,3-0,1-2,2-4,4-1
565,BSC Young Boys,3,UEFA Europa League,2020,6,5,11,4,2,6,0,1,1,2,2,4,13,5,18,2.2,1.0,1.6,8,7,15,1.3,1.4,1.4,2,2,4,1,1,2,WLDWWLWWWLL,3,1,1,3-0,0-2,0-2,3-0
566,Ludogorets,3,UEFA Europa League,2020,3,4,7,0,1,1,0,0,0,3,3,6,3,6,9,1.0,1.5,1.3,8,11,19,2.7,2.8,2.7,0,1,1,0,1,1,WLLLLLL,1,0,0,,0-2,1-3,4-0
567,Plzen,3,UEFA Europa League,2020,1,1,2,1,0,1,0,0,0,0,1,1,3,0,3,3.0,0.0,1.5,0,1,1,0.0,1.0,0.5,1,0,1,0,1,1,WL,1,0,0,3-0,,,1-0
568,Sheriff Tiraspol,3,UEFA Europa League,2020,1,0,1,0,0,0,1,0,1,0,0,0,1,0,1,1.0,0.0,1.0,1,0,1,1.0,0.0,1.0,0,0,0,0,0,0,D,0,1,0,,,,
569,Club Brugge KV,3,UEFA Europa League,2020,1,1,2,0,0,0,0,1,1,1,0,1,0,1,1,0.0,1.0,0.5,1,1,2,1.0,1.0,1.0,0,0,0,1,0,1,DL,0,1,0,,,0-1,
571,Red Bull Salzburg,3,UEFA Europa League,2020,1,1,2,0,0,0,0,0,0,1,1,2,0,1,1,0.0,1.0,0.5,2,2,4,2.0,2.0,2.0,0,0,0,1,0,1,LL,0,0,2,,,0-2,2-1
572,Dynamo Kyiv,3,UEFA Europa League,2020,2,2,4,0,1,1,1,0,1,1,1,2,1,1,2,0.5,0.5,0.5,3,2,5,1.5,1.0,1.3,0,1,1,1,1,2,DWLL,1,1,0,,0-1,0-2,2-0
573,FK Partizan,3,UEFA Europa League,2020,1,2,3,1,1,2,0,0,0,0,1,1,1,2,3,1.0,1.0,1.0,0,2,2,0.0,1.0,0.7,1,1,2,0,0,0,WWL,2,0,0,1-0,0-1,,2-1
575,AEK Athens FC,3,UEFA Europa League,2020,4,4,8,1,2,3,0,0,0,3,2,5,5,5,10,1.3,1.3,1.3,10,6,16,2.5,1.5,2.0,0,1,1,1,2,3,WWLLWLLL,2,0,2,2-1,1-4,0-3,3-0
576,Budapest Honved,3,UEFA Europa League,2020,2,0,2,1,0,1,0,0,0,1,0,1,2,0,2,1.0,0.0,1.0,3,0,3,1.5,0.0,1.5,0,0,0,1,0,1,WL,1,0,0,2-1,,0-2,
577,FK Kukesi,3,UEFA Europa League,2020,2,0,2,1,0,1,0,0,0,1,0,1,2,0,2,1.0,0.0,1.0,5,0,5,2.5,0.0,2.5,0,0,0,1,0,1,WL,1,0,0,2-1,,0-4,
579,Buducnost Podgorica,3,UEFA Europa League,2020,0,2,2,0,1,1,0,0,0,0,1,1,0,2,2,0.0,1.0,1.0,0,2,2,0.0,1.0,1.0,0,1,1,0,0,0,WL,1,0,0,,0-1,,2-1
582,Alashkert,3,UEFA Europa League,2020,1,0,1,0,0,0,0,0,0,1,0,1,0,0,0,0.0,0.0,0.0,1,0,1,1.0,0.0,1.0,0,0,0,1,0,1,L,0,0,1,,,0-1,
583,Linfield,3,UEFA Europa League,2020,1,0,1,0,0,0,0,0,0,1,0,1,0,0,0,0.0,0.0,0.0,1,0,1,1.0,0.0,1.0,0,0,0,1,0,1,L,0,0,1,,,0-1,
584,Dundalk,3,UEFA Europa League,2020,4,5,9,1,1,2,0,1,1,3,3,6,7,6,13,1.8,1.2,1.4,10,11,21,2.5,2.2,2.3,0,1,1,0,1,1,WDWLLLLLL,1,1,0,3-1,0-1,2-4,3-0
586,FK Zalgiris Vilnius,3,UEFA Europa League,2020,1,1,2,1,0,1,0,0,0,0,1,1,2,1,3,2.0,1.0,1.5,0,3,3,0.0,3.0,1.5,1,0,1,0,0,0,WL,1,0,0,2-0,,,3-1
588,Zrinjski,3,UEFA Europa League,2020,1,2,3,1,1,2,0,1,1,0,0,0,3,5,8,3.0,2.5,2.7,0,4,4,0.0,2.0,1.3,1,0,1,0,0,0,WWD,2,0,0,3-0,2-3,,
591,FC Santa Coloma,3,UEFA Europa League,2020,1,0,1,0,0,0,1,0,1,0,0,0,0,0,0,0.0,0.0,0.0,0,0,0,0.0,0.0,0.0,1,0,1,1,0,1,D,0,1,0,,,,
593,Europa Fc,3,UEFA Europa League,2020,0,1,1,0,0,0,0,0,0,0,1,1,0,1,1,0.0,1.0,1.0,0,2,2,0.0,2.0,2.0,0,0,0,0,0,0,L,0,0,1,,,,2-1
598,FK Crvena Zvezda,3,UEFA Europa League,2020,4,5,9,2,2,4,2,2,4,0,1,1,9,5,14,2.3,1.0,1.6,4,4,8,1.0,0.8,0.9,1,2,3,1,2,3,WLWWWDDDD,3,0,1,5-1,0-2,,2-0
599,Zorya Luhansk,3,UEFA Europa League,2020,3,3,6,1,1,2,0,0,0,2,2,4,3,3,6,1.0,1.0,1.0,6,5,11,2.0,1.7,1.8,1,1,2,0,2,2,LLLWWL,2,0,3,1-0,0-3,1-4,3-0
602,Apollon Limassol,3,UEFA Europa League,2020,2,1,3,1,1,2,0,0,0,1,0,1,5,1,6,2.5,1.0,2.0,6,0,6,3.0,0.0,2.0,0,1,1,1,0,1,WWL,2,0,0,5-1,0-1,0-5,
604,Maccabi Tel Aviv,3,UEFA Europa League,2020,4,4,8,2,1,3,1,1,2,1,2,3,3,3,6,0.8,0.8,0.8,3,7,10,0.8,1.8,1.3,2,0,2,1,2,3,WWLDDWLL,2,2,1,1-0,1-2,0-2,4-0
608,HNK Hajduk Split,3,UEFA Europa League,2020,0,2,2,0,1,1,0,0,0,0,1,1,0,1,1,0.0,0.5,0.5,0,2,2,0.0,1.0,1.0,0,1,1,0,1,1,WL,1,0,0,,0-1,,2-0
609,Shkendija,3,UEFA Europa League,2020,1,2,3,0,2,2,0,0,0,1,0,1,1,3,4,1.0,1.5,1.3,3,0,3,3.0,0.0,1.0,0,2,2,0,0,0,WWL,2,0,0,,0-2,1-3,
610,Fehérvár FC,3,UEFA Europa League,2020,2,2,4,0,1,1,2,0,2,0,1,1,1,2,3,0.5,1.0,0.8,1,3,4,0.5,1.5,1.0,1,1,2,1,0,1,DWDL,1,1,0,,0-1,,3-1
612,Suduva Marijampole,3,UEFA Europa League,2020,0,1,1,0,0,0,0,0,0,0,1,1,0,0,0,0.0,0.0,0.0,0,2,2,0.0,2.0,2.0,0,0,0,0,1,1,L,0,0,1,,,,2-0
616,NK Osijek,3,UEFA Europa League,2020,1,0,1,0,0,0,0,0,0,1,0,1,1,0,1,1.0,0.0,1.0,2,0,2,2.0,0.0,2.0,0,0,0,0,0,0,L,0,0,1,,,1-2,
619,PAOK,3,UEFA Europa League,2020,3,3,6,1,0,1,2,1,3,0,2,2,5,3,8,1.7,1.0,1.3,2,5,7,0.7,1.7,1.2,1,1,2,1,1,2,DDWLLD,1,2,2,4-1,,,3-2
620,Dinamo Zagreb,3,UEFA Europa League,2020,7,6,13,5,3,8,1,1,2,1,2,3,11,9,20,1.6,1.5,1.5,3,6,9,0.4,1.0,0.7,4,3,7,2,2,4,WDDWWWWWWLWLL,6,2,1,3-0,0-3,0-1,2-0
621,FC Krasnodar,3,UEFA Europa League,2020,1,1,2,0,0,0,0,0,0,1,1,2,2,0,2,2.0,0.0,1.0,3,1,4,3.0,1.0,2.0,0,0,0,0,1,1,LL,0,0,2,,,2-3,1-0
626,Fola Esch,3,UEFA Europa League,2020,0,1,1,0,0,0,0,0,0,0,1,1,0,3,3,0.0,3.0,3.0,0,4,4,0.0,4.0,4.0,0,0,0,0,0,0,L,0,0,1,,,,4-3
628,Sparta Praha,3,UEFA Europa League,2020,3,3,6,1,1,2,0,0,0,2,2,4,5,5,10,1.7,1.7,1.7,6,6,12,2.0,2.0,2.0,0,0,0,1,1,2,LLWWLL,2,0,2,4-1,1-4,1-4,3-0
631,Gent,3,UEFA Europa League,2020,3,3,6,0,0,0,0,0,0,3,3,6,2,2,4,0.7,0.7,0.7,8,7,15,2.7,2.3,2.5,0,0,0,1,1,2,LLLLLL,0,0,6,,,1-4,4-1
632,Universitatea Craiova,3,UEFA Europa League,2020,0,1,1,0,0,0,0,0,0,0,1,1,0,1,1,0.0,1.0,1.0,0,2,2,0.0,2.0,2.0,0,0,0,0,0,0,L,0,0,1,,,,2-1
638,FK Trakai,3,UEFA Europa League,2020,2,0,2,1,0,1,0,0,0,1,0,1,4,0,4,2.0,0.0,2.0,7,0,7,3.5,0.0,3.5,0,0,0,0,0,0,WL,1,0,0,3-2,,1-5,
645,Galatasaray,3,UEFA Europa League,2020,1,2,3,1,1,2,0,0,0,0,1,1,2,4,6,2.0,2.0,2.0,0,3,3,0.0,1.5,1.0,1,0,1,0,0,0,WWL,2,0,0,2-0,1-3,,2-1
652,Shamrock Rovers,3,UEFA Europa League,2020,2,0,2,0,0,0,1,0,1,1,0,1,2,0,2,1.0,0.0,1.0,4,0,4,2.0,0.0,2.0,0,0,0,1,0,1,DL,0,1,0,,,0-2,
654,Zeljeznicar Sarajevo,3,UEFA Europa League,2020,0,1,1,0,0,0,0,0,0,0,1,1,0,1,1,0.0,1.0,1.0,0,3,3,0.0,3.0,3.0,0,0,0,0,0,0,L,0,0,1,,,,3-1
656,Slovan Bratislava,3,UEFA Europa League,2020,0,1,1,0,0,0,0,1,1,0,0,0,0,1,1,0.0,1.0,1.0,0,1,1,0.0,1.0,1.0,0,0,0,0,0,0,D,0,1,0,,,,
657,Beitar Jerusalem,3,UEFA Europa League,2020,0,1,1,0,0,0,0,0,0,0,1,1,0,0,0,0.0,0.0,0.0,0,2,2,0.0,2.0,2.0,0,0,0,0,1,1,L,0,0,1,,,,2-0
658,Progres Niederkorn,3,UEFA Europa League,2020,2,0,2,1,0,1,0,0,0,1,0,1,3,0,3,1.5,0.0,1.5,5,0,5,2.5,0.0,2.5,1,0,1,1,0,1,WL,1,0,0,3-0,,0-5,
659,Valletta FC,3,UEFA Europa League,2020,1,0,1,0,0,0,0,0,0,1,0,1,0,0,0,0.0,0.0,0.0,1,0,1,1.0,0.0,1.0,0,0,0,1,0,1,L,0,0,1,,,0-1,
660,FC Vaduz,3,UEFA Europa League,2020,1,0,1,0,0,0,0,0,0,1,0,1,0,0,0,0.0,0.0,0.0,2,0,2,2.0,0.0,2.0,0,0,0,1,0,1,L,0,0,1,,,0-2,
662,Kalju Nomme,3,UEFA Europa League,2020,1,0,1,0,0,0,0,0,0,1,0,1,0,0,0,0.0,0.0,0.0,4,0,4,4.0,0.0,4.0,0,0,0,1,0,1,L,0,0,1,,,0-4,
664,Kairat Almaty,3,UEFA Europa League,2020,1,1,2,1,0,1,0,0,0,0,1,1,4,1,5,4.0,1.0,2.5,1,2,3,1.0,2.0,1.5,0,0,0,0,0,0,WL,1,0,0,4-1,,,2-1
666,Keshla FC,3,UEFA Europa League,2020,1,0,1,0,0,0,1,0,1,0,0,0,0,0,0,0.0,0.0,0.0,0,0,0,0.0,0.0,0.0,1,0,1,1,0,1,D,0,1,0,,,,
667,Lincoln Red Imps FC,3,UEFA Europa League,2020,3,0,3,2,0,2,0,0,0,1,0,1,5,0,5,1.7,0.0,1.7,5,0,5,1.7,0.0,1.7,2,0,2,1,0,1,WWL,2,0,0,3-0,,0-5,
669,Coleraine FC,3,UEFA Europa League,2020,2,1,3,1,0,1,1,1,2,0,0,0,3,1,4,1.5,1.0,1.3,2,1,3,1.0,1.0,1.0,1,0,1,0,0,0,WDD,1,0,0,1-0,,,
670,Derry City,3,UEFA Europa League,2020,0,1,1,0,0,0,0,0,0,0,1,1,0,2,2,0.0,2.0,2.0,0,3,3,0.0,3.0,3.0,0,0,0,0,0,0,L,0,0,1,,,,3-2
673,Sutjeska,3,UEFA Europa League,2020,0,1,1,0,0,0,0,0,0,0,1,1,0,0,0,0.0,0.0,0.0,0,1,1,0.0,1.0,1.0,0,0,0,0,1,1,L,0,0,1,,,,1-0
676,Zeta,3,UEFA Europa League,2020,0,2,2,0,1,1,0,0,0,0,1,1,0,3,3,0.0,1.5,1.5,0,4,4,0.0,2.0,2.0,0,0,0,0,1,1,WL,1,0,0,,1-3,,3-0
677,Olimpija Ljubljana,3,UEFA Europa League,2020,2,0,2,1,0,1,0,0,0,1,0,1,4,0,4,2.0,0.0,2.0,4,0,4,2.0,0.0,2.0,0,0,0,0,0,0,WL,1,0,0,2-1,,2-3,
678,B36 Torshavn,3,UEFA Europa League,2020,2,2,4,1,1,2,1,0,1,0,1,1,6,3,9,3.0,1.5,2.3,5,4,9,2.5,2.0,2.3,0,0,0,0,0,0,WWDL,2,1,0,4-3,1-2,,3-1
679,FK Sarajevo,3,UEFA Europa League,2020,2,0,2,1,0,1,0,0,0,1,0,1,2,0,2,1.0,0.0,1.0,2,0,2,1.0,0.0,1.0,0,0,0,1,0,1,WL,1,0,0,2-1,,0-1,
680,Prishtina,3,UEFA Europa League,2020,0,1,1,0,0,0,0,0,0,0,1,1,0,0,0,0.0,0.0,0.0,0,3,3,0.0,3.0,3.0,0,0,0,0,1,1,L,0,0,1,,,,3-0
682,NSI Runavik,3,UEFA Europa League,2020,1,1,2,1,0,1,0,0,0,0,1,1,5,0,5,5.0,0.0,2.5,1,6,7,1.0,6.0,3.5,0,0,0,0,1,1,WL,1,0,0,5-1,,,6-0
684,FC Differdange 03,3,UEFA Europa League,2020,0,1,1,0,0,0,0,0,0,0,1,1,0,0,0,0.0,0.0,0.0,0,3,3,0.0,3.0,3.0,0,0,0,0,1,1,L,0,0,1,,,,3-0
687,Flora Tallinn,3,UEFA Europa League,2020,1,2,3,1,0,1,0,1,1,0,1,1,2,1,3,2.0,0.5,1.0,1,3,4,1.0,1.5,1.3,0,1,1,0,1,1,WDL,1,1,0,2-1,,,3-1
692,Ordabasy,3,UEFA Europa League,2020,1,0,1,0,0,0,0,0,0,1,0,1,1,0,1,1.0,0.0,1.0,2,0,2,2.0,0.0,2.0,0,0,0,0,0,0,L,0,0,1,,,1-2,
694,Tirana,3,UEFA Europa League,2020,0,1,1,0,0,0,0,0,0,0,1,1,0,0,0,0.0,0.0,0.0,0,3,3,0.0,3.0,3.0,0,0,0,0,1,1,L,0,0,1,,,,3-0
698,St Joseph S Fc,3,UEFA Europa League,2020,1,0,1,0,0,0,0,0,0,1,0,1,1,0,1,1.0,0.0,1.0,2,0,2,2.0,0.0,2.0,0,0,0,0,0,0,L,0,0,1,,,1-2,
700,Tre Penne,3,UEFA Europa League,2020,1,0,1,0,0,0,0,0,0,1,0,1,1,0,1,1.0,0.0,1.0,3,0,3,3.0,0.0,3.0,0,0,0,0,0,0,L,0,0,1,,,1-3,
701,KI Klaksvik,3,UEFA Europa League,2020,1,1,2,1,0,1,0,0,0,0,1,1,6,1,7,6.0,1.0,3.5,1,3,4,1.0,3.0,2.0,0,0,0,0,0,0,WL,1,0,0,6-1,,,3-1
702,Vojvodina,3,UEFA Europa League,2020,0,1,1,0,0,0,0,0,0,0,1,1,0,1,1,0.0,1.0,1.0,0,2,2,0.0,2.0,2.0,0,0,0,0,0,0,L,0,0,1,,,,2-1
705,Dinamo Batumi,3,UEFA Europa League,2020,0,1,1,0,0,0,0,0,0,0,1,1,0,0,0,0.0,0.0,0.0,0,3,3,0.0,3.0,3.0,0,0,0,0,1,1,L,0,0,1,,,,3-0
707,FK Ventspils,3,UEFA Europa League,2020,2,0,2,1,0,1,0,0,0,1,0,1,3,0,3,1.5,0.0,1.5,6,0,6,3.0,0.0,3.0,0,0,0,0,0,0,WL,1,0,0,2-1,,1-5,
715,Granada CF,3,UEFA Europa League,2020,7,8,15,4,4,8,1,1,2,2,3,5,8,13,21,1.1,1.6,1.4,4,8,12,0.6,1.0,0.8,4,3,7,3,2,5,WWWWDWWLDWLWLLL,4,1,1,2-0,0-4,0-2,2-0
733,Standard Liege,3,UEFA Europa League,2020,6,3,9,4,0,4,1,0,1,1,3,4,11,3,14,1.8,1.0,1.6,7,9,16,1.2,3.0,1.8,1,0,1,1,1,2,WWWLLLWLD,3,0,3,3-1,,0-2,3-0
736,Charleroi,3,UEFA Europa League,2020,2,0,2,1,0,1,0,0,0,1,0,1,3,0,3,1.5,0.0,1.5,3,0,3,1.5,0.0,1.5,0,0,0,0,0,0,WL,1,0,0,2-1,,1-2,
740,Antwerp,3,UEFA Europa League,2020,4,4,8,2,2,4,0,0,0,2,2,4,7,6,13,1.8,1.5,1.6,6,8,14,1.5,2.0,1.8,1,1,2,1,1,2,WWLWWLLL,2,0,1,3-1,0-2,3-4,5-2
759,Viking,3,UEFA Europa League,2020,1,0,1,0,0,0,0,0,0,1,0,1,0,0,0,0.0,0.0,0.0,2,0,2,2.0,0.0,2.0,0,0,0,1,0,1,L,0,0,1,,,0-2,
779,FC Rostov,3,UEFA Europa League,2020,1,0,1,0,0,0,0,0,0,1,0,1,1,0,1,1.0,0.0,1.0,2,0,2,2.0,0.0,2.0,0,0,0,0,0,0,L,0,0,1,,,1-2,
781,Rapid Vienna,3,UEFA Europa League,2020,3,3,6,1,1,2,1,0,1,1,2,3,7,4,11,2.3,1.3,1.8,7,6,13,2.3,2.0,2.2,0,0,0,0,1,1,LLWWLD,2,0,2,4-3,1-3,1-2,4-1
782,Slovan Liberec,3,UEFA Europa League,2020,4,5,9,2,3,5,1,0,1,1,2,3,2,10,12,0.5,2.0,1.3,2,12,14,0.5,2.4,1.6,3,1,4,2,1,3,WWWWLLLWD,4,0,3,1-0,1-5,0-2,5-0
853,CSKA Sofia,3,UEFA Europa League,2020,6,4,10,4,1,5,0,2,2,2,1,3,10,3,13,1.7,0.8,1.3,6,4,10,1.0,1.0,1.0,1,2,3,2,3,5,WWWWLDLLDW,4,1,2,3-1,1-3,0-2,3-0
854,Slavia Sofia,3,UEFA Europa League,2020,0,1,1,0,0,0,0,0,0,0,1,1,0,1,1,0.0,1.0,1.0,0,2,2,0.0,2.0,2.0,0,0,0,0,0,0,L,0,0,1,,,,2-1
858,Lokomotiv Plovdiv,3,UEFA Europa League,2020,1,1,2,0,1,1,0,0,0,1,0,1,1,1,2,1.0,1.0,1.0,2,0,2,2.0,0.0,1.0,0,1,1,0,0,0,WL,1,0,0,,0-1,1-2,
996,Alanyaspor,3,UEFA Europa League,2020,0,1,1,0,0,0,0,0,0,0,1,1,0,0,0,0.0,0.0,0.0,0,1,1,0.0,1.0,1.0,0,0,0,0,1,1,L,0,0,1,,,,1-0
1002,Sivasspor,3,UEFA Europa League,2020,3,3,6,1,1,2,0,0,0,2,2,4,3,6,9,1.0,2.0,1.5,3,8,11,1.0,2.7,1.8,1,0,1,1,1,2,LLWWLL,2,0,2,2-0,2-3,1-2,5-3
1011,FC ST. Gallen,3,UEFA Europa League,2020,1,0,1,0,0,0,0,0,0,1,0,1,0,0,0,0.0,0.0,0.0,1,0,1,1.0,0.0,1.0,0,0,0,1,0,1,L,0,0,1,,,0-1,
1017,NK Lokomotiva Zagreb,3,UEFA Europa League,2020,0,1,1,0,0,0,0,0,0,0,1,1,0,0,0,0.0,0.0,0.0,0,5,5,0.0,5.0,5.0,0,0,0,0,1,1,L,0,0,1,,,,5-0
1025,Wolfsberger AC,3,UEFA Europa League,2020,4,4,8,1,2,3,1,0,1,2,2,4,3,5,8,0.8,1.3,1.0,8,6,14,2.0,1.5,1.8,1,1,2,1,2,3,DWLLWWLL,2,1,2,1-0,1-4,1-4,4-0
1026,Lask Linz,3,UEFA Europa League,2020,4,4,8,2,3,5,1,0,1,1,1,2,14,8,22,3.5,2.0,2.8,8,5,13,2.0,1.3,1.6,1,1,2,1,1,2,WWLWWLDW,2,1,1,7-0,1-4,0-2,3-0
1072,TSV Hartberg,3,UEFA Europa League,2020,0,1,1,0,0,0,0,0,0,0,1,1,0,2,2,0.0,2.0,2.0,0,3,3,0.0,3.0,3.0,0,0,0,0,0,0,L,0,0,1,,,,3-2
1088,Dynamo,3,UEFA Europa League,2020,0,1,1,0,0,0,0,0,0,0,1,1,0,1,1,0.0,1.0,1.0,0,2,2,0.0,2.0,2.0,0,0,0,0,0,0,L,0,0,1,,,,2-1
1122,FK Jablonec,3,UEFA Europa League,2020,0,1,1,0,0,0,0,0,0,0,1,1,0,3,3,0.0,3.0,3.0,0,5,5,0.0,5.0,5.0,0,0,0,0,0,0,L,0,0,1,,,,5-3
1123,Aris Thessalonikis,3,UEFA Europa League,2020,1,0,1,0,0,0,0,0,0,1,0,1,1,0,1,1.0,0.0,1.0,2,0,2,2.0,0.0,2.0,0,0,0,0,0,0,L,0,0,1,,,1-2,
1124,OFI,3,UEFA Europa League,2020,1,0,1,0,0,0,0,0,0,1,0,1,0,0,0,0.0,0.0,0.0,1,0,1,1.0,0.0,1.0,0,0,0,1,0,1,L,0,0,1,,,0-1,
1163,Ilves,3,UEFA Europa League,2020,0,1,1,0,0,0,0,1,1,0,0,0,0,2,2,0.0,2.0,2.0,0,2,2,0.0,2.0,2.0,0,0,0,0,0,0,D,0,1,0,,,,
1164,Inter Turku,3,UEFA Europa League,2020,0,1,1,0,0,0,0,0,0,0,1,1,0,1,1,0.0,1.0,1.0,0,2,2,0.0,2.0,2.0,0,0,0,0,0,0,L,0,0,1,,,,2-1
1165,KuPS,3,UEFA Europa League,2020,2,1,3,1,0,1,1,0,1,0,1,1,3,1,4,1.5,1.0,1.3,1,3,4,0.5,3.0,1.3,1,0,1,0,0,0,DWL,1,1,0,2-0,,,3-1
1169,Honka,3,UEFA Europa League,2020,0,1,1,0,0,0,0,0,0,0,1,1,0,2,2,0.0,2.0,2.0,0,5,5,0.0,5.0,5.0,0,0,0,0,0,0,L,0,0,1,,,,5-2
2032,Union Titus Petange,3,UEFA Europa League,2020,0,1,1,0,0,0,0,0,0,0,1,1,0,0,0,0.0,0.0,0.0,0,2,2,0.0,2.0,2.0,0,0,0,0,1,1,L,0,0,1,,,,2-0
2184,Servette FC,3,UEFA Europa League,2020,2,0,2,1,0,1,0,0,0,1,0,1,3,0,3,1.5,0.0,1.5,1,0,1,0.5,0.0,0.5,1,0,1,1,0,1,WL,1,0,0,3-0,,0-1,
2246,CFR 1907 Cluj,3,UEFA Europa League,2020,4,4,8,1,2,3,2,0,2,1,2,3,4,4,8,1.0,1.0,1.0,4,7,11,1.0,1.8,1.4,1,2,3,2,1,3,WWWDLLDL,3,1,2,3-1,0-2,0-2,5-0
2247,Apoel Nicosia,3,UEFA Europa League,2020,1,3,4,0,2,2,1,0,1,0,1,1,2,6,8,2.0,2.0,2.0,2,2,4,2.0,0.7,1.0,0,1,1,0,1,1,WWDL,2,1,0,,1-4,,1-0
2249,La Fiorita,3,UEFA Europa League,2020,0,1,1,0,0,0,0,0,0,0,1,1,0,0,0,0.0,0.0,0.0,0,1,1,0.0,1.0,1.0,0,0,0,0,1,1,L,0,0,1,,,,1-0
2256,Laci,3,UEFA Europa League,2020,1,1,2,0,0,0,0,1,1,1,0,1,1,0,1,1.0,0.0,0.5,2,0,2,2.0,0.0,1.0,0,1,1,0,1,1,DL,0,1,0,,,1-2,
2257,Dunajska Streda,3,UEFA Europa League,2020,1,2,3,1,1,2,0,0,0,0,1,1,5,2,7,5.0,1.0,2.3,3,7,10,3.0,3.5,3.3,0,1,1,0,1,1,WWL,2,0,0,5-3,0-2,,7-0
2260,Tre Fiori,3,UEFA Europa League,2020,0,1,1,0,0,0,0,0,0,0,1,1,0,0,0,0.0,0.0,0.0,0,1,1,0.0,1.0,1.0,0,0,0,0,1,1,L,0,0,1,,,,1-0
2262,Dinamo Tbilisi,3,UEFA Europa League,2020,0,2,2,0,1,1,0,0,0,0,1,1,0,2,2,0.0,1.0,1.0,0,6,6,0.0,3.0,3.0,0,1,1,0,0,0,WL,1,0,0,,0-1,,6-1
2265,Shkupi 1927,3,UEFA Europa League,2020,0,1,1,0,0,0,0,0,0,0,1,1,0,1,1,0.0,1.0,1.0,0,2,2,0.0,2.0,2.0,0,0,0,0,0,0,L,0,0,1,,,,2-1
2268,UE Engordany,3,UEFA Europa League,2020,1,0,1,0,0,0,0,0,0,1,0,1,1,0,1,1.0,0.0,1.0,3,0,3,3.0,0.0,3.0,0,0,0,0,0,0,L,0,0,1,,,1-3,
2269,Anorthosis,3,UEFA Europa League,2020,0,1,1,0,0,0,0,0,0,0,1,1,0,2,2,0.0,2.0,2.0,0,3,3,0.0,3.0,3.0,0,0,0,0,0,0,L,0,0,1,,,,3-2
2270,Neftchi Baku,3,UEFA Europa League,2020,2,0,2,1,0,1,0,0,0,1,0,1,3,0,3,1.5,0.0,1.5,4,0,4,2.0,0.0,2.0,0,0,0,0,0,0,WL,1,0,0,2-1,,1-3,
2271,Petrocub,3,UEFA Europa League,2020,1,0,1,0,0,0,0,0,0,1,0,1,0,0,0,0.0,0.0,0.0,2,0,2,2.0,0.0,2.0,0,0,0,1,0,1,L,0,0,1,,,0-2,
2273,FC Levadia Tallinn,3,UEFA Europa League,2020,0,1,1,0,0,0,0,0,0,0,1,1,0,3,3,0.0,3.0,3.0,0,4,4,0.0,4.0,4.0,0,0,0,0,0,0,L,0,0,1,,,,4-3
2391,Puskas Academy,3,UEFA Europa League,2020,0,1,1,0,0,0,0,0,0,0,1,1,0,0,0,0.0,0.0,0.0,0,3,3,0.0,3.0,3.0,0,0,0,0,1,1,L,0,0,1,,,,3-0
2581,FC Botosani,3,UEFA Europa League,2020,1,1,2,0,1,1,0,0,0,1,0,1,0,2,2,0.0,2.0,1.0,1,1,2,1.0,1.0,1.0,0,0,0,1,0,1,WL,1,0,0,,1-2,0-1,
2646,TSC Backa Topola,3,UEFA Europa League,2020,1,1,2,0,1,1,1,0,1,0,0,0,6,2,8,6.0,2.0,4.0,6,0,6,6.0,0.0,3.0,0,1,1,0,0,0,WD,1,0,0,,0-2,,
3320,Teuta Durrës,3,UEFA Europa League,2020,2,0,2,1,0,1,0,0,0,1,0,1,2,0,2,1.0,0.0,1.0,4,0,4,2.0,0.0,2.0,1,0,1,1,0,1,WL,1,0,0,2-0,,0-4,
3342,Inter Club d'Escaldes,3,UEFA Europa League,2020,1,0,1,0,0,0,0,0,0,1,0,1,0,0,0,0.0,0.0,0.0,1,0,1,1.0,0.0,1.0,0,0,0,1,0,1,L,0,0,1,,,0-1,
3364,Borac Banja Luka,3,UEFA Europa League,2020,2,0,2,1,0,1,0,0,0,1,0,1,1,0,1,0.5,0.0,0.5,2,0,2,1.0,0.0,1.0,1,0,1,1,0,1,WL,1,0,0,1-0,,0-2,
3402,Omonia Nicosia,3,UEFA Europa League,2020,3,3,6,1,0,1,0,1,1,2,2,4,3,2,5,1.0,0.7,0.8,5,7,12,1.7,2.3,2.0,0,0,0,1,1,2,DLLLWL,1,1,3,2-1,,0-2,4-0
3500,Lokomotivi Tbilisi,3,UEFA Europa League,2020,2,1,3,2,0,2,0,0,0,0,1,1,4,0,4,2.0,0.0,1.3,2,2,4,1.0,2.0,1.3,0,0,0,0,1,1,WWL,2,0,0,2-1,,,2-0
3502,Saburtalo,3,UEFA Europa League,2020,0,1,1,0,0,0,0,0,0,0,1,1,0,1,1,0.0,1.0,1.0,0,5,5,0.0,5.0,5.0,0,0,0,0,0,0,L,0,0,1,,,,5-1
3528,Paide,3,UEFA Europa League,2020,0,1,1,0,0,0,0,0,0,0,1,1,0,0,0,0.0,0.0,0.0,0,2,2,0.0,2.0,2.0,0,0,0,0,1,1,L,0,0,1,,,,2-0
3549,Ružomberok,3,UEFA Europa League,2020,0,1,1,0,0,0,0,0,0,0,1,1,0,0,0,0.0,0.0,0.0,0,3,3,0.0,3.0,3.0,0,0,0,0,1,1,L,0,0,1,,,,3-0
3554,Žilina,3,UEFA Europa League,2020,0,1,1,0,0,0,0,0,0,0,1,1,0,1,1,0.0,1.0,1.0,0,3,3,0.0,3.0,3.0,0,0,0,0,0,0,L,0,0,1,,,,3-1
3616,Desna,3,UEFA Europa League,2020,0,1,1,0,0,0,0,0,0,0,1,1,0,0,0,0.0,0.0,0.0,0,2,2,0.0,2.0,2.0,0,0,0,0,1,1,L,0,0,1,,,,2-0
3627,Kolos Kovalivka,3,UEFA Europa League,2020,0,2,2,0,1,1,0,0,0,0,1,1,0,2,2,0.0,1.0,1.0,0,3,3,0.0,1.5,1.5,0,0,0,0,1,1,WL,1,0,0,,1-2,,2-0
3683,Ararat-Armenia,3,UEFA Europa League,2020,3,0,3,2,0,2,0,0,0,1,0,1,6,0,6,2.0,0.0,2.0,5,0,5,1.7,0.0,1.7,1,0,1,0,0,0,WWL,2,0,0,4-3,,1-2,
3684,FC Noah,3,UEFA Europa League,2020,0,1,1,0,0,0,0,0,0,0,1,1,0,1,1,0.0,1.0,1.0,0,4,4,0.0,4.0,4.0,0,0,0,0,0,0,L,0,0,1,,,,4-1
3686,Shirak,3,UEFA Europa League,2020,0,1,1,0,0,0,0,0,0,0,1,1,0,0,0,0.0,0.0,0.0,0,3,3,0.0,3.0,3.0,0,0,0,0,1,1,L,0,0,1,,,,3-0
3738,Iskra,3,UEFA Europa League,2020,1,1,2,0,0,0,0,1,1,1,0,1,0,0,0,0.0,0.0,0.0,1,0,1,1.0,0.0,0.5,0,1,1,1,1,2,DL,0,1,0,,,0-1,
3840,Bohemians,3,UEFA Europa League,2020,0,1,1,0,0,0,0,1,1,0,0,0,0,1,1,0.0,1.0,1.0,0,1,1,0.0,1.0,1.0,0,0,0,0,0,0,D,0,1,0,,,,
3872,Kauno Žalgiris,3,UEFA Europa League,2020,0,1,1,0,0,0,0,0,0,0,1,1,0,1,1,0.0,1.0,1.0,0,6,6,0.0,6.0,6.0,0,0,0,0,0,0,L,0,0,1,,,,6-1
3884,Hibernians,3,UEFA Europa League,2020,1,1,2,0,1,1,0,0,0,1,0,1,0,2,2,0.0,2.0,1.0,1,0,1,1.0,0.0,0.5,0,1,1,1,0,1,WL,1,0,0,,0-2,0-1,
4133,HB,3,UEFA Europa League,2020,0,1,1,0,0,0,0,0,0,0,1,1,0,0,0,0.0,0.0,0.0,0,1,1,0.0,1.0,1.0,0,0,0,0,1,1,L,0,0,1,,,,1-0
4153,Valmiera / BSS,3,UEFA Europa League,2020,0,1,1,0,0,0,0,0,0,0,1,1,0,0,0,0.0,0.0,0.0,0,3,3,0.0,3.0,3.0,0,0,0,0,1,1,L,0,0,1,,,,3-0
4160,Rīgas FS,3,UEFA Europa League,2020,0,1,1,0,0,0,0,0,0,0,1,1,0,0,0,0.0,0.0,0.0,0,1,1,0.0,1.0,1.0,0,0,0,0,1,1,L,0,0,1,,,,1-0
4195,Maccabi Haifa,3,UEFA Europa League,2020,2,2,4,2,1,3,0,0,0,0,1,1,5,4,9,2.5,2.0,2.3,2,8,10,1.0,4.0,2.5,0,0,0,0,0,0,WWWL,3,0,0,3-1,1-2,,7-2
4197,Mura,3,UEFA Europa League,2020,2,1,3,1,1,2,0,0,0,1,0,1,4,4,8,2.0,4.0,2.7,5,0,5,2.5,0.0,1.7,1,1,2,0,0,0,WWL,2,0,0,3-0,0-4,1-5,
4330,Renova,3,UEFA Europa League,2020,1,1,2,0,1,1,0,0,0,1,0,1,0,1,1,0.0,1.0,0.5,1,0,1,1.0,0.0,0.5,0,1,1,1,0,1,WL,1,0,0,,0-1,0-1,
4331,Sileks,3,UEFA Europa League,2020,1,0,1,0,0,0,0,0,0,1,0,1,0,0,0,0.0,0.0,0.0,2,0,2,2.0,0.0,2.0,0,0,0,1,0,1,L,0,0,1,,,0-2,
4360,Celje,3,UEFA Europa League,2020,0,1,1,0,0,0,0,0,0,0,1,1,0,0,0,0.0,0.0,0.0,0,1,1,0.0,1.0,1.0,0,0,0,0,1,1,L,0,0,1,,,,1-0
4562,Kaisar,3,UEFA Europa League,2020,1,0,1,0,0,0,0,0,0,1,0,1,1,0,1,1.0,0.0,1.0,4,0,4,4.0,0.0,4.0,0,0,0,0,0,0,L,0,0,1,,,1-4,
4619,Sirens,3,UEFA Europa League,2020,0,1,1,0,0,0,0,0,0,0,1,1,0,1,1,0.0,1.0,1.0,0,2,2,0.0,2.0,2.0,0,0,0,0,0,0,L,0,0,1,,,,2-1
4625,Floriana,3,UEFA Europa League,2020,1,1,2,0,1,1,1,0,1,0,0,0,0,1,1,0.0,1.0,0.5,0,0,0,0.0,0.0,0.0,1,1,2,1,0,1,WD,1,0,0,,0-1,,
4631,Dinamo-Auto,3,UEFA Europa League,2020,0,1,1,0,0,0,0,0,0,0,1,1,0,1,1,0.0,1.0,1.0,0,2,2,0.0,2.0,2.0,0,0,0,0,0,0,L,0,0,1,,,,2-1
4632,Sfîntul Gheorghe,3,UEFA Europa League,2020,1,1,2,0,0,0,0,1,1,1,0,1,0,0,0,0.0,0.0,0.0,1,0,1,1.0,0.0,0.5,0,1,1,1,1,2,DL,0,1,0,,,0-1,
5352,Glentoran,3,UEFA Europa League,2020,1,1,2,1,0,1,0,0,0,0,1,1,1,1,2,1.0,1.0,1.0,0,5,5,0.0,5.0,2.5,1,0,1,0,0,0,WL,1,0,0,1-0,,,5-1
5503,Sumqayıt,3,UEFA Europa League,2020,1,0,1,0,0,0,0,0,0,1,0,1,0,0,0,0.0,0.0,0.0,2,0,2,2.0,0.0,2.0,0,0,0,1,0,1,L,0,0,1,,,0-2,
10124,Riga,3,UEFA Europa League,2020,2,0,2,1,0,1,0,0,0,1,0,1,1,0,1,0.5,0.0,0.5,1,0,1,0.5,0.0,0.5,1,0,1,1,0,1,WL,1,0,0,1-0,,0-1,
12772,Gjilani,3,UEFA Europa League,2020,1,1,2,0,1,1,0,0,0,1,0,1,0,3,3,0.0,3.0,1.5,2,1,3,2.0,1.0,1.5,0,0,0,1,0,1,WL,1,0,0,,1-3,0-2,
14281,Drita,3,UEFA Europa League,2020,0,2,2,0,1,1,0,0,0,0,1,1,0,2,2,0.0,1.0,1.0,0,2,2,0.0,1.0,1.0,0,1,1,0,1,1,WL,1,0,0,,0-2,,2-0
46,Leicester,3,UEFA Europa League,2021,3,3,6,1,1,2,2,0,2,0,2,2,6,6,12,2.0,2.0,2.0,4,7,11,1.3,2.3,1.8,0,0,0,0,1,1,DLWDWL,1,1,1,3-1,3-4,,3-2
48,West Ham,3,UEFA Europa League,2021,6,6,12,3,3,6,1,1,2,2,2,4,9,9,18,1.5,1.5,1.5,4,4,8,0.7,0.7,0.7,3,3,6,1,2,3,WWWDWLLWDWLL,3,1,2,3-0,0-3,1-2,1-0
80,Lyon,3,UEFA Europa League,2021,5,5,10,2,4,6,2,1,3,1,0,1,8,11,19,1.6,2.2,1.9,5,5,10,1.0,1.0,1.0,2,2,4,1,0,1,WWWWWDWDDL,5,2,0,3-0,1-3,0-3,
81,Marseille,3,UEFA Europa League,2021,3,3,6,1,0,1,2,2,4,0,1,1,3,3,6,1.0,1.0,1.0,2,5,7,0.7,1.7,1.2,2,1,3,1,1,2,DDDDLW,0,4,1,1-0,,,4-2
91,Monaco,3,UEFA Europa League,2021,4,4,8,2,1,3,2,2,4,0,1,1,4,4,8,1.0,1.0,1.0,2,5,7,0.5,1.3,0.9,2,0,2,1,1,2,WDWDWDLD,1,1,1,2-1,1-2,,2-0
165,Borussia Dortmund,3,UEFA Europa League,2021,1,1,2,0,0,0,0,1,1,1,0,1,2,2,4,2.0,2.0,2.0,4,2,6,4.0,2.0,3.0,0,0,0,0,0,0,LD,0,0,1,,,2-4,
168,Bayer Leverkusen,3,UEFA Europa League,2021,4,4,8,3,1,4,0,1,1,1,2,3,9,7,16,2.3,1.8,2.0,4,5,9,1.0,1.3,1.1,1,1,2,1,1,2,WWDWWLLL,2,1,0,4-0,0-4,0-1,3-2
169,Eintracht Frankfurt,3,UEFA Europa League,2021,7,6,13,2,5,7,5,1,6,0,0,0,10,11,21,1.4,1.8,1.6,7,6,13,1.0,1.0,1.0,1,1,2,0,0,0,DWWWDDWDDWWWD,3,2,0,3-1,2-3,,
173,RB Leipzig,3,UEFA Europa League,2021,3,3,6,1,2,3,2,0,2,0,1,1,4,6,10,1.3,2.0,1.7,3,4,7,1.0,1.3,1.2,1,1,2,0,0,0,DWDWWL,2,1,0,1-0,1-3,,3-1
197,PSV Eindhoven,3,UEFA Europa League,2021,3,3,6,1,1,2,1,1,2,1,1,2,5,4,9,1.7,1.3,1.5,4,4,8,1.3,1.3,1.3,1,1,2,0,2,2,DWLDWL,1,1,1,2-0,1-4,1-2,3-0
201,AZ Alkmaar,3,UEFA Europa League,2021,1,1,2,1,0,1,0,0,0,0,1,1,2,0,2,2.0,0.0,1.0,1,2,3,1.0,2.0,1.5,0,0,0,0,1,1,LW,0,0,1,2-1,,,2-0
212,FC Porto,3,UEFA Europa League,2021,2,2,4,1,0,1,0,2,2,1,0,1,2,3,5,1.0,1.5,1.3,2,3,5,1.0,1.5,1.3,0,0,0,1,0,1,WDLD,1,1,1,2-1,,0-1,
217,SC Braga,3,UEFA Europa League,2021,6,6,12,5,1,6,1,1,2,0,4,4,13,6,19,2.2,1.0,1.6,4,11,15,0.7,1.8,1.3,3,1,4,0,1,1,LWWWLDLWWDWL,3,1,1,4-2,0-1,,3-1
247,Celtic,3,UEFA Europa League,2021,5,5,10,4,2,6,0,0,0,1,3,4,10,13,23,2.0,2.6,2.3,6,13,19,1.2,2.6,1.9,3,0,3,1,0,1,WWWLLLWWLW,3,0,3,3-0,2-4,0-4,4-3
257,Rangers,3,UEFA Europa League,2021,8,9,17,6,1,7,1,4,5,1,4,5,16,8,24,2.0,0.9,1.4,6,10,16,0.8,1.1,0.9,4,1,5,1,4,5,WDLLWDWDWDWLLWLWD,1,1,2,3-0,2-4,0-2,2-1
258,ST Johnstone,3,UEFA Europa League,2021,1,1,2,0,0,0,0,1,1,1,0,1,2,1,3,2.0,1.0,1.5,4,1,5,4.0,1.0,2.5,0,0,0,0,0,0,DL,0,1,0,,,2-4,
339,Legia Warszawa,3,UEFA Europa League,2021,4,4,8,2,1,3,0,1,1,2,2,4,4,4,8,1.0,1.0,1.0,6,8,14,1.5,2.0,1.8,1,1,2,1,1,2,DWWWLLLL,3,1,0,2-1,0-1,1-4,3-0
397,FC Midtjylland,3,UEFA Europa League,2021,3,3,6,1,1,2,2,1,3,0,1,1,5,2,7,1.7,0.7,1.2,4,3,7,1.3,1.0,1.2,0,2,2,0,1,1,DLDWWD,2,1,1,3-2,0-1,,3-1
401,Randers FC,3,UEFA Europa League,2021,1,1,2,0,0,0,1,0,1,0,1,1,1,1,2,1.0,1.0,1.0,1,2,3,1.0,2.0,1.5,0,0,0,0,0,0,DL,0,1,0,,,,2-1
407,Brondby,3,UEFA Europa League,2021,3,3,6,0,0,0,2,0,2,1,3,4,2,0,2,0.7,0.0,0.3,4,7,11,1.3,2.3,1.8,1,0,1,1,3,4,DLLDLL,0,1,2,,,1-3,3-0
487,Lazio,3,UEFA Europa League,2021,4,4,8,1,1,2,3,1,4,0,2,2,4,6,10,1.0,1.5,1.3,2,5,7,0.5,1.3,0.9,3,1,4,2,1,3,LWDDWDLD,1,2,1,2-0,0-3,,2-1
492,Napoli,3,UEFA Europa League,2021,4,4,8,2,1,3,0,2,2,2,1,3,10,8,18,2.5,2.0,2.3,9,6,15,2.3,1.5,1.9,1,0,1,0,0,0,DLWWLWDL,2,1,1,3-0,1-4,2-4,2-1
499,Atalanta,3,UEFA Europa League,2021,3,3,6,2,2,4,0,1,1,1,0,1,5,5,10,1.7,1.7,1.7,5,1,6,1.7,0.3,1.0,0,2,2,1,0,1,WWWWDL,4,1,0,3-2,0-3,0-2,
529,Barcelona,3,UEFA Europa League,2021,3,3,6,0,2,2,2,1,3,1,0,1,3,7,10,1.0,2.3,1.7,4,4,8,1.3,1.3,1.3,1,0,1,1,0,1,DWDWDL,1,1,0,,2-4,2-3,
536,Sevilla,3,UEFA Europa League,2021,2,2,4,2,0,2,0,0,0,0,2,2,4,0,4,2.0,0.0,1.0,1,3,4,0.5,1.5,1.0,1,0,1,0,2,2,WLWL,1,0,1,3-1,,,2-0
543,Real Betis,3,UEFA Europa League,2021,5,5,10,2,2,4,2,1,3,1,2,3,8,9,17,1.6,1.8,1.7,6,11,17,1.2,2.2,1.7,2,0,2,1,1,2,WWDLWLWDLD,2,1,1,2-0,1-3,1-2,4-0
548,Real Sociedad,3,UEFA Europa League,2021,4,4,8,1,1,2,2,2,4,1,1,2,6,6,12,1.5,1.5,1.5,5,6,11,1.3,1.5,1.4,1,1,2,0,0,0,DDWDLWDL,1,2,1,3-0,0-1,1-3,2-1
553,Olympiakos Piraeus,3,UEFA Europa League,2021,5,5,10,3,1,4,0,1,1,2,3,5,7,7,14,1.4,1.4,1.4,6,8,14,1.2,1.6,1.4,2,1,3,1,1,2,WDWWLLWLLL,2,1,2,3-0,0-3,0-3,3-1
558,Spartak Moscow,3,UEFA Europa League,2021,3,3,6,1,2,3,0,1,1,2,0,2,5,5,10,1.7,1.7,1.7,6,3,9,2.0,1.0,1.5,0,1,1,1,0,1,LWLDWW,1,1,1,2-1,2-3,3-4,
560,Slavia Praha,3,UEFA Europa League,2021,1,1,2,0,0,0,1,0,1,0,1,1,2,1,3,2.0,1.0,1.5,2,2,4,2.0,2.0,2.0,0,0,0,0,0,0,DL,0,1,0,,,,2-1
566,Ludogorets,3,UEFA Europa League,2021,3,3,6,0,0,0,1,1,2,2,2,4,0,3,3,0.0,1.0,0.5,2,6,8,0.7,2.0,1.3,1,0,1,3,1,4,DLLLLD,0,1,4,,,0-1,4-2
568,Sheriff Tiraspol,3,UEFA Europa League,2021,1,1,2,1,0,1,0,0,0,0,1,1,2,0,2,2.0,0.0,1.0,0,2,2,0.0,2.0,1.0,1,0,1,0,1,1,WL,1,0,0,2-0,,,2-0
582,Alashkert,3,UEFA Europa League,2021,2,2,4,1,0,1,1,1,2,0,1,1,3,0,3,1.5,0.0,0.8,2,1,3,1.0,0.5,0.8,1,1,2,1,2,3,DWLD,1,1,1,3-2,,,1-0
586,FK Zalgiris Vilnius,3,UEFA Europa League,2021,1,1,2,0,0,0,0,1,1,1,0,1,0,0,0,0.0,0.0,0.0,1,0,1,1.0,0.0,0.5,0,1,1,1,1,2,DL,0,1,0,,,0-1,
596,Zenit,3,UEFA Europa League,2021,1,1,2,0,0,0,0,1,1,1,0,1,2,0,2,2.0,0.0,1.0,3,0,3,3.0,0.0,1.5,0,1,1,0,1,1,LD,0,0,1,,,2-3,
597,Lokomotiv,3,UEFA Europa League,2021,3,3,6,0,0,0,1,1,2,2,2,4,1,1,2,0.3,0.3,0.3,5,4,9,1.7,1.3,1.5,0,0,0,2,2,4,DLLDLL,0,1,2,,,0-3,2-0
598,FK Crvena Zvezda,3,UEFA Europa League,2021,5,5,10,4,2,6,0,2,2,1,1,2,9,5,14,1.8,1.0,1.4,3,6,9,0.6,1.2,0.9,2,1,3,1,1,2,WWWWDLWDLW,4,1,1,4-0,1-2,0-1,3-0
599,Zorya Luhansk,3,UEFA Europa League,2021,1,1,2,0,0,0,0,0,0,1,1,2,2,0,2,2.0,0.0,1.0,3,3,6,3.0,3.0,3.0,0,0,0,0,1,1,LL,0,0,2,,,2-3,3-0
611,Fenerbahce,3,UEFA Europa League,2021,4,4,8,1,2,3,2,1,3,1,1,2,4,9,13,1.0,2.3,1.6,6,4,10,1.5,1.0,1.3,1,1,2,1,1,2,WWDLDWLD,2,1,1,1-0,2-5,0-3,1-0
620,Dinamo Zagreb,3,UEFA Europa League,2021,4,4,8,2,2,4,1,0,1,1,2,3,5,6,11,1.3,1.5,1.4,4,5,9,1.0,1.3,1.1,1,2,3,1,0,1,LWLWDWLW,1,1,1,3-1,0-3,0-2,3-1
628,Sparta Praha,3,UEFA Europa League,2021,3,3,6,2,0,2,0,1,1,1,2,3,6,0,6,2.0,0.0,1.0,4,5,9,1.3,1.7,1.5,2,1,3,0,3,3,DWLLLW,1,1,3,2-0,,3-4,3-0
637,Sturm Graz,3,UEFA Europa League,2021,4,4,8,1,1,2,1,1,2,2,2,4,4,4,8,1.0,1.0,1.0,6,5,11,1.5,1.3,1.4,1,0,1,1,2,3,WWLLLDLD,2,1,3,2-0,1-3,1-4,2-0
645,Galatasaray,3,UEFA Europa League,2021,6,6,12,3,2,5,2,4,6,1,0,1,10,6,16,1.7,1.0,1.3,7,3,10,1.2,0.5,0.8,1,4,5,0,3,3,DWDWWDWDWDDL,2,2,0,4-2,2-4,1-2,
649,HJK helsinki,3,UEFA Europa League,2021,2,2,4,1,0,1,0,1,1,1,1,2,5,2,7,2.5,1.0,1.8,5,3,8,2.5,1.5,2.0,1,0,1,0,1,1,DWLL,1,1,0,3-0,,2-5,1-0
651,Ferencvarosi TC,3,UEFA Europa League,2021,3,3,6,1,0,1,0,0,0,2,3,5,4,1,5,1.3,0.3,0.8,6,6,12,2.0,2.0,2.0,1,0,1,0,2,2,LLLLLW,0,0,5,1-0,,1-3,2-0
656,Slovan Bratislava,3,UEFA Europa League,2021,2,2,4,0,1,1,2,0,2,0,1,1,3,3,6,1.5,1.5,1.5,3,4,7,1.5,2.0,1.8,0,0,0,0,1,1,WDLD,1,1,1,,1-3,,3-0
664,Kairat Almaty,3,UEFA Europa League,2021,1,1,2,0,0,0,1,0,1,0,1,1,0,2,2,0.0,2.0,1.0,0,3,3,0.0,3.0,1.5,1,0,1,1,0,1,DL,0,1,0,,,,3-2
667,Lincoln Red Imps FC,3,UEFA Europa League,2021,1,1,2,0,0,0,0,1,1,1,0,1,1,1,2,1.0,1.0,1.0,3,1,4,3.0,1.0,2.0,0,0,0,0,0,0,LD,0,0,1,,,1-3,
687,Flora Tallinn,3,UEFA Europa League,2021,1,1,2,1,0,1,0,0,0,0,1,1,2,0,2,2.0,0.0,1.0,1,1,2,1.0,1.0,1.0,0,0,0,0,1,1,LW,0,0,1,2-1,,,1-0
740,Antwerp,3,UEFA Europa League,2021,4,4,8,2,0,2,0,2,2,2,2,4,3,7,10,0.8,1.8,1.3,4,10,14,1.0,2.5,1.8,2,0,2,2,0,2,LWLLDLDW,1,1,2,2-0,,0-3,4-2
742,Genk,3,UEFA Europa League,2021,3,3,6,0,1,1,1,1,2,2,1,3,2,2,4,0.7,0.7,0.7,6,4,10,2.0,1.3,1.7,0,1,1,2,1,3,WLLDDL,1,2,2,,0-1,0-3,3-0
781,Rapid Vienna,3,UEFA Europa League,2021,5,5,10,3,2,5,0,0,0,2,3,5,8,6,14,1.6,1.2,1.4,4,9,13,0.8,1.8,1.3,2,1,3,2,1,3,WLWWLLWLLW,2,0,2,3-0,2-3,0-2,3-1
1122,FK Jablonec,3,UEFA Europa League,2021,1,1,2,0,0,0,0,0,0,1,1,2,2,0,2,2.0,0.0,1.0,4,3,7,4.0,3.0,3.5,0,0,0,0,1,1,LL,0,0,2,,,2-4,3-0
2246,CFR 1907 Cluj,3,UEFA Europa League,2021,1,1,2,0,0,0,0,0,0,1,1,2,1,0,1,1.0,0.0,0.5,2,4,6,2.0,4.0,3.0,0,0,0,0,1,1,LL,0,0,2,,,1-2,4-0
2269,Anorthosis,3,UEFA Europa League,2021,1,1,2,1,0,1,0,0,0,0,1,1,2,0,2,2.0,0.0,1.0,1,3,4,1.0,3.0,2.0,0,0,0,0,1,1,LW,0,0,1,2-1,,,3-0
2270,Neftchi Baku,3,UEFA Europa League,2021,1,1,2,0,0,0,1,0,1,0,1,1,2,0,2,2.0,0.0,1.0,2,3,5,2.0,3.0,2.5,0,0,0,0,1,1,DL,0,1,0,,,,3-0
3402,Omonia Nicosia,3,UEFA Europa League,2021,2,2,4,2,0,2,0,0,0,0,2,2,5,1,6,2.5,0.5,1.5,2,4,6,1.0,2.0,1.5,1,0,1,0,1,1,WLWL,1,0,1,4-2,,,2-0
4197,Mura,3,UEFA Europa League,2021,2,2,4,0,1,1,1,0,1,1,1,2,1,1,2,0.5,0.5,0.5,3,2,5,1.5,1.0,1.3,1,1,2,1,1,2,DWLL,1,1,0,,0-1,1-3,2-0
33,Manchester United,3,UEFA Europa League,2022,6,6,12,4,4,8,1,1,2,1,1,2,12,9,21,2.0,1.5,1.8,5,7,12,0.8,1.2,1.0,2,3,5,1,1,2,LWWWWWDWWWDL,5,1,1,4-1,0-2,0-1,3-0
42,Arsenal,3,UEFA Europa League,2022,4,4,8,3,2,5,1,1,2,0,1,1,6,5,11,1.5,1.3,1.4,1,5,6,0.3,1.3,0.8,3,1,4,0,1,1,WWWWLWDD,4,0,1,3-0,1-2,,2-0
83,Nantes,3,UEFA Europa League,2022,4,4,8,2,1,3,0,1,1,2,2,4,4,3,7,1.0,0.8,0.9,9,6,15,2.3,1.5,1.9,0,1,1,2,2,4,WLLLWWDL,2,1,3,2-1,0-2,0-4,3-0
91,Monaco,3,UEFA Europa League,2022,4,4,8,2,2,4,0,1,1,2,1,3,9,5,14,2.3,1.3,1.8,6,7,13,1.5,1.8,1.6,0,1,1,1,1,2,WLWLDWWL,2,1,1,4-1,2-3,2-3,4-0
94,Rennes,3,UEFA Europa League,2022,4,4,8,2,2,4,2,1,3,0,1,1,7,7,14,1.8,1.8,1.8,5,6,11,1.3,1.5,1.4,0,1,1,0,0,0,WDWWDDLW,2,2,1,2-1,1-2,,2-1
160,SC Freiburg,3,UEFA Europa League,2022,4,4,8,2,2,4,1,1,2,1,1,2,5,8,13,1.3,2.0,1.6,4,2,6,1.0,0.5,0.8,1,2,3,1,1,2,WWWWDDLL,4,2,0,2-0,0-4,0-2,1-0
168,Bayer Leverkusen,3,UEFA Europa League,2022,4,4,8,1,3,4,2,0,2,1,1,2,5,9,14,1.3,2.3,1.8,4,4,8,1.0,1.0,1.0,2,1,3,1,1,2,LWWWDWLD,3,1,1,2-0,1-4,2-3,1-0
182,Union Berlin,3,UEFA Europa League,2022,5,5,10,3,2,5,1,1,2,1,2,3,8,2,10,1.6,0.4,1.0,5,4,9,1.0,0.8,0.9,2,3,5,1,3,4,LLWWWWDWDL,4,1,2,3-1,0-1,0-1,3-0
194,Ajax,3,UEFA Europa League,2022,1,1,2,0,0,0,1,0,1,0,1,1,0,1,1,0.0,1.0,0.5,0,3,3,0.0,3.0,1.5,1,0,1,1,0,1,DL,0,1,0,,,,3-1
197,PSV Eindhoven,3,UEFA Europa League,2022,4,4,8,3,2,5,1,0,1,0,2,2,10,7,17,2.5,1.8,2.1,1,6,7,0.3,1.5,0.9,3,0,3,0,2,2,DWWLWWLW,2,1,1,5-0,1-5,,3-0
209,Feyenoord,3,UEFA Europa League,2022,5,5,10,4,0,4,1,2,3,0,3,3,17,6,23,3.4,1.2,2.3,3,12,15,0.6,2.4,1.5,3,0,3,0,1,1,LWDDLWDWWL,2,2,1,7-1,,,4-1
217,SC Braga,3,UEFA Europa League,2022,3,3,6,2,1,3,0,1,1,1,1,2,4,5,9,1.3,1.7,1.5,3,4,7,1.0,1.3,1.2,1,1,2,0,1,1,WWLDLW,2,1,1,2-1,0-2,1-2,1-0
228,Sporting CP,3,UEFA Europa League,2022,3,3,6,0,1,1,3,1,4,0,1,1,4,5,9,1.3,1.7,1.5,4,2,6,1.3,0.7,1.0,0,1,1,0,1,1,DWDDLD,1,2,1,,0-4,,1-0
254,Heart Of Midlothian,3,UEFA Europa League,2022,1,1,2,0,0,0,0,0,0,1,1,2,0,1,1,0.0,1.0,0.5,1,2,3,1.0,2.0,1.5,0,0,0,1,0,1,LL,0,0,2,,,0-1,2-1
327,Bodo/Glimt,3,UEFA Europa League,2022,3,3,6,1,0,1,0,1,1,2,2,4,3,2,5,1.0,0.7,0.8,4,6,10,1.3,2.0,1.7,0,0,0,1,1,2,DWLLLL,1,1,0,2-1,,1-2,3-0
375,Malmo FF,3,UEFA Europa League,2022,5,5,10,2,1,3,0,1,1,3,3,6,6,7,13,1.2,1.4,1.3,6,8,14,1.2,1.6,1.4,1,1,2,3,1,4,WDWWLLLLLL,2,1,0,3-0,0-2,0-2,3-2
397,FC Midtjylland,3,UEFA Europa League,2022,4,4,8,2,0,2,1,2,3,1,2,3,9,4,13,2.3,1.0,1.6,7,6,13,1.8,1.5,1.6,1,0,1,1,1,2,LWDDLWDL,1,2,1,5-1,,0-4,2-1
487,Lazio,3,UEFA Europa League,2022,3,3,6,2,0,2,1,1,2,0,2,2,8,1,9,2.7,0.3,1.5,5,6,11,1.7,2.0,1.8,0,1,1,0,2,2,WLDDWL,1,2,1,4-2,,,5-1
496,Juventus,3,UEFA Europa League,2022,4,4,8,2,2,4,2,1,3,0,1,1,4,7,11,1.0,1.8,1.4,2,3,5,0.5,0.8,0.6,2,2,4,0,0,0,DWWWWDDL,4,2,0,1-0,0-3,,2-1
497,AS Roma,3,UEFA Europa League,2022,7,8,15,6,1,7,0,4,4,1,3,4,16,5,21,2.3,0.6,1.4,4,7,11,0.6,0.9,0.7,4,2,6,0,4,4,LWLDWWLWWDLWWDD,2,1,1,4-1,1-2,1-2,2-1
529,Barcelona,3,UEFA Europa League,2022,1,1,2,0,0,0,1,0,1,0,1,1,2,1,3,2.0,1.0,1.5,2,2,4,2.0,2.0,2.0,0,0,0,0,0,0,DL,0,1,0,,,,2-1
536,Sevilla,3,UEFA Europa League,2022,5,4,9,4,0,4,1,2,3,0,2,2,11,3,14,2.2,0.8,1.6,2,6,8,0.4,1.5,0.9,3,0,3,0,2,2,WLWLDWDWD,1,1,1,3-0,,,2-0
543,Real Betis,3,UEFA Europa League,2022,4,4,8,2,3,5,1,0,1,1,1,2,7,6,13,1.8,1.5,1.6,4,5,9,1.0,1.3,1.1,1,2,3,1,0,1,WWWDWWLL,3,1,0,3-0,0-2,0-1,4-1
548,Real Sociedad,3,UEFA Europa League,2022,4,4,8,2,3,5,1,0,1,1,1,2,5,5,10,1.3,1.3,1.3,2,2,4,0.5,0.5,0.5,2,3,5,2,1,3,WWWWWLLD,5,0,2,3-0,0-2,0-1,2-0
550,Shakhtar Donetsk,3,UEFA Europa League,2022,2,2,4,1,0,1,1,0,1,0,2,2,3,2,5,1.5,1.0,1.3,2,9,11,1.0,4.5,2.8,0,0,0,0,0,0,WLDL,1,1,1,2-1,,,7-1
552,Maribor,3,UEFA Europa League,2022,1,1,2,0,0,0,0,0,0,1,1,2,0,0,0,0.0,0.0,0.0,2,1,3,2.0,1.0,1.5,0,0,0,1,1,2,LL,0,0,2,,,0-2,1-0
553,Olympiakos Piraeus,3,UEFA Europa League,2022,5,5,10,0,0,0,2,4,6,3,1,4,2,5,7,0.4,1.0,0.7,10,6,16,2.0,1.2,1.6,0,1,1,3,1,4,DDDDLLLDDL,0,4,3,,,0-3,2-1
556,Qarabag,3,UEFA Europa League,2022,3,3,6,1,1,2,2,0,2,0,2,2,4,5,9,1.3,1.7,1.5,1,4,5,0.3,1.3,0.8,2,1,3,1,0,1,LWWDLD,2,1,1,3-0,0-3,,2-1
566,Ludogorets,3,UEFA Europa League,2022,4,4,8,3,0,3,0,2,2,1,2,3,5,7,12,1.3,1.8,1.5,2,10,12,0.5,2.5,1.5,2,0,2,1,0,1,WDWLDWLL,1,1,1,2-0,,0-1,3-1
568,Sheriff Tiraspol,3,UEFA Europa League,2022,4,4,8,1,1,2,1,1,2,2,2,4,1,3,4,0.3,0.8,0.5,4,6,10,1.0,1.5,1.3,2,2,4,3,3,6,DDWLLLLW,1,2,4,1-0,0-3,0-2,3-0
571,Red Bull Salzburg,3,UEFA Europa League,2022,1,1,2,1,0,1,0,0,0,0,1,1,1,0,1,1.0,0.0,0.5,0,2,2,0.0,2.0,1.0,1,0,1,0,1,1,WL,1,0,0,1-0,,,2-0
572,Dynamo Kyiv,3,UEFA Europa League,2022,3,3,6,0,0,0,0,1,1,3,2,5,0,5,5,0.0,1.7,0.8,4,7,11,1.3,2.3,1.8,0,0,0,3,0,3,LLLLDL,0,1,4,,,0-2,2-1
573,FK Partizan,3,UEFA Europa League,2022,1,1,2,0,0,0,1,0,1,0,1,1,2,1,3,2.0,1.0,1.5,2,2,4,2.0,2.0,2.0,0,0,0,0,0,0,LD,0,0,1,,,,2-1
578,F91 Dudelange,3,UEFA Europa League,2022,1,1,2,0,0,0,1,0,1,0,1,1,2,0,2,2.0,0.0,1.0,2,3,5,2.0,3.0,2.5,0,0,0,0,1,1,LD,0,0,1,,,,3-0
583,Linfield,3,UEFA Europa League,2022,1,1,2,0,0,0,0,0,0,1,1,2,0,0,0,0.0,0.0,0.0,2,3,5,2.0,3.0,2.5,0,0,0,1,1,2,LL,0,0,2,,,0-2,3-0
586,FK Zalgiris Vilnius,3,UEFA Europa League,2022,1,1,2,0,0,0,1,0,1,0,1,1,3,0,3,3.0,0.0,1.5,3,1,4,3.0,1.0,2.0,0,0,0,0,1,1,LD,0,0,1,,,,1-0
598,FK Crvena Zvezda,3,UEFA Europa League,2022,3,3,6,2,0,2,0,0,0,1,3,4,6,3,9,2.0,1.0,1.5,3,8,11,1.0,2.7,1.8,0,0,0,1,0,1,LLWLWL,1,0,2,4-1,,0-1,4-1
601,Austria Vienna,3,UEFA Europa League,2022,1,1,2,0,0,0,0,0,0,1,1,2,0,1,1,0.0,1.0,0.5,2,4,6,2.0,4.0,3.0,0,0,0,1,0,1,LL,0,0,2,,,0-2,4-1
602,Apollon Limassol,3,UEFA Europa League,2022,1,1,2,0,0,0,1,1,2,0,0,0,1,1,2,1.0,1.0,1.0,1,1,2,1.0,1.0,1.0,0,0,0,0,0,0,DD,0,2,0,,,,
611,Fenerbahce,3,UEFA Europa League,2022,6,6,12,5,3,8,1,2,3,0,1,1,15,9,24,2.5,1.5,2.0,5,6,11,0.8,1.0,0.9,3,2,5,0,1,1,WDWWWDWWDWLW,3,1,1,4-1,0-2,,2-0
614,AEK Larnaca,3,UEFA Europa League,2022,5,5,10,2,2,4,1,2,3,2,1,3,10,6,16,2.0,1.2,1.6,8,6,14,1.6,1.2,1.4,1,1,2,0,1,1,WDWWLWLLDD,2,1,2,3-0,1-2,1-2,2-0
631,Gent,3,UEFA Europa League,2022,1,1,2,0,0,0,0,0,0,1,1,2,0,0,0,0.0,0.0,0.0,2,2,4,2.0,2.0,2.0,0,0,0,1,1,2,LL,0,0,2,,,0-2,2-0
637,Sturm Graz,3,UEFA Europa League,2022,3,3,6,2,0,2,1,1,2,0,2,2,2,2,4,0.7,0.7,0.7,0,10,10,0.0,3.3,1.7,3,0,3,1,2,3,WLDDWL,1,2,1,1-0,,,6-0
649,HJK helsinki,3,UEFA Europa League,2022,5,5,10,2,1,3,1,1,2,2,3,5,4,3,7,0.8,0.6,0.7,5,9,14,1.0,1.8,1.4,2,1,3,1,3,4,WWWDLLDLLL,3,1,2,1-0,0-2,0-2,3-0
651,Ferencvarosi TC,3,UEFA Europa League,2022,5,5,10,3,1,4,1,0,1,1,4,5,10,2,12,2.0,0.4,1.2,6,8,14,1.2,1.6,1.4,1,1,2,1,3,4,WLWWLWDLLL,2,1,1,4-0,0-1,0-2,4-1
652,Shamrock Rovers,3,UEFA Europa League,2022,2,2,4,2,1,3,0,0,0,0,1,1,4,2,6,2.0,1.0,1.5,1,5,6,0.5,2.5,1.5,1,0,1,0,1,1,WWLW,2,0,1,3-1,1-2,,4-0
656,Slovan Bratislava,3,UEFA Europa League,2022,1,1,2,0,0,0,1,1,2,0,0,0,2,1,3,2.0,1.0,1.5,2,1,3,2.0,1.0,1.5,0,0,0,0,0,0,DD,0,2,0,,,,
709,Pyunik Yerevan,3,UEFA Europa League,2022,1,1,2,0,0,0,1,1,2,0,0,0,0,0,0,0.0,0.0,0.0,0,0,0,0.0,0.0,0.0,1,1,2,1,1,2,DD,0,2,0,,,,
783,FC Zurich,3,UEFA Europa League,2022,5,5,10,3,2,5,0,0,0,2,3,5,9,4,13,1.8,0.8,1.3,9,8,17,1.8,1.6,1.7,1,2,3,0,2,2,WWWWLLLLWL,4,0,4,3-0,0-2,1-5,5-0
998,Trabzonspor,3,UEFA Europa League,2022,3,3,6,3,0,3,0,0,0,0,3,3,7,4,11,2.3,1.3,1.8,1,8,9,0.3,2.7,1.5,2,0,2,0,0,0,LWLWLW,1,0,1,4-0,,,3-1
1002,Sivasspor,3,UEFA Europa League,2022,1,1,2,0,0,0,0,0,0,1,1,2,0,1,1,0.0,1.0,0.5,2,3,5,2.0,3.0,2.5,0,0,0,1,0,1,LL,0,0,2,,,0-2,3-1
1393,Union St. Gilloise,3,UEFA Europa League,2022,5,5,10,2,3,5,1,2,3,2,0,2,10,9,19,2.0,1.8,1.9,10,5,15,2.0,1.0,1.5,1,2,3,1,0,1,WWWDWLDWDL,3,1,1,3-0,0-2,1-4,
2073,Silkeborg,3,UEFA Europa League,2022,1,1,2,0,0,0,1,0,1,0,1,1,1,0,1,1.0,0.0,0.5,1,1,2,1.0,1.0,1.0,0,0,0,0,1,1,LD,0,0,1,,,,1-0
2265,Shkupi 1927,3,UEFA Europa League,2022,1,1,2,0,0,0,0,0,0,1,1,2,1,1,2,1.0,1.0,1.0,2,3,5,2.0,3.0,2.5,0,0,0,0,0,0,LL,0,0,2,,,1-2,3-1
3402,Omonia Nicosia,3,UEFA Europa League,2022,4,4,8,1,1,2,0,0,0,3,3,6,4,3,7,1.0,0.8,0.9,8,4,12,2.0,1.0,1.5,1,1,2,2,2,4,WWLLLLLL,2,0,0,2-0,0-2,0-3,2-1
3623,Dnipro-1,3,UEFA Europa League,2022,1,1,2,0,0,0,0,0,0,1,1,2,1,0,1,1.0,0.0,0.5,2,3,5,2.0,3.0,2.5,0,0,0,0,1,1,LL,0,0,2,,,1-2,3-0
3719,Slovácko,3,UEFA Europa League,2022,1,1,2,0,0,0,1,0,1,0,1,1,1,0,1,1.0,0.0,0.5,1,3,4,1.0,3.0,2.0,0,0,0,0,1,1,LD,0,0,1,,,,3-0
40,Liverpool,3,UEFA Europa League,2023,5,5,10,4,3,7,0,0,0,1,2,3,17,12,29,3.4,2.4,2.9,5,7,12,1.0,1.4,1.2,2,1,3,1,0,1,WWWLWLWWLW,3,0,1,6-1,1-5,0-3,3-2
48,West Ham,3,UEFA Europa League,2023,5,5,10,4,2,6,1,0,1,0,3,3,12,4,16,2.4,0.8,1.6,2,6,8,0.4,1.2,0.8,3,1,4,0,2,2,WWLWWWLWLD,3,0,1,5-0,1-2,,2-0
51,Brighton,3,UEFA Europa League,2023,4,4,8,3,2,5,0,1,1,1,1,2,6,5,11,1.5,1.3,1.4,3,6,9,0.8,1.5,1.1,3,2,5,0,1,1,LDWWWWLW,4,1,1,2-0,0-2,2-3,4-0
81,Marseille,3,UEFA Europa League,2023,7,7,14,5,1,6,2,2,4,0,4,4,18,9,27,2.6,1.3,1.9,8,14,22,1.1,2.0,1.6,2,1,3,0,2,2,DDWWWLDWWLLWDL,3,2,2,4-0,0-2,,3-0
94,Rennes,3,UEFA Europa League,2023,4,4,8,3,2,5,0,0,0,1,2,3,11,5,16,2.8,1.3,2.0,6,5,11,1.5,1.3,1.4,1,1,2,0,2,2,WLWWWLLW,3,0,2,3-0,0-3,2-3,3-0
96,Toulouse,3,UEFA Europa League,2023,4,4,8,2,1,3,2,1,3,0,2,2,4,5,9,1.0,1.3,1.1,2,9,11,0.5,2.3,1.4,3,0,3,2,0,2,DWLWDWLD,1,1,1,3-2,1-2,,5-1
116,Lens,3,UEFA Europa League,2023,1,1,2,0,0,0,1,0,1,0,1,1,0,2,2,0.0,2.0,1.0,0,3,3,0.0,3.0,1.5,1,0,1,1,0,1,DL,0,1,0,,,,3-2
160,SC Freiburg,3,UEFA Europa League,2023,5,5,10,4,2,6,0,1,1,1,2,3,15,6,21,3.0,1.2,2.1,4,10,14,0.8,2.0,1.4,3,1,4,0,3,3,WLWWWLDWWL,3,1,1,5-0,1-3,1-2,5-0
168,Bayer Leverkusen,3,UEFA Europa League,2023,6,7,13,5,4,9,1,2,3,0,1,1,21,10,31,3.5,1.4,2.4,6,7,13,1.0,1.0,1.0,2,3,5,0,1,1,WWWWWWDWWDWDL,6,1,0,5-1,0-2,,3-0
194,Ajax,3,UEFA Europa League,2023,4,4,8,1,1,2,1,1,2,2,2,4,6,8,14,1.5,2.0,1.8,7,8,15,1.8,2.0,1.9,0,0,0,2,1,3,WLDDLLLW,1,2,3,3-1,1-4,0-2,2-0
209,Feyenoord,3,UEFA Europa League,2023,1,1,2,0,0,0,1,1,2,0,0,0,1,1,2,1.0,1.0,1.0,1,1,2,1.0,1.0,1.0,0,0,0,0,0,0,DD,0,2,0,,,,
211,Benfica,3,UEFA Europa League,2023,3,3,6,2,1,3,1,1,2,0,1,1,6,1,7,2.0,0.3,1.2,4,1,5,1.3,0.3,0.8,0,2,2,0,2,2,WDDWWL,2,2,0,2-1,0-1,,1-0
217,SC Braga,3,UEFA Europa League,2023,1,1,2,0,1,1,0,0,0,1,0,1,2,3,5,2.0,3.0,2.5,4,2,6,4.0,2.0,3.0,0,0,0,0,0,0,LW,0,0,1,,2-3,2-4,
228,Sporting CP,3,UEFA Europa League,2023,5,5,10,2,2,4,2,2,4,1,1,2,8,8,16,1.6,1.6,1.6,5,6,11,1.0,1.2,1.1,1,0,1,0,0,0,WLDWDWWDDL,2,2,1,3-0,1-3,1-2,2-1
252,Aberdeen,3,UEFA Europa League,2023,1,1,2,0,0,0,0,1,1,1,0,1,1,2,3,1.0,2.0,1.5,3,2,5,3.0,2.0,2.5,0,0,0,0,0,0,DL,0,1,0,,,1-3,
257,Rangers,3,UEFA Europa League,2023,4,4,8,2,1,3,1,2,3,1,1,2,4,6,10,1.0,1.5,1.3,3,6,9,0.8,1.5,1.1,1,1,2,1,1,2,WLDWDWDL,1,1,1,2-1,2-3,0-1,2-1
276,Breidablik,3,UEFA Europa League,2023,1,1,2,1,0,1,0,0,0,0,1,1,1,2,3,1.0,2.0,1.5,0,6,6,0.0,6.0,3.0,1,0,1,0,0,0,LW,0,0,1,1-0,,,6-2
329,Molde,3,UEFA Europa League,2023,3,3,6,1,1,2,1,0,1,1,2,3,8,4,12,2.7,1.3,2.0,5,7,12,1.7,2.3,2.0,0,0,0,0,1,1,LLWWDL,2,1,2,5-1,1-3,1-2,5-1
367,BK Hacken,3,UEFA Europa League,2023,5,5,10,1,2,3,1,0,1,3,3,6,8,8,16,1.6,1.6,1.6,8,13,21,1.6,2.6,2.1,1,0,1,2,1,3,WWDWLLLLLL,2,1,0,5-0,1-3,1-3,5-1
388,Bate Borisov,3,UEFA Europa League,2023,1,1,2,0,0,0,1,0,1,0,1,1,2,1,3,2.0,1.0,1.5,2,5,7,2.0,5.0,3.5,0,0,0,0,0,0,LD,0,0,1,,,,5-1
489,AC Milan,3,UEFA Europa League,2023,3,3,6,2,1,3,0,0,0,1,2,3,7,6,13,2.3,2.0,2.2,3,6,9,1.0,2.0,1.5,1,0,1,1,0,1,WLWWLL,2,0,1,3-0,1-3,0-1,3-2
497,AS Roma,3,UEFA Europa League,2023,7,7,14,5,2,7,1,3,4,1,2,3,16,7,23,2.3,1.0,1.6,4,8,12,0.6,1.1,0.9,4,1,5,1,2,3,WWWLDWDDWLWWLD,3,2,1,4-0,1-2,0-2,2-0
499,Atalanta,3,UEFA Europa League,2023,7,6,13,5,3,8,1,3,4,1,0,1,12,13,25,1.7,2.2,1.9,3,5,8,0.4,0.8,0.6,4,2,6,1,0,1,WWDWDWDWWLDWW,2,1,1,3-0,0-4,0-1,
533,Villarreal,3,UEFA Europa League,2023,4,4,8,3,2,5,1,0,1,0,2,2,7,5,12,1.8,1.3,1.5,3,9,12,0.8,2.3,1.5,2,0,2,1,2,3,LWWWDWLW,3,1,1,3-1,2-3,,4-0
543,Real Betis,3,UEFA Europa League,2023,3,3,6,2,1,3,0,0,0,1,2,3,8,1,9,2.7,0.3,1.5,5,2,7,1.7,0.7,1.2,0,1,1,0,2,2,LWWWLL,3,0,1,4-1,0-1,2-3,1-0
550,Shakhtar Donetsk,3,UEFA Europa League,2023,1,1,2,0,0,0,1,0,1,0,1,1,2,1,3,2.0,1.0,1.5,2,3,5,2.0,3.0,2.5,0,0,0,0,0,0,DL,0,1,0,,,,3-1
553,Olympiakos Piraeus,3,UEFA Europa League,2023,5,5,10,4,1,5,0,2,2,1,2,3,13,6,19,2.6,1.2,1.9,7,9,16,1.4,1.8,1.6,1,1,2,0,2,2,WDWWLDWLLW,2,1,2,5-2,0-3,2-3,5-0
556,Qarabag,3,UEFA Europa League,2023,7,7,14,3,4,7,2,1,3,2,2,4,10,14,24,1.4,2.0,1.7,9,13,22,1.3,1.9,1.6,1,2,3,1,0,1,WWWDWWLLDWWLDL,3,1,2,2-1,2-4,2-3,5-1
560,Slavia Praha,3,UEFA Europa League,2023,6,6,12,5,2,7,0,1,1,1,3,4,18,9,27,3.0,1.5,2.3,3,11,14,0.5,1.8,1.2,5,1,6,0,1,1,WDWLWWLWWWLL,3,1,1,6-0,0-2,1-3,4-2
562,FC Astana,3,UEFA Europa League,2023,1,1,2,1,0,1,0,0,0,0,1,1,2,1,3,2.0,1.0,1.5,1,5,6,1.0,5.0,3.0,0,0,0,0,0,0,WL,1,0,0,2-1,,,5-1
565,BSC Young Boys,3,UEFA Europa League,2023,1,1,2,0,0,0,0,1,1,1,0,1,1,1,2,1.0,1.0,1.0,3,1,4,3.0,1.0,2.0,0,0,0,0,0,0,LD,0,0,1,,,1-3,
566,Ludogorets,3,UEFA Europa League,2023,2,2,4,1,1,2,0,0,0,1,1,2,6,2,8,3.0,1.0,2.0,5,2,7,2.5,1.0,1.8,0,1,1,0,0,0,LWLW,1,0,1,5-1,0-1,1-4,2-1
568,Sheriff Tiraspol,3,UEFA Europa League,2023,5,5,10,2,0,2,1,2,3,2,3,5,11,4,15,2.2,0.8,1.5,8,14,22,1.6,2.8,2.2,0,0,0,0,2,2,WDDWLLDLLL,1,2,2,5-1,,2-3,6-0
575,AEK Athens FC,3,UEFA Europa League,2023,3,3,6,0,1,1,1,0,1,2,2,4,1,5,6,0.3,1.7,1.0,4,8,12,1.3,2.7,2.0,0,0,0,2,0,2,WDLLLL,1,1,0,,2-3,0-2,3-1
586,FK Zalgiris Vilnius,3,UEFA Europa League,2023,1,1,2,0,0,0,0,0,0,1,1,2,1,0,1,1.0,0.0,0.5,3,5,8,3.0,5.0,4.0,0,0,0,0,1,1,LL,0,0,2,,,1-3,5-0
588,Zrinjski,3,UEFA Europa League,2023,2,2,4,1,0,1,1,0,1,0,2,2,7,1,8,3.5,0.5,2.0,3,3,6,1.5,1.5,1.5,0,0,0,0,1,1,WLLD,1,0,2,6-2,,,2-1
599,Zorya Luhansk,3,UEFA Europa League,2023,1,1,2,1,0,1,0,0,0,0,1,1,2,0,2,2.0,0.0,1.0,1,2,3,1.0,2.0,1.5,0,0,0,0,1,1,LW,0,0,1,2-1,,,2-0
606,FC Lugano,3,UEFA Europa League,2023,1,1,2,0,0,0,0,0,0,1,1,2,0,0,0,0.0,0.0,0.0,1,2,3,1.0,2.0,1.5,0,0,0,1,1,2,LL,0,0,2,,,0-1,2-0
617,Panathinaikos,3,UEFA Europa League,2023,3,3,6,1,0,1,0,1,1,2,2,4,4,3,7,1.3,1.0,1.2,4,6,10,1.3,2.0,1.7,1,1,2,0,1,1,WDLLLL,1,1,0,2-0,,1-2,3-1
620,Dinamo Zagreb,3,UEFA Europa League,2023,1,1,2,1,0,1,0,0,0,0,1,1,3,1,4,3.0,1.0,2.0,1,4,5,1.0,4.0,2.5,0,0,0,0,0,0,WL,1,0,0,3-1,,,4-1
628,Sparta Praha,3,UEFA Europa League,2023,6,6,12,4,1,5,1,0,1,1,5,6,13,9,22,2.2,1.5,1.8,9,17,26,1.5,2.8,2.2,2,0,2,1,0,1,LWWLDLWWLWLL,2,1,1,4-1,1-3,1-5,6-1
637,Sturm Graz,3,UEFA Europa League,2023,3,3,6,0,1,1,1,0,1,2,2,4,3,1,4,1.0,0.3,0.7,5,4,9,1.7,1.3,1.5,0,1,1,1,2,3,LWDLLL,1,1,1,,0-1,1-2,3-0
645,Galatasaray,3,UEFA Europa League,2023,1,1,2,1,0,1,0,0,0,0,1,1,3,1,4,3.0,1.0,2.0,2,4,6,2.0,4.0,3.0,0,0,0,0,0,0,WL,1,0,0,3-2,,,4-1
649,HJK helsinki,3,UEFA Europa League,2023,1,1,2,0,0,0,0,0,0,1,1,2,1,1,2,1.0,1.0,1.0,2,2,4,2.0,2.0,2.0,0,0,0,0,0,0,LL,0,0,2,,,1-2,2-1
656,Slovan Bratislava,3,UEFA Europa League,2023,1,1,2,1,0,1,0,0,0,0,1,1,2,2,4,2.0,2.0,2.0,1,6,7,1.0,6.0,3.5,0,0,0,0,0,0,WL,1,0,0,2-1,,,6-2
677,Olimpija Ljubljana,3,UEFA Europa League,2023,1,1,2,0,0,0,0,1,1,1,0,1,0,1,1,0.0,1.0,0.5,2,1,3,2.0,1.0,1.5,0,0,0,1,0,1,LD,0,0,1,,,0-2,
701,KI Klaksvik,3,UEFA Europa League,2023,1,1,2,0,0,0,1,0,1,0,1,1,1,1,2,1.0,1.0,1.0,1,2,3,1.0,2.0,1.5,0,0,0,0,0,0,DL,0,1,0,,,,2-1
742,Genk,3,UEFA Europa League,2023,1,1,2,0,0,0,1,0,1,0,1,1,1,0,1,1.0,0.0,0.5,1,1,2,1.0,1.0,1.0,0,0,0,0,1,1,LD,0,0,1,,,,1-0
1026,Lask Linz,3,UEFA Europa League,2023,4,4,8,2,0,2,0,1,1,2,3,5,7,2,9,1.8,0.5,1.1,6,8,14,1.5,2.0,1.8,1,0,1,0,2,2,WDLLLWLL,1,1,3,3-0,,1-3,4-0
1393,Union St. Gilloise,3,UEFA Europa League,2023,4,4,8,3,1,4,1,1,2,0,2,2,7,1,8,1.8,0.3,1.0,3,5,8,0.8,1.3,1.0,1,2,3,0,3,3,WWDLWLDW,2,1,1,2-0,0-1,,3-0
2184,Servette FC,3,UEFA Europa League,2023,3,3,6,1,0,1,1,1,2,1,2,3,3,1,4,1.0,0.3,0.7,4,9,13,1.3,3.0,2.2,0,0,0,1,2,3,LLDWDL,1,1,2,2-1,,0-2,4-0
2646,TSC Backa Topola,3,UEFA Europa League,2023,3,3,6,0,0,0,1,0,1,2,3,5,3,3,6,1.0,1.0,1.0,6,13,19,2.0,4.3,3.2,0,0,0,1,1,2,LDLLLL,0,1,1,,,1-3,5-0
2656,Cukaricki,3,UEFA Europa League,2023,1,1,2,0,0,0,0,0,0,1,1,2,0,1,1,0.0,1.0,0.5,3,3,6,3.0,3.0,3.0,0,0,0,1,0,1,LL,0,0,2,,,0-3,3-1
3408,Aris,3,UEFA Europa League,2023,4,4,8,2,0,2,0,1,1,2,3,5,9,5,14,2.3,1.3,1.8,7,10,17,1.8,2.5,2.1,0,0,0,1,0,1,LWLWLLDL,1,1,2,6-2,,1-3,4-1
3491,Raków Częstochowa,3,UEFA Europa League,2023,3,3,6,0,1,1,1,0,1,2,2,4,1,2,3,0.3,0.7,0.5,6,4,10,2.0,1.3,1.7,0,1,1,2,1,3,LLDLWL,1,1,2,,0-1,0-4,2-0
3623,Dnipro-1,3,UEFA Europa League,2023,1,1,2,0,0,0,1,0,1,0,1,1,1,0,1,1.0,0.0,0.5,1,3,4,1.0,3.0,2.0,0,0,0,0,1,1,LD,0,0,1,,,,3-0
4195,Maccabi Haifa,3,UEFA Europa League,2023,3,3,6,0,1,1,1,1,2,2,1,3,1,2,3,0.3,0.7,0.5,5,4,9,1.7,1.3,1.5,1,1,2,2,2,4,LDLLDW,0,1,2,,1-2,0-3,3-0
46,Leicester,848,UEFA Europa Conference League,2021,4,4,8,2,2,4,2,0,2,0,2,2,7,6,13,1.8,1.5,1.6,2,5,7,0.5,1.3,0.9,2,0,2,1,1,2,WWWLDWDL,3,1,1,4-1,1-3,,2-1
47,Tottenham,848,UEFA Europa Conference League,2021,4,4,8,3,0,3,0,1,1,1,3,4,11,3,14,2.8,0.8,1.8,6,6,12,1.5,1.5,1.5,1,0,1,1,2,3,LWDWLWLL,1,1,1,5-1,,0-3,2-1
81,Marseille,848,UEFA Europa Conference League,2021,4,4,8,3,3,6,1,0,1,0,1,1,7,8,15,1.8,2.0,1.9,3,4,7,0.8,1.0,0.9,1,2,3,1,0,1,WWWWWWLD,6,0,1,3-1,0-3,,3-2
94,Rennes,848,UEFA Europa Conference League,2021,5,5,10,3,4,7,2,0,2,0,1,1,10,10,20,2.0,2.0,2.0,6,5,11,1.2,1.0,1.1,2,1,3,0,1,1,WWDWWWDWLW,3,1,1,2-0,0-3,,2-0
182,Union Berlin,848,UEFA Europa Conference League,2021,4,4,8,1,2,3,2,0,2,1,2,3,5,7,12,1.3,1.8,1.5,3,6,9,0.8,1.5,1.1,2,2,4,1,0,1,WDLWLLWD,1,1,2,3-0,0-4,1-2,3-1
197,PSV Eindhoven,848,UEFA Europa Conference League,2021,3,3,6,1,1,2,1,2,3,1,0,1,6,5,11,2.0,1.7,1.8,6,1,7,2.0,0.3,1.2,1,2,3,0,1,1,WDDWDL,1,2,0,1-0,0-4,1-2,
200,Vitesse,848,UEFA Europa Conference League,2021,7,7,14,4,2,6,1,3,4,2,2,4,11,14,25,1.6,2.0,1.8,7,13,20,1.0,1.9,1.4,2,1,3,1,0,1,DWDWWLWLDWLWLD,2,1,1,3-1,0-2,1-2,3-2
201,AZ Alkmaar,848,UEFA Europa Conference League,2021,4,4,8,3,1,4,1,2,3,0,1,1,6,5,11,1.5,1.3,1.4,2,5,7,0.5,1.3,0.9,3,1,4,0,0,0,DWWWDWLD,3,1,1,2-0,0-1,,2-1
209,Feyenoord,848,UEFA Europa Conference League,2021,9,10,19,8,4,12,1,4,5,0,2,2,27,16,43,3.0,1.6,2.3,11,10,21,1.2,1.0,1.1,2,4,6,0,4,4,DWWWWLDWWWDWWWDWWDL,4,1,1,5-0,2-5,,3-1
227,Santa Clara,848,UEFA Europa Conference League,2021,3,3,6,3,2,5,0,0,0,0,1,1,6,4,10,2.0,1.3,1.7,1,2,3,0.3,0.7,0.5,2,2,4,0,1,1,WWWWWL,5,0,0,2-0,0-3,,2-0
234,Pacos Ferreira,848,UEFA Europa Conference League,2021,2,2,4,2,0,2,0,0,0,0,2,2,5,0,5,2.5,0.0,1.3,0,4,4,0.0,2.0,1.0,2,0,2,0,2,2,WLWL,1,0,1,4-0,,,3-0
247,Celtic,848,UEFA Europa Conference League,2021,1,1,2,0,0,0,0,0,0,1,1,2,1,0,1,1.0,0.0,0.5,3,2,5,3.0,2.0,2.5,0,0,0,0,1,1,LL,0,0,2,,,1-3,2-0
249,Hibernian,848,UEFA Europa Conference League,2021,2,2,4,1,1,2,1,0,1,0,1,1,4,3,7,2.0,1.5,1.8,1,5,6,0.5,2.5,1.5,1,0,1,0,0,0,WWDL,2,1,0,3-0,1-2,,4-1
252,Aberdeen,848,UEFA Europa Conference League,2021,3,3,6,2,1,3,0,0,0,1,2,3,8,3,11,2.7,1.0,1.8,5,5,10,1.7,1.7,1.7,0,0,0,0,2,2,WLWWLL,2,0,1,5-1,2-3,1-3,2-0
258,ST Johnstone,848,UEFA Europa Conference League,2021,1,1,2,0,0,0,0,1,1,1,0,1,0,1,1,0.0,1.0,0.5,2,1,3,2.0,1.0,1.5,0,0,0,1,0,1,DL,0,1,0,,,0-2,
270,FH hafnarfjordur,848,UEFA Europa Conference League,2021,2,2,4,1,1,2,0,0,0,1,1,2,1,3,4,0.5,1.5,1.0,2,5,7,1.0,2.5,1.8,1,0,1,1,0,1,WWLL,2,0,0,1-0,1-2,0-2,4-1
274,Valur Reykjavik,848,UEFA Europa Conference League,2021,1,1,2,0,0,0,0,0,0,1,1,2,0,0,0,0.0,0.0,0.0,3,3,6,3.0,3.0,3.0,0,0,0,1,1,2,LL,0,0,2,,,0-3,3-0
275,Stjarnan,848,UEFA Europa Conference League,2021,1,1,2,0,0,0,1,0,1,0,1,1,1,0,1,1.0,0.0,0.5,1,3,4,1.0,3.0,2.0,0,0,0,0,1,1,DL,0,1,0,,,,3-0
276,Breidablik,848,UEFA Europa Conference League,2021,3,3,6,2,1,3,0,1,1,1,1,2,6,5,11,2.0,1.7,1.8,4,5,9,1.3,1.7,1.5,1,0,1,0,0,0,WWDWLL,2,1,0,2-0,2-3,2-3,2-1
326,Valerenga,848,UEFA Europa Conference League,2021,1,1,2,1,0,1,0,0,0,0,1,1,2,0,2,2.0,0.0,1.0,0,4,4,0.0,4.0,2.0,1,0,1,0,1,1,LW,0,0,1,2-0,,,4-0
327,Bodo/Glimt,848,UEFA Europa Conference League,2021,9,9,18,9,2,11,0,5,5,0,2,2,23,14,37,2.6,1.6,2.1,4,14,18,0.4,1.6,1.0,5,2,7,0,2,2,WWLWDWWDWDWDWWWDWL,3,1,1,6-1,0-3,,4-0
329,Molde,848,UEFA Europa Conference League,2021,2,2,4,1,0,1,1,1,2,0,1,1,4,3,7,2.0,1.5,1.8,1,5,6,0.5,2.5,1.5,1,0,1,0,1,1,WLDD,1,0,1,3-0,,,2-0
331,Rosenborg,848,UEFA Europa Conference League,2021,3,3,6,2,2,4,0,0,0,1,1,2,11,4,15,3.7,1.3,2.5,5,3,8,1.7,1.0,1.3,0,1,1,0,1,1,WWWWLL,4,0,0,6-1,0-2,1-3,2-0
337,Slask Wroclaw,848,UEFA Europa Conference League,2021,3,3,6,2,2,4,1,0,1,0,1,1,7,6,13,2.3,2.0,2.2,4,7,11,1.3,2.3,1.8,1,0,1,0,1,1,WWWDWL,3,1,0,2-0,2-4,,4-0
348,Pogon Szczecin,848,UEFA Europa Conference League,2021,1,1,2,0,0,0,1,0,1,0,1,1,0,0,0,0.0,0.0,0.0,0,1,1,0.0,1.0,0.5,1,0,1,1,1,2,DL,0,1,0,,,,1-0
352,Bala Town,848,UEFA Europa Conference League,2021,1,1,2,0,0,0,0,0,0,1,1,2,0,0,0,0.0,0.0,0.0,1,1,2,1.0,1.0,1.0,0,0,0,1,1,2,LL,0,0,2,,,0-1,1-0
354,The New Saints,848,UEFA Europa Conference League,2021,3,3,6,3,1,4,0,1,1,0,1,1,11,7,18,3.7,2.3,3.0,3,4,7,1.0,1.3,1.2,1,1,2,0,0,0,DWWWWL,4,1,0,5-1,0-5,,3-1
357,GAP Connah S Quay FC,848,UEFA Europa Conference League,2021,1,1,2,1,0,1,0,0,0,0,1,1,4,1,5,4.0,1.0,2.5,2,4,6,2.0,4.0,3.0,0,0,0,0,0,0,LW,0,0,1,4-2,,,4-1
358,Newtown AFC,848,UEFA Europa Conference League,2021,1,1,2,0,0,0,0,0,0,1,1,2,0,0,0,0.0,0.0,0.0,1,4,5,1.0,4.0,2.5,0,0,0,1,1,2,LL,0,0,2,,,0-1,4-0
363,Hammarby FF,848,UEFA Europa Conference League,2021,3,3,6,3,1,4,0,0,0,0,2,2,11,3,14,3.7,1.0,2.3,3,6,9,1.0,2.0,1.5,0,1,1,0,0,0,WWLWLW,2,0,1,5-1,0-1,,3-1
367,BK Hacken,848,UEFA Europa Conference League,2021,1,1,2,1,0,1,0,0,0,0,1,1,2,1,3,2.0,1.0,1.5,0,5,5,0.0,5.0,2.5,1,0,1,0,0,0,LW,0,0,1,2-0,,,5-1
372,IF Elfsborg,848,UEFA Europa Conference League,2021,3,3,6,2,2,4,1,0,1,0,1,1,8,9,17,2.7,3.0,2.8,2,6,8,0.7,2.0,1.3,1,1,2,0,1,1,WWDWLW,2,1,1,4-0,0-5,,5-0
385,Torpedo Zhodino,848,UEFA Europa Conference League,2021,1,1,2,0,0,0,0,0,0,1,1,2,0,1,1,0.0,1.0,0.5,5,4,9,5.0,4.0,4.5,0,0,0,1,0,1,LL,0,0,2,,,0-5,4-1
386,Dinamo Brest,848,UEFA Europa Conference League,2021,1,1,2,0,0,0,0,0,0,1,1,2,1,1,2,1.0,1.0,1.0,2,2,4,2.0,2.0,2.0,0,0,0,0,0,0,LL,0,0,2,,,1-2,2-1
388,Bate Borisov,848,UEFA Europa Conference League,2021,1,1,2,0,1,1,0,0,0,1,0,1,1,1,2,1.0,1.0,1.0,4,0,4,4.0,0.0,2.0,0,1,1,0,0,0,WL,1,0,0,,0-1,1-4,
392,Shakhter Soligorsk,848,UEFA Europa Conference League,2021,1,1,2,0,0,0,0,0,0,1,1,2,1,0,1,1.0,0.0,0.5,2,1,3,2.0,1.0,1.5,0,0,0,0,1,1,LL,0,0,2,,,1-2,1-0
397,FC Midtjylland,848,UEFA Europa Conference League,2021,1,1,2,1,0,1,0,0,0,0,1,1,1,1,2,1.0,1.0,1.0,0,2,2,0.0,2.0,1.0,1,0,1,0,0,0,WL,1,0,0,1-0,,,2-1
400,FC Copenhagen,848,UEFA Europa Conference League,2021,7,7,14,5,5,10,0,2,2,2,0,2,19,21,40,2.7,3.0,2.9,10,8,18,1.4,1.1,1.3,2,2,4,1,0,1,WWDWWWWWLWWWDL,5,1,1,5-0,0-5,0-4,
401,Randers FC,848,UEFA Europa Conference League,2021,4,4,8,1,0,1,2,2,4,1,2,3,7,4,11,1.8,1.0,1.4,8,8,16,2.0,2.0,2.0,0,0,0,0,1,1,DDDDWLLL,1,4,0,2-1,,1-3,4-1
406,Aarhus,848,UEFA Europa Conference League,2021,1,1,2,0,0,0,1,0,1,0,1,1,1,1,2,1.0,1.0,1.0,1,2,3,1.0,2.0,1.5,0,0,0,0,0,0,LD,0,0,1,,,,2-1
497,AS Roma,848,UEFA Europa Conference League,2021,8,7,15,6,4,10,2,1,3,0,2,2,21,12,33,2.6,1.7,2.2,4,12,16,0.5,1.7,1.1,5,2,7,0,0,0,WWWWLDWWWDLWDWW,4,1,1,5-1,0-3,,6-1
551,FC Basel 1893,848,UEFA Europa Conference League,2021,7,7,14,6,3,9,0,2,2,1,2,3,21,10,31,3.0,1.4,2.2,6,9,15,0.9,1.3,1.1,3,2,5,0,1,1,WWWWWLDWWDWWLL,5,1,1,4-0,0-2,1-2,3-1
552,Maribor,848,UEFA Europa Conference League,2021,2,2,4,1,1,2,0,0,0,1,1,2,1,2,3,0.5,1.0,0.8,1,3,4,0.5,1.5,1.0,1,1,2,1,0,1,WWLL,2,0,0,1-0,0-1,0-1,3-1
554,Anderlecht,848,UEFA Europa Conference League,2021,2,2,4,1,1,2,1,0,1,0,1,1,5,4,9,2.5,2.0,2.3,4,2,6,2.0,1.0,1.5,0,1,1,0,0,0,WWDL,2,1,0,2-1,0-3,,2-1
556,Qarabag,848,UEFA Europa Conference League,2021,7,7,14,3,4,7,3,1,4,1,2,3,6,12,18,0.9,1.7,1.3,6,10,16,0.9,1.4,1.1,4,1,5,3,1,4,DWDWWWDWWWDLLL,3,1,0,2-1,1-4,0-3,3-0
559,FCSB,848,UEFA Europa Conference League,2021,1,1,2,1,0,1,0,0,0,0,1,1,1,1,2,1.0,1.0,1.0,0,2,2,0.0,2.0,1.0,1,0,1,0,0,0,WL,1,0,0,1-0,,,2-1
560,Slavia Praha,848,UEFA Europa Conference League,2021,6,6,12,4,1,5,1,2,3,1,3,4,14,11,25,2.3,1.8,2.1,9,13,22,1.5,2.2,1.8,1,0,1,0,1,1,WLLWDDWWWLDL,3,2,2,4-1,2-3,1-3,4-3
561,HNK Rijeka,848,UEFA Europa Conference League,2021,3,3,6,2,1,3,0,2,2,1,0,1,5,4,9,1.7,1.3,1.5,3,2,5,1.0,0.7,0.8,1,1,2,1,0,1,WWDWDL,2,1,0,4-1,0-2,0-2,
562,FC Astana,848,UEFA Europa Conference League,2021,2,2,4,1,0,1,0,1,1,1,1,2,5,2,7,2.5,1.0,1.8,4,3,7,2.0,1.5,1.8,1,0,1,0,0,0,WLDL,1,1,1,2-0,,3-4,2-1
563,Hapoel Beer Sheva,848,UEFA Europa Conference League,2021,3,3,6,2,1,3,1,0,1,0,2,2,8,4,12,2.7,1.3,2.0,0,5,5,0.0,1.7,0.8,3,1,4,1,0,1,WWLWDL,2,1,1,4-0,0-2,,3-1
567,Plzen,848,UEFA Europa Conference League,2021,3,3,6,3,1,4,0,0,0,0,2,2,7,4,11,2.3,1.3,1.8,2,8,10,0.7,2.7,1.7,1,0,1,0,1,1,WWLWWL,2,0,1,3-1,1-2,,3-0
573,FK Partizan,848,UEFA Europa Conference League,2021,8,8,16,4,3,7,2,2,4,2,3,5,12,9,21,1.5,1.1,1.3,10,8,18,1.3,1.0,1.1,3,3,6,1,1,2,WWDDLWWWLDLDWWLL,3,2,1,2-0,0-2,2-5,3-1
575,AEK Athens FC,848,UEFA Europa Conference League,2021,1,1,2,1,0,1,0,0,0,0,1,1,1,1,2,1.0,1.0,1.0,0,2,2,0.0,2.0,1.0,1,0,1,0,0,0,LW,0,0,1,1-0,,,2-1
578,F91 Dudelange,848,UEFA Europa Conference League,2021,1,1,2,0,0,0,0,0,0,1,1,2,0,0,0,0.0,0.0,0.0,1,3,4,1.0,3.0,2.0,0,0,0,1,1,2,LL,0,0,2,,,0-1,3-0
579,Buducnost Podgorica,848,UEFA Europa Conference League,2021,1,1,2,0,0,0,0,0,0,1,1,2,0,0,0,0.0,0.0,0.0,2,4,6,2.0,4.0,3.0,0,0,0,1,1,2,LL,0,0,2,,,0-2,4-0
582,Alashkert,848,UEFA Europa Conference League,2021,3,3,6,0,0,0,1,0,1,2,3,5,3,1,4,1.0,0.3,0.7,8,7,15,2.7,2.3,2.5,0,0,0,1,2,3,LLLLLD,0,0,5,,,0-3,4-1
583,Linfield,848,UEFA Europa Conference League,2021,2,2,4,1,0,1,0,1,1,1,1,2,5,1,6,2.5,0.5,1.5,2,2,4,1.0,1.0,1.0,1,1,2,0,1,1,WDLL,1,1,0,4-0,,1-2,2-1
584,Dundalk,848,UEFA Europa Conference League,2021,3,3,6,1,2,3,1,1,2,1,0,1,7,5,12,2.3,1.7,2.0,4,3,7,1.3,1.0,1.2,1,1,2,0,0,0,WWDWDL,2,1,0,4-0,1-2,1-2,
586,FK Zalgiris Vilnius,848,UEFA Europa Conference League,2021,1,1,2,0,0,0,1,0,1,0,1,1,2,0,2,2.0,0.0,1.0,2,1,3,2.0,1.0,1.5,0,0,0,0,1,1,DL,0,1,0,,,,1-0
591,FC Santa Coloma,848,UEFA Europa Conference League,2021,2,2,4,1,0,1,0,1,1,1,1,2,5,1,6,2.5,0.5,1.5,2,4,6,1.0,2.0,1.5,1,0,1,0,1,1,DWLL,1,1,0,4-0,,1-2,3-0
599,Zorya Luhansk,848,UEFA Europa Conference League,2021,3,3,6,1,1,2,1,0,1,1,2,3,3,2,5,1.0,0.7,0.8,4,7,11,1.3,2.3,1.8,1,1,2,1,1,2,LLWWLD,2,0,2,2-0,0-1,0-3,4-0
601,Austria Vienna,848,UEFA Europa Conference League,2021,1,1,2,0,0,0,1,0,1,0,1,1,1,1,2,1.0,1.0,1.0,1,2,3,1.0,2.0,1.5,0,0,0,0,0,0,DL,0,1,0,,,,2-1
602,Apollon Limassol,848,UEFA Europa Conference League,2021,1,1,2,0,0,0,0,1,1,1,0,1,1,2,3,1.0,2.0,1.5,3,2,5,3.0,2.0,2.5,0,0,0,0,0,0,LD,0,0,1,,,1-3,
604,Maccabi Tel Aviv,848,UEFA Europa Conference League,2021,7,7,14,5,2,7,1,4,5,1,1,2,14,9,23,2.0,1.3,1.6,4,4,8,0.6,0.6,0.6,3,3,6,1,3,4,DWDWWWWDWWLDLD,4,1,1,4-1,0-5,0-1,1-0
608,HNK Hajduk Split,848,UEFA Europa Conference League,2021,1,1,2,1,0,1,0,0,0,0,1,1,2,1,3,2.0,1.0,1.5,0,4,4,0.0,4.0,2.0,1,0,1,0,0,0,WL,1,0,0,2-0,,,4-1
609,Shkendija,848,UEFA Europa Conference League,2021,1,1,2,0,0,0,0,0,0,1,1,2,0,0,0,0.0,0.0,0.0,1,2,3,1.0,2.0,1.5,0,0,0,1,1,2,LL,0,0,2,,,0-1,2-0
610,Fehérvár FC,848,UEFA Europa Conference League,2021,1,1,2,0,0,0,1,0,1,0,1,1,1,0,1,1.0,0.0,0.5,1,2,3,1.0,2.0,1.5,0,0,0,0,1,1,DL,0,1,0,,,,2-0
611,Fenerbahce,848,UEFA Europa Conference League,2021,1,1,2,0,0,0,0,0,0,1,1,2,2,2,4,2.0,2.0,2.0,3,3,6,3.0,3.0,3.0,0,0,0,0,0,0,LL,0,0,2,,,2-3,3-2
612,Suduva Marijampole,848,UEFA Europa Conference League,2021,2,2,4,1,0,1,1,2,3,0,0,0,2,0,2,1.0,0.0,0.5,1,0,1,0.5,0.0,0.3,1,2,3,1,2,3,WDDD,1,0,0,2-1,,,
615,NK Domzale,848,UEFA Europa Conference League,2021,3,3,6,1,1,2,1,1,2,1,1,2,3,3,6,1.0,1.0,1.0,3,7,10,1.0,2.3,1.7,1,1,2,0,0,0,WDDWLL,1,2,0,1-0,0-1,1-2,6-1
616,NK Osijek,848,UEFA Europa Conference League,2021,2,2,4,1,0,1,1,1,2,0,1,1,2,2,4,1.0,1.0,1.0,1,4,5,0.5,2.0,1.3,1,1,2,0,1,1,DWLD,1,1,1,1-0,,,4-2
619,PAOK,848,UEFA Europa Conference League,2021,8,8,16,4,4,8,2,1,3,2,3,5,10,10,20,1.3,1.3,1.3,6,7,13,0.8,0.9,0.8,3,3,6,1,2,3,LWDWWDWLDWLWWWLL,3,1,1,2-0,0-2,1-2,2-1
626,Fola Esch,848,UEFA Europa Conference League,2021,3,3,6,2,2,4,0,0,0,1,1,2,4,5,9,1.3,1.7,1.5,5,5,10,1.7,1.7,1.7,1,0,1,0,0,0,WWWWLL,4,0,0,2-1,1-2,1-4,3-1
628,Sparta Praha,848,UEFA Europa Conference League,2021,1,1,2,0,0,0,0,0,0,1,1,2,0,1,1,0.0,1.0,0.5,1,2,3,1.0,2.0,1.5,0,0,0,1,0,1,LL,0,0,2,,,0-1,2-1
631,Gent,848,UEFA Europa Conference League,2021,7,7,14,4,3,7,2,0,2,1,4,5,14,3,17,2.0,0.4,1.2,5,5,10,0.7,0.7,0.7,4,3,7,0,4,4,WLDWLWWWWDLWLL,4,1,1,4-0,0-1,1-2,2-0
632,Universitatea Craiova,848,UEFA Europa Conference League,2021,1,1,2,0,0,0,1,0,1,0,1,1,0,0,0,0.0,0.0,0.0,0,1,1,0.0,1.0,0.5,1,0,1,1,1,2,LD,0,0,1,,,,1-0
642,Siroki Brijeg,848,UEFA Europa Conference League,2021,1,1,2,1,0,1,0,0,0,0,1,1,3,0,3,3.0,0.0,1.5,1,3,4,1.0,3.0,2.0,0,0,0,0,1,1,WL,1,0,0,3-1,,,3-0
644,FC Luzern,848,UEFA Europa Conference League,2021,1,1,2,0,0,0,0,0,0,1,1,2,0,0,0,0.0,0.0,0.0,3,3,6,3.0,3.0,3.0,0,0,0,1,1,2,LL,0,0,2,,,0-3,3-0
649,HJK helsinki,848,UEFA Europa Conference League,2021,3,3,6,1,1,2,0,0,0,2,2,4,1,4,5,0.3,1.3,0.8,7,8,15,2.3,2.7,2.5,1,0,1,2,2,4,LWLLWL,1,0,2,1-0,2-4,0-5,3-0
652,Shamrock Rovers,848,UEFA Europa Conference League,2021,2,2,4,1,1,2,0,0,0,1,1,2,1,4,5,0.5,2.0,1.3,1,4,5,0.5,2.0,1.3,1,1,2,1,0,1,WWLL,2,0,0,1-0,0-2,0-1,4-2
656,Slovan Bratislava,848,UEFA Europa Conference League,2021,3,3,6,1,1,2,1,1,2,1,1,2,3,5,8,1.0,1.7,1.3,3,4,7,1.0,1.3,1.2,2,0,2,1,1,2,LDWWDL,2,1,1,2-0,1-4,1-3,2-0
660,FC Vaduz,848,UEFA Europa Conference League,2021,1,1,2,0,0,0,0,0,0,1,1,2,1,1,2,1.0,1.0,1.0,3,2,5,3.0,2.0,2.5,0,0,0,0,0,0,LL,0,0,2,,,1-3,2-1
661,FK Liepaja,848,UEFA Europa Conference League,2021,2,2,4,0,1,1,2,1,3,0,0,0,1,4,5,0.5,2.0,1.3,1,1,2,0.5,0.5,0.5,1,1,2,1,1,2,DWDD,1,1,0,,1-4,,
664,Kairat Almaty,848,UEFA Europa Conference League,2021,4,4,8,1,1,2,1,1,2,2,2,4,6,7,13,1.5,1.8,1.6,6,7,13,1.5,1.8,1.6,1,1,2,1,1,2,WWDLLLLD,2,1,4,3-1,1-4,2-3,4-2
666,Keshla FC,848,UEFA Europa Conference League,2021,1,1,2,0,0,0,0,0,0,1,1,2,2,0,2,2.0,0.0,1.0,4,3,7,4.0,3.0,3.5,0,0,0,0,1,1,LL,0,0,2,,,2-4,3-0
667,Lincoln Red Imps FC,848,UEFA Europa Conference League,2021,4,4,8,1,0,1,0,1,1,3,3,6,4,2,6,1.0,0.5,0.8,11,8,19,2.8,2.0,2.4,0,0,0,2,2,4,DWLLLLLL,1,1,0,3-1,,0-4,3-1
669,Coleraine FC,848,UEFA Europa Conference League,2021,1,1,2,0,0,0,0,0,0,1,1,2,1,1,2,1.0,1.0,1.0,2,2,4,2.0,2.0,2.0,0,0,0,0,0,0,LL,0,0,2,,,1-2,2-1
672,Folgore,848,UEFA Europa Conference League,2021,1,1,2,0,0,0,0,0,0,1,1,2,1,2,3,1.0,2.0,1.5,3,4,7,3.0,4.0,3.5,0,0,0,0,0,0,LL,0,0,2,,,1-3,4-2
673,Sutjeska,848,UEFA Europa Conference League,2021,2,2,4,1,0,1,1,1,2,0,1,1,1,2,3,0.5,1.0,0.8,0,4,4,0.0,2.0,1.0,2,0,2,1,0,1,WDDL,1,2,0,1-0,,,3-1
674,UE Sant Julia,848,UEFA Europa Conference League,2021,1,1,2,0,0,0,1,1,2,0,0,0,0,1,1,0.0,1.0,0.5,0,1,1,0.0,1.0,0.5,1,0,1,1,0,1,DD,0,2,0,,,,
677,Olimpija Ljubljana,848,UEFA Europa Conference League,2021,2,2,4,1,0,1,0,0,0,1,2,3,1,0,1,0.5,0.0,0.3,1,3,4,0.5,1.5,1.0,1,0,1,1,2,3,WLLL,1,0,0,1-0,,0-1,2-0
679,FK Sarajevo,848,UEFA Europa Conference League,2021,1,1,2,0,0,0,0,1,1,1,0,1,0,0,0,0.0,0.0,0.0,1,0,1,1.0,0.0,0.5,0,1,1,1,1,2,DL,0,1,0,,,0-1,
680,Prishtina,848,UEFA Europa Conference League,2021,2,2,4,2,0,2,0,0,0,0,2,2,6,2,8,3.0,1.0,2.0,2,6,8,1.0,3.0,2.0,0,0,0,0,1,1,WLWL,1,0,1,4-1,,,4-2
682,NSI Runavik,848,UEFA Europa Conference League,2021,1,1,2,0,0,0,0,1,1,1,0,1,1,0,1,1.0,0.0,0.5,3,0,3,3.0,0.0,1.5,0,1,1,0,1,1,DL,0,1,0,,,1-3,
687,Flora Tallinn,848,UEFA Europa Conference League,2021,4,4,8,2,1,3,1,1,2,1,2,3,7,3,10,1.8,0.8,1.3,5,5,10,1.3,1.3,1.3,1,1,2,1,2,3,WWLLDDWL,2,2,2,4-2,0-1,0-1,2-0
691,Milsami Orhei,848,UEFA Europa Conference League,2021,2,2,4,0,1,1,1,0,1,1,1,2,0,1,1,0.0,0.5,0.3,5,4,9,2.5,2.0,2.3,1,1,2,2,1,3,DWLL,1,1,0,,0-1,0-5,4-0
698,St Joseph S Fc,848,UEFA Europa Conference League,2021,1,1,2,0,0,0,1,0,1,0,1,1,1,1,2,1.0,1.0,1.0,1,3,4,1.0,3.0,2.0,0,0,0,0,0,0,LD,0,0,1,,,,3-1
700,Tre Penne,848,UEFA Europa Conference League,2021,1,1,2,0,0,0,0,0,0,1,1,2,0,0,0,0.0,0.0,0.0,4,3,7,4.0,3.0,3.5,0,0,0,1,1,2,LL,0,0,2,,,0-4,3-0
701,KI Klaksvik,848,UEFA Europa Conference League,2021,1,1,2,0,1,1,0,0,0,1,0,1,2,3,5,2.0,3.0,2.5,4,2,6,4.0,2.0,3.0,0,0,0,0,0,0,WL,1,0,0,,2-3,2-4,
702,Vojvodina,848,UEFA Europa Conference League,2021,2,2,4,1,1,2,0,0,0,1,1,2,1,2,3,0.5,1.0,0.8,1,6,7,0.5,3.0,1.8,1,1,2,1,0,1,WWLL,2,0,0,1-0,0-1,0-1,6-1
705,Dinamo Batumi,848,UEFA Europa Conference League,2021,3,3,6,1,2,3,0,1,1,2,0,2,4,9,13,1.3,3.0,2.2,3,2,5,1.0,0.7,0.8,1,1,2,1,0,1,WWLWLD,2,0,1,3-0,0-4,1-2,
708,Partizani,848,UEFA Europa Conference League,2021,2,2,4,1,1,2,0,0,0,1,1,2,5,3,8,2.5,1.5,2.0,4,5,9,2.0,2.5,2.3,0,0,0,1,1,2,WWLL,2,0,0,5-2,2-3,0-2,3-0
781,Rapid Vienna,848,UEFA Europa Conference League,2021,1,1,2,1,0,1,0,0,0,0,1,1,2,0,2,2.0,0.0,1.0,1,2,3,1.0,2.0,1.5,0,0,0,0,1,1,WL,1,0,0,2-1,,,2-0
853,CSKA Sofia,848,UEFA Europa Conference League,2021,6,6,12,2,0,2,2,2,4,2,4,6,9,2,11,1.5,0.3,0.9,6,12,18,1.0,2.0,1.5,3,1,4,3,4,7,DDWDLWLDLLLL,1,2,1,3-0,,2-3,5-1
858,Lokomotiv Plovdiv,848,UEFA Europa Conference League,2021,2,2,4,1,0,1,1,0,1,0,2,2,2,2,4,1.0,1.0,1.0,1,5,6,0.5,2.5,1.5,1,0,1,0,1,1,WLDL,1,1,1,1-0,,,4-2
998,Trabzonspor,848,UEFA Europa Conference League,2021,2,2,4,0,0,0,1,1,2,1,1,2,4,1,5,2.0,0.5,1.3,5,4,9,2.5,2.0,2.3,0,0,0,0,1,1,DDLL,0,2,0,,,1-2,3-0
1002,Sivasspor,848,UEFA Europa Conference League,2021,3,3,6,1,2,3,1,0,1,1,1,2,3,3,6,1.0,1.0,1.0,3,6,9,1.0,2.0,1.5,1,1,2,0,1,1,WWWDLL,3,1,0,1-0,1-2,1-2,5-0
1026,Lask Linz,848,UEFA Europa Conference League,2021,6,6,12,4,5,9,2,0,2,0,1,1,17,10,27,2.8,1.7,2.3,6,4,10,1.0,0.7,0.8,2,5,7,0,0,0,WWDWWDWWWWLW,4,1,1,6-1,0-3,,4-1
1083,Rubin,848,UEFA Europa Conference League,2021,1,1,2,0,0,0,0,1,1,1,0,1,0,0,0,0.0,0.0,0.0,1,0,1,1.0,0.0,0.5,0,1,1,1,1,2,DL,0,1,0,,,0-1,
1120,Spartak Trnava,848,UEFA Europa Conference League,2021,3,3,6,1,0,1,2,1,3,0,2,2,2,3,5,0.7,1.0,0.8,0,5,5,0.0,1.7,0.8,3,0,3,2,1,3,LWDDDL,1,3,1,2-0,,,3-2
1121,Vorskla Poltava,848,UEFA Europa Conference League,2021,1,1,2,0,0,0,0,1,1,1,0,1,2,2,4,2.0,2.0,2.0,3,2,5,3.0,2.0,2.5,0,0,0,0,0,0,DL,0,1,0,,,2-3,
1122,FK Jablonec,848,UEFA Europa Conference League,2021,4,4,8,2,1,3,2,1,3,0,2,2,9,5,14,2.3,1.3,1.8,4,5,9,1.0,1.3,1.1,1,1,2,0,2,2,WWWLDDDL,3,3,1,5-1,0-3,,2-0
1123,Aris Thessalonikis,848,UEFA Europa Conference League,2021,1,1,2,1,0,1,0,0,0,0,1,1,2,0,2,2.0,0.0,1.0,1,2,3,1.0,2.0,1.5,0,0,0,0,1,1,LW,0,0,1,2-1,,,2-0
1164,Inter Turku,848,UEFA Europa Conference League,2021,1,1,2,0,0,0,1,0,1,0,1,1,1,0,1,1.0,0.0,0.5,1,2,3,1.0,2.0,1.5,0,0,0,0,1,1,DL,0,1,0,,,,2-0
1165,KuPS,848,UEFA Europa Conference League,2021,4,4,8,1,2,3,2,1,3,1,1,2,8,7,15,2.0,1.8,1.9,7,6,13,1.8,1.5,1.6,1,1,2,1,2,3,LWDWDWLD,1,1,1,5-0,3-4,0-4,1-0
1169,Honka,848,UEFA Europa Conference League,2021,2,2,4,0,1,1,1,1,2,1,0,1,0,4,4,0.0,2.0,1.0,1,2,3,0.5,1.0,0.8,1,0,1,2,0,2,DWDL,1,1,0,,1-3,0-1,
1430,Arda Kardzhali,848,UEFA Europa Conference League,2021,1,1,2,0,0,0,0,0,0,1,1,2,0,0,0,0.0,0.0,0.0,2,4,6,2.0,4.0,3.0,0,0,0,1,1,2,LL,0,0,2,,,0-2,4-0
2012,FC Sochi,848,UEFA Europa Conference League,2021,2,2,4,1,1,2,1,1,2,0,0,0,4,6,10,2.0,3.0,2.5,1,4,5,0.5,2.0,1.3,1,0,1,0,0,0,WWDD,2,0,0,3-0,2-4,,
2030,Racing FC Union Luxembourg,848,UEFA Europa Conference League,2021,1,1,2,0,0,0,0,0,0,1,1,2,2,0,2,2.0,0.0,1.0,3,2,5,3.0,2.0,2.5,0,0,0,0,1,1,LL,0,0,2,,,2-3,2-0
2184,Servette FC,848,UEFA Europa Conference League,2021,1,1,2,1,0,1,0,0,0,0,1,1,2,0,2,2.0,0.0,1.0,0,3,3,0.0,3.0,1.5,1,0,1,0,1,1,LW,0,0,1,2-0,,,3-0
2246,CFR 1907 Cluj,848,UEFA Europa Conference League,2021,3,3,6,1,0,1,1,0,1,1,3,4,3,1,4,1.0,0.3,0.7,2,5,7,0.7,1.7,1.2,1,0,1,1,2,3,LDLLLW,0,1,3,2-0,,0-1,2-0
2249,La Fiorita,848,UEFA Europa Conference League,2021,1,1,2,0,0,0,1,0,1,0,1,1,1,0,1,1.0,0.0,0.5,1,1,2,1.0,1.0,1.0,0,0,0,0,1,1,LD,0,0,1,,,,1-0
2255,Ujpest,848,UEFA Europa Conference League,2021,2,2,4,1,1,2,0,0,0,1,1,2,3,3,6,1.5,1.5,1.5,3,5,8,1.5,2.5,2.0,0,0,0,0,1,1,WWLL,2,0,0,2-1,1-3,1-2,4-0
2256,Laci,848,UEFA Europa Conference League,2021,3,3,6,2,0,2,0,1,1,1,2,3,4,1,5,1.3,0.3,0.8,3,3,6,1.0,1.0,1.0,2,1,3,1,2,3,LWWDLL,2,1,1,3-0,,0-3,2-1
2257,Dunajska Streda,848,UEFA Europa Conference League,2021,1,1,2,0,0,0,0,0,0,1,1,2,0,0,0,0.0,0.0,0.0,2,1,3,2.0,1.0,1.5,0,0,0,1,1,2,LL,0,0,2,,,0-2,1-0
2259,FK Tobol Kostanay,848,UEFA Europa Conference League,2021,2,2,4,1,0,1,0,0,0,1,2,3,4,0,4,2.0,0.0,1.0,2,7,9,1.0,3.5,2.3,0,0,0,1,2,3,LWLL,1,0,1,4-1,,0-1,5-0
2262,Dinamo Tbilisi,848,UEFA Europa Conference League,2021,1,1,2,0,0,0,0,0,0,1,1,2,1,1,2,1.0,1.0,1.0,2,5,7,2.0,5.0,3.5,0,0,0,0,0,0,LL,0,0,2,,,1-2,5-1
2264,Gzira United,848,UEFA Europa Conference League,2021,2,2,4,0,0,0,1,1,2,1,1,2,1,0,1,0.5,0.0,0.3,3,1,4,1.5,0.5,1.0,0,1,1,1,2,3,DDLL,0,2,0,,,0-2,1-0
2265,Shkupi 1927,848,UEFA Europa Conference League,2021,2,2,4,1,0,1,0,1,1,1,1,2,2,1,3,1.0,0.5,0.8,3,3,6,1.5,1.5,1.5,1,0,1,1,1,2,WDLL,1,1,0,2-0,,0-3,2-0
2269,Anorthosis,848,UEFA Europa Conference League,2021,4,4,8,2,0,2,1,3,4,1,1,2,6,3,9,1.5,0.8,1.1,5,5,10,1.3,1.3,1.3,1,1,2,1,2,3,DWLLDDWD,1,2,2,3-1,,0-2,2-0
2270,Neftchi Baku,848,UEFA Europa Conference League,2021,1,1,2,0,0,0,1,0,1,0,1,1,3,0,3,3.0,0.0,1.5,3,4,7,3.0,4.0,3.5,0,0,0,0,1,1,DL,0,1,0,,,,4-0
2271,Petrocub,848,UEFA Europa Conference League,2021,2,2,4,1,0,1,0,1,1,1,1,2,1,1,2,0.5,0.5,0.5,1,2,3,0.5,1.0,0.8,1,0,1,1,1,2,DWLL,1,1,0,1-0,,0-1,1-0
2273,FC Levadia Tallinn,848,UEFA Europa Conference League,2021,2,2,4,1,0,1,0,2,2,1,0,1,4,3,7,2.0,1.5,1.8,3,3,6,1.5,1.5,1.5,0,0,0,0,0,0,WDDL,1,2,0,3-1,,1-2,
2276,FC Urartu,848,UEFA Europa Conference League,2021,1,1,2,0,0,0,0,0,0,1,1,2,0,0,0,0.0,0.0,0.0,1,1,2,1.0,1.0,1.0,0,0,0,1,1,2,LL,0,0,2,,,0-1,1-0
2277,Birkirkara,848,UEFA Europa Conference League,2021,2,2,4,2,0,2,0,1,1,0,1,1,2,1,3,1.0,0.5,0.8,0,2,2,0.0,1.0,0.5,2,0,2,0,1,1,WDLW,1,1,1,1-0,,,1-0
2391,Puskas Academy,848,UEFA Europa Conference League,2021,2,2,4,1,0,1,0,1,1,1,1,2,2,1,3,1.0,0.5,0.8,2,4,6,1.0,2.0,1.5,1,0,1,1,1,2,DWLL,1,1,0,2-0,,0-2,3-0
2585,Sepsi OSK Sfantu Gheorghe,848,UEFA Europa Conference League,2021,1,1,2,0,0,0,1,1,2,0,0,0,1,0,1,1.0,0.0,0.5,1,0,1,1.0,0.0,0.5,0,1,1,0,1,1,DD,0,2,0,,,,
2656,Cukaricki,848,UEFA Europa Conference League,2021,2,2,4,1,1,2,1,0,1,0,1,1,3,3,6,1.5,1.5,1.5,1,5,6,0.5,2.5,1.5,1,1,2,1,0,1,DWWL,2,1,0,3-1,0-2,,5-1
3320,Teuta Durrës,848,UEFA Europa Conference League,2021,2,2,4,0,1,1,0,0,0,2,1,3,0,3,3,0.0,1.5,0.8,4,1,5,2.0,0.5,1.3,0,1,1,2,1,3,LWLL,1,0,1,,0-3,0-2,1-0
3339,Vllaznia Shkodër,848,UEFA Europa Conference League,2021,2,2,4,1,0,1,0,0,0,1,2,3,3,1,4,1.5,0.5,1.0,1,4,5,0.5,2.0,1.3,1,0,1,1,1,2,LWLL,1,0,1,3-0,,0-1,3-1
3342,Inter Club d'Escaldes,848,UEFA Europa Conference League,2021,1,1,2,0,1,1,0,0,0,1,0,1,0,2,2,0.0,2.0,1.0,3,0,3,3.0,0.0,1.5,0,1,1,1,0,1,WL,1,0,0,,0-2,0-3,
3364,Borac Banja Luka,848,UEFA Europa Conference League,2021,1,1,2,0,0,0,1,0,1,0,1,1,0,0,0,0.0,0.0,0.0,0,4,4,0.0,4.0,2.0,1,0,1,1,1,2,LD,0,0,1,,,,4-0
3381,Velež,848,UEFA Europa Conference League,2021,3,3,6,2,1,3,0,1,1,1,1,2,5,3,8,1.7,1.0,1.3,6,3,9,2.0,1.0,1.5,0,0,0,0,1,1,WWWLDL,3,1,1,2-1,1-2,1-4,1-0
3396,AEL,848,UEFA Europa Conference League,2021,2,2,4,1,1,2,1,0,1,0,1,1,2,1,3,1.0,0.5,0.8,1,1,2,0.5,0.5,0.5,1,1,2,0,1,1,WWDL,2,1,0,1-0,0-1,,1-0
3402,Omonia Nicosia,848,UEFA Europa Conference League,2021,3,3,6,0,0,0,2,2,4,1,1,2,2,3,5,0.7,1.0,0.8,5,5,10,1.7,1.7,1.7,1,1,2,1,1,2,DLLDDD,0,1,2,,,1-4,3-1
3491,Raków Częstochowa,848,UEFA Europa Conference League,2021,3,3,6,1,1,2,2,1,3,0,1,1,1,1,2,0.3,0.3,0.3,0,3,3,0.0,1.0,0.5,3,2,5,2,2,4,DDDWWL,2,3,0,1-0,0-1,,3-0
3499,Dila,848,UEFA Europa Conference League,2021,1,1,2,1,0,1,0,0,0,0,1,1,2,1,3,2.0,1.0,1.5,1,5,6,1.0,5.0,3.0,0,0,0,0,0,0,LW,0,0,1,2-1,,,5-1
3505,Gagra,848,UEFA Europa Conference League,2021,1,1,2,0,0,0,1,0,1,0,1,1,1,0,1,1.0,0.0,0.5,1,1,2,1.0,1.0,1.0,0,0,0,0,1,1,LD,0,0,1,,,,1-0
3528,Paide,848,UEFA Europa Conference League,2021,1,1,2,0,0,0,0,0,0,1,1,2,1,0,1,1.0,0.0,0.5,2,2,4,2.0,2.0,2.0,0,0,0,0,1,1,LL,0,0,2,,,1-2,2-0
3554,Žilina,848,UEFA Europa Conference League,2021,4,4,8,2,2,4,1,0,1,1,2,3,12,6,18,3.0,1.5,2.3,6,8,14,1.5,2.0,1.8,1,1,2,1,0,1,WLWDWWLL,2,1,1,5-0,1-3,0-3,5-1
3627,Kolos Kovalivka,848,UEFA Europa Conference League,2021,1,1,2,0,0,0,1,1,2,0,0,0,0,0,0,0.0,0.0,0.0,0,0,0,0.0,0.0,0.0,1,1,2,1,1,2,DD,0,2,0,,,,
3682,Ararat,848,UEFA Europa Conference League,2021,2,2,4,1,0,1,0,2,2,1,0,1,4,4,8,2.0,2.0,2.0,4,4,8,2.0,2.0,2.0,1,0,1,0,0,0,DWLD,1,1,1,2-0,,2-4,
3684,FC Noah,848,UEFA Europa Conference League,2021,1,1,2,1,0,1,0,0,0,0,1,1,1,0,1,1.0,0.0,0.5,0,5,5,0.0,5.0,2.5,1,0,1,0,1,1,WL,1,0,0,1-0,,,5-0
3719,Slovácko,848,UEFA Europa Conference League,2021,1,1,2,1,0,1,0,0,0,0,1,1,1,0,1,1.0,0.0,0.5,0,1,1,0.0,1.0,0.5,1,0,1,0,1,1,LW,0,0,1,1-0,,,1-0
3745,Dečić,848,UEFA Europa Conference League,2021,1,1,2,0,0,0,0,0,0,1,1,2,0,1,1,0.0,1.0,0.5,1,2,3,1.0,2.0,1.5,0,0,0,1,0,1,LL,0,0,2,,,0-1,2-1
3750,Mladost Lješkopolje,848,UEFA Europa Conference League,2021,1,1,2,1,0,1,0,0,0,0,1,1,1,0,1,1.0,0.0,0.5,0,3,3,0.0,3.0,1.5,1,0,1,0,1,1,WL,1,0,0,1-0,,,3-0
3840,Bohemians,848,UEFA Europa Conference League,2021,3,3,6,3,1,4,0,1,1,0,1,1,8,2,10,2.7,0.7,1.7,1,3,4,0.3,1.0,0.7,2,1,3,0,1,1,DWWWWL,4,1,0,3-0,0-1,,2-0
3842,Sligo Rovers,848,UEFA Europa Conference League,2021,1,1,2,0,0,0,0,0,0,1,1,2,1,0,1,1.0,0.0,0.5,2,1,3,2.0,1.0,1.5,0,0,0,0,1,1,LL,0,0,2,,,1-2,1-0
3872,Kauno Žalgiris,848,UEFA Europa Conference League,2021,2,2,4,1,0,1,0,1,1,1,1,2,2,1,3,1.0,0.5,0.8,5,5,10,2.5,2.5,2.5,1,1,2,1,1,2,DWLL,1,1,0,2-0,,0-5,5-1
3874,Panevėžys,848,UEFA Europa Conference League,2021,1,1,2,0,0,0,0,0,0,1,1,2,0,0,0,0.0,0.0,0.0,1,1,2,1.0,1.0,1.0,0,0,0,1,1,2,LL,0,0,2,,,0-1,1-0
3884,Hibernians,848,UEFA Europa Conference League,2021,2,2,4,1,2,3,0,0,0,1,0,1,5,4,9,2.5,2.0,2.3,6,1,7,3.0,0.5,1.8,0,1,1,0,0,0,WWWL,3,0,0,4-2,1-3,1-4,
4133,HB,848,UEFA Europa Conference League,2021,2,2,4,2,1,3,0,0,0,0,1,1,5,4,9,2.5,2.0,2.3,0,7,7,0.0,3.5,1.8,2,1,3,0,0,0,WWLW,2,0,1,4-0,0-2,,7-2
4153,Valmiera / BSS,848,UEFA Europa Conference League,2021,1,1,2,0,0,0,1,0,1,0,1,1,0,1,1,0.0,1.0,0.5,0,2,2,0.0,2.0,1.0,1,0,1,1,0,1,LD,0,0,1,,,,2-1
4160,Rīgas FS,848,UEFA Europa Conference League,2021,3,3,6,1,2,3,0,1,1,2,0,2,5,8,13,1.7,2.7,2.2,4,4,8,1.3,1.3,1.3,1,1,2,1,0,1,LWWWDL,3,1,1,3-0,2-4,2-3,
4195,Maccabi Haifa,848,UEFA Europa Conference League,2021,6,6,12,4,1,5,1,1,2,1,4,5,17,6,23,2.8,1.0,1.9,4,11,15,0.7,1.8,1.3,3,0,3,2,3,5,WWWLDWDLWLLL,3,1,1,7-2,1-2,0-1,3-0
4197,Mura,848,UEFA Europa Conference League,2021,3,3,6,1,0,1,0,0,0,2,3,5,3,2,5,1.0,0.7,0.8,5,9,14,1.7,3.0,2.3,0,0,0,1,1,2,LLLLWL,1,0,4,2-1,,0-2,5-1
4331,Sileks,848,UEFA Europa Conference League,2021,1,1,2,0,0,0,1,0,1,0,1,1,1,0,1,1.0,0.0,0.5,1,1,2,1.0,1.0,1.0,0,0,0,0,1,1,DL,0,1,0,,,,1-0
4346,Struga,848,UEFA Europa Conference League,2021,1,1,2,0,0,0,0,1,1,1,0,1,1,1,2,1.0,1.0,1.0,4,1,5,4.0,1.0,2.5,0,0,0,0,0,0,DL,0,1,0,,,1-4,
4507,Ashdod,848,UEFA Europa Conference League,2021,1,1,2,0,0,0,0,1,1,1,0,1,0,0,0,0.0,0.0,0.0,1,0,1,1.0,0.0,0.5,0,1,1,1,1,2,DL,0,1,0,,,0-1,
4566,Shakhter Karagandy,848,UEFA Europa Conference League,2021,3,3,6,1,0,1,1,1,2,1,2,3,3,0,3,1.0,0.0,0.5,3,3,6,1.0,1.0,1.0,1,1,2,1,3,4,LWDDLL,1,2,1,2-1,,1-2,2-0
4627,Mosta,848,UEFA Europa Conference League,2021,1,1,2,1,0,1,0,0,0,0,1,1,3,0,3,3.0,0.0,1.5,2,2,4,2.0,2.0,2.0,0,0,0,0,1,1,WL,1,0,0,3-2,,,2-0
4632,Sfîntul Gheorghe,848,UEFA Europa Conference League,2021,1,1,2,0,0,0,0,0,0,1,1,2,2,2,4,2.0,2.0,2.0,3,5,8,3.0,5.0,4.0,0,0,0,0,0,0,LL,0,0,2,,,2-3,5-2
5352,Glentoran,848,UEFA Europa Conference League,2021,1,1,2,0,0,0,1,0,1,0,1,1,1,0,1,1.0,0.0,0.5,1,2,3,1.0,2.0,1.5,0,0,0,0,1,1,DL,0,1,0,,,,2-0
5354,Larne,848,UEFA Europa Conference League,2021,3,3,6,3,1,4,0,1,1,0,1,1,4,2,6,1.3,0.7,1.0,1,5,6,0.3,1.7,1.0,2,1,3,0,1,1,WWWDLW,3,1,1,2-1,0-1,,4-0
5503,Sumqayıt,848,UEFA Europa Conference League,2021,1,1,2,0,0,0,0,1,1,1,0,1,0,0,0,0.0,0.0,0.0,2,0,2,2.0,0.0,1.0,0,1,1,1,1,2,DL,0,1,0,,,0-2,
10124,Riga,848,UEFA Europa Conference League,2021,3,3,6,1,2,3,1,0,1,1,1,2,3,6,9,1.0,2.0,1.5,2,4,6,0.7,1.3,1.0,1,1,2,1,0,1,WWLWDL,2,1,1,2-0,1-4,0-1,3-1
10125,Europa,848,UEFA Europa Conference League,2021,1,1,2,0,0,0,1,0,1,0,1,1,0,0,0,0.0,0.0,0.0,0,2,2,0.0,2.0,1.0,1,0,1,1,1,2,DL,0,1,0,,,,2-0
11907,Swift Hesperange,848,UEFA Europa Conference League,2021,1,1,2,0,0,0,1,0,1,0,1,1,1,0,1,1.0,0.0,0.5,1,1,2,1.0,1.0,1.0,0,0,0,0,1,1,LD,0,0,1,,,,1-0
14281,Drita,848,UEFA Europa Conference League,2021,2,2,4,1,1,2,1,0,1,0,1,1,2,3,5,1.0,1.5,1.3,1,3,4,0.5,1.5,1.0,1,1,2,1,0,1,WWDL,2,1,0,2-1,0-1,,3-2
14395,Llapi,848,UEFA Europa Conference League,2021,1,1,2,0,0,0,1,0,1,0,1,1,1,0,1,1.0,0.0,0.5,1,2,3,1.0,2.0,1.5,0,0,0,0,1,1,LD,0,0,1,,,,2-0
16137,Mons Calpe,848,UEFA Europa Conference League,2021,1,1,2,0,0,0,1,0,1,0,1,1,1,0,1,1.0,0.0,0.5,1,4,5,1.0,4.0,2.5,0,0,0,0,1,1,DL,0,1,0,,,,4-0
48,West Ham,848,UEFA Europa Conference League,2022,7,8,15,7,7,14,0,1,1,0,0,0,19,16,35,2.7,2.0,2.3,5,4,9,0.7,0.5,0.6,2,5,7,0,0,0,WWWWWWWWWWDWWWW,10,1,0,4-0,0-3,,
84,Nice,848,UEFA Europa Conference League,2022,6,6,12,3,2,5,1,3,4,2,1,3,10,7,17,1.7,1.2,1.4,7,6,13,1.2,1.0,1.1,1,2,3,0,1,1,LWDDWLWDWWDL,2,2,1,3-1,0-1,1-2,1-0
192,1.FC Köln,848,UEFA Europa Conference League,2022,4,4,8,1,2,3,1,1,2,2,1,3,7,5,12,1.8,1.3,1.5,7,3,10,1.8,0.8,1.3,0,2,2,1,1,2,LWDWLLWD,1,1,2,4-2,0-3,1-2,2-0
201,AZ Alkmaar,848,UEFA Europa Conference League,2022,9,9,18,8,5,13,0,0,0,1,4,5,25,12,37,2.8,1.3,2.1,6,9,15,0.7,1.0,0.8,4,2,6,1,3,4,WWLWWWWWWLWWWWLWLL,6,0,1,7-0,0-4,0-1,2-0
217,SC Braga,848,UEFA Europa Conference League,2022,1,1,2,0,0,0,0,0,0,1,1,2,0,2,2,0.0,2.0,1.0,4,3,7,4.0,3.0,3.5,0,0,0,1,0,1,LL,0,0,2,,,0-4,3-2
224,Guimaraes,848,UEFA Europa Conference League,2022,2,2,4,2,0,2,0,1,1,0,1,1,4,1,5,2.0,0.5,1.3,0,3,3,0.0,1.5,0.8,2,1,3,0,1,1,WDLW,1,1,1,3-0,,,3-1
254,Heart Of Midlothian,848,UEFA Europa Conference League,2022,3,3,6,1,1,2,0,0,0,2,2,4,2,4,6,0.7,1.3,1.0,8,8,16,2.7,2.7,2.7,0,1,1,2,0,2,LWLLWL,1,0,2,2-1,0-2,0-4,5-1
256,Motherwell,848,UEFA Europa Conference League,2022,1,1,2,0,0,0,0,0,0,1,1,2,0,0,0,0.0,0.0,0.0,1,2,3,1.0,2.0,1.5,0,0,0,1,1,2,LL,0,0,2,,,0-1,2-0
271,KR Reykjavik,848,UEFA Europa Conference League,2022,1,1,2,1,0,1,0,0,0,0,1,1,1,1,2,1.0,1.0,1.0,0,4,4,0.0,4.0,2.0,1,0,1,0,0,0,LW,0,0,1,1-0,,,4-1
276,Breidablik,848,UEFA Europa Conference League,2022,3,3,6,2,1,3,0,0,0,1,2,3,7,2,9,2.3,0.7,1.5,4,5,9,1.3,1.7,1.5,1,1,2,0,1,1,WWWLLL,3,0,0,4-1,0-1,1-3,3-0
278,Vikingur Reykjavik,848,UEFA Europa Conference League,2022,2,2,4,2,0,2,0,1,1,0,1,1,3,1,4,1.5,0.5,1.0,0,4,4,0.0,2.0,1.0,2,1,3,0,1,1,WDWL,1,1,0,2-0,,,4-1
321,Lillestrom,848,UEFA Europa Conference League,2022,2,2,4,1,1,2,0,0,0,1,1,2,6,1,7,3.0,0.5,1.8,5,2,7,2.5,1.0,1.8,0,1,1,0,1,1,WWLL,2,0,0,5-2,0-1,1-3,2-0
327,Bodo/Glimt,848,UEFA Europa Conference League,2022,1,1,2,0,0,0,1,0,1,0,1,1,0,0,0,0.0,0.0,0.0,0,1,1,0.0,1.0,0.5,1,0,1,1,1,2,DL,0,1,0,,,,1-0
329,Molde,848,UEFA Europa Conference League,2022,6,6,12,3,3,6,1,0,1,2,3,5,12,11,23,2.0,1.8,1.9,5,10,15,0.8,1.7,1.3,3,2,5,2,1,3,WWWLLWDLWWLL,3,1,2,4-1,0-4,2-3,4-0
343,Lechia Gdansk,848,UEFA Europa Conference League,2022,2,2,4,1,1,2,0,1,1,1,0,1,5,2,7,2.5,1.0,1.8,3,1,4,1.5,0.5,1.0,0,1,1,0,1,1,WWDL,2,1,0,4-1,1-2,1-2,
347,Lech Poznan,848,UEFA Europa Conference League,2022,9,9,18,7,2,9,1,5,6,1,2,3,22,13,35,2.4,1.4,1.9,6,11,17,0.7,1.2,0.9,6,2,8,1,2,3,WDLWWDLWDDDWDWWWLW,3,3,1,5-0,0-3,1-4,4-3
348,Pogon Szczecin,848,UEFA Europa Conference League,2022,2,2,4,1,0,1,1,0,1,0,2,2,5,0,5,2.5,0.0,1.3,2,5,7,1.0,2.5,1.8,0,0,0,0,2,2,WLDL,1,1,1,4-1,,,4-0
352,Bala Town,848,UEFA Europa Conference League,2022,1,1,2,0,1,1,0,0,0,1,0,1,1,1,2,1.0,1.0,1.0,2,0,2,2.0,0.0,1.0,0,1,1,0,0,0,LW,0,0,1,,0-1,1-2,
354,The New Saints,848,UEFA Europa Conference League,2022,1,1,2,0,0,0,1,0,1,0,1,1,0,0,0,0.0,0.0,0.0,0,2,2,0.0,2.0,1.0,1,0,1,1,1,2,LD,0,0,1,,,,2-0
358,Newtown AFC,848,UEFA Europa Conference League,2022,2,2,4,1,0,1,0,0,0,1,2,3,3,1,4,1.5,0.5,1.0,3,5,8,1.5,2.5,2.0,0,0,0,0,1,1,LWLL,1,0,1,2-1,,1-2,4-1
364,Djurgardens IF,848,UEFA Europa Conference League,2022,7,7,14,6,4,10,0,1,1,1,2,3,16,11,27,2.3,1.6,1.9,8,9,17,1.1,1.3,1.2,3,2,5,1,2,3,WWWWWLDWWWWWLL,5,1,1,3-0,1-3,0-3,2-0
372,IF Elfsborg,848,UEFA Europa Conference League,2022,1,1,2,0,0,0,0,0,0,1,1,2,1,1,2,1.0,1.0,1.0,2,4,6,2.0,4.0,3.0,0,0,0,0,0,0,LL,0,0,2,,,1-2,4-1
377,AIK Stockholm,848,UEFA Europa Conference League,2022,3,3,6,1,0,1,1,1,2,1,2,3,3,3,6,1.0,1.0,1.0,2,7,9,0.7,2.3,1.5,1,0,1,1,1,2,LWDDLL,1,2,1,2-0,,0-1,3-0
388,Bate Borisov,848,UEFA Europa Conference League,2022,1,1,2,0,0,0,0,0,0,1,1,2,0,0,0,0.0,0.0,0.0,3,2,5,3.0,2.0,2.5,0,0,0,1,1,2,LL,0,0,2,,,0-3,2-0
389,FC Gomel,848,UEFA Europa Conference League,2022,1,1,2,0,0,0,0,0,0,1,1,2,1,1,2,1.0,1.0,1.0,2,5,7,2.0,5.0,3.5,0,0,0,0,0,0,LL,0,0,2,,,1-2,5-1
392,Shakhter Soligorsk,848,UEFA Europa Conference League,2022,1,1,2,0,0,0,1,0,1,0,1,1,0,0,0,0.0,0.0,0.0,0,1,1,0.0,1.0,0.5,1,0,1,1,1,2,DL,0,1,0,,,,1-0
394,Dinamo Minsk,848,UEFA Europa Conference League,2022,2,2,4,0,1,1,1,0,1,1,1,2,1,3,4,0.5,1.5,1.0,2,3,5,1.0,1.5,1.3,0,0,0,1,0,1,DWLL,1,1,0,,1-2,0-1,2-1
407,Brondby,848,UEFA Europa Conference League,2022,2,2,4,2,0,2,0,1,1,0,1,1,5,2,7,2.5,1.0,1.8,0,3,3,0.0,1.5,0.8,2,0,2,0,0,0,DWWL,2,1,0,4-0,,,2-1
415,Twente,848,UEFA Europa Conference League,2022,2,2,4,1,1,2,1,0,1,0,1,1,4,4,8,2.0,2.0,2.0,1,3,4,0.5,1.5,1.0,1,0,1,1,0,1,WWLD,2,0,1,4-1,1-3,,2-1
487,Lazio,848,UEFA Europa Conference League,2022,2,2,4,1,0,1,0,1,1,1,1,2,2,1,3,1.0,0.5,0.8,2,2,4,1.0,1.0,1.0,1,1,2,0,1,1,WDLL,1,1,0,1-0,,1-2,2-1
502,Fiorentina,848,UEFA Europa Conference League,2022,9,8,17,5,6,11,1,1,2,3,1,4,18,21,39,2.0,2.6,2.3,13,6,19,1.4,0.8,1.1,1,4,5,0,2,2,WDDLWWWWWWWWWLLWL,9,2,2,5-1,0-4,2-3,3-0
533,Villarreal,848,UEFA Europa Conference League,2022,5,5,10,3,3,6,1,1,2,1,1,2,15,6,21,3.0,1.2,2.1,8,5,13,1.6,1.0,1.3,1,2,3,1,1,2,WWWWWWDLDL,6,1,1,5-0,0-2,0-1,3-0
551,FC Basel 1893,848,UEFA Europa Conference League,2022,10,10,20,5,4,9,3,3,6,2,3,5,18,13,31,1.8,1.3,1.6,13,12,25,1.3,1.2,1.3,3,1,4,1,3,4,WDLWLWWWLDDWLWDDDWWL,3,3,1,3-1,1-2,1-3,1-0
552,Maribor,848,UEFA Europa Conference League,2022,1,1,2,0,0,0,1,0,1,0,1,1,0,0,0,0.0,0.0,0.0,0,1,1,0.0,1.0,0.5,1,0,1,1,1,2,DL,0,1,0,,,,1-0
554,Anderlecht,848,UEFA Europa Conference League,2022,8,8,16,4,4,8,2,1,3,2,3,5,11,7,18,1.4,0.9,1.1,6,5,11,0.8,0.6,0.7,3,5,8,2,3,5,WWWLWDLLDWLWDWWL,3,1,2,3-0,0-2,0-1,2-0
556,Qarabag,848,UEFA Europa Conference League,2022,1,1,2,1,0,1,0,0,0,0,1,1,1,0,1,1.0,0.0,0.5,0,1,1,0.0,1.0,0.5,1,0,1,0,1,1,WL,1,0,0,1-0,,,1-0
559,FCSB,848,UEFA Europa Conference League,2022,6,6,12,2,2,4,1,1,2,3,3,6,6,7,13,1.0,1.2,1.1,12,12,24,2.0,2.0,2.0,2,1,3,3,2,5,LWWWLWLDLLDL,3,1,2,4-2,1-3,0-5,5-0
560,Slavia Praha,848,UEFA Europa Conference League,2022,6,6,12,4,2,6,1,2,3,1,2,3,15,8,23,2.5,1.3,1.9,4,6,10,0.7,1.0,0.8,3,2,5,1,1,2,WWWDLWDWLLWD,3,1,2,7-0,0-4,0-1,2-0
561,HNK Rijeka,848,UEFA Europa Conference League,2022,1,1,2,0,0,0,0,0,0,1,1,2,1,0,1,1.0,0.0,0.5,2,2,4,2.0,2.0,2.0,0,0,0,0,1,1,LL,0,0,2,,,1-2,2-0
562,FC Astana,848,UEFA Europa Conference League,2022,1,1,2,0,0,0,0,0,0,1,1,2,0,0,0,0.0,0.0,0.0,1,5,6,1.0,5.0,3.0,0,0,0,1,1,2,LL,0,0,2,,,0-1,5-0
563,Hapoel Beer Sheva,848,UEFA Europa Conference League,2022,6,6,12,3,2,5,2,4,6,1,0,1,12,6,18,2.0,1.0,1.5,6,3,9,1.0,0.5,0.8,1,4,5,0,2,2,WWWWDDDLDDDW,4,3,1,4-0,0-2,1-2,
564,Istanbul Basaksehir,848,UEFA Europa Conference League,2022,7,7,14,4,4,8,2,2,4,1,1,2,15,13,28,2.1,1.9,2.0,7,5,12,1.0,0.7,0.9,3,3,6,0,1,1,DWWWDWWWDWLWDL,3,1,1,3-0,0-4,1-4,2-1
565,BSC Young Boys,848,UEFA Europa Conference League,2022,3,3,6,2,3,5,0,0,0,1,0,1,6,4,10,2.0,1.3,1.7,1,0,1,0.3,0.0,0.2,2,3,5,1,0,1,WWWWLW,4,0,1,3-0,0-2,0-1,
566,Ludogorets,848,UEFA Europa Conference League,2022,1,1,2,1,0,1,0,0,0,0,1,1,1,1,2,1.0,1.0,1.0,0,2,2,0.0,2.0,1.0,1,0,1,0,0,0,WL,1,0,0,1-0,,,2-1
568,Sheriff Tiraspol,848,UEFA Europa Conference League,2022,2,2,4,0,1,1,0,0,0,2,1,3,0,4,4,0.0,2.0,1.0,2,4,6,1.0,2.0,1.5,0,0,0,2,0,2,LWLL,1,0,1,,1-3,0-1,3-1
573,FK Partizan,848,UEFA Europa Conference League,2022,5,5,10,2,2,4,2,2,4,1,1,2,9,9,18,1.8,1.8,1.8,6,8,14,1.2,1.6,1.4,1,2,3,0,0,0,WDDDWWLDWL,2,3,1,4-1,0-1,1-3,2-1
578,F91 Dudelange,848,UEFA Europa Conference League,2022,1,1,2,0,0,0,1,0,1,0,1,1,1,0,1,1.0,0.0,0.5,1,2,3,1.0,2.0,1.5,0,0,0,0,1,1,LD,0,0,1,,,,2-0
579,Buducnost Podgorica,848,UEFA Europa Conference League,2022,2,2,4,2,0,2,0,1,1,0,1,1,4,2,6,2.0,1.0,1.5,1,4,5,0.5,2.0,1.3,1,0,1,0,1,1,WDLW,1,1,1,2-0,,,2-0
580,Vikingur Gota,848,UEFA Europa Conference League,2022,2,2,4,1,1,2,0,0,0,1,1,2,1,2,3,0.5,1.0,0.8,2,3,5,1.0,1.5,1.3,1,0,1,1,1,2,WWLL,2,0,0,1-0,1-2,0-2,2-0
582,Alashkert,848,UEFA Europa Conference League,2022,1,1,2,1,0,1,0,0,0,0,1,1,1,1,2,1.0,1.0,1.0,0,4,4,0.0,4.0,2.0,1,0,1,0,0,0,WL,1,0,0,1-0,,,4-1
583,Linfield,848,UEFA Europa Conference League,2022,1,1,2,0,0,0,1,1,2,0,0,0,1,2,3,1.0,2.0,1.5,1,2,3,1.0,2.0,1.5,0,0,0,0,0,0,DD,0,2,0,,,,
586,FK Zalgiris Vilnius,848,UEFA Europa Conference League,2022,3,3,6,1,0,1,0,2,2,2,1,3,3,2,5,1.0,0.7,0.8,4,4,8,1.3,1.3,1.3,0,1,1,1,2,3,DLLWDL,1,1,2,2-1,,1-2,2-0
588,Zrinjski,848,UEFA Europa Conference League,2022,3,3,6,3,1,4,0,1,1,0,1,1,5,3,8,1.7,1.0,1.3,2,3,5,0.7,1.0,0.8,2,1,3,0,0,0,WWWDWL,3,1,0,3-2,0-1,,2-1
599,Zorya Luhansk,848,UEFA Europa Conference League,2022,1,1,2,1,0,1,0,0,0,0,1,1,1,0,1,1.0,0.0,0.5,0,3,3,0.0,3.0,1.5,1,0,1,0,1,1,WL,1,0,0,1-0,,,3-0
601,Austria Vienna,848,UEFA Europa Conference League,2022,3,3,6,0,0,0,2,0,2,1,3,4,1,1,2,0.3,0.3,0.3,2,13,15,0.7,4.3,2.5,1,0,1,2,2,4,DLLLDL,0,1,3,,,0-1,5-0
602,Apollon Limassol,848,UEFA Europa Conference League,2022,3,3,6,2,0,2,0,1,1,1,2,3,3,2,5,1.0,0.7,0.8,3,4,7,1.0,1.3,1.2,2,1,3,0,2,2,DLLWLW,1,1,2,1-0,,1-3,3-2
604,Maccabi Tel Aviv,848,UEFA Europa Conference League,2022,3,3,6,2,1,3,1,0,1,0,2,2,3,4,7,1.0,1.3,1.2,0,4,4,0.0,1.3,0.7,3,1,4,1,1,2,WDWLWL,1,1,1,2-0,0-3,,2-0
606,FC Lugano,848,UEFA Europa Conference League,2022,1,1,2,0,0,0,0,0,0,1,1,2,0,1,1,0.0,1.0,0.5,2,3,5,2.0,3.0,2.5,0,0,0,1,0,1,LL,0,0,2,,,0-2,3-1
607,Konyaspor,848,UEFA Europa Conference League,2022,2,2,4,1,1,2,0,1,1,1,0,1,4,4,8,2.0,2.0,2.0,4,1,5,2.0,0.5,1.3,1,1,2,0,0,0,WWDL,2,1,0,2-0,0-3,2-4,
608,HNK Hajduk Split,848,UEFA Europa Conference League,2022,2,2,4,1,0,1,0,0,0,1,2,3,3,2,5,1.5,1.0,1.3,3,5,8,1.5,2.5,2.0,0,0,0,1,1,2,WLLL,1,0,0,3-1,,0-2,4-2
609,Shkendija,848,UEFA Europa Conference League,2022,3,3,6,2,1,3,1,2,3,0,0,0,6,5,11,2.0,1.7,1.8,2,4,6,0.7,1.3,1.0,1,0,1,0,0,0,WDWWDD,2,1,0,3-1,1-2,,
610,Fehérvár FC,848,UEFA Europa Conference League,2022,3,3,6,2,2,4,0,0,0,1,1,2,9,5,14,3.0,1.7,2.3,4,4,8,1.3,1.3,1.3,1,0,1,1,0,1,WLWWWL,3,0,1,5-0,1-2,0-3,2-1
612,Suduva Marijampole,848,UEFA Europa Conference League,2022,1,1,2,0,0,0,0,0,0,1,1,2,0,0,0,0.0,0.0,0.0,1,1,2,1.0,1.0,1.0,0,0,0,1,1,2,LL,0,0,2,,,0-1,1-0
614,AEK Larnaca,848,UEFA Europa Conference League,2022,2,2,4,1,0,1,0,1,1,1,1,2,1,0,1,0.5,0.0,0.3,2,4,6,1.0,2.0,1.5,1,1,2,1,2,3,WDLL,1,1,0,1-0,,0-2,4-0
616,NK Osijek,848,UEFA Europa Conference League,2022,1,1,2,0,1,1,0,0,0,1,0,1,0,2,2,0.0,2.0,1.0,2,1,3,2.0,1.0,1.5,0,0,0,1,0,1,WL,1,0,0,,1-2,0-2,
617,Panathinaikos,848,UEFA Europa Conference League,2022,1,1,2,0,0,0,1,0,1,0,1,1,1,0,1,1.0,0.0,0.5,1,2,3,1.0,2.0,1.5,0,0,0,0,1,1,LD,0,0,1,,,,2-0
619,PAOK,848,UEFA Europa Conference League,2022,1,1,2,0,0,0,1,0,1,0,1,1,1,0,1,1.0,0.0,0.5,1,2,3,1.0,2.0,1.5,0,0,0,0,1,1,LD,0,0,1,,,,2-0
626,Fola Esch,848,UEFA Europa Conference League,2022,1,1,2,0,0,0,0,0,0,1,1,2,0,1,1,0.0,1.0,0.5,1,3,4,1.0,3.0,2.0,0,0,0,1,0,1,LL,0,0,2,,,0-1,3-1
627,Qabala,848,UEFA Europa Conference League,2022,1,1,2,1,0,1,0,0,0,0,1,1,2,1,3,2.0,1.0,1.5,1,4,5,1.0,4.0,2.5,0,0,0,0,0,0,LW,0,0,1,2-1,,,4-1
628,Sparta Praha,848,UEFA Europa Conference League,2022,1,1,2,0,0,0,1,0,1,0,1,1,0,1,1,0.0,1.0,0.5,0,2,2,0.0,2.0,1.0,1,0,1,1,0,1,DL,0,1,0,,,,2-1
631,Gent,848,UEFA Europa Conference League,2022,6,6,12,3,1,4,2,2,4,1,3,4,10,8,18,1.7,1.3,1.5,3,11,14,0.5,1.8,1.2,3,1,4,1,2,3,DWLLDWLWDWDL,1,1,2,4-0,1-4,0-1,4-1
632,Universitatea Craiova,848,UEFA Europa Conference League,2022,3,3,6,2,0,2,1,2,3,0,1,1,7,2,9,2.3,0.7,1.5,1,3,4,0.3,1.0,0.7,2,0,2,0,1,1,DWLWDD,1,1,1,3-0,,,1-0
634,Botev Plovdiv,848,UEFA Europa Conference League,2022,1,1,2,0,0,0,1,0,1,0,1,1,0,0,0,0.0,0.0,0.0,0,2,2,0.0,2.0,1.0,1,0,1,1,1,2,DL,0,1,0,,,,2-0
646,Levski Sofia,848,UEFA Europa Conference League,2022,2,2,4,1,1,2,0,1,1,1,0,1,3,2,5,1.5,1.0,1.3,2,1,3,1.0,0.5,0.8,1,1,2,0,0,0,WDWL,1,1,0,2-0,0-1,1-2,
648,Zira,848,UEFA Europa Conference League,2022,1,1,2,0,0,0,0,1,1,1,0,1,0,0,0,0.0,0.0,0.0,3,0,3,3.0,0.0,1.5,0,1,1,1,1,2,LD,0,0,1,,,0-3,
652,Shamrock Rovers,848,UEFA Europa Conference League,2022,3,3,6,0,0,0,2,0,2,1,3,4,1,0,1,0.3,0.0,0.2,3,7,10,1.0,2.3,1.7,1,0,1,2,3,5,DLLLDL,0,1,3,,,0-2,3-0
656,Slovan Bratislava,848,UEFA Europa Conference League,2022,5,5,10,2,2,4,3,1,4,0,2,2,9,6,15,1.8,1.2,1.5,7,6,13,1.4,1.2,1.3,1,1,2,1,2,3,LWDLWDWWDD,2,1,1,2-1,0-2,,2-0
660,FC Vaduz,848,UEFA Europa Conference League,2022,6,6,12,0,3,3,4,1,5,2,2,4,5,9,14,0.8,1.5,1.2,7,9,16,1.2,1.5,1.3,1,2,3,1,1,2,WDDWDWDLDLLL,1,2,1,,2-4,1-2,4-1
661,FK Liepaja,848,UEFA Europa Conference League,2022,2,2,4,1,0,1,0,0,0,1,2,3,3,0,3,1.5,0.0,0.8,2,4,6,1.0,2.0,1.5,0,0,0,1,2,3,LWLL,1,0,1,3-1,,0-1,3-0
664,Kairat Almaty,848,UEFA Europa Conference League,2022,1,1,2,0,0,0,0,0,0,1,1,2,0,0,0,0.0,0.0,0.0,1,1,2,1.0,1.0,1.0,0,0,0,1,1,2,LL,0,0,2,,,0-1,1-0
667,Lincoln Red Imps FC,848,UEFA Europa Conference League,2022,1,1,2,0,0,0,0,0,0,1,1,2,0,0,0,0.0,0.0,0.0,1,2,3,1.0,2.0,1.5,0,0,0,1,1,2,LL,0,0,2,,,0-1,2-0
670,Derry City,848,UEFA Europa Conference League,2022,1,1,2,0,0,0,0,0,0,1,1,2,0,0,0,0.0,0.0,0.0,2,2,4,2.0,2.0,2.0,0,0,0,1,1,2,LL,0,0,2,,,0-2,2-0
673,Sutjeska,848,UEFA Europa Conference League,2022,1,1,2,0,0,0,1,0,1,0,1,1,0,0,0,0.0,0.0,0.0,0,1,1,0.0,1.0,0.5,1,0,1,1,1,2,DL,0,1,0,,,,1-0
677,Olimpija Ljubljana,848,UEFA Europa Conference League,2022,2,2,4,1,1,2,1,0,1,0,1,1,3,3,6,1.5,1.5,1.5,1,4,5,0.5,2.0,1.3,1,0,1,0,0,0,DWLW,1,1,1,2-0,1-2,,3-1
678,B36 Torshavn,848,UEFA Europa Conference League,2022,3,3,6,2,0,2,0,1,1,1,2,3,5,0,5,1.7,0.0,0.8,3,5,8,1.0,1.7,1.3,1,1,2,0,3,3,LWWDLL,2,1,1,3-1,,1-2,3-0
684,FC Differdange 03,848,UEFA Europa Conference League,2022,1,1,2,0,0,0,0,1,1,1,0,1,1,1,2,1.0,1.0,1.0,2,1,3,2.0,1.0,1.5,0,0,0,0,0,0,DL,0,1,0,,,1-2,
687,Flora Tallinn,848,UEFA Europa Conference League,2022,1,1,2,1,0,1,0,0,0,0,1,1,1,2,3,1.0,2.0,1.5,0,4,4,0.0,4.0,2.0,1,0,1,0,0,0,WL,1,0,0,1-0,,,4-2
689,SJK,848,UEFA Europa Conference League,2022,2,2,4,1,0,1,0,0,0,1,2,3,4,2,6,2.0,1.0,1.5,3,6,9,1.5,3.0,2.3,0,0,0,1,1,2,LWLL,1,0,1,4-2,,0-1,5-2
691,Milsami Orhei,848,UEFA Europa Conference League,2022,2,2,4,1,0,1,0,2,2,1,0,1,3,2,5,1.5,1.0,1.3,4,2,6,2.0,1.0,1.5,1,1,2,0,1,1,DWDL,1,1,0,2-0,,1-4,
694,Tirana,848,UEFA Europa Conference League,2022,1,1,2,0,0,0,0,0,0,1,1,2,0,2,2,0.0,2.0,1.0,1,3,4,1.0,3.0,2.0,0,0,0,1,0,1,LL,0,0,2,,,0-1,3-2
697,Crusaders FC,848,UEFA Europa Conference League,2022,2,2,4,1,0,1,1,0,1,0,2,2,4,1,5,2.0,0.5,1.3,2,4,6,1.0,2.0,1.5,0,0,0,0,1,1,LWLD,1,0,1,3-1,,,2-0
698,St Joseph S Fc,848,UEFA Europa Conference League,2022,2,2,4,0,1,1,1,0,1,1,1,2,0,1,1,0.0,0.5,0.3,4,7,11,2.0,3.5,2.8,1,1,2,2,1,3,DWLL,1,1,0,,0-1,0-4,7-0
700,Tre Penne,848,UEFA Europa Conference League,2022,1,1,2,0,0,0,0,0,0,1,1,2,0,0,0,0.0,0.0,0.0,2,6,8,2.0,6.0,4.0,0,0,0,1,1,2,LL,0,0,2,,,0-2,6-0
701,KI Klaksvik,848,UEFA Europa Conference League,2022,2,2,4,2,0,2,0,1,1,0,1,1,3,2,5,1.5,1.0,1.3,1,3,4,0.5,1.5,1.0,1,1,2,0,1,1,DWLW,1,1,1,2-1,,,3-2
703,UE Santa Coloma,848,UEFA Europa Conference League,2022,1,1,2,0,0,0,0,0,0,1,1,2,0,1,1,0.0,1.0,0.5,1,4,5,1.0,4.0,2.5,0,0,0,1,0,1,LL,0,0,2,,,0-1,4-1
705,Dinamo Batumi,848,UEFA Europa Conference League,2022,1,1,2,0,0,0,1,0,1,0,1,1,1,0,1,1.0,0.0,0.5,1,5,6,1.0,5.0,3.0,0,0,0,0,1,1,LD,0,0,1,,,,5-0
708,Partizani,848,UEFA Europa Conference League,2022,1,1,2,0,1,1,0,0,0,1,0,1,0,1,1,0.0,1.0,0.5,1,0,1,1.0,0.0,0.5,0,1,1,1,0,1,WL,1,0,0,,0-1,0-1,
709,Pyunik Yerevan,848,UEFA Europa Conference League,2022,3,3,6,2,0,2,0,0,0,1,3,4,5,3,8,1.7,1.0,1.3,2,7,9,0.7,2.3,1.5,2,0,2,0,0,0,LWWLLL,2,0,1,2-0,,1-2,3-1
740,Antwerp,848,UEFA Europa Conference League,2022,3,3,6,1,2,3,1,1,2,1,0,1,3,6,9,1.0,2.0,1.5,3,2,5,1.0,0.7,0.8,2,1,3,1,0,1,DWWWDL,3,1,0,2-0,1-3,1-3,
759,Viking,848,UEFA Europa Conference League,2022,3,3,6,2,1,3,0,1,1,1,1,2,8,2,10,2.7,0.7,1.7,5,2,7,1.7,0.7,1.2,0,1,1,0,2,2,DWWLWL,2,1,1,5-1,1-2,1-3,1-0
762,GIL Vicente,848,UEFA Europa Conference League,2022,2,2,4,1,0,1,0,1,1,1,1,2,5,1,6,2.5,0.5,1.5,2,5,7,1.0,2.5,1.8,1,0,1,0,1,1,DWLL,1,1,0,4-0,,1-2,4-0
781,Rapid Vienna,848,UEFA Europa Conference League,2022,3,3,6,1,1,2,1,1,2,1,1,2,2,4,6,0.7,1.3,1.0,1,4,5,0.3,1.3,0.8,2,0,2,2,0,2,DWLWDL,1,1,1,2-0,1-2,0-1,2-1
853,CSKA Sofia,848,UEFA Europa Conference League,2022,3,3,6,2,1,3,0,1,1,1,1,2,5,2,7,1.7,0.7,1.2,1,2,3,0.3,0.7,0.5,2,2,4,1,2,3,DWLWWL,2,1,1,4-0,0-2,0-1,2-0
998,Trabzonspor,848,UEFA Europa Conference League,2022,1,1,2,1,0,1,0,0,0,0,1,1,1,0,1,1.0,0.0,0.5,0,2,2,0.0,2.0,1.0,1,0,1,0,1,1,WL,1,0,0,1-0,,,2-0
1002,Sivasspor,848,UEFA Europa Conference League,2022,4,4,8,1,2,3,1,1,2,2,1,3,8,4,12,2.0,1.0,1.5,9,3,12,2.3,0.8,1.5,1,1,2,0,1,1,DWLWWDLL,2,1,1,3-0,1-2,1-4,1-0
1025,Wolfsberger AC,848,UEFA Europa Conference League,2022,2,2,4,0,2,2,1,0,1,1,0,1,0,5,5,0.0,2.5,1.3,4,0,4,2.0,0.0,1.0,1,2,3,2,0,2,DWWL,2,1,0,,0-4,0-4,
1120,Spartak Trnava,848,UEFA Europa Conference League,2022,2,2,4,1,1,2,0,0,0,1,1,2,4,2,6,2.0,1.0,1.5,3,2,5,1.5,1.0,1.3,0,0,0,1,1,2,WWLL,2,0,0,4-1,1-2,0-2,1-0
1121,Vorskla Poltava,848,UEFA Europa Conference League,2022,1,1,2,1,0,1,0,0,0,0,1,1,3,0,3,3.0,0.0,1.5,2,2,4,2.0,2.0,2.0,0,0,0,0,1,1,WL,1,0,0,3-2,,,2-0
1123,Aris Thessalonikis,848,UEFA Europa Conference League,2022,2,2,4,2,1,3,0,0,0,0,1,1,7,2,9,3.5,1.0,2.3,2,3,5,1.0,1.5,1.3,0,0,0,0,1,1,WWLW,2,0,1,5-1,1-2,,2-0
1164,Inter Turku,848,UEFA Europa Conference League,2022,1,1,2,1,0,1,0,0,0,0,1,1,1,0,1,1.0,0.0,0.5,0,3,3,0.0,3.0,1.5,1,0,1,0,1,1,WL,1,0,0,1-0,,,3-0
1165,KuPS,848,UEFA Europa Conference League,2022,3,3,6,1,1,2,1,1,2,1,1,2,4,4,8,1.3,1.3,1.3,4,4,8,1.3,1.3,1.3,1,1,2,1,2,3,WDDWLL,1,2,0,2-0,1-4,0-2,3-0
1386,Dundee Utd,848,UEFA Europa Conference League,2022,1,1,2,1,0,1,0,0,0,0,1,1,1,0,1,1.0,0.0,0.5,0,7,7,0.0,7.0,3.5,1,0,1,0,1,1,WL,1,0,0,1-0,,,7-0
2030,Racing FC Union Luxembourg,848,UEFA Europa Conference League,2022,1,1,2,0,0,0,0,0,0,1,1,2,1,0,1,1.0,0.0,0.5,4,4,8,4.0,4.0,4.0,0,0,0,0,1,1,LL,0,0,2,,,1-4,4-0
2070,Viborg,848,UEFA Europa Conference League,2022,3,3,6,2,2,4,0,0,0,1,1,2,4,4,8,1.3,1.3,1.3,3,4,7,1.0,1.3,1.2,2,1,3,1,0,1,WWWWLL,4,0,0,3-0,1-2,0-3,3-1
2073,Silkeborg,848,UEFA Europa Conference League,2022,3,3,6,1,1,2,0,0,0,2,2,4,7,5,12,2.3,1.7,2.0,5,2,7,1.7,0.7,1.2,1,1,2,1,2,3,LLWWLL,2,0,2,5-0,0-5,0-2,1-0
2246,CFR 1907 Cluj,848,UEFA Europa Conference League,2022,7,7,14,5,1,6,1,4,5,1,2,3,8,3,11,1.1,0.4,0.8,1,6,7,0.1,0.9,0.5,6,3,9,2,4,6,WDDWDWDLWWLWLD,2,2,1,3-0,0-1,0-1,3-0
2247,Apoel Nicosia,848,UEFA Europa Conference League,2022,3,3,6,3,0,3,0,2,2,0,1,1,6,0,6,2.0,0.0,1.0,2,3,5,0.7,1.0,0.8,2,2,4,0,3,3,DWWDLW,2,1,1,2-0,,,3-0
2249,La Fiorita,848,UEFA Europa Conference League,2022,1,1,2,0,0,0,0,0,0,1,1,2,0,0,0,0.0,0.0,0.0,4,6,10,4.0,6.0,5.0,0,0,0,1,1,2,LL,0,0,2,,,0-4,6-0
2254,Radnicki NIS,848,UEFA Europa Conference League,2022,1,1,2,0,0,0,1,1,2,0,0,0,3,2,5,3.0,2.0,2.5,3,2,5,3.0,2.0,2.5,0,0,0,0,0,0,DD,0,2,0,,,,
2256,Laci,848,UEFA Europa Conference League,2022,2,2,4,0,1,1,1,1,2,1,0,1,1,1,2,0.5,0.5,0.5,4,0,4,2.0,0.0,1.0,1,2,3,1,1,2,DWDL,1,1,0,,0-1,1-4,
2257,Dunajska Streda,848,UEFA Europa Conference League,2022,3,3,6,2,2,4,0,0,0,1,1,2,4,5,9,1.3,1.7,1.5,2,1,3,0.7,0.3,0.5,1,2,3,1,1,2,WWWWLL,4,0,0,2-0,0-3,0-1,1-0
2259,FK Tobol Kostanay,848,UEFA Europa Conference League,2022,2,2,4,1,1,2,1,0,1,0,1,1,3,1,4,1.5,0.5,1.0,1,1,2,0.5,0.5,0.5,1,1,2,0,1,1,WWLD,2,0,1,2-0,0-1,,1-0
2260,Tre Fiori,848,UEFA Europa Conference League,2022,2,2,4,1,1,2,1,0,1,0,1,1,3,1,4,1.5,0.5,1.0,1,1,2,0.5,0.5,0.5,1,1,2,1,1,2,WWLD,2,0,1,3-1,0-1,,1-0
2262,Dinamo Tbilisi,848,UEFA Europa Conference League,2022,1,1,2,0,1,1,0,0,0,1,0,1,2,2,4,2.0,2.0,2.0,3,1,4,3.0,1.0,2.0,0,0,0,0,0,0,LW,0,0,1,,1-2,2-3,
2264,Gzira United,848,UEFA Europa Conference League,2022,3,3,6,0,1,1,2,2,4,1,0,1,3,4,7,1.0,1.3,1.2,7,3,10,2.3,1.0,1.7,0,2,2,1,1,2,DWDDDL,1,3,0,,0-1,0-4,
2265,Shkupi 1927,848,UEFA Europa Conference League,2022,1,1,2,0,0,0,0,0,0,1,1,2,1,0,1,1.0,0.0,0.5,2,1,3,2.0,1.0,1.5,0,0,0,0,1,1,LL,0,0,2,,,1-2,1-0
2266,Cliftonville FC,848,UEFA Europa Conference League,2022,1,1,2,0,0,0,0,0,0,1,1,2,0,1,1,0.0,1.0,0.5,3,2,5,3.0,2.0,2.5,0,0,0,1,0,1,LL,0,0,2,,,0-3,2-1
2270,Neftchi Baku,848,UEFA Europa Conference League,2022,2,2,4,2,0,2,0,0,0,0,2,2,5,0,5,2.5,0.0,1.3,1,4,5,0.5,2.0,1.3,1,0,1,0,2,2,LWWL,2,0,1,3-0,,,2-0
2271,Petrocub,848,UEFA Europa Conference League,2022,3,3,6,1,1,2,1,1,2,1,1,2,2,4,6,0.7,1.3,1.0,2,6,8,0.7,2.0,1.3,2,1,3,1,2,3,DWDWLL,1,1,0,1-0,1-4,1-2,5-0
2273,FC Levadia Tallinn,848,UEFA Europa Conference League,2022,1,1,2,0,0,0,1,0,1,0,1,1,1,2,3,1.0,2.0,1.5,1,3,4,1.0,3.0,2.0,0,0,0,0,0,0,LD,0,0,1,,,,3-2
2391,Puskas Academy,848,UEFA Europa Conference League,2022,1,1,2,0,0,0,1,0,1,0,1,1,0,0,0,0.0,0.0,0.0,0,3,3,0.0,3.0,1.5,1,0,1,1,1,2,LD,0,0,1,,,,3-0
2394,Kisvarda FC,848,UEFA Europa Conference League,2022,2,2,4,2,1,3,0,0,0,0,1,1,3,1,4,1.5,0.5,1.0,1,3,4,0.5,1.5,1.0,1,1,2,0,1,1,WWLW,2,0,1,2-1,0-1,,3-0
2585,Sepsi OSK Sfantu Gheorghe,848,UEFA Europa Conference League,2022,2,2,4,1,0,1,0,0,0,1,2,3,4,1,5,2.0,0.5,1.3,4,5,9,2.0,2.5,2.3,0,0,0,0,1,1,WLLL,1,0,0,3-1,,1-3,3-1
2656,Cukaricki,848,UEFA Europa Conference League,2022,2,2,4,1,1,2,0,0,0,1,1,2,5,5,10,2.5,2.5,2.5,3,5,8,1.5,2.5,2.0,1,0,1,0,0,0,WWLL,2,0,0,4-0,1-4,1-3,4-1
3339,Vllaznia Shkodër,848,UEFA Europa Conference League,2022,1,1,2,0,0,0,1,0,1,0,1,1,1,0,1,1.0,0.0,0.5,1,3,4,1.0,3.0,2.0,0,0,0,0,1,1,DL,0,1,0,,,,3-0
3342,Inter Club d'Escaldes,848,UEFA Europa Conference League,2022,1,1,2,0,0,0,1,0,1,0,1,1,1,0,1,1.0,0.0,0.5,1,3,4,1.0,3.0,2.0,0,0,0,0,1,1,LD,0,0,1,,,,3-0
3345,Atlètic Club d'Escaldes,848,UEFA Europa Conference League,2022,1,1,2,0,0,0,0,1,1,1,0,1,0,1,1,0.0,1.0,0.5,1,1,2,1.0,1.0,1.0,0,0,0,1,0,1,DL,0,1,0,,,0-1,
3361,Tuzla City,848,UEFA Europa Conference League,2022,2,2,4,1,1,2,0,0,0,1,1,2,6,2,8,3.0,1.0,2.0,4,1,5,2.0,0.5,1.3,1,1,2,1,1,2,WWLL,2,0,0,6-0,0-2,0-4,1-0
3364,Borac Banja Luka,848,UEFA Europa Conference League,2022,1,1,2,1,0,1,0,0,0,0,1,1,2,1,3,2.0,1.0,1.5,0,3,3,0.0,3.0,1.5,1,0,1,0,0,0,WL,1,0,0,2-0,,,3-1
3381,Velež,848,UEFA Europa Conference League,2022,1,1,2,0,0,0,0,0,0,1,1,2,0,0,0,0.0,0.0,0.0,1,1,2,1.0,1.0,1.0,0,0,0,1,1,2,LL,0,0,2,,,0-1,1-0
3408,Aris,848,UEFA Europa Conference League,2022,1,1,2,1,0,1,0,0,0,0,1,1,2,0,2,2.0,0.0,1.0,0,3,3,0.0,3.0,1.5,1,0,1,0,1,1,WL,1,0,0,2-0,,,3-0
3491,Raków Częstochowa,848,UEFA Europa Conference League,2022,3,3,6,3,2,5,0,0,0,0,1,1,8,3,11,2.7,1.0,1.8,1,2,3,0.3,0.7,0.5,2,2,4,0,1,1,WWWWWL,5,0,0,5-0,0-2,,2-0
3499,Dila,848,UEFA Europa Conference League,2022,1,1,2,0,0,0,1,0,1,0,1,1,0,0,0,0.0,0.0,0.0,0,2,2,0.0,2.0,1.0,1,0,1,1,1,2,LD,0,0,1,,,,2-0
3502,Saburtalo,848,UEFA Europa Conference League,2022,2,2,4,1,1,2,0,0,0,1,1,2,1,3,4,0.5,1.5,1.0,1,4,5,0.5,2.0,1.3,1,1,2,1,0,1,LWWL,2,0,1,1-0,0-1,0-1,4-2
3528,Paide,848,UEFA Europa Conference League,2022,3,3,6,0,1,1,1,1,2,2,1,3,1,3,4,0.3,1.0,0.7,4,5,9,1.3,1.7,1.5,1,1,2,2,2,4,WLDDLL,1,2,1,,2-3,0-2,3-0
3549,Ružomberok,848,UEFA Europa Conference League,2022,2,2,4,1,0,1,0,1,1,1,1,2,2,1,3,1.0,0.5,0.8,3,2,5,1.5,1.0,1.3,1,1,2,1,1,2,WDLL,1,1,0,2-0,,0-3,2-1
3623,Dnipro-1,848,UEFA Europa Conference League,2022,4,4,8,1,2,3,2,0,2,1,2,3,3,6,9,0.8,1.5,1.1,3,5,8,0.8,1.3,1.0,2,0,2,2,1,3,LWDWWLLD,2,1,2,1-0,1-3,0-1,2-1
3682,Ararat,848,UEFA Europa Conference League,2022,1,1,2,0,0,0,1,0,1,0,1,1,2,0,2,2.0,0.0,1.0,2,2,4,2.0,2.0,2.0,0,0,0,0,1,1,LD,0,0,1,,,,2-0
3683,Ararat-Armenia,848,UEFA Europa Conference League,2022,1,1,2,0,0,0,1,1,2,0,0,0,0,0,0,0.0,0.0,0.0,0,0,0,0.0,0.0,0.0,1,1,2,1,1,2,DD,0,2,0,,,,
3719,Slovácko,848,UEFA Europa Conference League,2022,4,4,8,1,2,3,1,1,2,2,1,3,6,6,12,1.5,1.5,1.5,5,6,11,1.3,1.5,1.4,1,1,2,2,0,2,WWDLLWLD,2,1,2,3-0,1-2,0-1,4-2
3738,Iskra,848,UEFA Europa Conference League,2022,1,1,2,0,0,0,0,1,1,1,0,1,0,0,0,0.0,0.0,0.0,1,0,1,1.0,0.0,0.5,0,1,1,1,1,2,DL,0,1,0,,,0-1,
3745,Dečić,848,UEFA Europa Conference League,2022,1,1,2,0,0,0,0,1,1,1,0,1,1,1,2,1.0,1.0,1.0,2,1,3,2.0,1.0,1.5,0,0,0,0,0,0,DL,0,1,0,,,1-2,
3842,Sligo Rovers,848,UEFA Europa Conference League,2022,3,3,6,2,2,4,0,0,0,1,1,2,3,4,7,1.0,1.3,1.2,1,6,7,0.3,2.0,1.2,2,1,3,1,0,1,WLWWLW,2,0,1,2-0,1-2,0-1,5-1
3843,St Patrick's Athl.,848,UEFA Europa Conference League,2022,2,2,4,0,1,1,1,1,2,1,0,1,1,1,2,0.5,0.5,0.5,3,0,3,1.5,0.0,0.8,0,2,2,1,1,2,DDWL,1,2,0,,0-1,0-2,
3872,Kauno Žalgiris,848,UEFA Europa Conference League,2022,1,1,2,0,0,0,1,0,1,0,1,1,0,0,0,0.0,0.0,0.0,0,2,2,0.0,2.0,1.0,1,0,1,1,1,2,LD,0,0,1,,,,2-0
3874,Panevėžys,848,UEFA Europa Conference League,2022,1,1,2,0,0,0,1,0,1,0,1,1,0,0,0,0.0,0.0,0.0,0,2,2,0.0,2.0,1.0,1,0,1,1,1,2,DL,0,1,0,,,,2-0
3884,Hibernians,848,UEFA Europa Conference League,2022,2,2,4,1,0,1,0,2,2,1,0,1,4,2,6,2.0,1.0,1.5,5,2,7,2.5,1.0,1.8,0,0,0,0,0,0,WDDL,1,2,0,3-2,,1-3,
4133,HB,848,UEFA Europa Conference League,2022,1,1,2,1,0,1,0,0,0,0,1,1,1,1,2,1.0,1.0,1.0,0,2,2,0.0,2.0,1.0,1,0,1,0,0,0,WL,1,0,0,1-0,,,2-1
4153,Valmiera / BSS,848,UEFA Europa Conference League,2022,1,1,2,0,0,0,0,0,0,1,1,2,1,1,2,1.0,1.0,1.0,2,3,5,2.0,3.0,2.5,0,0,0,0,0,0,LL,0,0,2,,,1-2,3-1
4160,Rīgas FS,848,UEFA Europa Conference League,2022,5,5,10,0,1,1,3,2,5,2,2,4,3,6,9,0.6,1.2,0.9,8,8,16,1.6,1.6,1.6,1,0,1,3,1,4,DWDDDLDLLL,1,3,1,,1-3,0-3,3-0
4194,Akademija Pandev,848,UEFA Europa Conference League,2022,1,1,2,0,0,0,0,0,0,1,1,2,1,1,2,1.0,1.0,1.0,2,4,6,2.0,4.0,3.0,0,0,0,0,0,0,LL,0,0,2,,,1-2,4-1
4196,Makedonija GjP,848,UEFA Europa Conference League,2022,1,1,2,0,0,0,1,0,1,0,1,1,0,0,0,0.0,0.0,0.0,0,4,4,0.0,4.0,2.0,1,0,1,1,1,2,DL,0,1,0,,,,4-0
4197,Mura,848,UEFA Europa Conference League,2022,2,2,4,1,1,2,1,1,2,0,0,0,2,3,5,1.0,1.5,1.3,1,2,3,0.5,1.0,0.8,1,0,1,1,0,1,WWDD,2,0,0,2-1,1-2,,
4374,Koper,848,UEFA Europa Conference League,2022,1,1,2,0,0,0,0,1,1,1,0,1,0,1,1,0.0,1.0,0.5,1,1,2,1.0,1.0,1.0,0,0,0,1,0,1,LD,0,0,1,,,0-1,
4505,Maccabi Netanya,848,UEFA Europa Conference League,2022,1,1,2,0,0,0,0,1,1,1,0,1,0,1,1,0.0,1.0,0.5,1,1,2,1.0,1.0,1.0,0,0,0,1,0,1,DL,0,1,0,,,0-1,
4554,Kyzyl-Zhar,848,UEFA Europa Conference League,2022,2,2,4,0,1,1,1,0,1,1,1,2,1,2,3,0.5,1.0,0.8,2,1,3,1.0,0.5,0.8,1,1,2,1,1,2,LWLD,1,0,1,,0-2,1-2,1-0
4625,Floriana,848,UEFA Europa Conference League,2022,1,1,2,0,0,0,1,0,1,0,1,1,0,0,0,0.0,0.0,0.0,0,1,1,0.0,1.0,0.5,1,0,1,1,1,2,DL,0,1,0,,,,1-0
4626,Hamrun Spartans,848,UEFA Europa Conference League,2022,4,4,8,2,2,4,1,0,1,1,2,3,8,4,12,2.0,1.0,1.5,5,6,11,1.3,1.5,1.4,1,1,2,1,1,2,LWWWLWLD,3,0,1,4-1,1-2,0-1,4-1
4632,Sfîntul Gheorghe,848,UEFA Europa Conference League,2022,1,1,2,0,0,0,0,0,0,1,1,2,1,1,2,1.0,1.0,1.0,2,2,4,2.0,2.0,2.0,0,0,0,0,0,0,LL,0,0,2,,,1-2,2-1
5354,Larne,848,UEFA Europa Conference League,2022,1,1,2,0,0,0,0,1,1,1,0,1,0,0,0,0.0,0.0,0.0,1,0,1,1.0,0.0,0.5,0,1,1,1,1,2,DL,0,1,0,,,0-1,
10124,Riga,848,UEFA Europa Conference League,2022,3,3,6,2,2,4,1,0,1,0,1,1,5,5,10,1.7,1.7,1.7,2,4,6,0.7,1.3,1.0,1,2,3,0,1,1,WWWWDL,4,1,0,2-0,0-3,,4-0
10125,Europa,848,UEFA Europa Conference League,2022,1,1,2,0,0,0,0,0,0,1,1,2,1,0,1,1.0,0.0,0.5,2,1,3,2.0,1.0,1.5,0,0,0,0,1,1,LL,0,0,2,,,1-2,1-0
12733,Ballkani,848,UEFA Europa Conference League,2022,6,6,12,3,3,6,1,0,1,2,3,5,12,13,25,2.0,2.2,2.1,6,10,16,1.0,1.7,1.3,2,1,3,1,1,2,WWWLWWDLWLLL,3,1,1,6-0,0-4,1-2,3-2
12772,Gjilani,848,UEFA Europa Conference League,2022,1,1,2,1,0,1,0,0,0,0,1,1,1,1,2,1.0,1.0,1.0,0,3,3,0.0,3.0,1.5,1,0,1,0,0,0,WL,1,0,0,1-0,,,3-1
14281,Drita,848,UEFA Europa Conference League,2022,2,2,4,1,0,1,0,1,1,1,1,2,3,0,3,1.5,0.0,0.8,2,1,3,1.0,0.5,0.8,1,1,2,1,2,3,LWDL,1,1,1,3-0,,0-2,1-0
14395,Llapi,848,UEFA Europa Conference League,2022,1,1,2,0,0,0,1,0,1,0,1,1,2,0,2,2.0,0.0,1.0,2,2,4,2.0,2.0,2.0,0,0,0,0,1,1,LD,0,0,1,,,,2-0
16135,Magpies,848,UEFA Europa Conference League,2022,1,1,2,1,0,1,0,0,0,0,1,1,2,1,3,2.0,1.0,1.5,1,3,4,1.0,3.0,2.0,0,0,0,0,0,0,WL,1,0,0,2-1,,,3-1
66,Aston Villa,848,UEFA Europa Conference League,2023,7,7,14,6,2,8,0,2,2,1,3,4,16,13,29,2.3,1.9,2.1,7,9,16,1.0,1.3,1.1,3,2,5,0,2,2,WWLWWWWDDWWLLL,4,2,1,4-0,0-5,2-4,2-0
79,Lille,848,UEFA Europa Conference League,2023,6,6,12,5,2,7,1,3,4,0,1,1,12,8,20,2.0,1.3,1.7,4,4,8,0.7,0.7,0.7,2,3,5,0,1,1,WDWDWDWWWDLW,3,1,1,3-0,0-3,,2-1
169,Eintracht Frankfurt,848,UEFA Europa Conference League,2023,5,5,10,3,1,4,0,2,2,2,2,4,12,5,17,2.4,1.0,1.7,5,7,12,1.0,1.4,1.2,2,1,3,0,1,1,DWWLWWLLDL,2,1,2,6-0,0-1,1-2,2-0
194,Ajax,848,UEFA Europa Conference League,2023,2,2,4,0,1,1,2,0,2,0,1,1,2,2,4,1.0,1.0,1.0,2,5,7,1.0,2.5,1.8,1,0,1,1,1,2,DWDL,1,1,0,,1-2,,4-0
201,AZ Alkmaar,848,UEFA Europa Conference League,2023,5,5,10,3,1,4,1,1,2,1,3,4,6,8,14,1.2,1.6,1.4,5,11,16,1.0,2.2,1.6,3,1,4,0,1,1,WWDDLWLLWL,2,2,2,2-0,0-1,1-4,2-0
224,Guimaraes,848,UEFA Europa Conference League,2023,1,1,2,0,1,1,0,0,0,1,0,1,0,4,4,0.0,4.0,2.0,1,3,4,1.0,3.0,2.0,0,0,0,1,0,1,WL,1,0,0,,3-4,0-1,
240,Arouca,848,UEFA Europa Conference League,2023,1,1,2,1,0,1,0,0,0,0,1,1,2,1,3,2.0,1.0,1.5,1,3,4,1.0,3.0,2.0,0,0,0,0,0,0,WL,1,0,0,2-1,,,3-1
249,Hibernian,848,UEFA Europa Conference League,2023,3,3,6,2,0,2,0,1,1,1,2,3,9,3,12,3.0,1.0,2.0,7,7,14,2.3,2.3,2.3,0,0,0,1,1,2,LWWDLL,2,1,1,6-1,,0-5,3-0
252,Aberdeen,848,UEFA Europa Conference League,2023,3,3,6,1,0,1,1,2,3,1,1,2,5,5,10,1.7,1.7,1.7,4,6,10,1.3,2.0,1.7,1,0,1,0,0,0,LDLDDW,0,2,1,2-0,,2-3,2-1
254,Heart Of Midlothian,848,UEFA Europa Conference League,2023,2,2,4,1,0,1,0,0,0,1,2,3,4,1,5,2.0,0.5,1.3,3,6,9,1.5,3.0,2.3,0,0,0,0,1,1,LWLL,1,0,1,3-1,,1-2,4-0
272,KA Akureyri,848,UEFA Europa Conference League,2023,3,3,6,2,1,3,0,1,1,1,1,2,6,5,11,2.0,1.7,1.8,6,7,13,2.0,2.3,2.2,1,1,2,0,0,0,WWWDLL,3,1,0,3-1,0-2,1-5,5-1
276,Breidablik,848,UEFA Europa Conference League,2023,4,4,8,1,1,2,0,0,0,3,3,6,4,3,7,1.0,0.8,0.9,6,12,18,1.5,3.0,2.3,1,1,2,1,2,3,WWLLLLLL,2,0,0,1-0,0-1,2-3,5-0
278,Vikingur Reykjavik,848,UEFA Europa Conference League,2023,1,1,2,1,0,1,0,0,0,0,1,1,1,0,1,1.0,0.0,0.5,0,2,2,0.0,2.0,1.0,1,0,1,0,1,1,LW,0,0,1,1-0,,,2-0
319,Brann,848,UEFA Europa Conference League,2023,2,2,4,1,0,1,1,1,2,0,1,1,6,2,8,3.0,1.0,2.0,4,3,7,2.0,1.5,1.8,0,0,0,0,0,0,LWDD,1,0,1,3-1,,,2-1
327,Bodo/Glimt,848,UEFA Europa Conference League,2023,7,7,14,5,3,8,0,3,3,2,1,3,18,14,32,2.6,2.0,2.3,8,10,18,1.1,1.4,1.3,2,2,4,1,1,2,WWWWDWDLWWWLDL,4,1,1,5-2,0-3,1-2,3-1
329,Molde,848,UEFA Europa Conference League,2023,2,2,4,2,1,3,0,0,0,0,1,1,5,3,8,2.5,1.5,2.0,3,3,6,1.5,1.5,1.5,0,1,1,0,1,1,WWWL,3,0,0,3-2,0-3,,3-0
331,Rosenborg,848,UEFA Europa Conference League,2023,2,2,4,2,0,2,0,1,1,0,1,1,5,3,8,2.5,1.5,2.0,3,5,8,1.5,2.5,2.0,0,0,0,0,0,0,DWWL,2,1,0,3-2,,,3-1
339,Legia Warszawa,848,UEFA Europa Conference League,2023,7,7,14,4,2,6,1,2,3,2,3,5,12,15,27,1.7,2.1,1.9,10,15,25,1.4,2.1,1.8,2,0,2,1,1,2,DWLWDDWLWWLWLL,2,2,1,2-0,3-5,0-3,3-2
347,Lech Poznan,848,UEFA Europa Conference League,2023,2,2,4,2,1,3,0,0,0,0,1,1,5,3,8,2.5,1.5,2.0,2,4,6,1.0,2.0,1.5,0,0,0,0,0,0,WWWL,3,0,0,3-1,1-2,,3-1
348,Pogon Szczecin,848,UEFA Europa Conference League,2023,2,2,4,2,1,3,0,0,0,0,1,1,5,5,10,2.5,2.5,2.5,3,7,10,1.5,3.5,2.5,0,0,0,0,1,1,WWLW,2,0,1,3-2,2-5,,5-0
354,The New Saints,848,UEFA Europa Conference League,2023,1,1,2,0,0,0,1,0,1,0,1,1,1,2,3,1.0,2.0,1.5,1,3,4,1.0,3.0,2.0,0,0,0,0,0,0,DL,0,1,0,,,,3-2
357,GAP Connah S Quay FC,848,UEFA Europa Conference League,2023,1,1,2,0,0,0,0,0,0,1,1,2,0,0,0,0.0,0.0,0.0,2,2,4,2.0,2.0,2.0,0,0,0,1,1,2,LL,0,0,2,,,0-2,2-0
363,Hammarby FF,848,UEFA Europa Conference League,2023,1,1,2,0,0,0,1,0,1,0,1,1,1,0,1,1.0,0.0,0.5,1,1,2,1.0,1.0,1.0,0,0,0,0,1,1,LD,0,0,1,,,,1-0
364,Djurgardens IF,848,UEFA Europa Conference League,2023,1,1,2,0,0,0,0,1,1,1,0,1,1,1,2,1.0,1.0,1.0,2,1,3,2.0,1.0,1.5,0,0,0,0,0,0,LD,0,0,1,,,1-2,
374,Kalmar FF,848,UEFA Europa Conference League,2023,1,1,2,0,0,0,0,0,0,1,1,2,1,1,2,1.0,1.0,1.0,2,2,4,2.0,2.0,2.0,0,0,0,0,0,0,LL,0,0,2,,,1-2,2-1
385,Torpedo Zhodino,848,UEFA Europa Conference League,2023,1,1,2,0,0,0,0,1,1,1,0,1,2,1,3,2.0,1.0,1.5,3,1,4,3.0,1.0,2.0,0,0,0,0,0,0,LD,0,0,1,,,2-3,
387,Neman,848,UEFA Europa Conference League,2023,3,3,6,1,1,2,1,1,2,1,1,2,4,2,6,1.3,0.7,1.0,5,2,7,1.7,0.7,1.2,1,1,2,0,2,2,WDWDLL,1,1,0,2-0,1-2,1-4,1-0
388,Bate Borisov,848,UEFA Europa Conference League,2023,1,1,2,1,0,1,0,0,0,0,1,1,1,1,2,1.0,1.0,1.0,0,4,4,0.0,4.0,2.0,1,0,1,0,0,0,LW,0,0,1,1-0,,,4-1
394,Dinamo Minsk,848,UEFA Europa Conference League,2023,1,1,2,0,0,0,0,1,1,1,0,1,1,2,3,1.0,2.0,1.5,2,2,4,2.0,2.0,2.0,0,0,0,0,0,0,DL,0,1,0,,,1-2,
397,FC Midtjylland,848,UEFA Europa Conference League,2023,3,3,6,2,0,2,1,1,2,0,2,2,10,2,12,3.3,0.7,2.0,4,4,8,1.3,1.3,1.3,1,0,1,0,1,1,WLLWDD,1,0,2,5-1,,,2-1
398,FC Nordsjaelland,848,UEFA Europa Conference League,2023,5,5,10,4,2,6,1,1,2,0,2,2,21,4,25,4.2,0.8,2.5,3,4,7,0.6,0.8,0.7,2,3,5,0,2,2,DWWWLWWDWL,3,1,1,7-1,0-2,,3-1
406,Aarhus,848,UEFA Europa Conference League,2023,1,1,2,1,0,1,0,0,0,0,1,1,1,0,1,1.0,0.0,0.5,0,3,3,0.0,3.0,1.5,1,0,1,0,1,1,LW,0,0,1,1-0,,,3-0
415,Twente,848,UEFA Europa Conference League,2023,3,3,6,2,1,3,0,1,1,1,1,2,3,5,8,1.0,1.7,1.3,1,6,7,0.3,2.0,1.2,2,1,3,1,0,1,WDWWLL,2,1,0,2-0,0-3,0-1,5-1
502,Fiorentina,848,UEFA Europa Conference League,2023,7,8,15,5,2,7,2,4,6,0,2,2,18,9,27,2.6,1.1,1.8,6,9,15,0.9,1.1,1.0,3,2,5,0,3,3,LWDDWWWDWDDWWDL,3,2,1,6-0,3-4,,1-0
543,Real Betis,848,UEFA Europa Conference League,2023,1,1,2,0,0,0,0,1,1,1,0,1,0,1,1,0.0,1.0,0.5,1,1,2,1.0,1.0,1.0,0,0,0,1,0,1,LD,0,0,1,,,0-1,
549,Besiktas,848,UEFA Europa Conference League,2023,6,6,12,3,4,7,0,1,1,3,1,4,9,12,21,1.5,2.0,1.8,12,7,19,2.0,1.2,1.6,1,2,3,1,0,1,WWWWWWDLLLLW,6,1,4,3-1,1-3,0-5,3-1
551,FC Basel 1893,848,UEFA Europa Conference League,2023,1,1,2,0,1,1,0,0,0,1,0,1,1,2,3,1.0,2.0,1.5,3,1,4,3.0,1.0,2.0,0,0,0,0,0,0,LW,0,0,1,,1-2,1-3,
552,Maribor,848,UEFA Europa Conference League,2023,3,3,6,1,1,2,1,1,2,1,1,2,5,4,9,1.7,1.3,1.5,7,5,12,2.3,1.7,2.0,0,0,0,1,0,1,DWDWLL,1,1,0,4-3,1-2,0-3,3-1
553,Olympiakos Piraeus,848,UEFA Europa Conference League,2023,5,4,9,4,3,7,0,0,0,1,1,2,8,11,19,1.6,2.8,2.1,6,4,10,1.2,1.0,1.1,3,1,4,0,1,1,WWLWWLWWW,2,0,1,2-0,1-6,1-4,1-0
559,FCSB,848,UEFA Europa Conference League,2023,2,2,4,1,1,2,1,0,1,0,1,1,3,1,4,1.5,0.5,1.0,2,2,4,1.0,1.0,1.0,1,1,2,1,1,2,WWDL,2,1,0,3-2,0-1,,2-0
561,HNK Rijeka,848,UEFA Europa Conference League,2023,3,3,6,2,2,4,1,0,1,0,1,1,9,5,14,3.0,1.7,2.3,2,3,5,0.7,1.0,0.8,1,1,2,0,0,0,WWWWLD,4,0,1,6-1,1-3,,2-1
562,FC Astana,848,UEFA Europa Conference League,2023,4,4,8,1,1,2,1,1,2,2,2,4,2,4,6,0.5,1.0,0.8,4,10,14,1.0,2.5,1.8,2,0,2,2,1,3,WDLLWDLL,1,1,2,1-0,1-2,0-2,5-1
563,Hapoel Beer Sheva,848,UEFA Europa Conference League,2023,2,2,4,1,0,1,1,1,2,0,1,1,1,2,3,0.5,1.0,0.8,0,3,3,0.0,1.5,0.8,2,0,2,1,0,1,WDDL,1,2,0,1-0,,,2-1
566,Ludogorets,848,UEFA Europa Conference League,2023,4,4,8,3,1,4,0,1,1,1,2,3,7,4,11,1.8,1.0,1.4,1,11,12,0.3,2.8,1.5,3,1,4,1,1,2,WLLWWWDL,3,1,2,4-0,1-2,0-1,7-1
567,Plzen,848,UEFA Europa Conference League,2023,8,8,16,5,6,11,3,1,4,0,1,1,12,10,22,1.5,1.3,1.4,0,5,5,0.0,0.6,0.3,8,4,12,3,2,5,DWWWWWWWWWWWDDDL,11,3,0,4-0,0-2,,2-0
569,Club Brugge KV,848,UEFA Europa Conference League,2023,9,9,18,6,6,12,3,0,3,0,3,3,21,21,42,2.3,2.3,2.3,6,9,15,0.7,1.0,0.8,4,3,7,0,1,1,WLWWWDDWWWWWLWWWLD,5,2,1,5-1,0-5,,3-2
572,Dynamo Kyiv,848,UEFA Europa Conference League,2023,2,2,4,1,0,1,0,0,0,1,2,3,4,0,4,2.0,0.0,1.0,4,2,6,2.0,1.0,1.5,0,0,0,0,2,2,LWLL,1,0,1,2-1,,2-3,1-0
573,FK Partizan,848,UEFA Europa Conference League,2023,2,2,4,1,0,1,0,0,0,1,2,3,2,0,2,1.0,0.0,0.5,1,7,8,0.5,3.5,2.0,1,0,1,1,2,3,LWLL,1,0,1,2-0,,0-1,5-0
578,F91 Dudelange,848,UEFA Europa Conference League,2023,2,2,4,2,1,3,0,0,0,0,1,1,4,3,7,2.0,1.5,1.8,2,4,6,1.0,2.0,1.5,0,0,0,0,1,1,WWLW,2,0,1,2-1,2-3,,2-0
579,Buducnost Podgorica,848,UEFA Europa Conference League,2023,1,1,2,0,0,0,0,0,0,1,1,2,3,0,3,3.0,0.0,1.5,4,1,5,4.0,1.0,2.5,0,0,0,0,1,1,LL,0,0,2,,,3-4,1-0
580,Vikingur Gota,848,UEFA Europa Conference League,2023,1,1,2,0,0,0,1,0,1,0,1,1,1,1,2,1.0,1.0,1.0,1,2,3,1.0,2.0,1.5,0,0,0,0,0,0,LD,0,0,1,,,,2-1
582,Alashkert,848,UEFA Europa Conference League,2023,2,2,4,0,2,2,1,0,1,1,0,1,1,8,9,0.5,4.0,2.3,2,2,4,1.0,1.0,1.0,0,0,0,1,0,1,DWLW,1,1,1,,1-6,0-1,
583,Linfield,848,UEFA Europa Conference League,2023,2,2,4,1,0,1,0,0,0,1,2,3,5,2,7,2.5,1.0,1.8,6,4,10,3.0,2.0,2.5,0,0,0,0,1,1,WLLL,1,0,0,3-1,,2-5,3-2
584,Dundalk,848,UEFA Europa Conference League,2023,2,2,4,1,0,1,1,1,2,0,1,1,5,1,6,2.5,0.5,1.5,3,3,6,1.5,1.5,1.5,0,1,1,0,1,1,DWLD,1,1,1,3-1,,,3-1
586,FK Zalgiris Vilnius,848,UEFA Europa Conference League,2023,1,1,2,0,0,0,0,0,0,1,1,2,0,0,0,0.0,0.0,0.0,4,3,7,4.0,3.0,3.5,0,0,0,1,1,2,LL,0,0,2,,,0-4,3-0
588,Zrinjski,848,UEFA Europa Conference League,2023,3,3,6,1,0,1,1,0,1,1,3,4,6,0,6,2.0,0.0,1.0,6,4,10,2.0,1.3,1.7,0,0,0,0,3,3,WLLLLD,1,0,4,4-3,,1-2,2-0
591,FC Santa Coloma,848,UEFA Europa Conference League,2023,3,3,6,2,0,2,0,1,1,1,2,3,5,1,6,1.7,0.3,1.0,1,5,6,0.3,1.7,1.0,2,0,2,1,2,3,DWLWLL,1,1,1,3-0,,0-1,2-0
599,Zorya Luhansk,848,UEFA Europa Conference League,2023,3,3,6,1,1,2,1,0,1,1,2,3,6,4,10,2.0,1.3,1.7,4,7,11,1.3,2.3,1.8,1,1,2,0,0,0,DWLLLW,1,1,3,4-0,0-1,1-3,4-1
601,Austria Vienna,848,UEFA Europa Conference League,2023,2,2,4,1,2,3,0,0,0,1,0,1,4,4,8,2.0,2.0,2.0,5,2,7,2.5,1.0,1.8,1,0,1,0,0,0,WWWL,3,0,0,1-0,1-2,3-5,
604,Maccabi Tel Aviv,848,UEFA Europa Conference League,2023,7,7,14,6,4,10,0,2,2,1,1,2,18,13,31,2.6,1.9,2.2,12,7,19,1.7,1.0,1.4,2,1,3,0,1,1,WWDWWDWLWWWWWL,5,1,1,4-1,1-4,1-6,2-0
606,FC Lugano,848,UEFA Europa Conference League,2023,3,3,6,0,1,1,1,0,1,2,2,4,1,5,6,0.3,1.7,1.0,5,9,14,1.7,3.0,2.3,1,0,1,2,1,3,DWLLLL,1,1,0,,2-3,1-3,5-2
608,HNK Hajduk Split,848,UEFA Europa Conference League,2023,1,1,2,0,0,0,1,0,1,0,1,1,0,0,0,0.0,0.0,0.0,0,3,3,0.0,3.0,1.5,1,0,1,1,1,2,DL,0,1,0,,,,3-0
609,Shkendija,848,UEFA Europa Conference League,2023,1,1,2,1,0,1,0,0,0,0,1,1,1,0,1,1.0,0.0,0.5,0,1,1,0.0,1.0,0.5,1,0,1,0,1,1,WL,1,0,0,1-0,,,1-0
611,Fenerbahce,848,UEFA Europa Conference League,2023,8,8,16,7,5,12,0,0,0,1,3,4,24,16,40,3.0,2.0,2.5,5,12,17,0.6,1.5,1.1,3,4,7,1,1,2,WWWWWWWWWLLWWLLW,9,0,2,5-0,0-4,0-1,6-1
614,AEK Larnaca,848,UEFA Europa Conference League,2023,2,2,4,0,1,1,2,0,2,0,1,1,2,3,5,1.0,1.5,1.3,2,3,5,1.0,1.5,1.3,0,0,0,0,1,1,WDDL,1,2,0,,2-3,,1-0
615,NK Domzale,848,UEFA Europa Conference League,2023,1,1,2,0,1,1,0,0,0,1,0,1,1,3,4,1.0,3.0,2.0,4,1,5,4.0,1.0,2.5,0,0,0,0,0,0,LW,0,0,1,,1-3,1-4,
616,NK Osijek,848,UEFA Europa Conference League,2023,2,2,4,2,1,3,0,0,0,0,1,1,4,3,7,2.0,1.5,1.8,2,6,8,1.0,3.0,2.0,1,0,1,0,0,0,WWLW,2,0,1,3-2,1-2,,5-1
619,PAOK,848,UEFA Europa Conference League,2023,8,8,16,5,5,10,2,1,3,1,2,3,20,14,34,2.5,1.8,2.1,8,10,18,1.0,1.3,1.1,3,1,4,2,3,5,DWDWWWWWWDWWLWLL,6,1,1,5-1,1-4,0-2,2-0
620,Dinamo Zagreb,848,UEFA Europa Conference League,2023,5,5,10,3,2,5,1,0,1,1,3,4,11,4,15,2.2,0.8,1.5,3,8,11,0.6,1.6,1.1,2,2,4,1,2,3,WLLLWWWDWL,3,1,3,5-1,0-2,0-1,5-1
627,Qabala,848,UEFA Europa Conference League,2023,1,1,2,0,0,0,0,0,0,1,1,2,2,1,3,2.0,1.0,1.5,3,4,7,3.0,4.0,3.5,0,0,0,0,0,0,LL,0,0,2,,,2-3,4-1
631,Gent,848,UEFA Europa Conference League,2023,7,7,14,6,3,9,1,1,2,0,3,3,24,13,37,3.4,1.9,2.6,3,12,15,0.4,1.7,1.1,4,0,4,0,1,1,WWWLWWDWWWWLLD,4,1,2,5-0,2-5,,3-1
637,Sturm Graz,848,UEFA Europa Conference League,2023,2,2,4,1,1,2,0,1,1,1,0,1,4,2,6,2.0,1.0,1.5,4,1,5,2.0,0.5,1.3,0,1,1,1,0,1,WWLD,2,0,1,4-1,0-1,0-3,
644,FC Luzern,848,UEFA Europa Conference League,2023,2,2,4,0,1,1,2,0,2,0,1,1,3,3,6,1.5,1.5,1.5,3,4,7,1.5,2.0,1.8,0,0,0,0,0,0,WDLD,1,1,1,,1-2,,3-1
646,Levski Sofia,848,UEFA Europa Conference League,2023,3,3,6,2,1,3,1,1,2,0,1,1,4,2,6,1.3,0.7,1.0,2,2,4,0.7,0.7,0.7,1,2,3,0,2,2,WWDWDL,2,1,0,2-1,0-2,,2-0
649,HJK helsinki,848,UEFA Europa Conference League,2023,4,4,8,1,0,1,1,1,2,2,3,5,6,4,10,1.5,1.0,1.3,6,13,19,1.5,3.3,2.4,1,0,1,1,1,2,LWLDLLDL,1,1,2,2-0,,2-3,6-0
651,Ferencvarosi TC,848,UEFA Europa Conference League,2023,7,7,14,4,4,8,2,2,4,1,1,2,14,16,30,2.0,2.3,2.1,5,5,10,0.7,0.7,0.7,2,3,5,1,2,3,WWWWWWWDDDWDLL,7,3,0,4-0,1-6,0-1,1-0
652,Shamrock Rovers,848,UEFA Europa Conference League,2023,1,1,2,0,0,0,0,0,0,1,1,2,0,0,0,0.0,0.0,0.0,2,4,6,2.0,4.0,3.0,0,0,0,1,1,2,LL,0,0,2,,,0-2,4-0
654,Zeljeznicar Sarajevo,848,UEFA Europa Conference League,2023,2,2,4,0,1,1,2,0,2,0,1,1,4,2,6,2.0,1.0,1.5,4,3,7,2.0,1.5,1.8,0,0,0,0,1,1,DWDL,1,1,0,,1-2,,2-0
656,Slovan Bratislava,848,UEFA Europa Conference League,2023,4,4,8,1,2,3,1,0,1,2,2,4,4,5,9,1.0,1.3,1.1,5,7,12,1.3,1.8,1.5,0,1,1,1,0,1,WWLDWLLL,2,1,1,2-1,1-2,1-2,4-1
657,Beitar Jerusalem,848,UEFA Europa Conference League,2023,1,1,2,0,0,0,0,1,1,1,0,1,1,0,1,1.0,0.0,0.5,4,0,4,4.0,0.0,2.0,0,1,1,0,1,1,DL,0,1,0,,,1-4,
658,Progres Niederkorn,848,UEFA Europa Conference League,2023,2,2,4,1,1,2,1,0,1,0,1,1,4,2,6,2.0,1.0,1.5,3,2,5,1.5,1.0,1.3,0,1,1,0,1,1,DWLW,1,1,1,2-1,0-2,,2-0
660,FC Vaduz,848,UEFA Europa Conference League,2023,1,1,2,0,0,0,0,1,1,1,0,1,1,1,2,1.0,1.0,1.0,2,1,3,2.0,1.0,1.5,0,0,0,0,0,0,LD,0,0,1,,,1-2,
667,Lincoln Red Imps FC,848,UEFA Europa Conference League,2023,1,1,2,0,0,0,0,0,0,1,1,2,1,0,1,1.0,0.0,0.5,3,2,5,3.0,2.0,2.5,0,0,0,0,1,1,LL,0,0,2,,,1-3,2-0
670,Derry City,848,UEFA Europa Conference League,2023,3,3,6,3,0,3,0,2,2,0,1,1,4,3,7,1.3,1.0,1.2,1,4,5,0.3,1.3,0.8,2,1,3,0,2,2,DWWDLW,2,1,1,2-1,,,1-0
673,Sutjeska,848,UEFA Europa Conference League,2023,2,2,4,2,0,2,0,1,1,0,1,1,3,1,4,1.5,0.5,1.0,0,4,4,0.0,2.0,1.0,2,0,2,0,1,1,WDWL,1,1,0,2-0,,,3-0
677,Olimpija Ljubljana,848,UEFA Europa Conference League,2023,3,3,6,1,1,2,0,0,0,2,2,4,2,2,4,0.7,0.7,0.7,3,6,9,1.0,2.0,1.5,1,0,1,2,2,4,LLLWLW,1,0,3,2-0,1-2,0-2,3-0
678,B36 Torshavn,848,UEFA Europa Conference League,2023,3,3,6,1,1,2,1,1,2,1,1,2,3,3,6,1.0,1.0,1.0,4,3,7,1.3,1.0,1.2,1,1,2,1,1,2,DWWDLL,2,1,0,2-1,0-2,1-3,2-0
679,FK Sarajevo,848,UEFA Europa Conference League,2023,1,1,2,0,0,0,1,1,2,0,0,0,1,2,3,1.0,2.0,1.5,1,2,3,1.0,2.0,1.5,0,0,0,0,0,0,DD,0,2,0,,,,
684,FC Differdange 03,848,UEFA Europa Conference League,2023,1,1,2,0,0,0,1,0,1,0,1,1,1,3,4,1.0,3.0,2.0,1,4,5,1.0,4.0,2.5,0,0,0,0,0,0,DL,0,1,0,,,,4-3
685,Torpedo Kutaisi,848,UEFA Europa Conference League,2023,2,2,4,0,1,1,1,1,2,1,0,1,3,3,6,1.5,1.5,1.5,6,2,8,3.0,1.0,2.0,0,0,0,0,0,0,DDLW,0,2,1,,1-2,1-4,
687,Flora Tallinn,848,UEFA Europa Conference League,2023,1,1,2,0,0,0,0,0,0,1,1,2,0,0,0,0.0,0.0,0.0,2,3,5,2.0,3.0,2.5,0,0,0,1,1,2,LL,0,0,2,,,0-2,3-0
691,Milsami Orhei,848,UEFA Europa Conference League,2023,1,1,2,0,0,0,0,1,1,1,0,1,0,2,2,0.0,2.0,1.0,1,2,3,1.0,2.0,1.5,0,0,0,1,0,1,DL,0,1,0,,,0-1,
692,Ordabasy,848,UEFA Europa Conference League,2023,1,1,2,0,0,0,1,0,1,0,1,1,2,2,4,2.0,2.0,2.0,2,3,5,2.0,3.0,2.5,0,0,0,0,0,0,DL,0,1,0,,,,3-2
694,Tirana,848,UEFA Europa Conference League,2023,2,2,4,0,1,1,1,0,1,1,1,2,1,3,4,0.5,1.5,1.0,3,4,7,1.5,2.0,1.8,0,0,0,1,0,1,DWLL,1,1,0,,1-2,0-2,3-1
696,Balzan FC,848,UEFA Europa Conference League,2023,2,2,4,0,1,1,1,0,1,1,1,2,1,4,5,0.5,2.0,1.3,3,3,6,1.5,1.5,1.5,1,0,1,1,1,2,WLLD,1,0,2,,1-4,1-3,2-0
697,Crusaders FC,848,UEFA Europa Conference League,2023,2,2,4,1,0,1,1,1,2,0,1,1,3,4,7,1.5,2.0,1.8,2,5,7,1.0,2.5,1.8,1,0,1,0,0,0,DWDL,1,1,0,1-0,,,3-2
700,Tre Penne,848,UEFA Europa Conference League,2023,1,1,2,0,0,0,0,0,0,1,1,2,0,0,0,0.0,0.0,0.0,3,7,10,3.0,7.0,5.0,0,0,0,1,1,2,LL,0,0,2,,,0-3,7-0
701,KI Klaksvik,848,UEFA Europa Conference League,2023,3,3,6,1,0,1,1,0,1,1,3,4,4,1,5,1.3,0.3,0.8,2,7,9,0.7,2.3,1.5,2,0,2,1,2,3,LDWLLL,1,1,1,3-0,,1-2,3-0
702,Vojvodina,848,UEFA Europa Conference League,2023,1,1,2,0,0,0,0,0,0,1,1,2,1,1,2,1.0,1.0,1.0,2,2,4,2.0,2.0,2.0,0,0,0,0,0,0,LL,0,0,2,,,1-2,2-1
705,Dinamo Batumi,848,UEFA Europa Conference League,2023,1,1,2,0,0,0,0,1,1,1,0,1,1,1,2,1.0,1.0,1.0,2,1,3,2.0,1.0,1.5,0,0,0,0,0,0,DL,0,1,0,,,1-2,
708,Partizani,848,UEFA Europa Conference League,2023,3,3,6,2,2,4,1,0,1,0,1,1,6,3,9,2.0,1.0,1.5,2,2,4,0.7,0.7,0.7,1,1,2,0,1,1,WWWWLD,4,0,1,4-1,1-2,,1-0
709,Pyunik Yerevan,848,UEFA Europa Conference League,2023,3,3,6,2,2,4,0,0,0,1,1,2,4,5,9,1.3,1.7,1.5,4,4,8,1.3,1.3,1.3,1,1,2,1,1,2,WWWWLL,4,0,0,2-0,0-3,0-3,3-0
727,Osasuna,848,UEFA Europa Conference League,2023,1,1,2,0,0,0,0,1,1,1,0,1,1,2,3,1.0,2.0,1.5,2,2,4,2.0,2.0,2.0,0,0,0,0,0,0,LD,0,0,1,,,1-2,
742,Genk,848,UEFA Europa Conference League,2023,4,4,8,2,1,3,2,1,3,0,2,2,6,4,10,1.5,1.0,1.3,3,4,7,0.8,1.0,0.9,2,1,3,1,1,2,WLDWDDLW,1,2,1,2-0,0-2,,2-1
781,Rapid Vienna,848,UEFA Europa Conference League,2023,2,2,4,1,1,2,1,0,1,0,1,1,1,5,6,0.5,2.5,1.5,0,2,2,0.0,1.0,0.5,2,1,3,1,1,2,DWWL,2,1,0,1-0,0-5,,2-0
853,CSKA Sofia,848,UEFA Europa Conference League,2023,1,1,2,0,0,0,0,0,0,1,1,2,0,0,0,0.0,0.0,0.0,2,4,6,2.0,4.0,3.0,0,0,0,1,1,2,LL,0,0,2,,,0-2,4-0
1120,Spartak Trnava,848,UEFA Europa Conference League,2023,6,6,12,2,1,3,1,2,3,3,3,6,10,5,15,1.7,0.8,1.3,9,13,22,1.5,2.2,1.8,0,0,0,1,2,3,DWLWDWLLLDLL,1,1,3,4-1,1-2,0-2,4-0
1121,Vorskla Poltava,848,UEFA Europa Conference League,2023,1,1,2,1,0,1,0,0,0,0,1,1,2,1,3,2.0,1.0,1.5,1,3,4,1.0,3.0,2.0,0,0,0,0,0,0,WL,1,0,0,2-1,,,3-1
1123,Aris Thessalonikis,848,UEFA Europa Conference League,2023,2,2,4,2,0,2,0,1,1,0,1,1,2,2,4,1.0,1.0,1.0,0,3,3,0.0,1.5,0.8,2,0,2,0,0,0,DWWL,2,1,0,1-0,,,2-1
1165,KuPS,848,UEFA Europa Conference League,2023,1,1,2,0,0,0,1,0,1,0,1,1,3,1,4,3.0,1.0,2.0,3,2,5,3.0,2.0,2.5,0,0,0,0,0,0,LD,0,0,1,,,,2-1
1169,Honka,848,UEFA Europa Conference League,2023,1,1,2,0,0,0,1,0,1,0,1,1,0,1,1,0.0,1.0,0.5,0,2,2,0.0,2.0,1.0,1,0,1,1,0,1,LD,0,0,1,,,,2-1
1393,Union St. Gilloise,848,UEFA Europa Conference League,2023,2,2,4,0,2,2,1,0,1,1,0,1,2,3,5,1.0,1.5,1.3,5,1,6,2.5,0.5,1.5,0,1,1,1,0,1,DWLW,1,1,1,,1-2,0-3,
1426,CSKA 1948,848,UEFA Europa Conference League,2023,1,1,2,0,0,0,0,0,0,1,1,2,0,2,2,0.0,2.0,1.0,1,3,4,1.0,3.0,2.0,0,0,0,1,0,1,LL,0,0,2,,,0-1,3-2
2080,Haka,848,UEFA Europa Conference League,2023,1,1,2,0,0,0,1,0,1,0,1,1,2,0,2,2.0,0.0,1.0,2,1,3,2.0,1.0,1.5,0,0,0,0,1,1,DL,0,1,0,,,,1-0
2184,Servette FC,848,UEFA Europa Conference League,2023,2,2,4,0,1,1,2,1,3,0,0,0,0,1,1,0.0,0.5,0.3,0,0,0,0.0,0.0,0.0,2,2,4,2,1,3,DWDD,1,1,0,,0-1,,
2191,Penybont,848,UEFA Europa Conference League,2023,1,1,2,0,0,0,1,0,1,0,1,1,1,0,1,1.0,0.0,0.5,1,2,3,1.0,2.0,1.5,0,0,0,0,1,1,DL,0,1,0,,,,2-0
2194,Haverfordwest County AFC,848,UEFA Europa Conference League,2023,2,2,4,1,0,1,1,0,1,0,2,2,2,1,3,1.0,0.5,0.8,1,3,4,0.5,1.5,1.0,1,0,1,0,1,1,LWLD,1,0,1,1-0,,,2-1
2246,CFR 1907 Cluj,848,UEFA Europa Conference League,2023,1,1,2,0,0,0,1,0,1,0,1,1,1,1,2,1.0,1.0,1.0,1,2,3,1.0,2.0,1.5,0,0,0,0,0,0,DL,0,1,0,,,,2-1
2247,Apoel Nicosia,848,UEFA Europa Conference League,2023,3,3,6,2,2,4,0,0,0,1,1,2,4,4,8,1.3,1.3,1.3,3,3,6,1.0,1.0,1.0,1,1,2,0,1,1,WWWWLL,4,0,0,2-1,0-2,1-2,2-0
2249,La Fiorita,848,UEFA Europa Conference League,2023,1,1,2,0,0,0,1,0,1,0,1,1,1,0,1,1.0,0.0,0.5,1,1,2,1.0,1.0,1.0,0,0,0,0,1,1,DL,0,1,0,,,,1-0
2257,Dunajska Streda,848,UEFA Europa Conference League,2023,1,1,2,1,0,1,0,0,0,0,1,1,2,0,2,2.0,0.0,1.0,1,2,3,1.0,2.0,1.5,0,0,0,0,1,1,WL,1,0,0,2-1,,,2-0
2259,FK Tobol Kostanay,848,UEFA Europa Conference League,2023,4,4,8,2,1,3,0,1,1,2,2,4,5,3,8,1.3,0.8,1.0,5,5,10,1.3,1.3,1.3,1,1,2,0,3,3,WDWLWLLL,1,1,1,2-1,1-3,1-2,3-0
2262,Dinamo Tbilisi,848,UEFA Europa Conference League,2023,1,1,2,0,0,0,0,0,0,1,1,2,0,1,1,0.0,1.0,0.5,1,2,3,1.0,2.0,1.5,0,0,0,1,0,1,LL,0,0,2,,,0-1,2-1
2264,Gzira United,848,UEFA Europa Conference League,2023,3,3,6,1,0,1,1,1,2,1,2,3,4,2,6,1.3,0.7,1.0,4,7,11,1.3,2.3,1.8,1,0,1,1,1,2,DDWLLL,1,2,0,2-0,,0-2,4-0
2265,Shkupi 1927,848,UEFA Europa Conference League,2023,2,2,4,0,1,1,1,0,1,1,1,2,0,5,5,0.0,2.5,1.3,2,1,3,1.0,0.5,0.8,1,1,2,2,1,3,WDLL,1,1,0,,0-5,0-2,1-0
2270,Neftchi Baku,848,UEFA Europa Conference League,2023,2,2,4,1,0,1,0,1,1,1,1,2,3,3,6,1.5,1.5,1.5,3,4,7,1.5,2.0,1.8,1,0,1,0,0,0,DWLL,1,1,0,2-0,,1-3,2-1
2271,Petrocub,848,UEFA Europa Conference League,2023,1,1,2,0,0,0,0,0,0,1,1,2,0,0,0,0.0,0.0,0.0,2,3,5,2.0,3.0,2.5,0,0,0,1,1,2,LL,0,0,2,,,0-2,3-0
2273,FC Levadia Tallinn,848,UEFA Europa Conference League,2023,1,1,2,0,0,0,0,0,0,1,1,2,1,1,2,1.0,1.0,1.0,2,2,4,2.0,2.0,2.0,0,0,0,0,0,0,LL,0,0,2,,,1-2,2-1
2274,Trans Narva,848,UEFA Europa Conference League,2023,1,1,2,0,0,0,0,0,0,1,1,2,0,0,0,0.0,0.0,0.0,3,2,5,3.0,2.0,2.5,0,0,0,1,1,2,LL,0,0,2,,,0-3,2-0
2276,FC Urartu,848,UEFA Europa Conference League,2023,1,1,2,0,0,0,0,0,0,1,1,2,2,2,4,2.0,2.0,2.0,3,3,6,3.0,3.0,3.0,0,0,0,0,0,0,LL,0,0,2,,,2-3,3-2
2277,Birkirkara,848,UEFA Europa Conference League,2023,1,1,2,0,0,0,0,1,1,1,0,1,1,1,2,1.0,1.0,1.0,2,1,3,2.0,1.0,1.5,0,0,0,0,0,0,DL,0,1,0,,,1-2,
2392,Debreceni VSC,848,UEFA Europa Conference League,2023,2,2,4,0,1,1,0,1,1,2,0,2,1,1,2,0.5,0.5,0.5,7,0,7,3.5,0.0,1.8,0,2,2,1,1,2,WLDL,1,1,1,,0-1,0-5,
2414,Zalaegerszegi TE,848,UEFA Europa Conference League,2023,1,1,2,0,0,0,0,0,0,1,1,2,1,0,1,1.0,0.0,0.5,2,1,3,2.0,1.0,1.5,0,0,0,0,1,1,LL,0,0,2,,,1-2,1-0
2585,Sepsi OSK Sfantu Gheorghe,848,UEFA Europa Conference League,2023,3,3,6,1,2,3,2,0,2,0,1,1,7,5,12,2.3,1.7,2.0,3,3,6,1.0,1.0,1.0,1,2,3,0,0,0,WWDWDL,2,1,0,4-0,0-2,,3-2
2596,Farul Constanta,848,UEFA Europa Conference League,2023,3,3,6,3,2,5,0,0,0,0,1,1,8,5,13,2.7,1.7,2.2,3,4,7,1.0,1.3,1.2,1,1,2,0,1,1,WWWWWL,5,0,0,3-0,0-2,,2-0
2656,Cukaricki,848,UEFA Europa Conference League,2023,3,3,6,0,0,0,0,0,0,3,3,6,1,1,2,0.3,0.3,0.3,5,11,16,1.7,3.7,2.7,0,0,0,2,2,4,LLLLLL,0,0,6,,,0-2,6-0
3327,Egnatia Rrogozhinë,848,UEFA Europa Conference League,2023,1,1,2,0,0,0,1,1,2,0,0,0,4,1,5,4.0,1.0,2.5,4,1,5,4.0,1.0,2.5,0,0,0,0,0,0,DD,0,2,0,,,,
3339,Vllaznia Shkodër,848,UEFA Europa Conference League,2023,1,1,2,1,0,1,0,0,0,0,1,1,1,1,2,1.0,1.0,1.0,0,3,3,0.0,3.0,1.5,1,0,1,0,0,0,LW,0,0,1,1-0,,,3-1
3342,Inter Club d'Escaldes,848,UEFA Europa Conference League,2023,2,2,4,2,0,2,0,1,1,0,1,1,4,2,6,2.0,1.0,1.5,2,7,9,1.0,3.5,2.3,0,0,0,0,0,0,WDWL,1,1,0,2-1,,,6-1
3345,Atlètic Club d'Escaldes,848,UEFA Europa Conference League,2023,1,1,2,0,0,0,0,0,0,1,1,2,0,1,1,0.0,1.0,0.5,1,4,5,1.0,4.0,2.5,0,0,0,1,0,1,LL,0,0,2,,,0-1,4-1
3364,Borac Banja Luka,848,UEFA Europa Conference League,2023,1,1,2,0,0,0,0,0,0,1,1,2,1,0,1,1.0,0.0,0.5,2,1,3,2.0,1.0,1.5,0,0,0,0,1,1,LL,0,0,2,,,1-2,1-0
3402,Omonia Nicosia,848,UEFA Europa Conference League,2023,2,2,4,2,1,3,0,0,0,0,1,1,5,4,9,2.5,2.0,2.3,1,7,8,0.5,3.5,2.0,1,0,1,0,0,0,WWWL,3,0,0,4-1,2-3,,5-1
3499,Dila,848,UEFA Europa Conference League,2023,3,3,6,2,0,2,0,0,0,1,3,4,5,2,7,1.7,0.7,1.2,3,5,8,1.0,1.7,1.3,1,0,1,1,1,2,LWLWLL,1,0,1,3-1,,0-2,2-1
3528,Paide,848,UEFA Europa Conference League,2023,1,1,2,0,0,0,0,1,1,1,0,1,0,0,0,0.0,0.0,0.0,2,0,2,2.0,0.0,1.0,0,1,1,1,1,2,DL,0,1,0,,,0-2,
3554,Žilina,848,UEFA Europa Conference League,2023,2,2,4,1,1,2,0,0,0,1,1,2,4,3,7,2.0,1.5,1.8,6,6,12,3.0,3.0,3.0,0,0,0,0,0,0,WWLL,2,0,0,2-1,1-2,2-5,5-1
3563,Adana Demirspor,848,UEFA Europa Conference League,2023,3,3,6,3,0,3,0,1,1,0,2,2,8,4,12,2.7,1.3,2.0,2,6,8,0.7,2.0,1.3,1,0,1,0,0,0,DWWLLW,2,1,2,5-1,,,3-2
3623,Dnipro-1,848,UEFA Europa Conference League,2023,1,1,2,0,0,0,0,1,1,1,0,1,1,1,2,1.0,1.0,1.0,2,1,3,2.0,1.0,1.5,0,0,0,0,0,0,DL,0,1,0,,,1-2,
3683,Ararat-Armenia,848,UEFA Europa Conference League,2023,2,2,4,0,0,0,2,1,3,0,1,1,2,4,6,1.0,2.0,1.5,2,5,7,1.0,2.5,1.8,0,0,0,0,1,1,DDDL,0,3,0,,,,1-0
3714,Bohemians 1905,848,UEFA Europa Conference League,2023,1,1,2,0,0,0,0,0,0,1,1,2,2,0,2,2.0,0.0,1.0,4,3,7,4.0,3.0,3.5,0,0,0,0,1,1,LL,0,0,2,,,2-4,3-0
3742,Arsenal Tivat,848,UEFA Europa Conference League,2023,1,1,2,0,0,0,0,1,1,1,0,1,1,1,2,1.0,1.0,1.0,6,1,7,6.0,1.0,3.5,0,0,0,0,0,0,DL,0,1,0,,,1-6,
3843,St Patrick's Athl.,848,UEFA Europa Conference League,2023,1,1,2,0,0,0,0,0,0,1,1,2,2,1,3,2.0,1.0,1.5,3,2,5,3.0,2.0,2.5,0,0,0,0,0,0,LL,0,0,2,,,2-3,2-1
3861,Hegelmann Litauen,848,UEFA Europa Conference League,2023,1,1,2,0,0,0,0,1,1,1,0,1,0,0,0,0.0,0.0,0.0,5,0,5,5.0,0.0,2.5,0,1,1,1,1,2,LD,0,0,1,,,0-5,
3872,Kauno Žalgiris,848,UEFA Europa Conference League,2023,1,1,2,0,0,0,0,0,0,1,1,2,1,1,2,1.0,1.0,1.0,2,3,5,2.0,3.0,2.5,0,0,0,0,0,0,LL,0,0,2,,,1-2,3-1
3874,Panevėžys,848,UEFA Europa Conference League,2023,2,2,4,0,1,1,2,0,2,0,1,1,3,1,4,1.5,0.5,1.0,3,1,4,1.5,0.5,1.0,0,1,1,0,1,1,DWLD,1,1,1,,0-1,,1-0
4133,HB,848,UEFA Europa Conference League,2023,1,1,2,0,0,0,1,0,1,0,1,1,0,0,0,0.0,0.0,0.0,0,1,1,0.0,1.0,0.5,1,0,1,1,1,2,DL,0,1,0,,,,1-0
4135,Auda,848,UEFA Europa Conference League,2023,1,1,2,0,0,0,1,0,1,0,1,1,1,1,2,1.0,1.0,1.0,1,4,5,1.0,4.0,2.5,0,0,0,0,0,0,DL,0,1,0,,,,4-1
4153,Valmiera / BSS,848,UEFA Europa Conference League,2023,2,2,4,1,1,2,0,0,0,1,1,2,8,3,11,4.0,1.5,2.8,2,1,3,1.0,0.5,0.8,1,1,2,0,1,1,WWLL,2,0,0,7-0,0-3,1-2,1-0
4160,Rīgas FS,848,UEFA Europa Conference League,2023,2,2,4,1,1,2,0,0,0,1,1,2,4,2,6,2.0,1.0,1.5,3,2,5,1.5,1.0,1.3,0,1,1,1,0,1,WWLL,2,0,0,4-1,0-1,0-2,2-1
4195,Maccabi Haifa,848,UEFA Europa Conference League,2023,2,2,4,1,0,1,0,2,2,1,0,1,4,2,6,2.0,1.0,1.5,4,2,6,2.0,1.0,1.5,1,0,1,0,0,0,WDLD,1,1,1,1-0,,3-4,
4196,Makedonija GjP,848,UEFA Europa Conference League,2023,1,1,2,0,0,0,0,0,0,1,1,2,0,1,1,0.0,1.0,0.5,1,4,5,1.0,4.0,2.5,0,0,0,1,0,1,LL,0,0,2,,,0-1,4-1
4346,Struga,848,UEFA Europa Conference League,2023,3,3,6,2,1,3,0,0,0,1,2,3,4,5,9,1.3,1.7,1.5,2,6,8,0.7,2.0,1.3,1,0,1,1,1,2,WWWLLL,3,0,0,3-1,3-4,0-1,2-1
4360,Celje,848,UEFA Europa Conference League,2023,3,3,6,1,2,3,1,0,1,1,1,2,5,6,11,1.7,2.0,1.8,5,5,10,1.7,1.7,1.7,1,1,2,0,0,0,LWWWLD,3,0,1,1-0,1-4,3-4,4-1
4563,Aktobe,848,UEFA Europa Conference League,2023,2,2,4,0,1,1,0,1,1,2,0,2,1,5,6,0.5,2.5,1.5,3,2,5,1.5,1.0,1.3,0,0,0,1,0,1,WLDL,1,1,1,,1-4,1-2,
4626,Hamrun Spartans,848,UEFA Europa Conference League,2023,2,2,4,1,1,2,0,0,0,1,1,2,3,2,5,1.5,1.0,1.3,7,2,9,3.5,1.0,2.3,0,1,1,0,0,0,WWLL,2,0,0,2-1,0-1,1-6,2-1
4633,Zimbru,848,UEFA Europa Conference League,2023,2,2,4,1,0,1,0,1,1,1,1,2,1,1,2,0.5,0.5,0.5,4,6,10,2.0,3.0,2.5,1,0,1,1,1,2,DWLL,1,1,0,1-0,,0-4,5-0
5111,Kecskeméti TE,848,UEFA Europa Conference League,2023,1,1,2,1,0,1,0,0,0,0,1,1,2,1,3,2.0,1.0,1.5,1,3,4,1.0,3.0,2.0,0,0,0,0,0,0,WL,1,0,0,2-1,,,3-1
5298,Cosmos,848,UEFA Europa Conference League,2023,1,1,2,0,0,0,1,0,1,0,1,1,1,0,1,1.0,0.0,0.5,1,1,2,1.0,1.0,1.0,0,0,0,0,1,1,LD,0,0,1,,,,1-0
5352,Glentoran,848,UEFA Europa Conference League,2023,1,1,2,0,0,0,1,1,2,0,0,0,1,2,3,1.0,2.0,1.5,1,2,3,1.0,2.0,1.5,0,0,0,0,0,0,DD,0,2,0,,,,
5354,Larne,848,UEFA Europa Conference League,2023,1,1,2,0,0,0,0,0,0,1,1,2,1,0,1,1.0,0.0,0.5,4,3,7,4.0,3.0,3.5,0,0,0,0,1,1,LL,0,0,2,,,1-4,3-0
10124,Riga,848,UEFA Europa Conference League,2023,3,3,6,2,0,2,0,0,0,1,3,4,5,1,6,1.7,0.3,1.0,4,5,9,1.3,1.7,1.5,1,0,1,1,2,3,WLLWLL,1,0,2,3-1,,0-3,2-0
10125,Europa,848,UEFA Europa Conference League,2023,1,1,2,0,0,0,0,0,0,1,1,2,2,1,3,2.0,1.0,1.5,3,2,5,3.0,2.0,2.5,0,0,0,0,0,0,LL,0,0,2,,,2-3,2-1
11907,Swift Hesperange,848,UEFA Europa Conference League,2023,2,2,4,2,0,2,0,1,1,0,1,1,5,2,7,2.5,1.0,1.8,3,4,7,1.5,2.0,1.8,0,0,0,0,0,0,DWLW,1,1,1,3-2,,,3-1
12733,Ballkani,848,UEFA Europa Conference League,2023,6,6,12,4,2,6,0,1,1,2,3,5,12,7,19,2.0,1.2,1.6,4,7,11,0.7,1.2,0.9,3,1,4,1,4,5,WWWWWLLWLDLL,5,1,2,4-1,1-4,1-2,3-0
12772,Gjilani,848,UEFA Europa Conference League,2023,1,1,2,0,0,0,0,1,1,1,0,1,0,2,2,0.0,2.0,1.0,2,2,4,2.0,2.0,2.0,0,0,0,1,0,1,DL,0,1,0,,,0-2,
13976,Sabah FA,848,UEFA Europa Conference League,2023,2,2,4,2,1,3,0,0,0,0,1,1,4,2,6,2.0,1.0,1.5,1,2,3,0.5,1.0,0.8,1,1,2,0,1,1,WWWL,3,0,0,2-0,0-2,,2-0
14281,Drita,848,UEFA Europa Conference League,2023,1,1,2,0,0,0,0,1,1,1,0,1,1,0,1,1.0,0.0,0.5,2,0,2,2.0,0.0,1.0,0,1,1,0,1,1,DL,0,1,0,,,1-2,
14393,Dukagjini,848,UEFA Europa Conference League,2023,2,2,4,1,1,2,0,0,0,1,1,2,2,4,6,1.0,2.0,1.5,2,8,10,1.0,4.0,2.5,0,0,0,1,0,1,WWLL,2,0,0,2-1,2-3,0-1,6-1
16135,Magpies,848,UEFA Europa Conference League,2023,1,1,2,0,0,0,1,0,1,0,1,1,0,1,1,0.0,1.0,0.5,0,3,3,0.0,3.0,1.5,1,0,1,1,0,1,DL,0,1,0,,,,3-1
193,PEC Zwolle,88,Eredivisie,2018,17,17,34,6,5,11,3,3,6,8,9,17,31,13,44,1.8,0.8,1.3,31,26,57,1.8,1.5,1.7,5,6,11,4,8,12,LLLWLWDWLDLLLWLDLWWWDLLDLWWLWLLWLD,3,1,3,5-0,0-2,1-4,4-0
194,Ajax,88,Eredivisie,2018,17,17,34,15,13,28,2,0,2,0,4,4,70,49,119,4.1,2.9,3.5,13,19,32,0.8,1.1,0.9,9,6,15,0,3,3,DWWWWLWWWWWWWWWWWDLWLWWWWLWWWWWWWW,11,1,1,8-0,1-7,,6-2
195,Willem II,88,Eredivisie,2018,17,17,34,6,7,13,2,3,5,9,7,16,26,32,58,1.5,1.9,1.7,33,39,72,1.9,2.3,2.1,3,4,7,4,1,5,LWWLDDLDDLLWLWLLWWWLLLWLWWWWLWDLLL,4,2,3,5-0,0-2,1-5,6-1
196,Excelsior,88,Eredivisie,2018,17,17,34,6,3,9,4,2,6,7,12,19,27,19,46,1.6,1.1,1.4,36,43,79,2.1,2.5,2.3,3,2,5,3,7,10,DLWLDDWLWLLLWDLLLLWWLWDLLLLLLLDLWW,2,2,7,4-2,0-2,1-7,6-0
197,PSV Eindhoven,88,Eredivisie,2018,17,17,34,16,10,26,1,4,5,0,3,3,58,40,98,3.4,2.4,2.9,7,19,26,0.4,1.1,0.8,10,6,16,0,1,1,WWWWWWWWWWWWWLWWWDWWDDDWWWLWDWWWLW,13,3,1,6-0,0-7,,3-1
198,ADO Den Haag,88,Eredivisie,2018,17,17,34,7,5,12,4,5,9,6,7,13,33,25,58,1.9,1.5,1.7,32,31,63,1.9,1.8,1.9,5,3,8,3,4,7,LLWWLDDWLDLLWLDWDLDWLWLDLLDDWWLWWW,2,2,2,5-0,0-3,0-7,5-1
199,De Graafschap,88,Eredivisie,2018,17,17,34,6,2,8,3,2,5,8,13,21,25,13,38,1.5,0.8,1.1,28,47,75,1.6,2.8,2.2,3,3,6,4,9,13,WLLDLLWLLWLLLLDLDWLWLLWDLWLLDLLWLL,1,1,4,5-1,0-3,0-5,8-0
200,Vitesse,88,Eredivisie,2018,19,19,38,11,4,15,6,6,12,2,9,11,48,27,75,2.5,1.4,2.0,28,29,57,1.5,1.5,1.5,1,4,5,2,4,6,WDDLWDLWLWLWWDLWDWLDLWWWDLDDDDWLWWLWDL,3,4,1,6-1,0-3,0-4,4-2
201,AZ Alkmaar,88,Eredivisie,2018,17,17,34,11,6,17,3,4,7,3,7,10,35,29,64,2.1,1.7,1.9,15,28,43,0.9,1.6,1.3,9,5,14,2,2,4,WWDLDWDLLLWWDLWWLWWWWWLWDWWDDLLWWL,5,2,3,5-0,1-4,0-2,5-0
202,Groningen,88,Eredivisie,2018,18,18,36,11,3,14,1,5,6,6,10,16,28,14,42,1.6,0.8,1.2,17,28,45,0.9,1.6,1.3,7,5,12,3,9,12,LLWLLLDLLLWWLWDLDWLWWWDWDWLWWDLLWLWL,3,1,3,5-2,2-4,1-3,5-1
203,NAC Breda,88,Eredivisie,2018,17,17,34,4,1,5,6,2,8,7,14,21,18,11,29,1.1,0.6,0.9,30,44,74,1.8,2.6,2.2,3,1,4,8,9,17,LWLLLLLLDDWLLLWDWLDLLLDLLLDWLDLLLD,1,2,6,3-0,1-2,0-4,5-0
204,VVV Venlo,88,Eredivisie,2018,17,17,34,7,4,11,3,5,8,7,8,15,25,22,47,1.5,1.3,1.4,25,38,63,1.5,2.2,1.9,5,1,6,5,4,9,WLDDWWLLWDWDLLDLWWLLWLLLWLDLLDWDWL,2,2,3,4-1,2-4,2-6,6-0
205,Fortuna Sittard,88,Eredivisie,2018,17,17,34,7,2,9,5,2,7,5,13,18,30,20,50,1.8,1.2,1.5,26,54,80,1.5,3.2,2.4,4,1,5,4,5,9,DLLDWDLDWLWLWLLWDLWLWLLLLWLDLDWLLL,1,1,4,4-1,0-2,1-4,6-0
206,Heracles,88,Eredivisie,2018,18,18,36,11,4,15,0,3,3,7,11,18,42,19,61,2.3,1.1,1.7,34,39,73,1.9,2.2,2.0,4,2,6,4,6,10,DWLWWWWLWDLLLWLLWLLLWWWLDWWLWLWLLLLL,4,1,3,6-0,0-3,1-5,5-0
207,Utrecht,88,Eredivisie,2018,19,19,38,10,8,18,6,3,9,3,8,11,34,34,68,1.8,1.8,1.8,17,35,52,0.9,1.8,1.4,7,5,12,4,5,9,LWDDLLDWWWWLWDWWLLLLDWDWDWWWLDLWLWWWDW,4,2,4,5-0,2-6,1-3,5-0
208,Emmen,88,Eredivisie,2018,17,17,34,5,5,10,5,3,8,7,9,16,23,18,41,1.4,1.1,1.2,31,41,72,1.8,2.4,2.1,4,0,4,3,6,9,WLLDWLLDLDDWLDLWLDWLWLLLDLLLWDWLWW,1,2,3,2-0,2-3,2-5,6-0
209,Feyenoord,88,Eredivisie,2018,17,17,34,14,6,20,0,5,5,3,6,9,43,32,75,2.5,1.9,2.2,16,25,41,0.9,1.5,1.2,7,3,10,2,3,5,LWWWDWWDWLWWWWWLDLWLWLDWDLLWWWWWLW,5,1,2,6-2,0-4,0-2,3-0
210,Heerenveen,88,Eredivisie,2018,17,17,34,4,6,10,7,4,11,6,7,13,27,37,64,1.6,2.2,1.9,35,38,73,2.1,2.2,2.1,1,1,2,3,4,7,WDLDLDDWLWDLLWWLLDLDDDWWWLWLLDLDWL,3,3,2,4-2,0-5,0-4,3-0
193,PEC Zwolle,88,Eredivisie,2019,12,14,26,5,2,7,2,3,5,5,9,14,28,9,37,2.3,0.6,1.4,30,25,55,2.5,1.8,2.1,1,2,3,2,8,10,LLLDWWLLLWLLLWLLWLDDWDLLWD,2,2,3,6-2,1-3,0-4,4-0
194,Ajax,88,Eredivisie,2019,13,12,25,11,7,18,0,2,2,2,3,5,40,28,68,3.1,2.3,2.7,8,15,23,0.6,1.3,0.9,7,1,8,2,2,4,DWWWWDWWWWWWWWWLLWWLWWLLW,9,1,2,6-1,2-5,0-2,2-1
195,Willem II,88,Eredivisie,2019,13,13,26,7,6,13,4,1,5,2,6,8,17,20,37,1.3,1.5,1.4,9,25,34,0.7,1.9,1.3,5,2,7,4,4,8,WLWWLLWLDWWLWDWWWDWDWLDLWL,3,1,2,4-0,1-3,0-2,4-1
197,PSV Eindhoven,88,Eredivisie,2019,12,14,26,8,6,14,3,4,7,1,4,5,32,22,54,2.7,1.6,2.1,12,16,28,1.0,1.1,1.1,3,4,7,1,2,3,DWWWWDWWWLLDLWDWLWDDLWWWDW,4,2,2,5-0,0-4,0-4,3-0
198,ADO Den Haag,88,Eredivisie,2019,13,13,26,2,2,4,6,1,7,5,10,15,11,14,25,0.8,1.1,1.0,17,37,54,1.3,2.8,2.1,5,2,7,6,5,11,LLLWWLLLLLWDLDLDDLWLDLLDDL,2,2,5,2-0,0-3,0-3,6-1
200,Vitesse,88,Eredivisie,2019,13,13,26,7,5,12,3,2,5,3,6,9,24,21,45,1.8,1.6,1.7,15,20,35,1.2,1.5,1.3,4,4,8,2,4,6,DWWDWLWWWWLLLLLDWWWDDLWLLW,4,2,5,3-0,0-4,0-2,5-0
201,AZ Alkmaar,88,Eredivisie,2019,13,12,25,10,8,18,1,1,2,2,3,5,32,22,54,2.5,1.8,2.2,8,9,17,0.6,0.8,0.7,10,7,17,1,2,3,WWDLWWWWDLWWWWWWWLLWWLWWW,7,1,2,5-1,0-4,2-4,3-0
202,Groningen,88,Eredivisie,2019,13,13,26,7,3,10,1,4,5,5,6,11,17,10,27,1.3,0.8,1.0,10,16,26,0.8,1.2,1.0,6,3,9,3,5,8,WLDLLWLLWWDWWDLLDWDWLWWLLL,2,1,2,3-0,1-2,1-3,3-1
204,VVV Venlo,88,Eredivisie,2019,13,13,26,5,3,8,3,1,4,5,9,14,14,10,24,1.1,0.8,0.9,21,30,51,1.6,2.3,2.0,3,1,4,4,5,9,WLLWLWLLLLLLLWLWLLDWDDWWDL,2,2,7,3-1,1-2,0-4,6-1
205,Fortuna Sittard,88,Eredivisie,2019,13,13,26,6,0,6,4,4,8,3,9,12,22,7,29,1.7,0.5,1.1,17,35,52,1.3,2.7,2.0,4,2,6,2,7,9,LDLDLLLDWLWLWLWLWDLDWLDLDD,1,1,3,4-1,,1-3,6-0
206,Heracles,88,Eredivisie,2019,13,13,26,8,2,10,1,5,6,4,6,10,31,9,40,2.4,0.7,1.5,17,17,34,1.3,1.3,1.3,5,2,7,2,7,9,LDLDWWWLWDWLWLWDLDLLLWLWDW,3,1,3,6-1,2-3,0-4,4-1
207,Utrecht,88,Eredivisie,2019,12,13,25,8,4,12,0,5,5,4,4,8,30,20,50,2.5,1.5,2.0,12,22,34,1.0,1.7,1.4,4,1,5,2,1,3,WWDLLWDWLWWWLLLWWLDWDDWLW,3,2,3,6-0,2-4,0-3,4-0
208,Emmen,88,Eredivisie,2019,13,13,26,9,0,9,2,3,5,2,10,12,26,6,32,2.0,0.5,1.2,12,33,45,0.9,2.5,1.7,6,1,7,1,7,8,LLWLLLDWLWLWLDDLWLWDLWDWLW,1,2,3,3-0,,1-3,5-0
209,Feyenoord,88,Eredivisie,2019,13,12,25,9,5,14,3,5,8,1,2,3,29,21,50,2.2,1.8,2.0,15,20,35,1.2,1.7,1.4,3,3,6,1,2,3,DDDWWDLWLDLWWDWDWWWWWWWDW,7,3,1,5-1,0-3,0-3,4-0
210,Heerenveen,88,Eredivisie,2019,14,12,26,3,5,8,8,1,9,3,6,9,17,24,41,1.2,2.0,1.6,18,23,41,1.3,1.9,1.6,2,2,4,1,1,2,WDLDDLDWWWDDWLWWLDLLLDLDWL,3,2,3,3-2,0-4,1-3,4-1
415,Twente,88,Eredivisie,2019,13,13,26,5,2,7,3,3,6,5,8,13,23,11,34,1.8,0.8,1.3,22,24,46,1.7,1.8,1.8,3,2,5,3,6,9,DWDDWWLLLLWLWLLDLLDDWLWLLL,2,2,4,4-1,1-3,2-5,5-1
417,Waalwijk,88,Eredivisie,2019,13,13,26,3,1,4,2,1,3,8,11,19,13,14,27,1.0,1.1,1.0,20,40,60,1.5,3.1,2.3,3,1,4,4,5,9,LLDLLLLLLLLWLDWLLWLLLDLLWL,1,1,8,3-0,0-1,0-3,6-2
426,Sparta Rotterdam,88,Eredivisie,2019,13,13,26,7,2,9,3,3,6,3,8,11,30,11,41,2.3,0.8,1.6,16,29,45,1.2,2.2,1.7,4,2,6,1,5,6,DWWDLLWDWLLDLWLDLWLDLWLWWL,2,1,2,5-1,1-2,1-4,5-1
193,PEC Zwolle,88,Eredivisie,2020,17,17,34,6,3,9,6,5,11,5,9,14,19,25,44,1.1,1.5,1.3,18,35,53,1.1,2.1,1.6,5,2,7,7,3,10,LDWLDDLDDDWLDWDLLWDDDLLWLLWLWWLLLW,2,3,3,4-0,1-3,0-3,5-1
194,Ajax,88,Eredivisie,2020,17,17,34,14,14,28,2,2,4,1,1,2,53,49,102,3.1,2.9,3.0,14,9,23,0.8,0.5,0.7,7,9,16,0,1,1,WWWLWWWWWWLWWDDWWWWWWWDWWWWWDWWWWW,7,2,1,5-0,0-13,1-2,1-0
195,Willem II,88,Eredivisie,2020,17,17,34,6,2,8,2,5,7,9,10,19,22,18,40,1.3,1.1,1.2,33,35,68,1.9,2.1,2.0,3,3,6,4,7,11,LWDLLDLLWLLLLDLLDLLWLLDWDWDLLWLLWW,1,1,4,4-0,1-4,0-6,5-0
197,PSV Eindhoven,88,Eredivisie,2020,17,17,34,13,8,21,3,6,9,1,3,4,39,35,74,2.3,2.1,2.2,13,22,35,0.8,1.3,1.0,8,4,12,0,1,1,WWDWWLWWDWDWWWDLWWWLWDWDWDLWWWDWWD,3,1,1,4-0,1-4,1-3,3-1
198,ADO Den Haag,88,Eredivisie,2020,17,17,34,1,3,4,6,4,10,10,10,20,17,12,29,1.0,0.7,0.9,38,38,76,2.2,2.2,2.2,2,3,5,6,8,14,LLLWLDLLLDDDLLWLLDLDDLDDLLLLDLWWLL,2,3,4,3-2,1-2,1-4,6-0
199,De Graafschap,88,Eredivisie,2020,1,0,1,0,0,0,0,0,0,1,0,1,2,0,2,2.0,0.0,2.0,3,0,3,3.0,0.0,3.0,0,0,0,0,0,0,L,0,0,1,,,2-3,
200,Vitesse,88,Eredivisie,2020,17,17,34,11,7,18,4,3,7,2,7,9,26,26,52,1.5,1.5,1.5,12,26,38,0.7,1.5,1.1,8,4,12,3,3,6,WWLWWWWWDWLDWLWWWWLDLLLWWWDWDDWLDL,5,2,3,4-1,1-4,1-3,4-1
201,AZ Alkmaar,88,Eredivisie,2020,17,17,34,12,9,21,2,6,8,3,2,5,39,36,75,2.3,2.1,2.2,18,23,41,1.1,1.4,1.2,6,4,10,2,2,4,DDDDDWWWWLWWWDDWWWLLWWWWLWWWWLWWDW,4,5,2,5-0,1-4,0-3,2-0
202,Groningen,88,Eredivisie,2020,17,18,35,7,7,14,6,2,8,4,9,13,17,23,40,1.0,1.3,1.1,13,25,38,0.8,1.4,1.1,9,3,12,5,6,11,LWLWDWWLDWWWWLDWDLWLWDDWLDLWLLLWDLL,4,2,3,3-0,0-4,1-3,3-1
203,NAC Breda,88,Eredivisie,2020,2,1,3,1,0,1,0,1,1,1,0,1,5,1,6,2.5,1.0,2.0,3,1,4,1.5,1.0,1.3,0,0,0,0,0,0,WDL,1,1,0,4-1,,1-2,
204,VVV Venlo,88,Eredivisie,2020,17,17,34,3,3,6,4,1,5,10,13,23,20,23,43,1.2,1.4,1.3,46,45,91,2.7,2.6,2.7,0,1,1,6,4,10,WDLLDLLWLDLLLLWWDWWLLLLLLLLLLLLDLL,2,1,12,4-1,1-4,0-13,6-0
205,Fortuna Sittard,88,Eredivisie,2020,17,17,34,5,7,12,3,2,5,9,8,17,27,23,50,1.6,1.4,1.5,33,25,58,1.9,1.5,1.7,2,2,4,3,6,9,LLDLDLLDLLWWDWWLWLWWLWWLLWLLLWWLDL,2,1,3,3-0,0-3,1-3,5-2
206,Heracles,88,Eredivisie,2020,17,17,34,8,4,12,4,4,8,5,9,14,29,13,42,1.7,0.8,1.2,16,37,53,0.9,2.2,1.6,6,3,9,3,8,11,WLDLLDWLLLDLWWLWLWDWWLLDWWDLWLWDDL,2,2,3,4-0,1-2,0-2,5-0
207,Utrecht,88,Eredivisie,2020,18,18,36,7,7,14,7,7,14,4,4,8,28,25,53,1.6,1.4,1.5,25,18,43,1.4,1.0,1.2,3,6,9,2,5,7,DWDDWLLDDDLDWDDLWWWDWWLWLWWLDWWDDDWL,3,3,2,3-1,0-6,0-3,4-1
208,Emmen,88,Eredivisie,2020,18,17,35,4,3,7,5,5,10,9,9,18,27,14,41,1.5,0.8,1.2,42,27,69,2.3,1.6,2.0,0,4,4,4,8,12,LLDDDLLLLLLDDLLLLDLLLLWWDDDWWWLLWWD,3,3,6,3-1,0-4,0-5,4-0
209,Feyenoord,88,Eredivisie,2020,19,17,36,11,7,18,6,5,11,2,5,7,39,29,68,2.1,1.7,1.9,13,23,36,0.7,1.4,1.0,11,4,15,3,4,7,WDWWDDWWWDDWLWWWLLLWWDDLWDDWWDLLDWWW,3,2,3,6-0,1-4,0-3,3-0
210,Heerenveen,88,Eredivisie,2020,17,17,34,6,3,9,5,7,12,6,7,13,22,21,43,1.3,1.2,1.3,18,31,49,1.1,1.8,1.4,8,2,10,4,3,7,WWWDLWWLDDDDLLLDDLWDWLDLWLDLWLDDLL,3,4,3,4-0,1-4,0-3,5-1
413,NEC Nijmegen,88,Eredivisie,2020,1,2,3,1,2,3,0,0,0,0,0,0,3,6,9,3.0,3.0,3.0,0,1,1,0.0,0.5,0.3,1,1,2,0,0,0,WWW,3,0,0,3-0,0-4,,
414,Roda,88,Eredivisie,2020,0,2,2,0,1,1,0,0,0,0,1,1,0,3,3,0.0,1.5,1.5,0,5,5,0.0,2.5,2.5,0,0,0,0,1,1,WL,1,0,0,,2-3,,3-0
415,Twente,88,Eredivisie,2020,17,17,34,4,6,10,6,5,11,7,6,13,23,25,48,1.4,1.5,1.4,25,25,50,1.5,1.5,1.5,2,4,6,4,5,9,WDWDWLWWDLWLWLWLDLDDLWDDDLDLLLLDLW,2,3,4,5-1,1-4,1-3,4-1
416,FC Volendam,88,Eredivisie,2020,0,1,1,0,0,0,0,0,0,0,1,1,0,1,1,0.0,1.0,1.0,0,4,4,0.0,4.0,4.0,0,0,0,0,0,0,L,0,0,1,,,,4-1
417,Waalwijk,88,Eredivisie,2020,17,17,34,5,2,7,4,5,9,8,10,18,21,12,33,1.2,0.7,1.0,25,30,55,1.5,1.8,1.6,2,3,5,4,8,12,LLLWDDLLDWWLLLLDDLLDDWWDLLWLLLLDWL,2,2,4,3-0,0-2,1-4,3-0
419,Almere City FC,88,Eredivisie,2020,1,0,1,0,0,0,0,0,0,1,0,1,0,0,0,0.0,0.0,0.0,4,0,4,4.0,0.0,4.0,0,0,0,1,0,1,L,0,0,1,,,0-4,
426,Sparta Rotterdam,88,Eredivisie,2020,17,18,35,6,7,13,4,4,8,7,7,14,30,19,49,1.8,1.1,1.4,27,23,50,1.6,1.3,1.4,6,4,10,5,6,11,LLLDDDLWWLWWLWLWLLDDLLLDWWDWLWWWDWL,3,3,3,6-0,1-3,1-4,4-0
193,PEC Zwolle,88,Eredivisie,2021,17,17,34,3,4,7,5,1,6,9,12,21,13,13,26,0.8,0.8,0.8,20,32,52,1.2,1.9,1.5,3,3,6,6,9,15,LLLLLDLLLWLLLDDLLLWWDWDLWLLLWWLDLL,2,2,5,2-0,0-2,1-3,5-1
194,Ajax,88,Eredivisie,2021,17,17,34,14,12,26,1,4,5,2,1,3,62,36,98,3.6,2.1,2.9,8,11,19,0.5,0.6,0.6,12,10,22,2,1,3,WDWWWWWLWWDDWWWLWWWWWWWLWWWWWWWDWD,7,2,1,9-0,0-5,1-2,2-1
195,Willem II,88,Eredivisie,2021,17,17,34,7,2,9,3,3,6,7,12,19,18,14,32,1.1,0.8,0.9,20,37,57,1.2,2.2,1.7,5,2,7,7,8,15,LWWDWWWLDDLLLLLLLLLLWLLLDLDLLWLWDW,3,2,10,3-0,0-3,0-4,5-0
196,Excelsior,88,Eredivisie,2021,3,3,6,1,2,3,2,1,3,0,0,0,6,9,15,2.0,3.0,2.5,3,5,8,1.0,1.7,1.3,1,1,2,0,0,0,DWWWDD,3,1,0,3-0,1-3,,
197,PSV Eindhoven,88,Eredivisie,2021,17,17,34,14,12,26,0,3,3,3,2,5,49,37,86,2.9,2.2,2.5,22,20,42,1.3,1.2,1.2,4,5,9,1,1,2,WWWWLWLWWLWWWDWWWWWLLWWWWWWDWWWDWW,6,1,2,5-0,0-5,0-4,5-0
198,ADO Den Haag,88,Eredivisie,2021,3,3,6,2,2,4,1,1,2,0,0,0,8,5,13,2.7,1.7,2.2,6,3,9,2.0,1.0,1.5,0,0,0,0,0,0,WWWWDD,4,0,0,2-1,1-2,,
199,De Graafschap,88,Eredivisie,2021,1,1,2,0,0,0,1,0,1,0,1,1,1,1,2,1.0,1.0,1.0,1,3,4,1.0,3.0,2.0,0,0,0,0,0,0,DL,0,1,0,,,,3-1
200,Vitesse,88,Eredivisie,2021,19,19,38,8,9,17,3,3,6,8,7,15,25,24,49,1.3,1.3,1.3,30,31,61,1.6,1.6,1.6,4,5,9,4,5,9,WLLWLWDWWLWWLDWWDWWLLLDWDLLWLLWLWDLWWL,2,1,3,4-1,1-6,0-5,6-1
201,AZ Alkmaar,88,Eredivisie,2021,19,19,38,13,7,20,3,4,7,3,8,11,44,31,75,2.3,1.6,2.0,21,29,50,1.1,1.5,1.3,4,1,5,3,4,7,LWLLLWWWLWLDDWWWWWWDWWWWWLDWLWDDDLLWLW,6,3,3,6-1,1-4,0-3,3-1
202,Groningen,88,Eredivisie,2021,17,17,34,4,5,9,6,3,9,7,9,16,18,23,41,1.1,1.4,1.2,21,34,55,1.2,2.0,1.6,3,1,4,5,4,9,WDLDLLLDDWLDWWDDLLLWWLDWDWWLLLLLLL,2,2,3,2-0,1-4,1-3,5-2
203,NAC Breda,88,Eredivisie,2021,1,1,2,0,0,0,0,0,0,1,1,2,1,1,2,1.0,1.0,1.0,2,2,4,2.0,2.0,2.0,0,0,0,0,0,0,LL,0,0,2,,,1-2,2-1
205,Fortuna Sittard,88,Eredivisie,2021,17,17,34,6,4,10,2,3,5,9,10,19,20,16,36,1.2,0.9,1.1,31,36,67,1.8,2.1,2.0,5,3,8,3,4,7,WDLLLDLWDLLLLLLWDLLLWWLLWLLDWWLWLW,2,1,6,3-0,1-2,0-5,5-0
206,Heracles,88,Eredivisie,2021,18,18,36,7,2,9,5,2,7,6,14,20,23,11,34,1.3,0.6,0.9,24,31,55,1.3,1.7,1.5,5,3,8,5,9,14,LDLWLWWLLDLWLLLLWDDDLWLWLDLWLWDLLLLL,2,3,4,4-2,0-2,1-4,3-0
207,Utrecht,88,Eredivisie,2021,18,18,36,9,4,13,6,5,11,3,9,12,35,19,54,1.9,1.1,1.5,21,29,50,1.2,1.6,1.4,4,4,8,3,5,8,WDWLDWWWLWWLLWLDDDLWWLDWDLLDDLWDDLWL,3,3,2,5-1,0-3,0-3,5-1
209,Feyenoord,88,Eredivisie,2021,17,17,34,11,11,22,3,2,5,3,4,7,39,37,76,2.3,2.2,2.2,17,17,34,1.0,1.0,1.0,6,7,13,2,1,3,WWLWWWLDWWWWDWWDLWLWWWWLDWLWWWWDWL,4,1,1,5-0,0-4,0-2,3-1
210,Heerenveen,88,Eredivisie,2021,18,18,36,7,5,12,3,5,8,8,8,16,26,14,40,1.4,0.8,1.1,28,26,54,1.6,1.4,1.5,3,5,8,5,6,11,WWLDWLLWLLLDWDWDWLLLLLLLDDWDWLDWLWWL,2,2,7,3-1,1-2,0-3,5-0
410,GO Ahead Eagles,88,Eredivisie,2021,17,17,34,7,3,10,1,5,6,9,9,18,25,12,37,1.5,0.7,1.1,24,27,51,1.4,1.6,1.5,4,4,8,5,8,13,LLWLWLLDWWWDLWLDLLLDLLDWDLWWWLLLLL,3,1,3,4-0,1-2,1-4,5-0
413,NEC Nijmegen,88,Eredivisie,2021,17,17,34,3,7,10,5,3,8,9,7,16,13,25,38,0.8,1.5,1.1,22,30,52,1.3,1.8,1.5,6,4,10,8,2,10,LWWDDLLWLWWDDLLLWWDLDWDLLLDWLLLWLL,2,2,3,3-0,1-3,1-4,5-0
414,Roda,88,Eredivisie,2021,1,1,2,0,0,0,0,1,1,1,0,1,0,2,2,0.0,2.0,1.0,2,2,4,2.0,2.0,2.0,0,0,0,1,0,1,DL,0,1,0,,,0-2,
415,Twente,88,Eredivisie,2021,17,17,34,10,10,20,5,3,8,2,4,6,28,27,55,1.6,1.6,1.6,13,24,37,0.8,1.4,1.1,9,4,13,1,2,3,LDLWWWWDDLLWWDWWWDWWWLDWWWWDWWDLWW,4,2,2,3-0,1-4,1-2,5-0
417,Waalwijk,88,Eredivisie,2021,17,17,34,6,3,9,3,8,11,8,6,14,17,23,40,1.0,1.4,1.2,25,26,51,1.5,1.5,1.5,4,2,6,5,3,8,WLDLDLLDDWLDLDWLLDWWLLDLLDWDLLWDWW,2,2,2,3-1,1-3,0-5,3-1
420,Cambuur,88,Eredivisie,2021,17,17,34,5,6,11,3,3,6,9,8,17,29,24,53,1.7,1.4,1.6,35,35,70,2.1,2.1,2.1,1,3,4,0,6,6,LLWWLWWLLLWWWWLWLDDDLLLWLLLLLLDDDW,4,3,6,5-2,0-4,1-6,9-0
422,FC Eindhoven,88,Eredivisie,2021,2,2,4,1,0,1,0,1,1,1,1,2,4,2,6,2.0,1.0,1.5,3,3,6,1.5,1.5,1.5,0,0,0,0,0,0,DWLL,1,1,0,3-1,,1-2,2-1
426,Sparta Rotterdam,88,Eredivisie,2021,17,17,34,4,4,8,7,4,11,6,9,15,16,14,30,0.9,0.8,0.9,21,27,48,1.2,1.6,1.4,3,4,7,5,8,13,LDLWDDLLDLLWLLLDDDDLLWLWDDLLWLDWWW,1,4,3,3-1,0-3,0-4,4-0
194,Ajax,88,Eredivisie,2022,17,17,34,10,10,20,5,4,9,2,3,5,47,39,86,2.8,2.3,2.5,14,24,38,0.8,1.4,1.1,7,4,11,2,2,4,WWWWWWLDWWWLDDDDDDWWWWWWWLDWWLDWWL,7,6,1,7-1,0-5,2-3,3-0
195,Willem II,88,Eredivisie,2022,1,1,2,0,0,0,1,0,1,0,1,1,2,2,4,2.0,2.0,2.0,2,3,5,2.0,3.0,2.5,0,0,0,0,0,0,LD,0,0,1,,,,3-2
196,Excelsior,88,Eredivisie,2022,17,17,34,8,1,9,2,3,5,7,13,20,22,10,32,1.3,0.6,0.9,26,45,71,1.5,2.6,2.1,5,3,8,6,10,16,WWLLLWLLDLWLLLWLWLLDLLLLLWDLWDLDWL,2,1,5,4-1,0-2,1-6,7-1
197,PSV Eindhoven,88,Eredivisie,2022,17,17,34,14,9,23,2,4,6,1,4,5,54,35,89,3.2,2.1,2.6,14,26,40,0.8,1.5,1.2,8,3,11,2,2,4,WWWWLWWLWWLWWLDDWLWDWDWWWDWWWWWWDW,6,2,1,7-1,1-6,0-1,3-0
200,Vitesse,88,Eredivisie,2022,17,17,34,5,5,10,6,4,10,6,8,14,24,21,45,1.4,1.2,1.3,25,25,50,1.5,1.5,1.5,6,3,9,5,6,11,LLLDWLDLLWWLDDDDLDWDWLLLLDLWWDLWWW,2,4,4,6-0,1-4,0-4,3-0
201,AZ Alkmaar,88,Eredivisie,2022,17,17,34,9,11,20,5,2,7,3,4,7,36,32,68,2.1,1.9,2.0,20,15,35,1.2,0.9,1.0,4,8,12,1,1,2,WWWDWDWWWLLWLWDWWWDDWLWWWLDLWWDWWL,3,2,2,5-0,1-4,1-3,3-1
202,Groningen,88,Eredivisie,2022,17,17,34,3,1,4,3,3,6,11,13,24,20,11,31,1.2,0.6,0.9,34,41,75,2.0,2.4,2.2,2,2,4,6,7,13,DLWDLWLLLLWDLLLLLLLDLDWLLLLLLLDLLL,1,1,7,3-0,0-1,0-5,6-0
203,NAC Breda,88,Eredivisie,2022,2,2,4,1,1,2,0,0,0,1,1,2,2,4,6,1.0,2.0,1.5,2,3,5,1.0,1.5,1.3,1,0,1,0,1,1,WWLL,2,0,0,1-0,1-4,1-2,2-0
204,VVV Venlo,88,Eredivisie,2022,2,2,4,1,0,1,1,2,3,0,0,0,4,3,7,2.0,1.5,1.8,3,3,6,1.5,1.5,1.5,0,0,0,0,0,0,WDDD,1,0,0,3-2,,,
205,Fortuna Sittard,88,Eredivisie,2022,17,17,34,5,5,10,4,2,6,8,10,18,21,18,39,1.2,1.1,1.1,28,34,62,1.6,2.0,1.8,6,1,7,6,4,10,LLLLLDWWWDDLLWLDLWWDWLLWLLWLLLWLLD,3,2,5,3-1,2-3,1-4,4-0
207,Utrecht,88,Eredivisie,2022,18,18,36,8,8,16,5,4,9,5,6,11,21,36,57,1.2,2.0,1.6,17,35,52,0.9,1.9,1.4,8,5,13,4,2,6,DDLLWWDWLLWWWWDDLWDWLDWLDLDWWLWWLWLW,4,2,2,3-1,0-4,0-2,6-1
208,Emmen,88,Eredivisie,2022,19,19,38,4,4,8,9,1,10,6,14,20,19,19,38,1.0,1.0,1.0,25,45,70,1.3,2.4,1.8,7,1,8,8,5,13,LDWLLLLDLDLDWDLDLWLDLDDLWLWDLWLLLLWWLL,2,2,4,2-0,2-3,0-3,5-1
209,Feyenoord,88,Eredivisie,2022,17,17,34,12,13,25,4,3,7,1,1,2,37,44,81,2.2,2.6,2.4,10,20,30,0.6,1.2,0.9,8,5,13,2,0,2,WDWWWWLDWWDWWWDWDWDDWWWWWWWWWWWWWL,13,2,1,5-1,2-5,0-1,4-3
210,Heerenveen,88,Eredivisie,2022,18,18,36,6,6,12,3,7,10,9,5,14,22,23,45,1.2,1.3,1.3,28,28,56,1.6,1.6,1.6,4,6,10,5,8,13,DDWWDLWDLDWLWWDLWLLLLWLDLWDWLLWDDWLL,2,2,4,3-1,0-4,1-4,5-0
410,GO Ahead Eagles,88,Eredivisie,2022,17,17,34,7,3,10,6,4,10,4,10,14,28,18,46,1.6,1.1,1.4,23,33,56,1.4,1.9,1.6,7,1,8,3,6,9,LLLLLWWDDDDWDDWDLLLWLWDLWDLLWWDLWL,2,4,5,3-0,0-2,2-5,4-1
412,MVV,88,Eredivisie,2022,1,1,2,0,0,0,0,0,0,1,1,2,1,0,1,1.0,0.0,0.5,4,1,5,4.0,1.0,2.5,0,0,0,0,1,1,LL,0,0,2,,,1-4,1-0
413,NEC Nijmegen,88,Eredivisie,2022,17,17,34,3,5,8,9,6,15,5,6,11,28,14,42,1.6,0.8,1.2,28,17,45,1.6,1.0,1.3,2,7,9,3,10,13,LWDDDDDDDLDLWWDDWLDLDWWLDWLDLWLLLD,2,7,3,6-1,1-4,1-4,4-0
415,Twente,88,Eredivisie,2022,19,19,38,15,6,21,4,7,11,0,6,6,51,23,74,2.7,1.2,1.9,11,18,29,0.6,0.9,0.8,12,7,19,0,6,6,WWLWWDLWLWWWDDWDWDDDWLLDWWDWLDWWWWWWDW,6,3,2,4-0,0-5,,3-1
416,FC Volendam,88,Eredivisie,2022,17,17,34,9,1,10,1,5,6,7,11,18,29,13,42,1.7,0.8,1.2,32,39,71,1.9,2.3,2.1,3,2,5,2,7,9,DLWLLLDLLDLLLLWWLDWDLWLWLWDLLWLWLW,2,1,4,3-1,0-3,0-4,7-1
417,Waalwijk,88,Eredivisie,2022,17,17,34,9,2,11,3,5,8,5,10,15,34,16,50,2.0,0.9,1.5,26,38,64,1.5,2.2,1.9,3,3,6,4,8,12,DDLDWLWDWDLLWLDLDWWDLWWLLWLWLLWLLL,2,2,2,5-1,1-4,0-5,6-1
419,Almere City FC,88,Eredivisie,2022,3,3,6,2,1,3,1,1,2,0,1,1,6,3,9,2.0,1.0,1.5,2,3,5,0.7,1.0,0.8,1,0,1,0,1,1,LWDDWW,1,2,1,3-1,1-2,,1-0
420,Cambuur,88,Eredivisie,2022,17,17,34,3,2,5,0,4,4,14,11,25,14,12,26,0.8,0.7,0.8,33,36,69,1.9,2.1,2.0,2,5,7,11,9,20,LDWLLLLWDLLLLLLDLWLLDLLWLLLLLLLLLW,1,1,9,4-0,1-4,0-5,5-1
422,FC Eindhoven,88,Eredivisie,2022,1,1,2,1,0,1,0,0,0,0,1,1,1,1,2,1.0,1.0,1.0,0,3,3,0.0,3.0,1.5,1,0,1,0,0,0,WL,1,0,0,1-0,,,3-1
426,Sparta Rotterdam,88,Eredivisie,2022,19,19,38,10,8,18,3,6,9,6,5,11,33,30,63,1.7,1.6,1.7,20,21,41,1.1,1.1,1.1,5,9,14,5,6,11,DLLWWLWDWWLWWDDWWDDDWLLWWWLWWDLLWWWLDL,3,3,2,4-0,0-5,0-3,4-0
193,PEC Zwolle,88,Eredivisie,2023,17,17,34,5,4,9,3,6,9,9,7,16,19,26,45,1.1,1.5,1.3,31,36,67,1.8,2.1,2.0,3,2,5,3,3,6,LLWWDLLLWDWLLWLDDDWWDLLLDLLLWDWLDL,2,3,3,3-1,0-5,1-7,5-0
194,Ajax,88,Eredivisie,2023,17,17,34,9,6,15,6,5,11,2,6,8,39,35,74,2.3,2.1,2.2,21,40,61,1.2,2.4,1.8,4,1,5,1,3,4,WDDLLLLLWWDWWWWDWWWDLDLWDDWDLWDWWD,4,2,5,5-0,1-4,0-4,6-0
196,Excelsior,88,Eredivisie,2023,19,19,38,6,3,9,7,4,11,6,12,18,37,28,65,1.9,1.5,1.7,29,53,82,1.5,2.8,2.2,4,2,6,4,4,8,WDDLDWWDLLDDLDLDLWDLLLLLLDLLLWDLWLWWLW,2,2,6,7-1,0-3,0-3,6-2
197,PSV Eindhoven,88,Eredivisie,2023,17,17,34,16,13,29,1,3,4,0,1,1,54,57,111,3.2,3.4,3.3,11,10,21,0.6,0.6,0.6,9,9,18,0,0,0,WWWWWWWWWWWWWWWWWDWDWWWDWWLWWWWWDW,17,1,1,6-0,0-8,,3-1
198,ADO Den Haag,88,Eredivisie,2023,2,2,4,0,1,1,1,0,1,1,1,2,3,4,7,1.5,2.0,1.8,4,9,13,2.0,4.5,3.3,0,0,0,0,0,0,WDLL,1,1,0,,2-3,1-2,7-1
199,De Graafschap,88,Eredivisie,2023,1,1,2,0,0,0,0,1,1,1,0,1,2,2,4,2.0,2.0,2.0,3,2,5,3.0,2.0,2.5,0,0,0,0,0,0,LD,0,0,1,,,2-3,
200,Vitesse,88,Eredivisie,2023,17,17,34,2,4,6,6,0,6,9,13,22,15,15,30,0.9,0.9,0.9,30,44,74,1.8,2.6,2.2,3,0,3,6,9,15,WLLLLLWDLDLLLLWLDLLLLDWLLDLLLLWLWD,1,1,5,2-0,1-3,1-4,6-0
201,AZ Alkmaar,88,Eredivisie,2023,17,17,34,11,8,19,3,5,8,3,4,7,41,29,70,2.4,1.7,2.1,18,21,39,1.1,1.2,1.1,7,6,13,2,3,5,WWWWWDWWWDLWDLWLLDDLDWWDWWWLLWWWWD,5,2,2,5-1,0-4,0-4,5-0
203,NAC Breda,88,Eredivisie,2023,3,3,6,2,2,4,1,0,1,0,1,1,10,9,19,3.3,3.0,3.2,4,4,8,1.3,1.3,1.3,0,2,2,0,0,0,WWDWWL,2,1,0,6-2,0-5,,4-1
205,Fortuna Sittard,88,Eredivisie,2023,17,17,34,7,2,9,6,5,11,4,10,14,27,10,37,1.6,0.6,1.1,20,36,56,1.2,2.1,1.6,4,5,9,6,10,16,DWDDWLLLLDLWLWWLLDWDLLWWDWLDLLLDDD,2,2,4,5-2,0-1,0-3,4-0
206,Heracles,88,Eredivisie,2023,17,17,34,6,3,9,4,2,6,7,12,19,25,16,41,1.5,0.9,1.2,35,39,74,2.1,2.3,2.2,3,1,4,6,8,14,LWWLDDWLDLLLWLLLWDLLWLLDLWLWWLLLLD,2,2,4,5-0,0-5,0-6,4-0
207,Utrecht,88,Eredivisie,2023,19,17,36,9,5,14,5,6,11,5,6,11,33,20,53,1.7,1.2,1.5,26,24,50,1.4,1.4,1.4,4,4,8,3,7,10,LLLLWLLLWDDDWDWDDDDWWWWLDWLWWWDWLDWL,4,4,4,5-1,1-3,1-5,3-0
208,Emmen,88,Eredivisie,2023,2,2,4,0,1,1,1,1,2,1,0,1,2,2,4,1.0,1.0,1.0,5,1,6,2.5,0.5,1.5,0,1,1,1,0,1,DWDL,1,1,0,,0-1,0-3,
209,Feyenoord,88,Eredivisie,2023,17,17,34,13,13,26,3,3,6,1,1,2,51,41,92,3.0,2.4,2.7,10,16,26,0.6,0.9,0.8,10,7,17,2,1,3,DDWWWWWWWLWWWLWWDWDWWWWDWWWDWWWWWW,7,2,1,6-0,1-5,1-2,2-1
210,Heerenveen,88,Eredivisie,2023,17,17,34,6,4,10,3,4,7,8,9,17,30,23,53,1.8,1.4,1.6,36,34,70,2.1,2.0,2.1,4,3,7,3,5,8,WWLLLLLDLWLWWWLLDLDDWLWWLLDDLWLDLL,3,2,5,3-0,0-4,0-8,6-1
409,Dordrecht,88,Eredivisie,2023,1,1,2,0,0,0,0,1,1,1,0,1,0,2,2,0.0,2.0,1.0,1,2,3,1.0,2.0,1.5,0,0,0,1,0,1,DL,0,1,0,,,0-1,
410,GO Ahead Eagles,88,Eredivisie,2023,17,19,36,7,7,14,4,6,10,6,6,12,31,20,51,1.8,1.1,1.4,23,25,48,1.4,1.3,1.3,5,6,11,4,5,9,LWWDWLLWDDWWDLLDLWDWDWLWLLWDDLLDLWWW,2,2,2,5-1,0-2,0-3,5-1
413,NEC Nijmegen,88,Eredivisie,2023,18,17,35,8,6,14,4,7,11,6,4,10,36,33,69,2.0,1.9,2.0,27,26,53,1.5,1.5,1.5,5,2,7,1,3,4,LLWDLWLDDDDDLWWWDWDWLDWWWLWDWDLWLWL,3,5,2,4-1,2-5,0-3,4-0
414,Roda,88,Eredivisie,2023,1,1,2,0,0,0,0,0,0,1,1,2,0,1,1,0.0,1.0,0.5,5,3,8,5.0,3.0,4.0,0,0,0,1,0,1,LL,0,0,2,,,0-5,3-1
415,Twente,88,Eredivisie,2023,17,17,34,14,7,21,1,5,6,2,5,7,40,29,69,2.4,1.7,2.0,17,19,36,1.0,1.1,1.1,6,4,10,2,4,6,WWWWLWWWDWDDLWWDWLDWWLWWWLWDWLWLWW,4,2,1,7-2,1-4,0-3,2-1
416,FC Volendam,88,Eredivisie,2023,17,17,34,3,1,4,2,5,7,12,11,23,16,18,34,0.9,1.1,1.0,44,44,88,2.6,2.6,2.6,2,0,2,7,4,11,LLLLDLWLWLDLLLLWLDLLLDLLDLDDWLLLLL,1,2,4,3-1,1-2,0-5,7-2
417,Waalwijk,88,Eredivisie,2023,17,17,34,4,3,7,6,2,8,7,12,19,20,18,38,1.2,1.1,1.1,25,31,56,1.5,1.8,1.6,3,2,5,4,7,11,LLLLWWLWLLLWDLLDLLDLWLLLWDDDLLDWDL,2,3,4,3-1,0-5,0-4,4-1
419,Almere City FC,88,Eredivisie,2023,17,17,34,3,4,7,7,6,13,7,7,14,18,15,33,1.1,0.9,1.0,30,29,59,1.8,1.7,1.7,5,5,10,6,5,11,LLLLDLWWDDWDLLLWWDLWDWLDDDDDDLLDLL,2,6,4,5-0,0-2,0-5,6-1
426,Sparta Rotterdam,88,Eredivisie,2023,17,18,35,6,8,14,5,2,7,6,8,14,25,27,52,1.5,1.5,1.5,25,26,51,1.5,1.4,1.5,4,4,8,3,4,7,WDWDLWLLDWLWLWLDWLDLLWLDLDWWLWWLWWL,2,1,2,4-0,1-4,0-4,4-2
211,Benfica,94,Primeira Liga,2018,17,17,34,14,14,28,2,1,3,1,2,3,63,40,103,3.7,2.4,3.0,17,14,31,1.0,0.8,0.9,7,8,15,0,2,2,WWDWWDWLLWWWWWLWWWWWWWWWDWWWWWWWWW,9,1,2,10-0,0-4,1-3,2-0
212,FC Porto,94,Primeira Liga,2018,17,17,34,15,12,27,0,4,4,2,1,3,41,33,74,2.4,1.9,2.2,9,11,20,0.5,0.6,0.6,11,9,20,0,3,3,WWLWWWLWWWWWWWWWDWWDDWWLWWWWWWDWWW,9,2,1,5-0,0-4,2-3,1-0
213,Feirense,94,Primeira Liga,2018,17,17,34,2,1,3,6,5,11,9,11,20,19,8,27,1.1,0.5,0.8,31,33,64,1.8,1.9,1.9,3,3,6,5,12,17,WWDLDLDLLLLDLLDDDDLLLLLLLDLLLLLDDW,2,4,7,2-0,0-1,1-4,4-0
214,Maritimo,94,Primeira Liga,2018,17,17,34,8,4,12,2,1,3,7,12,19,17,9,26,1.0,0.5,0.8,17,27,44,1.0,1.6,1.3,6,4,10,8,9,17,WLWWDLLLLLLDLLLWWWLLLWDLWLWLWLWWLL,3,1,6,2-0,0-1,1-3,6-0
215,Moreirense,94,Primeira Liga,2018,17,17,34,8,8,16,3,1,4,6,8,14,18,21,39,1.1,1.2,1.1,19,25,44,1.1,1.5,1.3,6,3,9,3,5,8,LWDLLWLWWWLLWWWWLLWWDWWDLLWWDLLLWL,4,1,3,2-0,1-3,0-4,3-0
216,Portimonense,94,Primeira Liga,2018,17,17,34,8,3,11,4,2,6,5,12,17,29,15,44,1.7,0.9,1.3,24,35,59,1.4,2.1,1.7,2,3,5,5,5,10,LLDLWLWWDLWLWWWLDWLLLLDLWDLLLDWLWL,3,1,4,5-1,0-2,0-3,5-1
217,SC Braga,94,Primeira Liga,2018,17,17,34,13,8,21,1,3,4,3,6,9,32,24,56,1.9,1.4,1.6,15,22,37,0.9,1.3,1.1,9,7,16,1,4,5,WDWWWWDDWLWWWLWWDWWWWLLWWWLLWWLLLW,4,2,3,4-0,0-3,1-4,6-2
218,Tondela,94,Primeira Liga,2018,17,17,34,7,2,9,3,5,8,7,10,17,22,18,40,1.3,1.1,1.2,24,30,54,1.4,1.8,1.6,3,1,4,4,8,12,LDDLWLDLWLLLLWWWLDLDWLLLDDLWLWLLDW,3,2,4,5-2,2-4,0-3,3-0
219,Vitoria Setubal,94,Primeira Liga,2018,17,17,34,4,4,8,6,6,12,7,7,14,13,15,28,0.8,0.9,0.8,18,21,39,1.1,1.2,1.1,6,5,11,8,5,13,WLLDLDWWLWWLLLLDDLDDDLDDDLWWLDDLWL,2,3,4,3-0,1-2,0-3,4-2
220,Aves,94,Primeira Liga,2018,17,17,34,5,5,10,3,3,6,9,9,18,20,15,35,1.2,0.9,1.0,23,26,49,1.4,1.5,1.4,3,6,9,6,7,13,LDLLLWLLWWLLDLLLDWWLWLDWDLWDLWWLLL,2,1,3,3-0,0-2,0-3,4-0
221,Belenenses,94,Primeira Liga,2018,17,17,34,6,4,10,5,8,13,6,5,11,25,17,42,1.5,1.0,1.2,26,25,51,1.5,1.5,1.5,7,6,13,5,6,11,WLDDDLDWDDWWDWLWWDLLDLWWDDLDDLLLLW,2,3,4,4-0,0-2,1-8,5-1
222,Boavista,94,Primeira Liga,2018,17,17,34,10,3,13,1,4,5,6,10,16,20,14,34,1.2,0.8,1.0,13,27,40,0.8,1.6,1.2,9,5,14,5,7,12,WLDLLLWLDDLDWLWLLLLWWDWLLLWLWLWWWW,2,2,4,4-2,0-3,0-2,5-1
223,Chaves,94,Primeira Liga,2018,17,17,34,4,4,8,6,2,8,7,11,18,20,14,34,1.2,0.8,1.0,23,34,57,1.4,2.0,1.7,4,4,8,4,8,12,LWLLWDLLLLLLLLDDWLWWLDLDDWLLDWWDLL,2,2,8,4-1,1-2,1-4,5-0
224,Guimaraes,94,Primeira Liga,2018,17,17,34,10,5,15,4,3,7,3,9,12,27,19,46,1.6,1.1,1.4,12,22,34,0.7,1.3,1.0,8,2,10,4,7,11,LLWWLDWDDWWWDWLLWLWDLWDWLWLWLLLDWW,3,2,3,5-1,1-3,0-2,2-0
225,Nacional,94,Primeira Liga,2018,17,17,34,5,2,7,3,4,7,9,11,20,12,21,33,0.7,1.2,1.0,22,51,73,1.3,3.0,2.1,7,1,8,11,5,16,LLWLDLDLDWWDLWWLLLLDLWLWLLLDLLLDLL,2,1,4,4-0,2-3,0-4,10-0
226,Rio Ave,94,Primeira Liga,2018,17,17,34,5,7,12,6,3,9,6,7,13,26,24,50,1.5,1.4,1.5,28,24,52,1.6,1.4,1.5,2,3,5,2,3,5,LWDWWWDWDLLLDLLLDDWDWLLLDWLLWWDWLW,3,2,3,3-1,1-3,1-3,3-0
227,Santa Clara,94,Primeira Liga,2018,17,17,34,5,6,11,5,4,9,7,7,14,24,19,43,1.4,1.1,1.3,26,19,45,1.5,1.1,1.3,5,4,9,4,7,11,LDDWLWWWLLLWLWLDLLLWLWWDDLWDDLDWDL,3,2,3,4-2,0-3,1-3,4-1
228,Sporting CP,94,Primeira Liga,2018,17,17,34,14,9,23,2,3,5,1,5,6,38,34,72,2.2,2.0,2.1,13,20,33,0.8,1.2,1.0,8,2,10,1,3,4,WWDWLWLWWWWWWLWLDWDLWWDWWWWWWWWWDL,9,1,1,5-2,1-8,2-4,4-2
211,Benfica,94,Primeira Liga,2019,17,17,34,12,12,24,2,3,5,3,2,5,38,33,71,2.2,1.9,2.1,13,13,26,0.8,0.8,0.8,9,8,17,3,1,4,WWLWWWWWWWWWWWWWWWWLLWDDDDWLLWDWWW,16,4,2,5-0,0-4,0-2,2-0
212,FC Porto,94,Primeira Liga,2019,17,17,34,15,11,26,1,3,4,1,3,4,44,30,74,2.6,1.8,2.2,7,15,22,0.4,0.9,0.6,12,7,19,0,1,1,LWWWWWWWDWWWDWWWLWWWWWWDLWDWWWWWWL,7,1,1,6-1,0-4,1-2,2-1
214,Maritimo,94,Primeira Liga,2019,17,17,34,5,4,9,8,4,12,4,9,13,24,10,34,1.4,0.6,1.0,21,21,42,1.2,1.2,1.2,5,6,11,2,9,11,DLLWLDWDDLDLDWWDDLLDWLLLDLWLWWWDLD,3,2,3,3-0,0-1,1-3,4-0
215,Moreirense,94,Primeira Liga,2019,17,17,34,6,4,10,6,7,13,5,6,11,23,19,42,1.4,1.1,1.2,20,24,44,1.2,1.4,1.3,4,4,8,2,4,6,LWDWLLLDDDDWLWLLDLWDDWDWWLDDWDWDLL,2,4,3,3-0,1-5,2-4,6-1
216,Portimonense,94,Primeira Liga,2019,17,17,34,5,2,7,7,5,12,5,10,15,18,12,30,1.1,0.7,0.9,18,27,45,1.1,1.6,1.3,5,2,7,6,6,12,DWLLLDLDLDDWLDDDLLLLDLDLWDDWWLLWLW,2,3,4,2-0,1-2,1-3,4-0
217,SC Braga,94,Primeira Liga,2019,17,17,34,10,8,18,4,2,6,3,7,10,32,29,61,1.9,1.7,1.8,20,20,40,1.2,1.2,1.2,4,4,8,3,5,8,WLDLLDWWLDWWLLWWWWWDWWWWLLDWLWWDLW,5,1,2,4-0,1-7,0-4,2-0
218,Tondela,94,Primeira Liga,2019,17,17,34,3,6,9,5,4,9,9,7,16,12,18,30,0.7,1.1,0.9,22,22,44,1.3,1.3,1.3,5,5,10,6,8,14,DLWDWLDWLWLLWLDLDLWDLLLDDWLLDLLLWW,1,2,3,2-0,2-4,0-3,3-0
219,Vitoria Setubal,94,Primeira Liga,2019,17,17,34,4,3,7,7,6,13,6,8,14,15,12,27,0.9,0.7,0.8,20,23,43,1.2,1.4,1.3,8,5,13,5,9,14,DLDDWDLDDWLDWWLLWWLDLLDDDDLLLLLLDW,2,4,6,2-0,0-3,0-4,4-0
220,Aves,94,Primeira Liga,2019,17,17,34,4,1,5,1,1,2,12,15,27,12,12,24,0.7,0.7,0.7,26,42,68,1.5,2.5,2.0,4,0,4,10,8,18,LWLLLLLLLLLLWLLLWLWLDLLLLLDLLLWLLL,1,1,10,3-0,1-2,0-4,5-1
221,Belenenses,94,Primeira Liga,2019,17,17,34,5,4,9,4,4,8,8,9,17,13,14,27,0.8,0.8,0.8,25,29,54,1.5,1.7,1.6,4,5,9,7,8,15,DLDLWLLWLWLWDLLLLWLLWWDDWDLLDLLDWL,2,2,4,3-2,1-3,1-7,5-0
222,Boavista,94,Primeira Liga,2019,17,17,34,5,5,10,4,5,9,8,7,15,15,13,28,0.9,0.8,0.8,18,21,39,1.1,1.2,1.1,4,5,9,7,6,13,WDDWDDDDWLLWLLDLLWWWLLLDLWWLWLLLDL,3,4,3,3-1,1-2,1-4,4-0
224,Guimaraes,94,Primeira Liga,2019,17,17,34,8,5,13,4,7,11,5,5,10,27,26,53,1.6,1.5,1.6,15,23,38,0.9,1.4,1.1,7,4,11,2,4,6,DDLDWWWLWDLDWDLDWLLWLWWWDDDLWWLLWD,3,3,2,5-0,0-7,0-2,3-0
226,Rio Ave,94,Primeira Liga,2019,17,17,34,6,9,15,6,4,10,5,4,9,27,21,48,1.6,1.2,1.4,23,13,36,1.4,0.8,1.1,4,7,11,3,6,9,LWWDLWLDDLWLWDLWWWDWDWDDLWLWWLWDDW,3,2,1,5-1,0-4,2-4,2-0
227,Santa Clara,94,Primeira Liga,2019,17,17,34,6,5,11,4,6,10,7,6,13,18,18,36,1.1,1.1,1.1,21,20,41,1.2,1.2,1.2,5,5,10,6,6,12,LWDDWLWLDDLLDLWLLWWWWLLDWDDWLLLWDD,4,2,3,3-0,0-2,0-4,2-0
228,Sporting CP,94,Primeira Liga,2019,17,17,34,12,6,18,1,5,6,4,6,10,25,24,49,1.5,1.4,1.4,13,21,34,0.8,1.2,1.0,9,3,12,2,4,6,DWWLDLWWWLWLWWLWLWLWDWLWDWWWWDWLDL,4,1,1,3-1,0-4,0-2,3-1
234,Pacos Ferreira,94,Primeira Liga,2019,17,17,34,6,5,11,2,4,6,9,8,17,15,21,36,0.9,1.2,1.1,22,30,52,1.3,1.8,1.5,4,2,6,7,7,14,LLDLLWLDLLWLLWWDDLLLLWWLWLWWLWLDWD,2,2,4,2-1,1-3,1-5,5-0
242,Famalicao,94,Primeira Liga,2019,17,17,34,7,7,14,6,6,12,4,4,8,28,25,53,1.6,1.5,1.6,26,25,51,1.5,1.5,1.5,3,4,7,4,3,7,WWDWWWWLWDDLLLWWDLDLDLWDWWDDLWDWDD,4,2,3,3-0,1-3,0-7,4-0
762,GIL Vicente,94,Primeira Liga,2019,17,17,34,7,4,11,7,3,10,3,10,13,26,14,40,1.5,0.8,1.2,21,23,44,1.2,1.4,1.3,6,2,8,3,7,10,WLDDLDLDLWWWLDDWDLLDWLWDLLLWLWWWLD,3,2,3,3-0,1-2,1-5,3-0
211,Benfica,94,Primeira Liga,2020,17,17,34,12,11,23,3,4,7,2,2,4,31,38,69,1.8,2.2,2.0,15,12,27,0.9,0.7,0.8,8,7,15,1,3,4,WWWWWLLWWWWDWDDLDWDDWWWWWWLWWWDWWW,6,2,2,2-0,0-5,2-3,3-0
212,FC Porto,94,Primeira Liga,2020,17,17,34,13,11,24,3,5,8,1,1,2,40,34,74,2.4,2.0,2.2,15,14,29,0.9,0.8,0.9,8,8,16,1,1,2,WWLDWLWWWWWWWDWWDDDWDWWWWWWWDWDWWW,7,3,1,5-1,0-5,2-3,3-2
214,Maritimo,94,Primeira Liga,2020,17,17,34,5,5,10,3,2,5,9,10,19,10,17,27,0.6,1.0,0.8,21,26,47,1.2,1.5,1.4,7,3,10,8,5,13,LWWLLDLLLWWDLWLLLLLLDLWLLWLWWWLDDL,3,2,6,2-1,1-3,0-4,5-1
215,Moreirense,94,Primeira Liga,2020,17,17,34,4,6,10,10,3,13,3,8,11,24,13,37,1.4,0.8,1.1,23,20,43,1.4,1.2,1.3,3,6,9,2,9,11,WLDDWLLLDDWLDWDLWWDLDWDLDWLDDLDWLW,2,2,3,3-0,0-2,0-4,3-0
216,Portimonense,94,Primeira Liga,2020,17,17,34,6,3,9,5,3,8,6,11,17,20,14,34,1.2,0.8,1.0,17,24,41,1.0,1.4,1.2,9,2,11,5,9,14,DLLWLLLWLDLWLWDLLDWLDWLLWWWLDDLLLD,3,2,3,4-1,1-5,1-5,3-0
217,SC Braga,94,Primeira Liga,2020,17,17,34,11,8,19,3,4,7,3,5,8,27,26,53,1.6,1.5,1.6,15,18,33,0.9,1.1,1.0,5,6,11,3,5,8,LLWWWWWWLWWLWLWWWDWWWWDLWDDWLLDDWD,6,2,2,3-0,0-4,0-2,3-1
218,Tondela,94,Primeira Liga,2020,17,17,34,8,2,10,2,4,6,7,11,18,18,18,36,1.1,1.1,1.1,21,36,57,1.2,2.1,1.7,6,0,6,6,6,12,DLLDWLWLLDLWLWLWLLWLWLLDWLWWDLDLLL,2,1,2,3-1,2-3,0-4,4-0
221,Belenenses,94,Primeira Liga,2020,17,17,34,6,3,9,5,8,13,6,6,12,15,10,25,0.9,0.6,0.7,18,17,35,1.1,1.0,1.0,6,7,13,7,11,18,WLDDLDDDWLLDLLWLDDDWDLWDLDWDWLWWLL,2,3,2,2-0,1-3,0-3,4-0
222,Boavista,94,Primeira Liga,2020,17,17,34,5,3,8,4,8,12,8,6,14,17,22,39,1.0,1.3,1.1,22,27,49,1.3,1.6,1.4,6,3,9,7,4,11,DLDLDWLDDDLDDLLWLLDWLWLLWDWLLDDLWW,1,3,2,3-0,0-2,0-5,3-1
224,Guimaraes,94,Primeira Liga,2020,17,17,34,7,5,12,1,6,7,9,6,15,21,16,37,1.2,0.9,1.1,27,17,44,1.6,1.0,1.3,5,7,12,3,8,11,LDWWLWLWWWLDWWWDDLDLWLLLLLWLLWDLDL,3,2,5,3-1,0-4,0-4,3-0
225,Nacional,94,Primeira Liga,2020,17,17,34,4,2,6,3,4,7,10,11,21,19,11,30,1.1,0.6,0.9,30,29,59,1.8,1.7,1.7,3,4,7,4,7,11,DWDLDDWLLLWLLLDWDWLLLLLLLLLLWLDLLL,1,2,10,2-0,0-1,1-5,5-1
226,Rio Ave,94,Primeira Liga,2020,18,18,36,4,3,7,6,7,13,8,8,16,12,13,25,0.7,0.7,0.7,20,25,45,1.1,1.4,1.3,8,3,11,11,10,21,DDDLWWDLDLLLWDLLDWWLLWDDLDDLDDLLLWLL,2,3,3,3-0,1-3,0-3,3-0
227,Santa Clara,94,Primeira Liga,2020,17,17,34,7,6,13,5,2,7,5,9,14,26,18,44,1.5,1.1,1.3,16,20,36,0.9,1.2,1.1,8,2,10,5,5,10,WWDLLWLLWLLDDLWWDWLLWLWDLWLDLDLWWW,2,2,2,5-1,1-3,0-4,2-0
228,Sporting CP,94,Primeira Liga,2020,17,17,34,13,13,26,4,3,7,0,1,1,34,31,65,2.0,1.8,1.9,10,10,20,0.6,0.6,0.6,9,11,20,0,1,1,WWDWWWWWDWWWWDWWWWWWDWWWDDWDWWWWLW,6,2,1,5-1,0-4,,4-3
231,Farense,94,Primeira Liga,2020,17,17,34,4,3,7,6,4,10,7,10,17,19,12,31,1.1,0.7,0.9,20,28,48,1.2,1.6,1.4,2,4,6,6,10,16,LLLDLDWLWLDLWLLDLWDDDLLWLLLWDDDLWL,1,3,3,3-1,0-2,1-2,5-1
234,Pacos Ferreira,94,Primeira Liga,2020,17,17,34,10,5,15,3,5,8,4,7,11,23,17,40,1.4,1.0,1.2,19,22,41,1.1,1.3,1.2,6,3,9,5,6,11,DLLWDWWWLDDWWWWWWDLWLWLWLLLLDWDDLW,6,2,4,3-0,0-3,0-5,3-0
240,Arouca,94,Primeira Liga,2020,1,1,2,1,1,2,0,0,0,0,0,0,3,2,5,3.0,2.0,2.5,0,0,0,0.0,0.0,0.0,1,1,2,0,0,0,WW,2,0,0,3-0,0-2,,
242,Famalicao,94,Primeira Liga,2020,17,17,34,4,6,10,7,3,10,6,8,14,19,21,40,1.1,1.2,1.2,24,24,48,1.4,1.4,1.4,5,4,9,6,7,13,LWDDDLWLDDLLLWLLLLDWDLDWWDLWDLWWWL,3,3,4,3-0,0-4,1-5,3-0
762,GIL Vicente,94,Primeira Liga,2020,17,17,34,4,7,11,4,2,6,9,8,17,13,20,33,0.8,1.2,1.0,20,22,42,1.2,1.3,1.2,6,5,11,6,4,10,WDDLLLLWDLWDLLLLWLLWLLWWWLWLLDWDWL,3,2,4,2-0,2-4,0-3,4-1
211,Benfica,94,Primeira Liga,2021,17,17,34,10,13,23,3,2,5,4,2,6,36,42,78,2.1,2.5,2.3,16,14,30,0.9,0.8,0.9,4,8,12,3,0,3,WWWWWWWLWDWWLWWLWDWLWWDWWDWLWWDWLW,7,1,1,7-1,0-7,1-3,3-1
212,FC Porto,94,Primeira Liga,2021,17,17,34,15,14,29,2,2,4,0,1,1,50,36,86,2.9,2.1,2.5,11,11,22,0.6,0.6,0.6,8,8,16,0,1,1,WWDWDWWWWWWWWWWWWWWWWDWDWWWWWWLWWW,16,1,1,7-0,0-4,,1-0
214,Maritimo,94,Primeira Liga,2021,17,17,34,4,5,9,6,5,11,7,7,14,19,20,39,1.1,1.2,1.1,17,27,44,1.0,1.6,1.3,5,4,9,7,3,10,LWDLDDLDLLLWDWLWWWDLDWLDWLDLLWDLDL,3,2,3,4-0,0-3,1-3,7-1
215,Moreirense,94,Primeira Liga,2021,18,18,36,6,2,8,3,5,8,9,11,20,23,11,34,1.3,0.6,0.9,23,30,53,1.3,1.7,1.5,3,2,5,6,9,15,LDLDDLWDLDLDLLWLWDLLWLLDLLLLWWLLLWLW,2,2,4,4-1,1-2,0-2,5-0
216,Portimonense,94,Primeira Liga,2021,17,17,34,4,6,10,4,4,8,9,7,16,15,16,31,0.9,0.9,0.9,22,23,45,1.3,1.4,1.3,4,6,10,5,6,11,WLWLDWDWLLWWLWDLLDLLDDDDLLLLWLWLLW,2,4,4,2-0,0-3,0-3,7-0
217,SC Braga,94,Primeira Liga,2021,17,17,34,10,9,19,4,4,8,3,4,7,27,25,52,1.6,1.5,1.5,13,18,31,0.8,1.1,0.9,8,8,16,4,3,7,WLWDDWDDWWLWWLWWDLWWLWWDDLWWWDWWWL,3,2,1,4-1,0-6,1-2,6-1
218,Tondela,94,Primeira Liga,2021,17,17,34,4,3,7,4,3,7,9,11,20,24,17,41,1.4,1.0,1.2,33,34,67,1.9,2.0,2.0,1,1,2,4,6,10,WLLLLLWWLLWLLLLWDDLWLLLLDLDWLLDDLD,2,2,5,3-0,1-3,0-3,4-0
221,Belenenses,94,Primeira Liga,2021,17,17,34,5,0,5,3,8,11,9,9,18,15,8,23,0.9,0.5,0.7,30,25,55,1.8,1.5,1.6,4,4,8,6,11,17,LLLDDDDLDWLLLLLWLLDLLWLLDDDWLWDLLD,1,4,5,2-0,,0-7,4-1
222,Boavista,94,Primeira Liga,2021,17,17,34,4,3,7,10,7,17,3,7,10,20,19,39,1.2,1.1,1.1,20,32,52,1.2,1.9,1.5,5,1,6,3,4,7,LWWDDLDDDLLLDLWDDDDLDDDWDDLWWLLWDD,2,4,3,3-0,2-3,2-5,4-0
223,Chaves,94,Primeira Liga,2021,1,1,2,1,0,1,0,0,0,0,1,1,2,0,2,2.0,0.0,1.0,0,1,1,0.0,1.0,0.5,1,0,1,0,1,1,WL,1,0,0,2-0,,,1-0
224,Guimaraes,94,Primeira Liga,2021,17,17,34,9,4,13,3,6,9,5,7,12,34,16,50,2.0,0.9,1.5,20,21,41,1.2,1.2,1.2,4,4,8,3,6,9,LDWDDDLWWLWLWWLDLDWLWLLLWWLWLWDDDW,2,3,3,5-0,1-2,1-3,3-0
227,Santa Clara,94,Primeira Liga,2021,17,17,34,8,1,9,6,7,13,3,9,12,24,14,38,1.4,0.8,1.1,23,31,54,1.4,1.8,1.6,5,3,8,4,6,10,LDLWLLDDLLLDWLWLWDWWDLDDWDDLWDDDWL,2,3,3,3-1,0-2,0-5,4-0
228,Sporting CP,94,Primeira Liga,2021,17,17,34,14,13,27,1,3,4,2,1,3,34,39,73,2.0,2.3,2.1,8,15,23,0.5,0.9,0.7,12,6,18,1,0,1,WWWDDWWWWWWWWWWWLWLWWDWDWWWWWLWWWW,11,2,1,4-0,1-4,0-2,3-2
230,Estoril,94,Primeira Liga,2021,17,17,34,4,5,9,8,4,12,5,8,13,21,15,36,1.2,0.9,1.1,21,22,43,1.2,1.3,1.3,6,5,11,4,7,11,WDWWWLDDWDDDLWDLLLLDDWLLDWLLLDDLWL,3,3,4,2-0,1-3,2-3,3-0
234,Pacos Ferreira,94,Primeira Liga,2021,17,17,34,5,4,9,6,5,11,6,8,14,19,10,29,1.1,0.6,0.9,22,22,44,1.3,1.3,1.3,4,6,10,5,8,13,WLLWDDDLDDLLLLWWLDDDDLWWLWWLWLDDLL,2,4,4,2-0,0-2,2-4,4-0
240,Arouca,94,Primeira Liga,2021,17,17,34,5,2,7,4,6,10,8,9,17,15,15,30,0.9,0.9,0.9,29,25,54,1.7,1.5,1.6,3,2,5,7,7,14,LLWLDDLLDWDWLLDLLLWDLLWDLLDWLDLWLD,1,2,3,2-0,1-3,0-6,3-0
242,Famalicao,94,Primeira Liga,2021,17,17,34,5,4,9,7,5,12,5,8,13,22,23,45,1.3,1.4,1.3,21,30,51,1.2,1.8,1.5,6,3,9,5,5,10,LLLDDDLLWDWLLLDDWDLDLWWWLDDLLDDWWW,3,3,3,5-0,2-5,1-4,4-0
762,GIL Vicente,94,Primeira Liga,2021,17,17,34,6,7,13,6,6,12,5,4,9,25,22,47,1.5,1.3,1.4,19,23,42,1.1,1.4,1.2,6,5,11,4,2,6,WWLLDDLDLWDDWWLWWDWWDWWDDWDLLDDLWL,2,2,2,4-0,0-3,0-3,5-0
810,Vizela,94,Primeira Liga,2021,17,17,34,4,3,7,7,5,12,6,9,15,16,21,37,0.9,1.2,1.1,21,37,58,1.2,2.2,1.7,1,1,2,6,5,11,LWLDDDDDLDDLWLLWLLWWDLLDLDDWLLWLDL,2,5,2,2-0,1-4,0-4,4-0
211,Benfica,94,Primeira Liga,2022,17,17,34,15,13,28,1,2,3,1,2,3,48,34,82,2.8,2.0,2.4,12,8,20,0.7,0.5,0.6,9,12,21,0,3,3,WWWWWWWDWWWWWLWDWWWWWWWWWWLLWWWWDW,10,1,2,5-0,1-5,1-2,3-0
212,FC Porto,94,Primeira Liga,2022,17,17,34,15,12,27,0,4,4,2,1,3,44,29,73,2.6,1.7,2.1,11,11,22,0.6,0.6,0.6,8,9,17,1,2,3,WWWLWWDWWLDWWWDWWWWWWLWWDWWWWWWWWW,6,1,1,5-1,1-4,1-2,3-1
214,Maritimo,94,Primeira Liga,2022,18,18,36,7,1,8,3,2,5,8,15,23,23,12,35,1.3,0.7,1.0,24,42,66,1.3,2.3,1.8,4,1,5,4,7,11,LLLLLLLLDDWDLDWLWLLLLWLLLWLWLLDLWLLW,1,2,8,4-2,0-1,0-3,5-0
216,Portimonense,94,Primeira Liga,2022,17,17,34,6,4,10,3,1,4,8,12,20,14,11,25,0.8,0.6,0.7,21,27,48,1.2,1.6,1.4,5,3,8,6,10,16,LWWWWLWLLLDWLLLDLLWLWLLLLLDWWLDLLL,4,1,5,2-1,0-3,1-5,4-0
217,SC Braga,94,Primeira Liga,2022,17,17,34,13,12,25,2,1,3,2,4,6,40,35,75,2.4,2.1,2.2,11,19,30,0.6,1.1,0.9,10,7,17,3,2,5,DWWWWWWLLWWLWWWWWLWWWLWWDWWWWWLWDW,6,1,2,5-0,0-6,0-1,5-0
222,Boavista,94,Primeira Liga,2022,17,17,34,8,4,12,6,2,8,3,11,14,23,20,43,1.4,1.2,1.3,21,33,54,1.2,1.9,1.6,5,1,6,3,6,9,WWLLWWWLDLDLLWLDWDLDLWDLLLWDWLWLDW,3,1,3,4-2,1-4,1-4,4-0
223,Chaves,94,Primeira Liga,2022,17,17,34,6,6,12,5,5,10,6,6,12,20,15,35,1.2,0.9,1.0,21,19,40,1.2,1.1,1.2,5,5,10,3,7,10,LWDWDLLDWWLDWLDDDLWDLLLWWLDWDWWWLL,3,3,3,3-1,0-2,1-4,5-0
224,Guimaraes,94,Primeira Liga,2022,17,17,34,10,6,16,3,2,5,4,9,13,18,16,34,1.1,0.9,1.0,12,27,39,0.7,1.6,1.1,9,5,14,7,5,12,WWLLLWDDWWWLWLDLLWWWDWWLLDLLLWWWWL,4,2,3,3-0,1-3,0-2,5-1
226,Rio Ave,94,Primeira Liga,2022,17,17,34,8,2,10,3,7,10,6,8,14,18,18,36,1.1,1.1,1.1,14,29,43,0.8,1.7,1.3,6,4,10,5,6,11,LLDWDLDWLWLWWDDLDLLWLWLWWLDDLWDLLD,2,2,2,3-1,0-2,2-3,3-0
227,Santa Clara,94,Primeira Liga,2022,17,17,34,4,1,5,5,2,7,8,14,22,18,8,26,1.1,0.5,0.8,29,29,58,1.7,1.7,1.7,2,3,5,5,11,16,DLLLWLDLLWDDWLLDLLDLLLLLLLLLDLWLWL,1,2,9,3-1,0-1,0-4,3-0
228,Sporting CP,94,Primeira Liga,2022,17,17,34,13,10,23,2,3,5,2,4,6,42,29,71,2.5,1.7,2.1,12,20,32,0.7,1.2,0.9,8,6,14,1,4,5,DWLLWWLWWWLWWWLDWWWLWWWWWDWDWWWWDW,5,1,2,5-0,0-4,0-2,3-0
230,Estoril,94,Primeira Liga,2022,17,17,34,7,3,10,2,3,5,8,11,19,20,13,33,1.2,0.8,1.0,24,25,49,1.4,1.5,1.4,5,3,8,6,8,14,WLDWLWDDWLDLLLWLLLWLLLLLLWLLLWLWDW,1,2,6,3-0,0-3,1-5,4-1
234,Pacos Ferreira,94,Primeira Liga,2022,17,17,34,3,3,6,2,3,5,12,11,23,13,13,26,0.8,0.8,0.8,33,29,62,1.9,1.7,1.8,1,2,3,8,8,16,LLLLLLDDLLLLLLDWLLWLWLLWDDLLLWLLWL,1,2,6,3-1,1-3,0-4,4-0
240,Arouca,94,Primeira Liga,2022,17,17,34,10,5,15,2,7,9,5,5,10,22,14,36,1.3,0.8,1.1,17,20,37,1.0,1.2,1.1,9,6,15,4,6,10,LWWLDLDDWDWWLLWDWLDWLWDWDWWDWLLLWW,2,2,3,4-0,0-2,0-6,5-1
242,Famalicao,94,Primeira Liga,2022,17,17,34,9,4,13,1,4,5,7,9,16,21,18,39,1.2,1.1,1.1,19,28,47,1.1,1.6,1.4,6,4,10,5,7,12,LLDWLLLWLWLDLWWLDWLLWWLWWLWWWLLDLD,3,1,3,4-0,1-3,0-3,4-1
762,GIL Vicente,94,Primeira Liga,2022,17,17,34,6,4,10,6,1,7,5,12,17,15,17,32,0.9,1.0,0.9,14,27,41,0.8,1.6,1.2,7,1,8,7,6,13,WLDDLWDLLLLLLWLWWLDWDWWLLDDLLLLWLW,2,2,6,3-1,1-3,0-2,3-1
810,Vizela,94,Primeira Liga,2022,17,17,34,5,6,11,4,3,7,8,8,16,18,16,34,1.1,0.9,1.0,19,19,38,1.1,1.1,1.1,5,6,11,8,5,13,WLDDLLLWWLDLWWLWLWLDDLWLWWWDLLLDLL,3,2,3,3-0,0-3,0-4,3-0
4716,Casa Pia,94,Primeira Liga,2022,17,17,34,6,5,11,5,3,8,6,9,15,18,13,31,1.1,0.8,0.9,17,23,40,1.0,1.4,1.2,7,4,11,6,8,14,DLWWDWWWLLWWLWDLLWLDDLWLWLLDLLDLDL,3,2,2,2-0,2-3,1-3,3-0
15130,Estrela,94,Primeira Liga,2022,1,1,2,1,0,1,0,0,0,0,1,1,2,1,3,2.0,1.0,1.5,1,2,3,1.0,2.0,1.5,0,0,0,0,0,0,WL,1,0,0,2-1,,,2-1
211,Benfica,94,Primeira Liga,2023,17,17,34,15,10,25,2,3,5,0,4,4,48,29,77,2.8,1.7,2.3,7,21,28,0.4,1.2,0.8,10,6,16,0,3,3,LWWWWWWWDWWDDWWWWWWWDWWLWWWLWWWLWD,7,2,1,6-1,1-4,,5-0
212,FC Porto,94,Primeira Liga,2023,17,17,34,11,11,22,4,2,6,2,4,6,35,28,63,2.1,1.6,1.9,13,14,27,0.8,0.8,0.8,7,6,13,2,3,5,WWWDWWLWWLWWWLWDWWWDLWDWWWLLDWDWWW,3,1,2,5-0,0-3,1-2,2-0
215,Moreirense,94,Primeira Liga,2023,17,17,34,8,8,16,4,3,7,5,6,11,20,16,36,1.2,0.9,1.1,18,17,35,1.1,1.0,1.0,8,8,16,4,8,12,LDWLLWWDWWWDDWDLWLWLWLWDLWLDLLWWWW,3,2,2,5-2,0-4,1-4,5-0
216,Portimonense,94,Primeira Liga,2023,18,18,36,3,5,8,6,2,8,9,11,20,19,22,41,1.1,1.2,1.1,33,43,76,1.8,2.4,2.1,3,0,3,4,8,12,LLDDWLWLWLWLDLLLWLWLLDLDLLLWDDLLDWLL,1,2,3,2-1,1-4,1-4,6-1
217,SC Braga,94,Primeira Liga,2023,17,17,34,10,11,21,3,2,5,4,4,8,33,38,71,1.9,2.2,2.1,20,30,50,1.2,1.8,1.5,2,4,6,3,3,6,LWDWLWWWDWWWWLWDLWDWLWWWDWWLWWLWWL,4,1,1,6-1,0-4,0-3,5-0
222,Boavista,94,Primeira Liga,2023,17,17,34,4,3,7,8,3,11,5,11,16,21,18,39,1.2,1.1,1.1,30,32,62,1.8,1.9,1.8,2,1,3,4,6,10,WWDWWLDDLLLLLDLDWLLDWLLDWLDLLDLDLD,2,2,5,4-1,1-4,0-4,6-1
223,Chaves,94,Primeira Liga,2023,17,17,34,3,2,5,4,4,8,10,11,21,21,10,31,1.2,0.6,0.9,37,35,72,2.2,2.1,2.1,1,3,4,5,9,14,LLLLLDWWLLLWLLLDLDDDLWDLDLLLWDLLLL,2,3,5,4-2,0-2,1-5,5-0
224,Guimaraes,94,Primeira Liga,2023,17,17,34,11,8,19,2,4,6,4,5,9,31,21,52,1.8,1.2,1.5,18,20,38,1.1,1.2,1.1,7,3,10,1,5,6,WWWLLDWWWLLWWDWDWWLWDDLWWWWWDLWLLW,5,2,2,5-0,1-3,0-2,4-0
226,Rio Ave,94,Primeira Liga,2023,17,17,34,6,0,6,8,11,19,3,6,9,25,13,38,1.5,0.8,1.1,20,23,43,1.2,1.4,1.3,6,4,10,2,7,9,WLLDDLLLLWDDDDLWLDDDWLDDDDDWDDDWDD,1,5,4,3-0,,0-4,4-1
228,Sporting CP,94,Primeira Liga,2023,17,17,34,17,12,29,0,3,3,0,2,2,57,39,96,3.4,2.3,2.8,11,18,29,0.6,1.1,0.9,9,7,16,0,0,0,WWWDWWWWWWLWLWWWWWWWWDWWWWWWWWDWWW,8,1,1,8-0,0-4,,3-2
230,Estoril,94,Primeira Liga,2023,17,17,34,8,1,9,1,5,6,8,11,19,25,24,49,1.5,1.4,1.4,18,40,58,1.1,2.4,1.7,8,2,10,3,2,5,LWLLLDLLLWWLWDWLLLDWLLDLLWWDLDWLLL,2,1,3,4-0,0-1,1-3,5-1
231,Farense,94,Primeira Liga,2023,17,17,34,6,4,10,4,3,7,7,10,17,24,22,46,1.4,1.3,1.4,23,28,51,1.4,1.6,1.5,6,1,7,4,5,9,LLWLWLLDWWWLDDLWLWLDDLLLLDLWDLWWLL,3,2,4,5-0,0-3,0-3,4-0
240,Arouca,94,Primeira Liga,2023,17,17,34,7,6,13,3,4,7,7,7,14,26,28,54,1.5,1.6,1.6,26,24,50,1.5,1.4,1.5,3,2,5,7,5,12,WDDDLLLLLLLWDWWLLWWWWLWWLLWWWDDDLL,4,3,7,5-0,1-5,0-3,5-0
242,Famalicao,94,Primeira Liga,2023,17,17,34,6,4,10,6,6,12,5,7,12,21,16,37,1.2,0.9,1.1,21,20,41,1.2,1.2,1.2,5,3,8,4,7,11,WDLWDWDLLWDLDDLDWLLDWLDLDWWDLDLWWL,2,2,2,3-1,0-2,0-3,3-0
762,GIL Vicente,94,Primeira Liga,2023,17,17,34,6,3,9,7,2,9,4,12,16,28,14,42,1.6,0.8,1.2,22,30,52,1.3,1.8,1.5,6,3,9,3,7,10,WLLLWLWLDLDLDLWLDWWLLWDDDLLLLWDDWL,2,3,4,5-0,1-3,0-4,3-0
810,Vizela,94,Primeira Liga,2023,17,17,34,3,2,5,5,6,11,9,9,18,20,16,36,1.2,0.9,1.1,32,34,66,1.9,2.0,1.9,4,4,8,6,5,11,LDLWLDLDLWDLLDDDLLLLWLDDWLLLLLDLWD,1,3,5,4-0,0-1,0-4,6-1
4716,Casa Pia,94,Primeira Liga,2023,17,17,34,3,7,10,5,3,8,9,7,16,10,28,38,0.6,1.6,1.1,18,32,50,1.1,1.9,1.5,6,4,10,9,4,13,WLDDWDLLDLLWLWLWLLLDLWWDLLWDDLWLLW,2,2,3,3-1,0-4,1-3,8-0
15130,Estrela,94,Primeira Liga,2023,17,17,34,6,1,7,3,9,12,8,7,15,22,11,33,1.3,0.6,1.0,27,26,53,1.6,1.5,1.6,3,4,7,4,9,13,LLWDLDLWWLLDWDLDDLLLWLDLWDLDDDLDLW,2,3,3,3-0,0-1,1-4,4-0
21595,AVS,94,Primeira Liga,2023,1,1,2,1,1,2,0,0,0,0,0,0,2,2,4,2.0,2.0,2.0,1,1,2,1.0,1.0,1.0,0,0,0,0,0,0,WW,2,0,0,2-1,1-2,,
